Analyzing workspace /home/ph7/sqa-project/workspaces/mockito_1b/
Search for Go files
Found 0 Go files
Search for Java files
Load dependency stdlib:@dev
src/org/mockito/AdditionalAnswers.java: error: unknown type
	data: SuppressWarnings
src/org/mockito/AdditionalMatchers.java: error: unknown function
	data: [<nil> org/mockito/internal/matchers/LessOrEqual//LessOrEqual [pointer(reference(java/lang/Integer))] [value]]
src/org/mockito/AdditionalMatchers.java: error: unknown function
	data: [<nil> org/mockito/internal/matchers/LessThan//LessThan [pointer(reference(java/lang/Long))] [value]]
src/org/mockito/AdditionalMatchers.java: error: unknown function
	data: [<nil> org/mockito/internal/matchers/LessOrEqual//LessOrEqual [pointer(reference(java/lang/Float))] [value]]
src/org/mockito/AdditionalMatchers.java: error: unknown function
	data: [<nil> org/mockito/internal/matchers/EqualsWithDelta//EqualsWithDelta [] [value delta]]
src/org/mockito/AdditionalMatchers.java: error: unknown function
	data: [<nil> org/mockito/internal/matchers/ArrayEquals//ArrayEquals [] [value]]
src/org/mockito/AdditionalMatchers.java: error: unknown function
	data: [<nil> org/mockito/internal/matchers/ArrayEquals//ArrayEquals [] [value]]
src/org/mockito/AdditionalMatchers.java: error: unknown function
	data: [<nil> org/mockito/internal/matchers/GreaterOrEqual//GreaterOrEqual [pointer(reference(java/lang/Double))] [value]]
src/org/mockito/AdditionalMatchers.java: error: unknown function
	data: [<nil> org/mockito/internal/matchers/GreaterOrEqual//GreaterOrEqual [pointer(reference(java/lang/Short))] [value]]
src/org/mockito/AdditionalMatchers.java: error: unknown function
	data: [<nil> org/mockito/internal/matchers/GreaterThan//GreaterThan [pointer(reference(java/lang/Double))] [value]]
src/org/mockito/AdditionalMatchers.java: error: unknown function
	data: [<nil> org/mockito/internal/matchers/GreaterThan//GreaterThan [pointer(reference(java/lang/Short))] [value]]
src/org/mockito/AdditionalMatchers.java: error: unknown function
	data: [<nil> org/mockito/internal/matchers/LessThan//LessThan [pointer(reference(java/lang/Integer))] [value]]
src/org/mockito/AdditionalMatchers.java: error: unknown function
	data: [<nil> org/mockito/internal/matchers/ArrayEquals//ArrayEquals [] [value]]
src/org/mockito/AdditionalMatchers.java: error: unknown function
	data: [<nil> org/mockito/internal/matchers/GreaterOrEqual//GreaterOrEqual [pointer(reference(java/lang/Byte))] [value]]
src/org/mockito/AdditionalMatchers.java: error: unknown function
	data: [<nil> org/mockito/internal/matchers/LessOrEqual//LessOrEqual [pointer(reference(java/lang/Byte))] [value]]
src/org/mockito/AdditionalMatchers.java: error: unknown function
	data: [<nil> org/mockito/internal/matchers/LessOrEqual//LessOrEqual [pointer(reference(java/lang/Short))] [value]]
src/org/mockito/AdditionalMatchers.java: error: unknown function
	data: [<nil> org/mockito/internal/matchers/LessThan//LessThan [pointer(reference(java/lang/Byte))] [value]]
src/org/mockito/AdditionalMatchers.java: error: unknown function
	data: [<nil> org/mockito/internal/matchers/LessThan//LessThan [pointer(reference(java/lang/Double))] [value]]
src/org/mockito/AdditionalMatchers.java: error: unknown function
	data: [<nil> org/mockito/internal/matchers/LessThan//LessThan [pointer(reference(java/lang/Short))] [value]]
src/org/mockito/AdditionalMatchers.java: error: unknown function
	data: [struct(org/mockito/internal/progress/ArgumentMatcherStorage, [], [pointer(reference(java/lang/Object))], []) org/mockito/internal/progress/ArgumentMatcherStorage//reportMatcher [] [matcher]]
src/org/mockito/AdditionalMatchers.java: error: unknown function
	data: [<nil> org/mockito/internal/matchers/GreaterThan//GreaterThan [pointer(reference(java/lang/Byte))] [value]]
src/org/mockito/AdditionalMatchers.java: error: unknown function
	data: [<nil> org/mockito/internal/matchers/ArrayEquals//ArrayEquals [] [value]]
src/org/mockito/AdditionalMatchers.java: error: unknown function
	data: [<nil> org/mockito/internal/matchers/ArrayEquals//ArrayEquals [] [value]]
src/org/mockito/AdditionalMatchers.java: error: unknown function
	data: [<nil> org/mockito/internal/matchers/LessOrEqual//LessOrEqual [pointer(reference(java/lang/Double))] [value]]
src/org/mockito/AdditionalMatchers.java: error: unknown function
	data: [<nil> org/mockito/internal/matchers/GreaterThan//GreaterThan [pointer(reference(java/lang/Long))] [value]]
src/org/mockito/AdditionalMatchers.java: error: unknown function
	data: [<nil> org/mockito/internal/matchers/LessThan//LessThan [pointer(reference(java/lang/Float))] [value]]
src/org/mockito/AdditionalMatchers.java: error: unknown function
	data: [<nil> reportMatcher [] [call(org/mockito/internal/matchers/Find//Find!efbb7192f0412fb225b1065a0117385c, [regex])]]
src/org/mockito/AdditionalMatchers.java: error: unknown function
	data: [<nil> org/mockito/internal/matchers/ArrayEquals//ArrayEquals [] [value]]
src/org/mockito/AdditionalMatchers.java: error: unknown function
	data: [<nil> org/mockito/internal/matchers/GreaterOrEqual//GreaterOrEqual [pointer(reference(java/lang/Float))] [value]]
src/org/mockito/AdditionalMatchers.java: error: unknown function
	data: [<nil> org/mockito/internal/matchers/LessOrEqual//LessOrEqual [pointer(reference(java/lang/Long))] [value]]
src/org/mockito/AdditionalMatchers.java: error: unknown function
	data: [<nil> org/mockito/internal/matchers/GreaterThan//GreaterThan [pointer(reference(java/lang/Float))] [value]]
src/org/mockito/AdditionalMatchers.java: error: unknown function
	data: [<nil> org/mockito/internal/matchers/ArrayEquals//ArrayEquals [] [value]]
src/org/mockito/AdditionalMatchers.java: error: unknown function
	data: [<nil> org/mockito/internal/matchers/EqualsWithDelta//EqualsWithDelta [] [value delta]]
src/org/mockito/AdditionalMatchers.java: error: unknown function
	data: [<nil> org/mockito/internal/matchers/ArrayEquals//ArrayEquals [] [value]]
src/org/mockito/AdditionalMatchers.java: error: unknown function
	data: [<nil> org/mockito/internal/matchers/GreaterOrEqual//GreaterOrEqual [pointer(reference(java/lang/Integer))] [value]]
src/org/mockito/AdditionalMatchers.java: error: unknown function
	data: [<nil> org/mockito/internal/matchers/GreaterThan//GreaterThan [pointer(reference(java/lang/Integer))] [value]]
src/org/mockito/AdditionalMatchers.java: error: unknown function
	data: [<nil> org/mockito/internal/matchers/ArrayEquals//ArrayEquals [] [value]]
src/org/mockito/AdditionalMatchers.java: error: unknown function
	data: [<nil> org/mockito/internal/matchers/GreaterOrEqual//GreaterOrEqual [pointer(reference(java/lang/Long))] [value]]
src/org/mockito/Answers.java: error: unknown type
	data: Deprecated
src/org/mockito/ArgumentCaptor.java: error: unknown function
	data: [<nil> org/mockito/ArgumentCaptor//ArgumentCaptor [reference(U)] [clazz]]
src/org/mockito/ArgumentCaptor.java: error: unknown type
	data: Deprecated
src/org/mockito/ArgumentMatcher.java: error: unknown import
	data: org/hamcrest/BaseMatcher
src/org/mockito/ArgumentMatcher.java: error: unknown import
	data: org/hamcrest/Description
src/org/mockito/ArgumentMatcher.java: error: unknown import
	data: org/hamcrest/Matcher
src/org/mockito/ArgumentMatcher.java: error: unknown function
	data: [<nil> getClass [] []]
src/org/mockito/BDDMockito.java: error: unknown type
	data: SuppressWarnings
src/org/mockito/BDDMockito.java: error: unknown type
	data: Deprecated
src/org/mockito/BDDMockito.java: error: unknown function
	data: [struct(org/mockito/Mockito, [], [pointer(reference(org/mockito/Matchers))], []) org/mockito/Mockito//when [] [methodCall]]
src/org/mockito/BDDMockito.java: error: unknown function
	data: [<nil> verify [] [select(this, mock)]]
src/org/mockito/BDDMockito.java: error: unknown function
	data: [<nil> verify [] [select(this, mock) mode]]
src/org/mockito/BDDMockito.java: error: unknown function
	data: [struct(org/mockito/stubbing/Stubber, [], [pointer(reference(java/lang/Object))], []) org/mockito/stubbing/Stubber//when [] [mock]]
src/org/mockito/Matchers.java: error: unknown function
	data: [<nil> org/mockito/internal/matchers/Same//Same [] [value]]
src/org/mockito/Matchers.java: error: unknown function
	data: [<nil> notNull [] [clazz]]
src/org/mockito/Matchers.java: error: unknown import
	data: org/hamcrest/Matcher
src/org/mockito/Matchers.java: error: unknown import
	data: java/util/Set
src/org/mockito/Matchers.java: error: unknown type
	data: SuppressWarnings
src/org/mockito/Matchers.java: internal error: not all elements have the same type
	data: [function(<nil>, org/mockito/Matchers//anyMap!d41d8cd98f00b204e9800998ecf8427e, [], [variable(, pointer(genericInstance(reference(java/util/Map), [])))], block([return([unsupported])])) return([call(org/mockito/Matchers//anyMap!d41d8cd98f00b204e9800998ecf8427e, [])])]
src/org/mockito/Matchers.java: internal error: not all elements have the same type
	data: [function(<nil>, org/mockito/Matchers//anyCollection!d41d8cd98f00b204e9800998ecf8427e, [], [variable(, pointer(genericInstance(reference(java/util/Collection), [])))], block([return([unsupported])])) return([call(org/mockito/Matchers//anyCollection!d41d8cd98f00b204e9800998ecf8427e, [])])]
src/org/mockito/Matchers.java: error: unknown function
	data: [<nil> org/mockito/internal/matchers/apachecommons/ReflectionEquals//ReflectionEquals [] [value excludeFields]]
src/org/mockito/Matchers.java: error: unknown function
	data: [struct(org/mockito/internal/progress/ArgumentMatcherStorage, [], [pointer(reference(java/lang/Object))], []) org/mockito/internal/progress/ArgumentMatcherStorage//reportMatcher [] [matcher]]
src/org/mockito/Matchers.java: internal error: not all elements have the same type
	data: [function(<nil>, org/mockito/Matchers//anyList!d41d8cd98f00b204e9800998ecf8427e, [], [variable(, pointer(genericInstance(reference(java/util/List), [])))], block([return([unsupported])])) return([call(org/mockito/Matchers//anyList!d41d8cd98f00b204e9800998ecf8427e, [])])]
src/org/mockito/Matchers.java: error: unknown function
	data: [<nil> org/mockito/internal/matchers/Equals//Equals [] [value]]
src/org/mockito/MockSettings.java: error: unknown type
	data: SuppressWarnings
src/org/mockito/Mockito.java: error: unknown function
	data: [pointer(reference(org/mockito/internal/MockitoCore)) org/mockito/internal/MockitoCore//when [] [methodCall]]
src/org/mockito/Mockito.java: error: unknown function
	data: [pointer(reference(org/mockito/internal/MockitoCore)) org/mockito/internal/MockitoCore//verify [] [mock call(org/mockito/Mockito//times!82a13d2b9378b45b5451d30242dc1218, [1])]]
src/org/mockito/Mockito.java: error: unknown type
	data: SuppressWarnings
src/org/mockito/Mockito.java: error: unknown type
	data: Deprecated
src/org/mockito/Mockito.java: error: unknown function
	data: [<nil> mock [] [classToMock call(select(ensure_not_nil(call(org/mockito/Mockito//withSettings!d41d8cd98f00b204e9800998ecf8427e, [])), defaultAnswer!4949a982cbc8c3e178d651dd47722539), [cast(call(org/mockito/internal/stubbing/answers/AnswerReturnValuesAdapter//AnswerReturnValuesAdapter!12ce7ae7144c8e2d8e4c4bee892728a8, [returnValues]), pointer(genericInstance(reference(org/mockito/stubbing/Answer), [])))])]]
src/org/mockito/Mockito.java: error: unknown function
	data: [pointer(reference(org/mockito/internal/MockitoCore)) org/mockito/internal/MockitoCore//mock [] [classToMock mockSettings]]
src/org/mockito/Mockito.java: error: unknown function
	data: [pointer(reference(org/mockito/internal/MockitoCore)) org/mockito/internal/MockitoCore//verify [] [mock mode]]
src/org/mockito/Mockito.java: error: unknown function
	data: [<nil> mock [] [classToMock call(select(ensure_not_nil(call(org/mockito/Mockito//withSettings!d41d8cd98f00b204e9800998ecf8427e, [])), defaultAnswer!4949a982cbc8c3e178d651dd47722539), [org/mockito/Mockito//RETURNS_DEFAULTS])]]
src/org/mockito/Mockito.java: error: unknown function
	data: [<nil> mock [] [classToMock call(select(ensure_not_nil(call(select(ensure_not_nil(call(org/mockito/Mockito//withSettings!d41d8cd98f00b204e9800998ecf8427e, [])), name!efbb7192f0412fb225b1065a0117385c), [name])), defaultAnswer!4949a982cbc8c3e178d651dd47722539), [org/mockito/Mockito//RETURNS_DEFAULTS])]]
src/org/mockito/Mockito.java: error: unknown function
	data: [<nil> mock [] [classToMock call(select(ensure_not_nil(call(org/mockito/Mockito//withSettings!d41d8cd98f00b204e9800998ecf8427e, [])), defaultAnswer!4949a982cbc8c3e178d651dd47722539), [defaultAnswer])]]
src/org/mockito/Mockito.java: error: unknown function
	data: [pointer(reference(org/mockito/internal/MockitoCore)) org/mockito/internal/MockitoCore//reset [] [mocks]]
src/org/mockito/Mockito.java: error: unknown function
	data: [pointer(reference(org/mockito/internal/MockitoCore)) org/mockito/internal/MockitoCore//mock [] [classToSpy call(select(ensure_not_nil(call(select(ensure_not_nil(call(org/mockito/Mockito//withSettings!d41d8cd98f00b204e9800998ecf8427e, [])), useConstructor!d41d8cd98f00b204e9800998ecf8427e), [])), defaultAnswer!4949a982cbc8c3e178d651dd47722539), [org/mockito/Mockito//CALLS_REAL_METHODS])]]
src/org/mockito/Mockito.java: error: unknown function
	data: [pointer(reference(org/mockito/internal/MockitoCore)) org/mockito/internal/MockitoCore//stubVoid [] [mock]]
src/org/mockito/Mockito.java: error: unknown function
	data: [struct(org/mockito/MockSettings, [], [reference(java/io/Serializable)], []) org/mockito/MockSettings//spiedInstance [] [object]]
src/org/mockito/Mockito.java: error: unknown function
	data: [pointer(reference(org/mockito/internal/MockitoCore)) org/mockito/internal/MockitoCore//stub [] [methodCall]]
src/org/mockito/MockitoAnnotations.java: error: unknown type
	data: SuppressWarnings
src/org/mockito/MockitoAnnotations.java: error: unknown function
	data: [reference(org/mockito/configuration/AnnotationEngine) org/mockito/configuration/AnnotationEngine//getClass [] []]
src/org/mockito/MockitoAnnotations.java: error: unknown function
	data: [pointer(genericInstance(reference(java/lang/Class), [wildcard(, pointer(reference(java/lang/Object)))])) java/lang/Class<descendant of java/lang/Object>//getSuperclass [] []]
src/org/mockito/MockitoAnnotations.java: error: unknown function
	data: [pointer(genericInstance(reference(java/lang/Class), [wildcard(, pointer(reference(java/lang/Object)))])) java/lang/Class<descendant of java/lang/Object>//getDeclaredFields [] []]
src/org/mockito/MockitoAnnotations.java: error: unknown import
	data: java/lang/reflect/Field
src/org/mockito/MockitoAnnotations.java: error: unknown function
	data: [pointer(reference(java/lang/Object)) java/lang/Object//getClass [] []]
src/org/mockito/MockitoAnnotations.java: error: unknown function
	data: [struct(org/mockito/configuration/AnnotationEngine, [], [pointer(reference(java/lang/Object))], []) org/mockito/configuration/AnnotationEngine//getClass [] []]
src/org/mockito/ReturnValues.java: error: unknown type
	data: Deprecated
src/org/mockito/configuration/AnnotationEngine.java: error: unknown import
	data: java/lang/reflect/Field
src/org/mockito/configuration/AnnotationEngine.java: error: unknown type
	data: Deprecated
src/org/mockito/configuration/DefaultMockitoConfiguration.java: error: unknown type
	data: SuppressWarnings
src/org/mockito/configuration/DefaultMockitoConfiguration.java: error: unknown type
	data: Deprecated
src/org/mockito/configuration/IMockitoConfiguration.java: error: unknown type
	data: SuppressWarnings
src/org/mockito/configuration/IMockitoConfiguration.java: error: unknown type
	data: Deprecated
src/org/mockito/exceptions/Discrepancy.java: error: unknown type
	data: Deprecated
src/org/mockito/exceptions/Pluralizer.java: error: unknown type
	data: Deprecated
src/org/mockito/exceptions/PrintableInvocation.java: error: unknown type
	data: Deprecated
src/org/mockito/exceptions/Reporter.java: error: unknown import
	data: java/lang/reflect/Field
src/org/mockito/exceptions/Reporter.java: error: unknown import
	data: java/lang/reflect/Method
src/org/mockito/exceptions/Reporter.java: error: unknown function
	data: [reference(org/mockito/listeners/InvocationListener) org/mockito/listeners/InvocationListener//getClass [] []]
src/org/mockito/exceptions/Reporter.java: error: unknown function
	data: [pointer(reference(java/lang/Throwable)) java/lang/Throwable//getClass [] []]
src/org/mockito/exceptions/Reporter.java: error: unknown function
	data: [pointer(reference(java/lang/Exception)) java/lang/Exception//getCause [] []]
src/org/mockito/exceptions/Reporter.java: error: unknown function
	data: [genericInstance(reference(java/lang/Class), [wildcard(, pointer(reference(java/lang/Object)))]) java/lang/Class<descendant of java/lang/Object>//getComponentType [] []]
src/org/mockito/exceptions/Reporter.java: error: unknown function
	data: [struct(java/lang/StringBuilder, [], [pointer(reference(java/lang/Object))], [reference(java/lang/CharSequence)]) java/lang/StringBuilder//append [] [call(select(ensure_not_nil(i), getLocation!d41d8cd98f00b204e9800998ecf8427e), [])]]
src/org/mockito/exceptions/Reporter.java: error: unknown function
	data: [pointer(reference(java/lang/Object)) java/lang/Object//getClass [] []]
src/org/mockito/exceptions/base/MockitoAssertionError.java: error: unknown type
	data: StackTraceElement
src/org/mockito/exceptions/base/MockitoAssertionError.java: error: unknown function
	data: [<nil> getStackTrace [] []]
src/org/mockito/exceptions/base/MockitoException.java: error: unknown type
	data: StackTraceElement
src/org/mockito/exceptions/base/MockitoException.java: error: unknown function
	data: [<nil> getStackTrace [] []]
src/org/mockito/exceptions/base/MockitoSerializationIssue.java: error: unknown import
	data: java/io/ObjectStreamException
src/org/mockito/exceptions/base/MockitoSerializationIssue.java: error: unknown type
	data: StackTraceElement
src/org/mockito/exceptions/base/MockitoSerializationIssue.java: error: unknown function
	data: [<nil> initCause [] [cause]]
src/org/mockito/exceptions/base/MockitoSerializationIssue.java: error: unknown function
	data: [pointer(reference(org/mockito/internal/exceptions/stacktrace/ConditionalStackTraceFilter)) org/mockito/internal/exceptions/stacktrace/ConditionalStackTraceFilter//filter [] [this]]
src/org/mockito/exceptions/stacktrace/StackTraceCleaner.java: error: unknown type
	data: StackTraceElement
src/org/mockito/exceptions/verification/junit/ArgumentsAreDifferent.java: error: unknown import
	data: junit/framework/ComparisonFailure
src/org/mockito/exceptions/verification/junit/ArgumentsAreDifferent.java: error: unknown type
	data: StackTraceElement
src/org/mockito/exceptions/verification/junit/ArgumentsAreDifferent.java: error: unknown function
	data: [<nil> getStackTrace [] []]
src/org/mockito/exceptions/verification/junit/ArgumentsAreDifferent.java: error: unknown function
	data: [pointer(reference(org/mockito/internal/exceptions/stacktrace/ConditionalStackTraceFilter)) org/mockito/internal/exceptions/stacktrace/ConditionalStackTraceFilter//filter [] [this]]
src/org/mockito/exceptions/verification/junit/JUnitTool.java: error: unknown type
	data: Deprecated
src/org/mockito/internal/InOrderImpl.java: error: unknown import
	data: java/util/LinkedList
src/org/mockito/internal/InOrderImpl.java: error: unknown function
	data: [genericInstance(reference(java/util/List), [pointer(reference(java/lang/Object))]) java/util/List<java/lang/Object>//addAll [] [mocksToBeVerifiedInOrder]]
src/org/mockito/internal/InOrderImpl.java: error: unknown function
	data: [pointer(reference(org/mockito/internal/InOrderImpl)) org/mockito/internal/InOrderImpl//verify [] [mock call(org/mockito/internal/verification/VerificationModeFactory//times!82a13d2b9378b45b5451d30242dc1218, [1])]]
src/org/mockito/internal/InOrderImpl.java: error: unknown function
	data: [genericInstance(reference(java/util/List), [pointer(reference(java/lang/Object))]) java/util/List<java/lang/Object>//contains [] [mock]]
src/org/mockito/internal/InOrderImpl.java: error: unknown function
	data: [reference(org/mockito/verification/VerificationMode) org/mockito/verification/VerificationMode//getClass [] []]
src/org/mockito/internal/InOrderImpl.java: error: unknown function
	data: [struct(org/mockito/internal/MockitoCore, [], [pointer(reference(java/lang/Object))], []) org/mockito/internal/MockitoCore//verify [] [mock call(org/mockito/internal/verification/InOrderWrapper//InOrderWrapper!67865028d008167db49086d39f42c099, [cast(mode, reference(org/mockito/internal/verification/api/VerificationInOrderMode)), this])]]
src/org/mockito/internal/InternalMockHandler.java: error: unknown type
	data: SuppressWarnings
src/org/mockito/internal/MockitoCore.java: error: unknown function
	data: [struct(org/mockito/internal/util/MockUtil, [], [pointer(reference(java/lang/Object))], []) org/mockito/internal/util/MockUtil//isMock [] [mock]]
src/org/mockito/internal/MockitoCore.java: error: unknown import
	data: java/util/Arrays
src/org/mockito/internal/MockitoCore.java: error: unknown function
	data: [genericInstance(reference(java/lang/Class), [pointer(reference(java/lang/Object))]) java/lang/Class<java/lang/Object>//cast [] [settings]]
src/org/mockito/internal/MockitoCore.java: error: unknown function
	data: [pointer(genericInstance(reference(org/mockito/internal/creation/MockSettingsImpl), [])) org/mockito/internal/creation/MockSettingsImpl<java/lang/Object>//confirm [] [typeToMock]]
src/org/mockito/internal/MockitoCore.java: error: unknown function
	data: [struct(org/mockito/internal/util/MockUtil, [], [pointer(reference(java/lang/Object))], []) org/mockito/internal/util/MockUtil//createMock [] [creationSettings]]
src/org/mockito/internal/MockitoCore.java: error: unknown function
	data: [struct(org/mockito/internal/util/MockUtil, [], [pointer(reference(java/lang/Object))], []) org/mockito/internal/util/MockUtil//resetMock [] [m]]
src/org/mockito/internal/MockitoCore.java: error: unknown function
	data: [struct(org/mockito/internal/util/MockUtil, [], [pointer(reference(java/lang/Object))], []) org/mockito/internal/util/MockUtil//getMockHandler [] [mock]]
src/org/mockito/internal/MockitoCore.java: error: unknown function
	data: [genericInstance(reference(java/lang/Class), [pointer(reference(java/lang/Object))]) java/lang/Class<java/lang/Object>//isInstance [] [settings]]
src/org/mockito/internal/MockitoCore.java: error: unknown function
	data: [struct(org/mockito/internal/progress/MockingProgress, [], [pointer(reference(java/lang/Object))], []) org/mockito/internal/progress/MockingProgress//mockingStarted [] [mock typeToMock]]
src/org/mockito/internal/MockitoCore.java: error: unknown type
	data: SuppressWarnings
src/org/mockito/internal/MockitoCore.java: error: unknown function
	data: [reference(org/mockito/MockSettings) org/mockito/MockSettings//getClass [] []]
src/org/mockito/internal/MockitoCore.java: error: unknown function
	data: [<nil> org/mockito/internal/verification/MockAwareVerificationMode//MockAwareVerificationMode [] [mock mode]]
src/org/mockito/internal/configuration/CaptorAnnotationProcessor.java: error: unknown import
	data: java/lang/reflect/Field
src/org/mockito/internal/configuration/CaptorAnnotationProcessor.java: error: unknown function
	data: [genericInstance(reference(java/lang/Class), [pointer(reference(java/lang/Object))]) java/lang/Class<java/lang/Object>//isAssignableFrom [] [type]]
src/org/mockito/internal/configuration/ClassPathLoader.java: error: unknown import
	data: java/net/URL
src/org/mockito/internal/configuration/ClassPathLoader.java: error: unknown import
	data: java/util/Collections
src/org/mockito/internal/configuration/ClassPathLoader.java: error: unknown import
	data: java/util/Enumeration
src/org/mockito/internal/configuration/ClassPathLoader.java: error: unknown type
	data: SuppressWarnings
src/org/mockito/internal/configuration/ClassPathLoader.java: error: unknown function
	data: [struct(java/lang/Class, [], [pointer(reference(java/lang/Object))], []) java/lang/Class//forName [] [org/mockito/internal/configuration/ClassPathLoader//MOCKITO_CONFIGURATION_CLASS_NAME]]
src/org/mockito/internal/configuration/ClassPathLoader.java: error: unknown function
	data: [pointer(genericInstance(reference(java/lang/Class), [])) java/lang/Class<java/lang/Object>//newInstance [] []]
src/org/mockito/internal/configuration/DefaultAnnotationEngine.java: error: Compound error: unresolved type with &modelast.TypeReference{
		    Name: "K",
		}
			(error) Internal error: unknown type:
		"K"
		Stacktrace: goroutine 1 [running]:
		gitlab.nethead.at/symflower/symflower/model/errors.NewInternalError({0x21de060, 0x2d25a00}, {0x12473e0, 0xc002c6e660})
			gitlab.nethead.at/symflower/symflower/model/errors/error.go:852 +0x4e
		gitlab.nethead.at/symflower/symflower/model/errors.NewProblemWithErrorSeverity(...)
			gitlab.nethead.at/symflower/symflower/model/errors/problem.go:321
		gitlab.nethead.at/symflower/symflower/model/ast.(*Scope).GetType(0xc003066a78?, {0x2221c18, 0x1})
			gitlab.nethead.at/symflower/symflower/model/ast/scope.go:986 +0x85
		gitlab.nethead.at/symflower/symflower/model/ast.resolve(0xc0004209c0, {0x2205848?, 0xc000a91500}, 0xa0)
			gitlab.nethead.at/symflower/symflower/model/ast/type-resolve.go:362 +0x78
		gitlab.nethead.at/symflower/symflower/model/ast.ResolveReferencesAndAliases(...)
			gitlab.nethead.at/symflower/symflower/model/ast/type-resolve.go:320
		gitlab.nethead.at/symflower/symflower/model/ast.(*ExpressionCast).VerifyCast(0xc001845470, 0xc0004209c0)
			gitlab.nethead.at/symflower/symflower/model/ast/expression.go:2489 +0x34
		gitlab.nethead.at/symflower/symflower/model/ast.(*ExpressionCast).Verify(0xc001845470, 0xc0004209c0)
			gitlab.nethead.at/symflower/symflower/model/ast/expression.go:2693 +0x74
		gitlab.nethead.at/symflower/symflower/model/ast.WalkVerify.func2(0xc0004209c0, {0x2203c70, 0xc001845470})
			gitlab.nethead.at/symflower/symflower/model/ast/walk.go:52 +0x6d
		gitlab.nethead.at/symflower/symflower/model/ast.(*ExpressionCast).Walk(0xc001845470, 0xc0004209c0, 0x0, 0xc002c6e210)
			gitlab.nethead.at/symflower/symflower/model/ast/walk_gen.go:312 +0xa2
		gitlab.nethead.at/symflower/symflower/model/ast.(*Call).Walk(0xc000dffef0, 0xc0004209c0, 0x0, 0xc002c6e210)
			gitlab.nethead.at/symflower/symflower/model/ast/walk_gen.go:146 +0x3d1
		gitlab.nethead.at/symflower/symflower/model/ast.(*StatementBlock).Walk(0xc0018454d0, 0xc0004209c0, 0x0, 0xc002c6e210)
			gitlab.nethead.at/symflower/symflower/model/ast/walk_gen.go:1379 +0x36b
		gitlab.nethead.at/symflower/symflower/model/ast.(*Function).Walk(0xc0014a6300, 0xc0004209c0, 0x0, 0xc002c6e210)
			gitlab.nethead.at/symflower/symflower/model/ast/walk_gen.go:900 +0x5df
		gitlab.nethead.at/symflower/symflower/model/ast.WalkVerify(0xc0004209c0, {0x2203368, 0xc0014a6300})
			gitlab.nethead.at/symflower/symflower/model/ast/walk.go:46 +0x127
		gitlab.nethead.at/symflower/symflower/language/java/symbol.(*transpiler).completeFunctionAndVerify(0xc000510280, 0xc00147d230, 0xc0014a6300)
			gitlab.nethead.at/symflower/symflower/language/java/symbol/handle.go:2822 +0x272
		gitlab.nethead.at/symflower/symflower/language/java/symbol.(*transpiler).handleMethodDeclarationBody(0xc000510280, 0xc00147d230, {0x2208170, 0xc00146af00}, 0xc0014a6300, 0x0)
			gitlab.nethead.at/symflower/symflower/language/java/symbol/handle.go:2540 +0x7b5
		gitlab.nethead.at/symflower/symflower/language/java/symbol.(*transpiler).handleClassAndInterfaceDeclarationBodies(0xc000510280, 0xc00147d230, 0xc00146af00)
			gitlab.nethead.at/symflower/symflower/language/java/symbol/handle.go:1534 +0x2f7
		gitlab.nethead.at/symflower/symflower/language/java/symbol.(*transpiler).handleClassDeclarationBodies(0xc000510280, 0xc00147d230, 0xc00146af00)
			gitlab.nethead.at/symflower/symflower/language/java/symbol/handle.go:1419 +0x106
		gitlab.nethead.at/symflower/symflower/language/java/symbol.(*transpiler).handleBodies.func1(0xc00147d230, {0x2207578, 0xc00146af00})
			gitlab.nethead.at/symflower/symflower/language/java/symbol/symbols.go:532 +0x1ff
		gitlab.nethead.at/symflower/symflower/language/java/symbol.(*transpiler).walkSubDeclarations(0xc000510280, 0xc00147d230, 0xc003067760, 0xc00147f560, 0xc0014921c0, {0x2207578, 0xc00146af00})
			gitlab.nethead.at/symflower/symflower/language/java/symbol/symbols.go:869 +0x1ee
		gitlab.nethead.at/symflower/symflower/language/java/symbol.(*transpiler).walkFile(0xc000510280, 0x1, 0x2088c58, 0xc003067760, 0xc00147f560, 0xc0014921c0)
			gitlab.nethead.at/symflower/symflower/language/java/symbol/symbols.go:625 +0x3c5
		gitlab.nethead.at/symflower/symflower/language/java/symbol.(*transpiler).walkPackage(0xc000510280, 0x1, 0x2088c58, 0xc003067760, 0xc00147f560)
			gitlab.nethead.at/symflower/symflower/language/java/symbol/symbols.go:583 +0x225
		gitlab.nethead.at/symflower/symflower/language/java/symbol.(*transpiler).walkFilesAndDeclarations(0xc000510280, 0x1, 0x2088c58, 0xc003067760)
			gitlab.nethead.at/symflower/symflower/language/java/symbol/symbols.go:566 +0xa5
		gitlab.nethead.at/symflower/symflower/language/java/symbol.(*transpiler).handleBodies(0xc000510280)
			gitlab.nethead.at/symflower/symflower/language/java/symbol/symbols.go:513 +0x65
		gitlab.nethead.at/symflower/symflower/language/java/symbol.symbolsWithDependencies(0xc0000102a0, {0x0?, 0x41aa94?, 0x13e43a0?}, 0x1)
			gitlab.nethead.at/symflower/symflower/language/java/symbol/symbols.go:486 +0x147
		gitlab.nethead.at/symflower/symflower/language/java/symbol.Symbols(0xc0000102a0, 0x1)
			gitlab.nethead.at/symflower/symflower/language/java/symbol/symbols.go:457 +0xf2
		gitlab.nethead.at/symflower/symflower/language/java.Adapter.Symbols(...)
			gitlab.nethead.at/symflower/symflower/language/java/symbols.go:29
		gitlab.nethead.at/symflower/symflower/cmd/symflower-local/generate.(*Generator).transpileLanguage(0xc0000bc930, 0x0, 0x0, {0x220c620, 0x2e6b360})
			gitlab.nethead.at/symflower/symflower/cmd/symflower-local/generate/generate.go:136 +0x373
		gitlab.nethead.at/symflower/symflower/cmd/symflower-local/generate.(*Generator).Symbols(0xc0000bc930, 0x0, 0x0)
			gitlab.nethead.at/symflower/symflower/cmd/symflower-local/generate/generate.go:94 +0x136
		gitlab.nethead.at/symflower/symflower/cmd/symflower-local/generate.(*AnalyzeEngineDefault).UnitTests(0x2b?, 0x124bba0?, {0x21eb890?, 0xc00004c120?}, {0x60?, 0xe6?, 0x13?, 0x0?}, 0x2b?, {0xc0000bc510, ...})
			gitlab.nethead.at/symflower/symflower/cmd/symflower-local/generate/analyze.go:153 +0x77
		gitlab.nethead.at/symflower/symflower/cmd/symflower-local/cmd.(*commandUnitTests).Execute(0xc0004e12d8, {0xc0004e0f08?, 0x79b9a8289218?, 0xc0004e12d8?})
			gitlab.nethead.at/symflower/symflower/cmd/symflower-local/cmd/unit-tests.go:85 +0x2a6
		gitlab.nethead.at/symflower/symflower/cmd.ExecuteNoExit({0x21de020, 0xc0004e0f08}, {0xc00019e000?, 0x0?, 0x0?})
			gitlab.nethead.at/symflower/symflower/cmd/execute.go:59 +0x2ad
		gitlab.nethead.at/symflower/symflower/cmd.Execute({0x21de020?, 0xc0004e0f08?}, {0xc00019e000?, 0xc0001802e0?, 0xc000051f10?})
			gitlab.nethead.at/symflower/symflower/cmd/execute.go:17 +0x26
		gitlab.nethead.at/symflower/symflower/cmd.ExecuteWithOSArguments(...)
			gitlab.nethead.at/symflower/symflower/cmd/execute.go:78
		main.main.func1()
			gitlab.nethead.at/symflower/symflower/cmd/symflower-demo/main.go:39 +0x34
		gitlab.nethead.at/symflower/symflower/cmd/symflower-local/cmd.(*Command).WithPanicReporter(0xc000110060?, 0x0?)
			gitlab.nethead.at/symflower/symflower/cmd/symflower-local/cmd/cmd.go:151 +0x33
		main.main()
			gitlab.nethead.at/symflower/symflower/cmd/symflower-demo/main.go:38 +0x7f
	
	data: cast(annotationClass, reference(K))
src/org/mockito/internal/configuration/DefaultAnnotationEngine.java: error: unknown function
	data: [pointer(genericInstance(reference(java/lang/Class), [wildcard(, pointer(reference(java/lang/Object)))])) java/lang/Class<descendant of java/lang/Object>//getDeclaredFields [] []]
src/org/mockito/internal/configuration/DefaultAnnotationEngine.java: error: unknown import
	data: java/lang/reflect/Field
src/org/mockito/internal/configuration/DefaultAnnotationEngine.java: error: unknown import
	data: java/util/HashMap
src/org/mockito/internal/configuration/DefaultAnnotationEngine.java: error: unknown type
	data: SuppressWarnings
src/org/mockito/internal/configuration/DefaultInjectionEngine.java: error: unknown import
	data: java/lang/reflect/Field
src/org/mockito/internal/configuration/DefaultInjectionEngine.java: error: unknown import
	data: java/util/Set
src/org/mockito/internal/configuration/FieldAnnotationProcessor.java: error: unknown import
	data: java/lang/reflect/Field
src/org/mockito/internal/configuration/GlobalConfiguration.java: error: unknown type
	data: SuppressWarnings
src/org/mockito/internal/configuration/GlobalConfiguration.java: error: unknown type
	data: ThreadLocal
src/org/mockito/internal/configuration/InjectingAnnotationEngine.java: error: unknown function
	data: [<nil> newMockSafeHashSet [] []]
src/org/mockito/internal/configuration/InjectingAnnotationEngine.java: error: unknown import
	data: java/lang/reflect/Field
src/org/mockito/internal/configuration/InjectingAnnotationEngine.java: error: unknown import
	data: java/util/HashSet
src/org/mockito/internal/configuration/InjectingAnnotationEngine.java: error: unknown import
	data: java/util/Set
src/org/mockito/internal/configuration/InjectingAnnotationEngine.java: error: unknown function
	data: [pointer(genericInstance(reference(java/lang/Class), [wildcard(, pointer(reference(java/lang/Object)))])) java/lang/Class<descendant of java/lang/Object>//getSuperclass [] []]
src/org/mockito/internal/configuration/InjectingAnnotationEngine.java: error: unknown function
	data: [pointer(genericInstance(reference(java/lang/Class), [wildcard(, pointer(reference(java/lang/Object)))])) java/lang/Class<descendant of java/lang/Object>//getSuperclass [] []]
src/org/mockito/internal/configuration/InjectingAnnotationEngine.java: error: unknown function
	data: [pointer(genericInstance(reference(java/lang/Class), [wildcard(, pointer(reference(java/lang/Object)))])) java/lang/Class<descendant of java/lang/Object>//getSuperclass [] []]
src/org/mockito/internal/configuration/InjectingAnnotationEngine.java: error: unknown type
	data: SuppressWarnings
src/org/mockito/internal/configuration/InjectingAnnotationEngine.java: error: unknown type
	data: Deprecated
src/org/mockito/internal/configuration/InjectingAnnotationEngine.java: error: unknown function
	data: [pointer(reference(java/lang/Object)) java/lang/Object//getClass [] []]
src/org/mockito/internal/configuration/MockAnnotationProcessor.java: error: unknown import
	data: java/lang/reflect/Field
src/org/mockito/internal/configuration/MockAnnotationProcessor.java: error: unknown function
	data: [reference(org/mockito/MockSettings) org/mockito/MockSettings//defaultAnswer [] [call(select(ensure_not_nil(annotation), answer!d41d8cd98f00b204e9800998ecf8427e), [])]]
src/org/mockito/internal/configuration/MockitoAnnotationsMockAnnotationProcessor.java: error: unknown import
	data: org/mockito/MockitoAnnotations/Mock
src/org/mockito/internal/configuration/MockitoAnnotationsMockAnnotationProcessor.java: error: unknown import
	data: java/lang/reflect/Field
src/org/mockito/internal/configuration/MockitoAnnotationsMockAnnotationProcessor.java: error: unknown type
	data: SuppressWarnings
src/org/mockito/internal/configuration/SpyAnnotationEngine.java: error: unknown function
	data: [pointer(genericInstance(reference(java/lang/Class), [wildcard(, pointer(reference(java/lang/Object)))])) java/lang/Class<descendant of java/lang/Object>//isInstance [] [testInstance]]
src/org/mockito/internal/configuration/SpyAnnotationEngine.java: error: unknown import
	data: java/lang/reflect/InvocationTargetException
src/org/mockito/internal/configuration/SpyAnnotationEngine.java: error: unknown function
	data: [pointer(genericInstance(reference(java/lang/Class), [wildcard(, pointer(reference(java/lang/Object)))])) java/lang/Class<descendant of java/lang/Object>//isInterface [] []]
src/org/mockito/internal/configuration/SpyAnnotationEngine.java: error: error: unresolved type
	data: reference(T)
	child error: (error) Internal error: unknown type:
		"T"
		Stacktrace: goroutine 1 [running]:
		gitlab.nethead.at/symflower/symflower/model/errors.NewInternalError({0x21de060, 0x2d25a00}, {0x12473e0, 0xc000e3e660})
			gitlab.nethead.at/symflower/symflower/model/errors/error.go:852 +0x4e
		gitlab.nethead.at/symflower/symflower/model/errors.NewProblemWithErrorSeverity(...)
			gitlab.nethead.at/symflower/symflower/model/errors/problem.go:321
		gitlab.nethead.at/symflower/symflower/model/ast.(*Scope).GetType(0xc003065df8?, {0x2221c60, 0x1})
			gitlab.nethead.at/symflower/symflower/model/ast/scope.go:986 +0x85
		gitlab.nethead.at/symflower/symflower/model/ast.resolve(0xc0004209c0, {0x2205848?, 0xc000da5100}, 0xe0)
			gitlab.nethead.at/symflower/symflower/model/ast/type-resolve.go:362 +0x78
		gitlab.nethead.at/symflower/symflower/model/ast.ResolveWithPointers(...)
			gitlab.nethead.at/symflower/symflower/model/ast/type-resolve.go:326
		gitlab.nethead.at/symflower/symflower/model/ast.(*TypeGenericInstance).IsCompatibleType(0xc000c86380, 0xc0004209c0, {0x2205728?, 0xc001e6e1c0?})
			gitlab.nethead.at/symflower/symflower/model/ast/type.go:3369 +0x230
		gitlab.nethead.at/symflower/symflower/language/java/symbol.(*transpiler).checkFunctionApplicability(0xc000510280, 0xc00122f400, {0x22058d8?, 0xc0011ded80?}, {0x0?, 0xc0001d2908?, 0x16?}, {0xc001e2bde0, 0x2, 0x2})
			gitlab.nethead.at/symflower/symflower/language/java/symbol/overloading.go:406 +0x66b
		gitlab.nethead.at/symflower/symflower/language/java/symbol.(*transpiler).matchOverloadingFunction(0xc000510280, {0xc000f23880, 0x5, 0x8}, {0x22058d8, 0xc0011ded80}, {0x0, 0x0, 0x0}, {0xc001e2bde0, ...})
			gitlab.nethead.at/symflower/symflower/language/java/symbol/overloading.go:451 +0x217
		gitlab.nethead.at/symflower/symflower/language/java/symbol.(*transpiler).getFunction(0xc000510280, {0x22058d8, 0xc0011ded80}, {0xc00017c8a0, 0x19}, {0x0, 0x0, 0x0}, {0xc001e2bde0, 0x2, ...})
			gitlab.nethead.at/symflower/symflower/language/java/symbol/overloading.go:224 +0xd2
		gitlab.nethead.at/symflower/symflower/language/java/symbol.(*transpiler).handleMethodCallResolveOverloads(0xc000510280, {0xc00017c8a0, 0x19}, {0x22058d8?, 0xc0011ded80?}, {0x0?, 0x7?, 0x5?}, {0xc001e2bde0, 0x2, ...})
			gitlab.nethead.at/symflower/symflower/language/java/symbol/handle.go:5426 +0x87
		gitlab.nethead.at/symflower/symflower/language/java/symbol.(*transpiler).handleMethodCallReceiver(0xc000510280, {0xc0007182d0, 0x4}, {0x22058d8, 0xc0011ded80}, {0x0, 0x0, 0x0}, {0xc001e2bde0, 0x2, ...})
			gitlab.nethead.at/symflower/symflower/language/java/symbol/handle.go:5421 +0x1ae
		gitlab.nethead.at/symflower/symflower/language/java/symbol.(*transpiler).handleExpressionMethodCall(0xc000510280, 0xc00147ddd0, 0xc0006c7ec0)
			gitlab.nethead.at/symflower/symflower/language/java/symbol/handle.go:5526 +0xbe5
		gitlab.nethead.at/symflower/symflower/language/java/symbol.(*transpiler).handleExpression(0xc000510280, 0xc00147ddd0, {0x21f7d38, 0xc0006c7ec0})
			gitlab.nethead.at/symflower/symflower/language/java/symbol/handle.go:6903 +0x785
		gitlab.nethead.at/symflower/symflower/language/java/symbol.(*transpiler).handleStatementReturn(0xc000510280, 0xc00147ddd0, 0xc000739b00)
			gitlab.nethead.at/symflower/symflower/language/java/symbol/handle.go:4352 +0x7c
		gitlab.nethead.at/symflower/symflower/language/java/symbol.(*transpiler).handleStatement(0xc000510280, 0xc00147ddd0, {0x21f74a0, 0xc000739b00})
			gitlab.nethead.at/symflower/symflower/language/java/symbol/handle.go:4423 +0x745
		gitlab.nethead.at/symflower/symflower/language/java/symbol.(*transpiler).handleStatements(0xc000510280, 0xc00147ddd0, {0xc000188c30, 0x1, 0x1347e01?})
			gitlab.nethead.at/symflower/symflower/language/java/symbol/handle.go:3731 +0x85
		gitlab.nethead.at/symflower/symflower/language/java/symbol.(*transpiler).handleBlock.func1()
			gitlab.nethead.at/symflower/symflower/language/java/symbol/handle.go:3712 +0x45
		gitlab.nethead.at/symflower/symflower/model/ast.(*Scope).Scoped(0xc0004209c0, 0xc0030669a8)
			gitlab.nethead.at/symflower/symflower/model/ast/scope.go:297 +0x162
		gitlab.nethead.at/symflower/symflower/language/java/symbol.(*transpiler).handleBlock(0xc000510280, 0xc00147ddd0, 0xc0007343f0)
			gitlab.nethead.at/symflower/symflower/language/java/symbol/handle.go:3711 +0x9e
		gitlab.nethead.at/symflower/symflower/language/java/symbol.(*transpiler).handleStatement(0xc000510280, 0xc00147ddd0, {0x21f7028, 0xc0007343f0})
			gitlab.nethead.at/symflower/symflower/language/java/symbol/handle.go:4403 +0x4b6
		gitlab.nethead.at/symflower/symflower/language/java/symbol.(*transpiler).handleStatementIf(0xc000510280, 0xc00147ddd0, 0xc00071ed20)
			gitlab.nethead.at/symflower/symflower/language/java/symbol/handle.go:4303 +0x65
		gitlab.nethead.at/symflower/symflower/language/java/symbol.(*transpiler).handleStatement(0xc000510280, 0xc00147ddd0, {0x21f7340, 0xc00071ed20})
			gitlab.nethead.at/symflower/symflower/language/java/symbol/handle.go:4421 +0x645
		gitlab.nethead.at/symflower/symflower/language/java/symbol.(*transpiler).handleStatements(0xc000510280, 0xc00147ddd0, {0xc000837730, 0x7, 0xc0004209c0?})
			gitlab.nethead.at/symflower/symflower/language/java/symbol/handle.go:3731 +0x85
		gitlab.nethead.at/symflower/symflower/language/java/symbol.(*transpiler).handleBlock.func1()
			gitlab.nethead.at/symflower/symflower/language/java/symbol/handle.go:3712 +0x45
		gitlab.nethead.at/symflower/symflower/model/ast.(*Scope).Scoped(0xc0004209c0, 0xc003066d50)
			gitlab.nethead.at/symflower/symflower/model/ast/scope.go:297 +0x162
		gitlab.nethead.at/symflower/symflower/language/java/symbol.(*transpiler).handleBlock(0xc000510280, 0xc00147ddd0, 0xc000734990)
			gitlab.nethead.at/symflower/symflower/language/java/symbol/handle.go:3711 +0x9e
		gitlab.nethead.at/symflower/symflower/language/java/symbol.(*transpiler).handleMethodDeclarationBody.(*transpiler).handleScopedBlockStatement.func2()
			gitlab.nethead.at/symflower/symflower/language/java/symbol/handle.go:2716 +0x205
		gitlab.nethead.at/symflower/symflower/model/ast.(*Scope).Scoped(0xc0004209c0, 0xc003067160)
			gitlab.nethead.at/symflower/symflower/model/ast/scope.go:297 +0x162
		gitlab.nethead.at/symflower/symflower/language/java/symbol.(*transpiler).handleScopedBlockStatement(...)
			gitlab.nethead.at/symflower/symflower/language/java/symbol/handle.go:2693
		gitlab.nethead.at/symflower/symflower/language/java/symbol.(*transpiler).handleMethodDeclarationBody(0xc000510280, 0xc00147ddd0, {0x2208170, 0xc00146b680}, 0xc0014c0800, 0x0)
			gitlab.nethead.at/symflower/symflower/language/java/symbol/handle.go:2523 +0x61b
		gitlab.nethead.at/symflower/symflower/language/java/symbol.(*transpiler).handleClassAndInterfaceDeclarationBodies(0xc000510280, 0xc00147ddd0, 0xc00146b680)
			gitlab.nethead.at/symflower/symflower/language/java/symbol/handle.go:1534 +0x2f7
		gitlab.nethead.at/symflower/symflower/language/java/symbol.(*transpiler).handleClassDeclarationBodies(0xc000510280, 0xc00147ddd0, 0xc00146b680)
			gitlab.nethead.at/symflower/symflower/language/java/symbol/handle.go:1419 +0x106
		gitlab.nethead.at/symflower/symflower/language/java/symbol.(*transpiler).handleBodies.func1(0xc00147ddd0, {0x2207578, 0xc00146b680})
			gitlab.nethead.at/symflower/symflower/language/java/symbol/symbols.go:532 +0x1ff
		gitlab.nethead.at/symflower/symflower/language/java/symbol.(*transpiler).walkSubDeclarations(0xc000510280, 0xc00147ddd0, 0xc003067760, 0xc00147f560, 0xc001492fc0, {0x2207578, 0xc00146b680})
			gitlab.nethead.at/symflower/symflower/language/java/symbol/symbols.go:869 +0x1ee
		gitlab.nethead.at/symflower/symflower/language/java/symbol.(*transpiler).walkFile(0xc000510280, 0x1, 0x2088c58, 0xc003067760, 0xc00147f560, 0xc001492fc0)
			gitlab.nethead.at/symflower/symflower/language/java/symbol/symbols.go:625 +0x3c5
		gitlab.nethead.at/symflower/symflower/language/java/symbol.(*transpiler).walkPackage(0xc000510280, 0x1, 0x2088c58, 0xc003067760, 0xc00147f560)
			gitlab.nethead.at/symflower/symflower/language/java/symbol/symbols.go:583 +0x225
		gitlab.nethead.at/symflower/symflower/language/java/symbol.(*transpiler).walkFilesAndDeclarations(0xc000510280, 0x1, 0x2088c58, 0xc003067760)
			gitlab.nethead.at/symflower/symflower/language/java/symbol/symbols.go:566 +0xa5
		gitlab.nethead.at/symflower/symflower/language/java/symbol.(*transpiler).handleBodies(0xc000510280)
			gitlab.nethead.at/symflower/symflower/language/java/symbol/symbols.go:513 +0x65
		gitlab.nethead.at/symflower/symflower/language/java/symbol.symbolsWithDependencies(0xc0000102a0, {0x0?, 0x41aa94?, 0x13e43a0?}, 0x1)
			gitlab.nethead.at/symflower/symflower/language/java/symbol/symbols.go:486 +0x147
		gitlab.nethead.at/symflower/symflower/language/java/symbol.Symbols(0xc0000102a0, 0x1)
			gitlab.nethead.at/symflower/symflower/language/java/symbol/symbols.go:457 +0xf2
		gitlab.nethead.at/symflower/symflower/language/java.Adapter.Symbols(...)
			gitlab.nethead.at/symflower/symflower/language/java/symbols.go:29
		gitlab.nethead.at/symflower/symflower/cmd/symflower-local/generate.(*Generator).transpileLanguage(0xc0000bc930, 0x0, 0x0, {0x220c620, 0x2e6b360})
			gitlab.nethead.at/symflower/symflower/cmd/symflower-local/generate/generate.go:136 +0x373
		gitlab.nethead.at/symflower/symflower/cmd/symflower-local/generate.(*Generator).Symbols(0xc0000bc930, 0x0, 0x0)
			gitlab.nethead.at/symflower/symflower/cmd/symflower-local/generate/generate.go:94 +0x136
		gitlab.nethead.at/symflower/symflower/cmd/symflower-local/generate.(*AnalyzeEngineDefault).UnitTests(0x2b?, 0x124bba0?, {0x21eb890?, 0xc00004c120?}, {0x60?, 0xe6?, 0x13?, 0x0?}, 0x2b?, {0xc0000bc510, ...})
			gitlab.nethead.at/symflower/symflower/cmd/symflower-local/generate/analyze.go:153 +0x77
		gitlab.nethead.at/symflower/symflower/cmd/symflower-local/cmd.(*commandUnitTests).Execute(0xc0004e12d8, {0xc0004e0f08?, 0x79b9a8289218?, 0xc0004e12d8?})
			gitlab.nethead.at/symflower/symflower/cmd/symflower-local/cmd/unit-tests.go:85 +0x2a6
		gitlab.nethead.at/symflower/symflower/cmd.ExecuteNoExit({0x21de020, 0xc0004e0f08}, {0xc00019e000?, 0x0?, 0x0?})
			gitlab.nethead.at/symflower/symflower/cmd/execute.go:59 +0x2ad
		gitlab.nethead.at/symflower/symflower/cmd.Execute({0x21de020?, 0xc0004e0f08?}, {0xc00019e000?, 0xc0001802e0?, 0xc000051f10?})
			gitlab.nethead.at/symflower/symflower/cmd/execute.go:17 +0x26
		gitlab.nethead.at/symflower/symflower/cmd.ExecuteWithOSArguments(...)
			gitlab.nethead.at/symflower/symflower/cmd/execute.go:78
		main.main.func1()
			gitlab.nethead.at/symflower/symflower/cmd/symflower-demo/main.go:39 +0x34
		gitlab.nethead.at/symflower/symflower/cmd/symflower-local/cmd.(*Command).WithPanicReporter(0xc000110060?, 0x0?)
			gitlab.nethead.at/symflower/symflower/cmd/symflower-local/cmd/cmd.go:151 +0x33
		main.main()
			gitlab.nethead.at/symflower/symflower/cmd/symflower-demo/main.go:38 +0x7f
src/org/mockito/internal/configuration/SpyAnnotationEngine.java: error: unknown function
	data: [pointer(genericInstance(reference(java/lang/Class), [wildcard(, pointer(reference(java/lang/Object)))])) java/lang/Class<descendant of java/lang/Object>//getModifiers [] []]
src/org/mockito/internal/configuration/SpyAnnotationEngine.java: error: error: unresolved type
	data: reference(T)
	child error: (error) Internal error: unknown type:
		"T"
		Stacktrace: goroutine 1 [running]:
		gitlab.nethead.at/symflower/symflower/model/errors.NewInternalError({0x21de060, 0x2d25a00}, {0x12473e0, 0xc0005ab4e0})
			gitlab.nethead.at/symflower/symflower/model/errors/error.go:852 +0x4e
		gitlab.nethead.at/symflower/symflower/model/errors.NewProblemWithErrorSeverity(...)
			gitlab.nethead.at/symflower/symflower/model/errors/problem.go:321
		gitlab.nethead.at/symflower/symflower/model/ast.(*Scope).GetType(0xc003065a50?, {0x2221c60, 0x1})
			gitlab.nethead.at/symflower/symflower/model/ast/scope.go:986 +0x85
		gitlab.nethead.at/symflower/symflower/model/ast.resolve(0xc0004209c0, {0x2205848?, 0xc000da5100}, 0xe0)
			gitlab.nethead.at/symflower/symflower/model/ast/type-resolve.go:362 +0x78
		gitlab.nethead.at/symflower/symflower/model/ast.ResolveWithPointers(...)
			gitlab.nethead.at/symflower/symflower/model/ast/type-resolve.go:326
		gitlab.nethead.at/symflower/symflower/model/ast.(*TypeGenericInstance).IsCompatibleType(0xc000c86380, 0xc0004209c0, {0x2205728?, 0xc00262d1c0?})
			gitlab.nethead.at/symflower/symflower/model/ast/type.go:3369 +0x230
		gitlab.nethead.at/symflower/symflower/language/java/symbol.(*transpiler).checkFunctionApplicability(0xc000510280, 0xc00122f400, {0x22058d8?, 0xc0011ded80?}, {0x0?, 0xc0001d2908?, 0x16?}, {0xc00262c8e0, 0x2, 0x2})
			gitlab.nethead.at/symflower/symflower/language/java/symbol/overloading.go:406 +0x66b
		gitlab.nethead.at/symflower/symflower/language/java/symbol.(*transpiler).matchOverloadingFunction(0xc000510280, {0xc000dec1c0, 0x5, 0x8}, {0x22058d8, 0xc0011ded80}, {0x0, 0x0, 0x0}, {0xc00262c8e0, ...})
			gitlab.nethead.at/symflower/symflower/language/java/symbol/overloading.go:451 +0x217
		gitlab.nethead.at/symflower/symflower/language/java/symbol.(*transpiler).getFunction(0xc000510280, {0x22058d8, 0xc0011ded80}, {0xc0007ac9c0, 0x19}, {0x0, 0x0, 0x0}, {0xc00262c8e0, 0x2, ...})
			gitlab.nethead.at/symflower/symflower/language/java/symbol/overloading.go:224 +0xd2
		gitlab.nethead.at/symflower/symflower/language/java/symbol.(*transpiler).handleMethodCallResolveOverloads(0xc000510280, {0xc0007ac9c0, 0x19}, {0x22058d8?, 0xc0011ded80?}, {0x0?, 0x7?, 0x5?}, {0xc00262c8e0, 0x2, ...})
			gitlab.nethead.at/symflower/symflower/language/java/symbol/handle.go:5426 +0x87
		gitlab.nethead.at/symflower/symflower/language/java/symbol.(*transpiler).handleMethodCallReceiver(0xc000510280, {0xc000718b48, 0x4}, {0x22058d8, 0xc0011ded80}, {0x0, 0x0, 0x0}, {0xc00262c8e0, 0x2, ...})
			gitlab.nethead.at/symflower/symflower/language/java/symbol/handle.go:5421 +0x1ae
		gitlab.nethead.at/symflower/symflower/language/java/symbol.(*transpiler).handleExpressionMethodCall(0xc000510280, 0xc00147ddd0, 0xc00073c6c0)
			gitlab.nethead.at/symflower/symflower/language/java/symbol/handle.go:5526 +0xbe5
		gitlab.nethead.at/symflower/symflower/language/java/symbol.(*transpiler).handleExpression(0xc000510280, 0xc00147ddd0, {0x21f7d38, 0xc00073c6c0})
			gitlab.nethead.at/symflower/symflower/language/java/symbol/handle.go:6903 +0x785
		gitlab.nethead.at/symflower/symflower/language/java/symbol.(*transpiler).handleStatementReturn(0xc000510280, 0xc00147ddd0, 0xc000741300)
			gitlab.nethead.at/symflower/symflower/language/java/symbol/handle.go:4352 +0x7c
		gitlab.nethead.at/symflower/symflower/language/java/symbol.(*transpiler).handleStatement(0xc000510280, 0xc00147ddd0, {0x21f74a0, 0xc000741300})
			gitlab.nethead.at/symflower/symflower/language/java/symbol/handle.go:4423 +0x745
		gitlab.nethead.at/symflower/symflower/language/java/symbol.(*transpiler).handleStatements(0xc000510280, 0xc00147ddd0, {0xc000713c40, 0x2, 0x41aa01?})
			gitlab.nethead.at/symflower/symflower/language/java/symbol/handle.go:3731 +0x85
		gitlab.nethead.at/symflower/symflower/language/java/symbol.(*transpiler).handleBlock.func1()
			gitlab.nethead.at/symflower/symflower/language/java/symbol/handle.go:3712 +0x45
		gitlab.nethead.at/symflower/symflower/model/ast.(*Scope).Scoped(0xc0004209c0, 0xc003066600)
			gitlab.nethead.at/symflower/symflower/model/ast/scope.go:297 +0x162
		gitlab.nethead.at/symflower/symflower/language/java/symbol.(*transpiler).handleBlock(0xc000510280, 0xc00147ddd0, 0xc000734630)
			gitlab.nethead.at/symflower/symflower/language/java/symbol/handle.go:3711 +0x9e
		gitlab.nethead.at/symflower/symflower/language/java/symbol.(*transpiler).handleStatement(0xc000510280, 0xc00147ddd0, {0x21f7028, 0xc000734630})
			gitlab.nethead.at/symflower/symflower/language/java/symbol/handle.go:4403 +0x4b6
		gitlab.nethead.at/symflower/symflower/language/java/symbol.(*transpiler).handleStatementIf(0xc000510280, 0xc00147ddd0, 0xc00071f360)
			gitlab.nethead.at/symflower/symflower/language/java/symbol/handle.go:4303 +0x65
		gitlab.nethead.at/symflower/symflower/language/java/symbol.(*transpiler).handleStatement(0xc000510280, 0xc00147ddd0, {0x21f7340, 0xc00071f360})
			gitlab.nethead.at/symflower/symflower/language/java/symbol/handle.go:4421 +0x645
		gitlab.nethead.at/symflower/symflower/language/java/symbol.(*transpiler).handleStatements(0xc000510280, 0xc00147ddd0, {0xc000713c20, 0x2, 0x1?})
			gitlab.nethead.at/symflower/symflower/language/java/symbol/handle.go:3731 +0x85
		gitlab.nethead.at/symflower/symflower/language/java/symbol.(*transpiler).handleBlock.func1()
			gitlab.nethead.at/symflower/symflower/language/java/symbol/handle.go:3712 +0x45
		gitlab.nethead.at/symflower/symflower/model/ast.(*Scope).Scoped(0xc0004209c0, 0xc0030669a8)
			gitlab.nethead.at/symflower/symflower/model/ast/scope.go:297 +0x162
		gitlab.nethead.at/symflower/symflower/language/java/symbol.(*transpiler).handleBlock(0xc000510280, 0xc00147ddd0, 0xc0007346c0)
			gitlab.nethead.at/symflower/symflower/language/java/symbol/handle.go:3711 +0x9e
		gitlab.nethead.at/symflower/symflower/language/java/symbol.(*transpiler).handleStatement(0xc000510280, 0xc00147ddd0, {0x21f7028, 0xc0007346c0})
			gitlab.nethead.at/symflower/symflower/language/java/symbol/handle.go:4403 +0x4b6
		gitlab.nethead.at/symflower/symflower/language/java/symbol.(*transpiler).handleStatementIf(0xc000510280, 0xc00147ddd0, 0xc00071f400)
			gitlab.nethead.at/symflower/symflower/language/java/symbol/handle.go:4303 +0x65
		gitlab.nethead.at/symflower/symflower/language/java/symbol.(*transpiler).handleStatement(0xc000510280, 0xc00147ddd0, {0x21f7340, 0xc00071f400})
			gitlab.nethead.at/symflower/symflower/language/java/symbol/handle.go:4421 +0x645
		gitlab.nethead.at/symflower/symflower/language/java/symbol.(*transpiler).handleStatements(0xc000510280, 0xc00147ddd0, {0xc000837730, 0x7, 0xc0004209c0?})
			gitlab.nethead.at/symflower/symflower/language/java/symbol/handle.go:3731 +0x85
		gitlab.nethead.at/symflower/symflower/language/java/symbol.(*transpiler).handleBlock.func1()
			gitlab.nethead.at/symflower/symflower/language/java/symbol/handle.go:3712 +0x45
		gitlab.nethead.at/symflower/symflower/model/ast.(*Scope).Scoped(0xc0004209c0, 0xc003066d50)
			gitlab.nethead.at/symflower/symflower/model/ast/scope.go:297 +0x162
		gitlab.nethead.at/symflower/symflower/language/java/symbol.(*transpiler).handleBlock(0xc000510280, 0xc00147ddd0, 0xc000734990)
			gitlab.nethead.at/symflower/symflower/language/java/symbol/handle.go:3711 +0x9e
		gitlab.nethead.at/symflower/symflower/language/java/symbol.(*transpiler).handleMethodDeclarationBody.(*transpiler).handleScopedBlockStatement.func2()
			gitlab.nethead.at/symflower/symflower/language/java/symbol/handle.go:2716 +0x205
		gitlab.nethead.at/symflower/symflower/model/ast.(*Scope).Scoped(0xc0004209c0, 0xc003067160)
			gitlab.nethead.at/symflower/symflower/model/ast/scope.go:297 +0x162
		gitlab.nethead.at/symflower/symflower/language/java/symbol.(*transpiler).handleScopedBlockStatement(...)
			gitlab.nethead.at/symflower/symflower/language/java/symbol/handle.go:2693
		gitlab.nethead.at/symflower/symflower/language/java/symbol.(*transpiler).handleMethodDeclarationBody(0xc000510280, 0xc00147ddd0, {0x2208170, 0xc00146b680}, 0xc0014c0800, 0x0)
			gitlab.nethead.at/symflower/symflower/language/java/symbol/handle.go:2523 +0x61b
		gitlab.nethead.at/symflower/symflower/language/java/symbol.(*transpiler).handleClassAndInterfaceDeclarationBodies(0xc000510280, 0xc00147ddd0, 0xc00146b680)
			gitlab.nethead.at/symflower/symflower/language/java/symbol/handle.go:1534 +0x2f7
		gitlab.nethead.at/symflower/symflower/language/java/symbol.(*transpiler).handleClassDeclarationBodies(0xc000510280, 0xc00147ddd0, 0xc00146b680)
			gitlab.nethead.at/symflower/symflower/language/java/symbol/handle.go:1419 +0x106
		gitlab.nethead.at/symflower/symflower/language/java/symbol.(*transpiler).handleBodies.func1(0xc00147ddd0, {0x2207578, 0xc00146b680})
			gitlab.nethead.at/symflower/symflower/language/java/symbol/symbols.go:532 +0x1ff
		gitlab.nethead.at/symflower/symflower/language/java/symbol.(*transpiler).walkSubDeclarations(0xc000510280, 0xc00147ddd0, 0xc003067760, 0xc00147f560, 0xc001492fc0, {0x2207578, 0xc00146b680})
			gitlab.nethead.at/symflower/symflower/language/java/symbol/symbols.go:869 +0x1ee
		gitlab.nethead.at/symflower/symflower/language/java/symbol.(*transpiler).walkFile(0xc000510280, 0x1, 0x2088c58, 0xc003067760, 0xc00147f560, 0xc001492fc0)
			gitlab.nethead.at/symflower/symflower/language/java/symbol/symbols.go:625 +0x3c5
		gitlab.nethead.at/symflower/symflower/language/java/symbol.(*transpiler).walkPackage(0xc000510280, 0x1, 0x2088c58, 0xc003067760, 0xc00147f560)
			gitlab.nethead.at/symflower/symflower/language/java/symbol/symbols.go:583 +0x225
		gitlab.nethead.at/symflower/symflower/language/java/symbol.(*transpiler).walkFilesAndDeclarations(0xc000510280, 0x1, 0x2088c58, 0xc003067760)
			gitlab.nethead.at/symflower/symflower/language/java/symbol/symbols.go:566 +0xa5
		gitlab.nethead.at/symflower/symflower/language/java/symbol.(*transpiler).handleBodies(0xc000510280)
			gitlab.nethead.at/symflower/symflower/language/java/symbol/symbols.go:513 +0x65
		gitlab.nethead.at/symflower/symflower/language/java/symbol.symbolsWithDependencies(0xc0000102a0, {0x0?, 0x41aa94?, 0x13e43a0?}, 0x1)
			gitlab.nethead.at/symflower/symflower/language/java/symbol/symbols.go:486 +0x147
		gitlab.nethead.at/symflower/symflower/language/java/symbol.Symbols(0xc0000102a0, 0x1)
			gitlab.nethead.at/symflower/symflower/language/java/symbol/symbols.go:457 +0xf2
		gitlab.nethead.at/symflower/symflower/language/java.Adapter.Symbols(...)
			gitlab.nethead.at/symflower/symflower/language/java/symbols.go:29
		gitlab.nethead.at/symflower/symflower/cmd/symflower-local/generate.(*Generator).transpileLanguage(0xc0000bc930, 0x0, 0x0, {0x220c620, 0x2e6b360})
			gitlab.nethead.at/symflower/symflower/cmd/symflower-local/generate/generate.go:136 +0x373
		gitlab.nethead.at/symflower/symflower/cmd/symflower-local/generate.(*Generator).Symbols(0xc0000bc930, 0x0, 0x0)
			gitlab.nethead.at/symflower/symflower/cmd/symflower-local/generate/generate.go:94 +0x136
		gitlab.nethead.at/symflower/symflower/cmd/symflower-local/generate.(*AnalyzeEngineDefault).UnitTests(0x2b?, 0x124bba0?, {0x21eb890?, 0xc00004c120?}, {0x60?, 0xe6?, 0x13?, 0x0?}, 0x2b?, {0xc0000bc510, ...})
			gitlab.nethead.at/symflower/symflower/cmd/symflower-local/generate/analyze.go:153 +0x77
		gitlab.nethead.at/symflower/symflower/cmd/symflower-local/cmd.(*commandUnitTests).Execute(0xc0004e12d8, {0xc0004e0f08?, 0x79b9a8289218?, 0xc0004e12d8?})
			gitlab.nethead.at/symflower/symflower/cmd/symflower-local/cmd/unit-tests.go:85 +0x2a6
		gitlab.nethead.at/symflower/symflower/cmd.ExecuteNoExit({0x21de020, 0xc0004e0f08}, {0xc00019e000?, 0x0?, 0x0?})
			gitlab.nethead.at/symflower/symflower/cmd/execute.go:59 +0x2ad
		gitlab.nethead.at/symflower/symflower/cmd.Execute({0x21de020?, 0xc0004e0f08?}, {0xc00019e000?, 0xc0001802e0?, 0xc000051f10?})
			gitlab.nethead.at/symflower/symflower/cmd/execute.go:17 +0x26
		gitlab.nethead.at/symflower/symflower/cmd.ExecuteWithOSArguments(...)
			gitlab.nethead.at/symflower/symflower/cmd/execute.go:78
		main.main.func1()
			gitlab.nethead.at/symflower/symflower/cmd/symflower-demo/main.go:39 +0x34
		gitlab.nethead.at/symflower/symflower/cmd/symflower-local/cmd.(*Command).WithPanicReporter(0xc000110060?, 0x0?)
			gitlab.nethead.at/symflower/symflower/cmd/symflower-local/cmd/cmd.go:151 +0x33
		main.main()
			gitlab.nethead.at/symflower/symflower/cmd/symflower-demo/main.go:38 +0x7f
src/org/mockito/internal/configuration/SpyAnnotationEngine.java: error: error: unresolved type
	data: reference(T)
	child error: (error) Internal error: unknown type:
		"T"
		Stacktrace: goroutine 1 [running]:
		gitlab.nethead.at/symflower/symflower/model/errors.NewInternalError({0x21de060, 0x2d25a00}, {0x12473e0, 0xc000c0a180})
			gitlab.nethead.at/symflower/symflower/model/errors/error.go:852 +0x4e
		gitlab.nethead.at/symflower/symflower/model/errors.NewProblemWithErrorSeverity(...)
			gitlab.nethead.at/symflower/symflower/model/errors/problem.go:321
		gitlab.nethead.at/symflower/symflower/model/ast.(*Scope).GetType(0xc003065df8?, {0x2221c60, 0x1})
			gitlab.nethead.at/symflower/symflower/model/ast/scope.go:986 +0x85
		gitlab.nethead.at/symflower/symflower/model/ast.resolve(0xc0004209c0, {0x2205848?, 0xc000da5100}, 0xe0)
			gitlab.nethead.at/symflower/symflower/model/ast/type-resolve.go:362 +0x78
		gitlab.nethead.at/symflower/symflower/model/ast.ResolveWithPointers(...)
			gitlab.nethead.at/symflower/symflower/model/ast/type-resolve.go:326
		gitlab.nethead.at/symflower/symflower/model/ast.(*TypeGenericInstance).IsCompatibleType(0xc000c86380, 0xc0004209c0, {0x2205728?, 0xc0020fcc00?})
			gitlab.nethead.at/symflower/symflower/model/ast/type.go:3369 +0x230
		gitlab.nethead.at/symflower/symflower/language/java/symbol.(*transpiler).checkFunctionApplicability(0xc000510280, 0xc00122f400, {0x22058d8?, 0xc0011ded80?}, {0x0?, 0xc0001d2908?, 0x16?}, {0xc0020fc240, 0x2, 0x2})
			gitlab.nethead.at/symflower/symflower/language/java/symbol/overloading.go:406 +0x66b
		gitlab.nethead.at/symflower/symflower/language/java/symbol.(*transpiler).matchOverloadingFunction(0xc000510280, {0xc000e33200, 0x5, 0x8}, {0x22058d8, 0xc0011ded80}, {0x0, 0x0, 0x0}, {0xc0020fc240, ...})
			gitlab.nethead.at/symflower/symflower/language/java/symbol/overloading.go:451 +0x217
		gitlab.nethead.at/symflower/symflower/language/java/symbol.(*transpiler).getFunction(0xc000510280, {0x22058d8, 0xc0011ded80}, {0xc0004e5d80, 0x19}, {0x0, 0x0, 0x0}, {0xc0020fc240, 0x2, ...})
			gitlab.nethead.at/symflower/symflower/language/java/symbol/overloading.go:224 +0xd2
		gitlab.nethead.at/symflower/symflower/language/java/symbol.(*transpiler).handleMethodCallResolveOverloads(0xc000510280, {0xc0004e5d80, 0x19}, {0x22058d8?, 0xc0011ded80?}, {0x0?, 0x7?, 0x5?}, {0xc0020fc240, 0x2, ...})
			gitlab.nethead.at/symflower/symflower/language/java/symbol/handle.go:5426 +0x87
		gitlab.nethead.at/symflower/symflower/language/java/symbol.(*transpiler).handleMethodCallReceiver(0xc000510280, {0xc000719178, 0x4}, {0x22058d8, 0xc0011ded80}, {0x0, 0x0, 0x0}, {0xc0020fc240, 0x2, ...})
			gitlab.nethead.at/symflower/symflower/language/java/symbol/handle.go:5421 +0x1ae
		gitlab.nethead.at/symflower/symflower/language/java/symbol.(*transpiler).handleExpressionMethodCall(0xc000510280, 0xc00147ddd0, 0xc00073cf00)
			gitlab.nethead.at/symflower/symflower/language/java/symbol/handle.go:5526 +0xbe5
		gitlab.nethead.at/symflower/symflower/language/java/symbol.(*transpiler).handleExpression(0xc000510280, 0xc00147ddd0, {0x21f7d38, 0xc00073cf00})
			gitlab.nethead.at/symflower/symflower/language/java/symbol/handle.go:6903 +0x785
		gitlab.nethead.at/symflower/symflower/language/java/symbol.(*transpiler).handleStatementReturn(0xc000510280, 0xc00147ddd0, 0xc000744d80)
			gitlab.nethead.at/symflower/symflower/language/java/symbol/handle.go:4352 +0x7c
		gitlab.nethead.at/symflower/symflower/language/java/symbol.(*transpiler).handleStatement(0xc000510280, 0xc00147ddd0, {0x21f74a0, 0xc000744d80})
			gitlab.nethead.at/symflower/symflower/language/java/symbol/handle.go:4423 +0x745
		gitlab.nethead.at/symflower/symflower/language/java/symbol.(*transpiler).handleStatements(0xc000510280, 0xc00147ddd0, {0xc000713ca0, 0x2, 0x1347e01?})
			gitlab.nethead.at/symflower/symflower/language/java/symbol/handle.go:3731 +0x85
		gitlab.nethead.at/symflower/symflower/language/java/symbol.(*transpiler).handleBlock.func1()
			gitlab.nethead.at/symflower/symflower/language/java/symbol/handle.go:3712 +0x45
		gitlab.nethead.at/symflower/symflower/model/ast.(*Scope).Scoped(0xc0004209c0, 0xc0030669a8)
			gitlab.nethead.at/symflower/symflower/model/ast/scope.go:297 +0x162
		gitlab.nethead.at/symflower/symflower/language/java/symbol.(*transpiler).handleBlock(0xc000510280, 0xc00147ddd0, 0xc000734900)
			gitlab.nethead.at/symflower/symflower/language/java/symbol/handle.go:3711 +0x9e
		gitlab.nethead.at/symflower/symflower/language/java/symbol.(*transpiler).handleStatement(0xc000510280, 0xc00147ddd0, {0x21f7028, 0xc000734900})
			gitlab.nethead.at/symflower/symflower/language/java/symbol/handle.go:4403 +0x4b6
		gitlab.nethead.at/symflower/symflower/language/java/symbol.(*transpiler).handleStatementIf(0xc000510280, 0xc00147ddd0, 0xc00071f720)
			gitlab.nethead.at/symflower/symflower/language/java/symbol/handle.go:4303 +0x65
		gitlab.nethead.at/symflower/symflower/language/java/symbol.(*transpiler).handleStatement(0xc000510280, 0xc00147ddd0, {0x21f7340, 0xc00071f720})
			gitlab.nethead.at/symflower/symflower/language/java/symbol/handle.go:4421 +0x645
		gitlab.nethead.at/symflower/symflower/language/java/symbol.(*transpiler).handleStatements(0xc000510280, 0xc00147ddd0, {0xc000837730, 0x7, 0xc0004209c0?})
			gitlab.nethead.at/symflower/symflower/language/java/symbol/handle.go:3731 +0x85
		gitlab.nethead.at/symflower/symflower/language/java/symbol.(*transpiler).handleBlock.func1()
			gitlab.nethead.at/symflower/symflower/language/java/symbol/handle.go:3712 +0x45
		gitlab.nethead.at/symflower/symflower/model/ast.(*Scope).Scoped(0xc0004209c0, 0xc003066d50)
			gitlab.nethead.at/symflower/symflower/model/ast/scope.go:297 +0x162
		gitlab.nethead.at/symflower/symflower/language/java/symbol.(*transpiler).handleBlock(0xc000510280, 0xc00147ddd0, 0xc000734990)
			gitlab.nethead.at/symflower/symflower/language/java/symbol/handle.go:3711 +0x9e
		gitlab.nethead.at/symflower/symflower/language/java/symbol.(*transpiler).handleMethodDeclarationBody.(*transpiler).handleScopedBlockStatement.func2()
			gitlab.nethead.at/symflower/symflower/language/java/symbol/handle.go:2716 +0x205
		gitlab.nethead.at/symflower/symflower/model/ast.(*Scope).Scoped(0xc0004209c0, 0xc003067160)
			gitlab.nethead.at/symflower/symflower/model/ast/scope.go:297 +0x162
		gitlab.nethead.at/symflower/symflower/language/java/symbol.(*transpiler).handleScopedBlockStatement(...)
			gitlab.nethead.at/symflower/symflower/language/java/symbol/handle.go:2693
		gitlab.nethead.at/symflower/symflower/language/java/symbol.(*transpiler).handleMethodDeclarationBody(0xc000510280, 0xc00147ddd0, {0x2208170, 0xc00146b680}, 0xc0014c0800, 0x0)
			gitlab.nethead.at/symflower/symflower/language/java/symbol/handle.go:2523 +0x61b
		gitlab.nethead.at/symflower/symflower/language/java/symbol.(*transpiler).handleClassAndInterfaceDeclarationBodies(0xc000510280, 0xc00147ddd0, 0xc00146b680)
			gitlab.nethead.at/symflower/symflower/language/java/symbol/handle.go:1534 +0x2f7
		gitlab.nethead.at/symflower/symflower/language/java/symbol.(*transpiler).handleClassDeclarationBodies(0xc000510280, 0xc00147ddd0, 0xc00146b680)
			gitlab.nethead.at/symflower/symflower/language/java/symbol/handle.go:1419 +0x106
		gitlab.nethead.at/symflower/symflower/language/java/symbol.(*transpiler).handleBodies.func1(0xc00147ddd0, {0x2207578, 0xc00146b680})
			gitlab.nethead.at/symflower/symflower/language/java/symbol/symbols.go:532 +0x1ff
		gitlab.nethead.at/symflower/symflower/language/java/symbol.(*transpiler).walkSubDeclarations(0xc000510280, 0xc00147ddd0, 0xc003067760, 0xc00147f560, 0xc001492fc0, {0x2207578, 0xc00146b680})
			gitlab.nethead.at/symflower/symflower/language/java/symbol/symbols.go:869 +0x1ee
		gitlab.nethead.at/symflower/symflower/language/java/symbol.(*transpiler).walkFile(0xc000510280, 0x1, 0x2088c58, 0xc003067760, 0xc00147f560, 0xc001492fc0)
			gitlab.nethead.at/symflower/symflower/language/java/symbol/symbols.go:625 +0x3c5
		gitlab.nethead.at/symflower/symflower/language/java/symbol.(*transpiler).walkPackage(0xc000510280, 0x1, 0x2088c58, 0xc003067760, 0xc00147f560)
			gitlab.nethead.at/symflower/symflower/language/java/symbol/symbols.go:583 +0x225
		gitlab.nethead.at/symflower/symflower/language/java/symbol.(*transpiler).walkFilesAndDeclarations(0xc000510280, 0x1, 0x2088c58, 0xc003067760)
			gitlab.nethead.at/symflower/symflower/language/java/symbol/symbols.go:566 +0xa5
		gitlab.nethead.at/symflower/symflower/language/java/symbol.(*transpiler).handleBodies(0xc000510280)
			gitlab.nethead.at/symflower/symflower/language/java/symbol/symbols.go:513 +0x65
		gitlab.nethead.at/symflower/symflower/language/java/symbol.symbolsWithDependencies(0xc0000102a0, {0x0?, 0x41aa94?, 0x13e43a0?}, 0x1)
			gitlab.nethead.at/symflower/symflower/language/java/symbol/symbols.go:486 +0x147
		gitlab.nethead.at/symflower/symflower/language/java/symbol.Symbols(0xc0000102a0, 0x1)
			gitlab.nethead.at/symflower/symflower/language/java/symbol/symbols.go:457 +0xf2
		gitlab.nethead.at/symflower/symflower/language/java.Adapter.Symbols(...)
			gitlab.nethead.at/symflower/symflower/language/java/symbols.go:29
		gitlab.nethead.at/symflower/symflower/cmd/symflower-local/generate.(*Generator).transpileLanguage(0xc0000bc930, 0x0, 0x0, {0x220c620, 0x2e6b360})
			gitlab.nethead.at/symflower/symflower/cmd/symflower-local/generate/generate.go:136 +0x373
		gitlab.nethead.at/symflower/symflower/cmd/symflower-local/generate.(*Generator).Symbols(0xc0000bc930, 0x0, 0x0)
			gitlab.nethead.at/symflower/symflower/cmd/symflower-local/generate/generate.go:94 +0x136
		gitlab.nethead.at/symflower/symflower/cmd/symflower-local/generate.(*AnalyzeEngineDefault).UnitTests(0x2b?, 0x124bba0?, {0x21eb890?, 0xc00004c120?}, {0x60?, 0xe6?, 0x13?, 0x0?}, 0x2b?, {0xc0000bc510, ...})
			gitlab.nethead.at/symflower/symflower/cmd/symflower-local/generate/analyze.go:153 +0x77
		gitlab.nethead.at/symflower/symflower/cmd/symflower-local/cmd.(*commandUnitTests).Execute(0xc0004e12d8, {0xc0004e0f08?, 0x79b9a8289218?, 0xc0004e12d8?})
			gitlab.nethead.at/symflower/symflower/cmd/symflower-local/cmd/unit-tests.go:85 +0x2a6
		gitlab.nethead.at/symflower/symflower/cmd.ExecuteNoExit({0x21de020, 0xc0004e0f08}, {0xc00019e000?, 0x0?, 0x0?})
			gitlab.nethead.at/symflower/symflower/cmd/execute.go:59 +0x2ad
		gitlab.nethead.at/symflower/symflower/cmd.Execute({0x21de020?, 0xc0004e0f08?}, {0xc00019e000?, 0xc0001802e0?, 0xc000051f10?})
			gitlab.nethead.at/symflower/symflower/cmd/execute.go:17 +0x26
		gitlab.nethead.at/symflower/symflower/cmd.ExecuteWithOSArguments(...)
			gitlab.nethead.at/symflower/symflower/cmd/execute.go:78
		main.main.func1()
			gitlab.nethead.at/symflower/symflower/cmd/symflower-demo/main.go:39 +0x34
		gitlab.nethead.at/symflower/symflower/cmd/symflower-local/cmd.(*Command).WithPanicReporter(0xc000110060?, 0x0?)
			gitlab.nethead.at/symflower/symflower/cmd/symflower-local/cmd/cmd.go:151 +0x33
		main.main()
			gitlab.nethead.at/symflower/symflower/cmd/symflower-demo/main.go:38 +0x7f
src/org/mockito/internal/configuration/SpyAnnotationEngine.java: error: unknown import
	data: java/lang/reflect/Constructor
src/org/mockito/internal/configuration/SpyAnnotationEngine.java: error: unknown type
	data: SuppressWarnings
src/org/mockito/internal/configuration/SpyAnnotationEngine.java: error: unknown function
	data: [pointer(reference(java/lang/Object)) java/lang/Object//getClass [] []]
src/org/mockito/internal/configuration/SpyAnnotationEngine.java: error: unknown function
	data: [pointer(genericInstance(reference(java/lang/Class), [wildcard(, pointer(reference(java/lang/Object)))])) java/lang/Class<descendant of java/lang/Object>//getEnclosingClass [] []]
src/org/mockito/internal/configuration/SpyAnnotationEngine.java: error: unknown function
	data: [pointer(genericInstance(reference(java/lang/Class), [wildcard(, pointer(reference(java/lang/Object)))])) java/lang/Class<descendant of java/lang/Object>//getDeclaredConstructor [] []]
src/org/mockito/internal/configuration/SpyAnnotationEngine.java: error: unknown import
	data: java/lang/reflect/Field
src/org/mockito/internal/configuration/SpyAnnotationEngine.java: error: unknown import
	data: java/lang/reflect/Modifier
src/org/mockito/internal/configuration/SpyAnnotationEngine.java: error: unknown function
	data: [pointer(genericInstance(reference(java/lang/Class), [wildcard(, pointer(reference(java/lang/Object)))])) java/lang/Class<descendant of java/lang/Object>//getDeclaredFields [] []]
src/org/mockito/internal/configuration/SpyAnnotationEngine.java: error: unknown type
	data: T
src/org/mockito/internal/configuration/SpyAnnotationEngine.java: error: unknown function
	data: [pointer(genericInstance(reference(java/lang/Class), [wildcard(, pointer(reference(java/lang/Object)))])) java/lang/Class<descendant of java/lang/Object>//isInterface [] []]
src/org/mockito/internal/configuration/SpyAnnotationEngine.java: error: error: unresolved type
	data: reference(T)
	child error: (error) Internal error: unknown type:
		"T"
		Stacktrace: goroutine 1 [running]:
		gitlab.nethead.at/symflower/symflower/model/errors.NewInternalError({0x21de060, 0x2d25a00}, {0x12473e0, 0xc00200c8d0})
			gitlab.nethead.at/symflower/symflower/model/errors/error.go:852 +0x4e
		gitlab.nethead.at/symflower/symflower/model/errors.NewProblemWithErrorSeverity(...)
			gitlab.nethead.at/symflower/symflower/model/errors/problem.go:321
		gitlab.nethead.at/symflower/symflower/model/ast.(*Scope).GetType(0xc003065df8?, {0x2221c60, 0x1})
			gitlab.nethead.at/symflower/symflower/model/ast/scope.go:986 +0x85
		gitlab.nethead.at/symflower/symflower/model/ast.resolve(0xc0004209c0, {0x2205848?, 0xc000da5100}, 0xe0)
			gitlab.nethead.at/symflower/symflower/model/ast/type-resolve.go:362 +0x78
		gitlab.nethead.at/symflower/symflower/model/ast.ResolveWithPointers(...)
			gitlab.nethead.at/symflower/symflower/model/ast/type-resolve.go:326
		gitlab.nethead.at/symflower/symflower/model/ast.(*TypeGenericInstance).IsCompatibleType(0xc000c86380, 0xc0004209c0, {0x2205728?, 0xc0020fd3a0?})
			gitlab.nethead.at/symflower/symflower/model/ast/type.go:3369 +0x230
		gitlab.nethead.at/symflower/symflower/language/java/symbol.(*transpiler).checkFunctionApplicability(0xc000510280, 0xc00122f400, {0x22058d8?, 0xc0011ded80?}, {0x0?, 0xc0001d2908?, 0x16?}, {0xc0020fcfa0, 0x2, 0x2})
			gitlab.nethead.at/symflower/symflower/language/java/symbol/overloading.go:406 +0x66b
		gitlab.nethead.at/symflower/symflower/language/java/symbol.(*transpiler).matchOverloadingFunction(0xc000510280, {0xc000e33780, 0x5, 0x8}, {0x22058d8, 0xc0011ded80}, {0x0, 0x0, 0x0}, {0xc0020fcfa0, ...})
			gitlab.nethead.at/symflower/symflower/language/java/symbol/overloading.go:451 +0x217
		gitlab.nethead.at/symflower/symflower/language/java/symbol.(*transpiler).getFunction(0xc000510280, {0x22058d8, 0xc0011ded80}, {0xc0004e5e20, 0x19}, {0x0, 0x0, 0x0}, {0xc0020fcfa0, 0x2, ...})
			gitlab.nethead.at/symflower/symflower/language/java/symbol/overloading.go:224 +0xd2
		gitlab.nethead.at/symflower/symflower/language/java/symbol.(*transpiler).handleMethodCallResolveOverloads(0xc000510280, {0xc0004e5e20, 0x19}, {0x22058d8?, 0xc0011ded80?}, {0x0?, 0x7?, 0x5?}, {0xc0020fcfa0, 0x2, ...})
			gitlab.nethead.at/symflower/symflower/language/java/symbol/handle.go:5426 +0x87
		gitlab.nethead.at/symflower/symflower/language/java/symbol.(*transpiler).handleMethodCallReceiver(0xc000510280, {0xc0007191e0, 0x4}, {0x22058d8, 0xc0011ded80}, {0x0, 0x0, 0x0}, {0xc0020fcfa0, 0x2, ...})
			gitlab.nethead.at/symflower/symflower/language/java/symbol/handle.go:5421 +0x1ae
		gitlab.nethead.at/symflower/symflower/language/java/symbol.(*transpiler).handleExpressionMethodCall(0xc000510280, 0xc00147ddd0, 0xc00073ca80)
			gitlab.nethead.at/symflower/symflower/language/java/symbol/handle.go:5526 +0xbe5
		gitlab.nethead.at/symflower/symflower/language/java/symbol.(*transpiler).handleExpression(0xc000510280, 0xc00147ddd0, {0x21f7d38, 0xc00073ca80})
			gitlab.nethead.at/symflower/symflower/language/java/symbol/handle.go:6903 +0x785
		gitlab.nethead.at/symflower/symflower/language/java/symbol.(*transpiler).handleStatementReturn(0xc000510280, 0xc00147ddd0, 0xc000744180)
			gitlab.nethead.at/symflower/symflower/language/java/symbol/handle.go:4352 +0x7c
		gitlab.nethead.at/symflower/symflower/language/java/symbol.(*transpiler).handleStatement(0xc000510280, 0xc00147ddd0, {0x21f74a0, 0xc000744180})
			gitlab.nethead.at/symflower/symflower/language/java/symbol/handle.go:4423 +0x745
		gitlab.nethead.at/symflower/symflower/language/java/symbol.(*transpiler).handleStatements(0xc000510280, 0xc00147ddd0, {0xc000188d20, 0x1, 0x1?})
			gitlab.nethead.at/symflower/symflower/language/java/symbol/handle.go:3731 +0x85
		gitlab.nethead.at/symflower/symflower/language/java/symbol.(*transpiler).handleBlock.func1()
			gitlab.nethead.at/symflower/symflower/language/java/symbol/handle.go:3712 +0x45
		gitlab.nethead.at/symflower/symflower/model/ast.(*Scope).Scoped(0xc0004209c0, 0xc0030669a8)
			gitlab.nethead.at/symflower/symflower/model/ast/scope.go:297 +0x162
		gitlab.nethead.at/symflower/symflower/language/java/symbol.(*transpiler).handleBlock(0xc000510280, 0xc00147ddd0, 0xc000734870)
			gitlab.nethead.at/symflower/symflower/language/java/symbol/handle.go:3711 +0x9e
		gitlab.nethead.at/symflower/symflower/language/java/symbol.(*transpiler).handleStatement(0xc000510280, 0xc00147ddd0, {0x21f7028, 0xc000734870})
			gitlab.nethead.at/symflower/symflower/language/java/symbol/handle.go:4403 +0x4b6
		gitlab.nethead.at/symflower/symflower/language/java/symbol.(*transpiler).handleStatementIf(0xc000510280, 0xc00147ddd0, 0xc00071f720)
			gitlab.nethead.at/symflower/symflower/language/java/symbol/handle.go:4316 +0x125
		gitlab.nethead.at/symflower/symflower/language/java/symbol.(*transpiler).handleStatement(0xc000510280, 0xc00147ddd0, {0x21f7340, 0xc00071f720})
			gitlab.nethead.at/symflower/symflower/language/java/symbol/handle.go:4421 +0x645
		gitlab.nethead.at/symflower/symflower/language/java/symbol.(*transpiler).handleStatements(0xc000510280, 0xc00147ddd0, {0xc000837730, 0x7, 0xc0004209c0?})
			gitlab.nethead.at/symflower/symflower/language/java/symbol/handle.go:3731 +0x85
		gitlab.nethead.at/symflower/symflower/language/java/symbol.(*transpiler).handleBlock.func1()
			gitlab.nethead.at/symflower/symflower/language/java/symbol/handle.go:3712 +0x45
		gitlab.nethead.at/symflower/symflower/model/ast.(*Scope).Scoped(0xc0004209c0, 0xc003066d50)
			gitlab.nethead.at/symflower/symflower/model/ast/scope.go:297 +0x162
		gitlab.nethead.at/symflower/symflower/language/java/symbol.(*transpiler).handleBlock(0xc000510280, 0xc00147ddd0, 0xc000734990)
			gitlab.nethead.at/symflower/symflower/language/java/symbol/handle.go:3711 +0x9e
		gitlab.nethead.at/symflower/symflower/language/java/symbol.(*transpiler).handleMethodDeclarationBody.(*transpiler).handleScopedBlockStatement.func2()
			gitlab.nethead.at/symflower/symflower/language/java/symbol/handle.go:2716 +0x205
		gitlab.nethead.at/symflower/symflower/model/ast.(*Scope).Scoped(0xc0004209c0, 0xc003067160)
			gitlab.nethead.at/symflower/symflower/model/ast/scope.go:297 +0x162
		gitlab.nethead.at/symflower/symflower/language/java/symbol.(*transpiler).handleScopedBlockStatement(...)
			gitlab.nethead.at/symflower/symflower/language/java/symbol/handle.go:2693
		gitlab.nethead.at/symflower/symflower/language/java/symbol.(*transpiler).handleMethodDeclarationBody(0xc000510280, 0xc00147ddd0, {0x2208170, 0xc00146b680}, 0xc0014c0800, 0x0)
			gitlab.nethead.at/symflower/symflower/language/java/symbol/handle.go:2523 +0x61b
		gitlab.nethead.at/symflower/symflower/language/java/symbol.(*transpiler).handleClassAndInterfaceDeclarationBodies(0xc000510280, 0xc00147ddd0, 0xc00146b680)
			gitlab.nethead.at/symflower/symflower/language/java/symbol/handle.go:1534 +0x2f7
		gitlab.nethead.at/symflower/symflower/language/java/symbol.(*transpiler).handleClassDeclarationBodies(0xc000510280, 0xc00147ddd0, 0xc00146b680)
			gitlab.nethead.at/symflower/symflower/language/java/symbol/handle.go:1419 +0x106
		gitlab.nethead.at/symflower/symflower/language/java/symbol.(*transpiler).handleBodies.func1(0xc00147ddd0, {0x2207578, 0xc00146b680})
			gitlab.nethead.at/symflower/symflower/language/java/symbol/symbols.go:532 +0x1ff
		gitlab.nethead.at/symflower/symflower/language/java/symbol.(*transpiler).walkSubDeclarations(0xc000510280, 0xc00147ddd0, 0xc003067760, 0xc00147f560, 0xc001492fc0, {0x2207578, 0xc00146b680})
			gitlab.nethead.at/symflower/symflower/language/java/symbol/symbols.go:869 +0x1ee
		gitlab.nethead.at/symflower/symflower/language/java/symbol.(*transpiler).walkFile(0xc000510280, 0x1, 0x2088c58, 0xc003067760, 0xc00147f560, 0xc001492fc0)
			gitlab.nethead.at/symflower/symflower/language/java/symbol/symbols.go:625 +0x3c5
		gitlab.nethead.at/symflower/symflower/language/java/symbol.(*transpiler).walkPackage(0xc000510280, 0x1, 0x2088c58, 0xc003067760, 0xc00147f560)
			gitlab.nethead.at/symflower/symflower/language/java/symbol/symbols.go:583 +0x225
		gitlab.nethead.at/symflower/symflower/language/java/symbol.(*transpiler).walkFilesAndDeclarations(0xc000510280, 0x1, 0x2088c58, 0xc003067760)
			gitlab.nethead.at/symflower/symflower/language/java/symbol/symbols.go:566 +0xa5
		gitlab.nethead.at/symflower/symflower/language/java/symbol.(*transpiler).handleBodies(0xc000510280)
			gitlab.nethead.at/symflower/symflower/language/java/symbol/symbols.go:513 +0x65
		gitlab.nethead.at/symflower/symflower/language/java/symbol.symbolsWithDependencies(0xc0000102a0, {0x0?, 0x41aa94?, 0x13e43a0?}, 0x1)
			gitlab.nethead.at/symflower/symflower/language/java/symbol/symbols.go:486 +0x147
		gitlab.nethead.at/symflower/symflower/language/java/symbol.Symbols(0xc0000102a0, 0x1)
			gitlab.nethead.at/symflower/symflower/language/java/symbol/symbols.go:457 +0xf2
		gitlab.nethead.at/symflower/symflower/language/java.Adapter.Symbols(...)
			gitlab.nethead.at/symflower/symflower/language/java/symbols.go:29
		gitlab.nethead.at/symflower/symflower/cmd/symflower-local/generate.(*Generator).transpileLanguage(0xc0000bc930, 0x0, 0x0, {0x220c620, 0x2e6b360})
			gitlab.nethead.at/symflower/symflower/cmd/symflower-local/generate/generate.go:136 +0x373
		gitlab.nethead.at/symflower/symflower/cmd/symflower-local/generate.(*Generator).Symbols(0xc0000bc930, 0x0, 0x0)
			gitlab.nethead.at/symflower/symflower/cmd/symflower-local/generate/generate.go:94 +0x136
		gitlab.nethead.at/symflower/symflower/cmd/symflower-local/generate.(*AnalyzeEngineDefault).UnitTests(0x2b?, 0x124bba0?, {0x21eb890?, 0xc00004c120?}, {0x60?, 0xe6?, 0x13?, 0x0?}, 0x2b?, {0xc0000bc510, ...})
			gitlab.nethead.at/symflower/symflower/cmd/symflower-local/generate/analyze.go:153 +0x77
		gitlab.nethead.at/symflower/symflower/cmd/symflower-local/cmd.(*commandUnitTests).Execute(0xc0004e12d8, {0xc0004e0f08?, 0x79b9a8289218?, 0xc0004e12d8?})
			gitlab.nethead.at/symflower/symflower/cmd/symflower-local/cmd/unit-tests.go:85 +0x2a6
		gitlab.nethead.at/symflower/symflower/cmd.ExecuteNoExit({0x21de020, 0xc0004e0f08}, {0xc00019e000?, 0x0?, 0x0?})
			gitlab.nethead.at/symflower/symflower/cmd/execute.go:59 +0x2ad
		gitlab.nethead.at/symflower/symflower/cmd.Execute({0x21de020?, 0xc0004e0f08?}, {0xc00019e000?, 0xc0001802e0?, 0xc000051f10?})
			gitlab.nethead.at/symflower/symflower/cmd/execute.go:17 +0x26
		gitlab.nethead.at/symflower/symflower/cmd.ExecuteWithOSArguments(...)
			gitlab.nethead.at/symflower/symflower/cmd/execute.go:78
		main.main.func1()
			gitlab.nethead.at/symflower/symflower/cmd/symflower-demo/main.go:39 +0x34
		gitlab.nethead.at/symflower/symflower/cmd/symflower-local/cmd.(*Command).WithPanicReporter(0xc000110060?, 0x0?)
			gitlab.nethead.at/symflower/symflower/cmd/symflower-local/cmd/cmd.go:151 +0x33
		main.main()
			gitlab.nethead.at/symflower/symflower/cmd/symflower-demo/main.go:38 +0x7f
src/org/mockito/internal/configuration/SpyAnnotationEngine.java: error: unknown function
	data: [pointer(genericInstance(reference(java/lang/Class), [])) java/lang/Class<java/lang/Object>//getClass [] []]
src/org/mockito/internal/configuration/injection/ConstructorInjection.java: error: unknown import
	data: java/util/Set
src/org/mockito/internal/configuration/injection/ConstructorInjection.java: error: unknown function
	data: [pointer(reference(org/mockito/exceptions/base/MockitoException)) org/mockito/exceptions/base/MockitoException//getCause [] []]
src/org/mockito/internal/configuration/injection/ConstructorInjection.java: internal error: unknown node
	data: unsupported
src/org/mockito/internal/configuration/injection/ConstructorInjection.java: error: unknown function
	data: [<nil> java/util/ArrayList//ArrayList [pointer(reference(java/lang/Object))] [len(ensure_not_nil(argTypes))]]
src/org/mockito/internal/configuration/injection/ConstructorInjection.java: error: an unsupported collection type has been used for this operation
	data: genericInstance(unsupported(java/util/Set), [pointer(reference(java/lang/Object))])
src/org/mockito/internal/configuration/injection/ConstructorInjection.java: error: unknown import
	data: java/lang/reflect/Field
src/org/mockito/internal/configuration/injection/ConstructorInjection.java: error: unknown import
	data: java/lang/reflect/InvocationTargetException
src/org/mockito/internal/configuration/injection/MockInjection.java: error: unknown import
	data: java/lang/reflect/Field
src/org/mockito/internal/configuration/injection/MockInjection.java: error: unknown import
	data: java/util/Collections
src/org/mockito/internal/configuration/injection/MockInjection.java: error: unknown function
	data: [<nil> newMockSafeHashSet [] []]
src/org/mockito/internal/configuration/injection/MockInjection.java: error: unknown function
	data: [<nil> checkNotNull [] [mocks "mocks"]]
src/org/mockito/internal/configuration/injection/MockInjection.java: error: an unsupported collection type has been used for this operation
	data: genericInstance(unsupported(java/util/Set), [unsupported(java/lang/reflect/Field)])
src/org/mockito/internal/configuration/injection/MockInjection.java: error: unknown import
	data: java/util/HashSet
src/org/mockito/internal/configuration/injection/MockInjection.java: error: unknown import
	data: java/util/Set
src/org/mockito/internal/configuration/injection/MockInjection.java: error: unknown function
	data: [<nil> checkItemsNotNull [] [fields "fields"]]
src/org/mockito/internal/configuration/injection/MockInjectionStrategy.java: error: unknown import
	data: java/lang/reflect/Field
src/org/mockito/internal/configuration/injection/MockInjectionStrategy.java: error: unknown import
	data: java/util/Set
src/org/mockito/internal/configuration/injection/MockInjectionStrategy.java: error: unknown identifier
	data: this
src/org/mockito/internal/configuration/injection/PropertyAndSetterInjection.java: error: unknown function
	data: [pointer(genericInstance(reference(java/lang/Class), [wildcard(, pointer(reference(java/lang/Object)))])) java/lang/Class<descendant of java/lang/Object>//getSuperclass [] []]
src/org/mockito/internal/configuration/injection/PropertyAndSetterInjection.java: internal error: unknown node
	data: unsupported
src/org/mockito/internal/configuration/injection/PropertyAndSetterInjection.java: error: unknown function
	data: [pointer(genericInstance(reference(java/lang/Class), [wildcard(, pointer(reference(java/lang/Object)))])) java/lang/Class<descendant of java/lang/Object>//getDeclaredFields [] []]
src/org/mockito/internal/configuration/injection/PropertyAndSetterInjection.java: error: unknown field
	data: [this struct(org/mockito/internal/configuration/injection/PropertyAndSetterInjection, [], [pointer(reference(org/mockito/internal/configuration/injection/MockInjectionStrategy))], []) Arrays]
src/org/mockito/internal/configuration/injection/PropertyAndSetterInjection.java: error: error: unresolved type
	data: reference(T)
	child error: (error) Internal error: unknown type:
		"T"
		Stacktrace: goroutine 1 [running]:
		gitlab.nethead.at/symflower/symflower/model/errors.NewInternalError({0x21de060, 0x2d25a00}, {0x12473e0, 0xc001bfa330})
			gitlab.nethead.at/symflower/symflower/model/errors/error.go:852 +0x4e
		gitlab.nethead.at/symflower/symflower/model/errors.NewProblemWithErrorSeverity(...)
			gitlab.nethead.at/symflower/symflower/model/errors/problem.go:321
		gitlab.nethead.at/symflower/symflower/model/ast.(*Scope).GetType(0xc0026ec0e0?, {0x2221c60, 0x1})
			gitlab.nethead.at/symflower/symflower/model/ast/scope.go:986 +0x85
		gitlab.nethead.at/symflower/symflower/model/ast.resolve(0xc0004209c0, {0x2205848?, 0xc001163b20}, 0xe0)
			gitlab.nethead.at/symflower/symflower/model/ast/type-resolve.go:362 +0x78
		gitlab.nethead.at/symflower/symflower/model/ast.ResolveWithPointers(...)
			gitlab.nethead.at/symflower/symflower/model/ast/type-resolve.go:326
		gitlab.nethead.at/symflower/symflower/model/ast.(*TypeGenericInstance).IsCompatibleType(0xc000ad3bc0, 0xc0004209c0, {0x2205728?, 0xc000da4ba0?})
			gitlab.nethead.at/symflower/symflower/model/ast/type.go:3369 +0x230
		gitlab.nethead.at/symflower/symflower/language/java/symbol.(*transpiler).checkFunctionApplicability(0xc000510280, 0xc001968400, {0x22058d8?, 0xc00182f2c0?}, {0x0?, 0xc0001d2908?, 0x18?}, {0xc002a294c0, 0x2, 0x2})
			gitlab.nethead.at/symflower/symflower/language/java/symbol/overloading.go:406 +0x66b
		gitlab.nethead.at/symflower/symflower/language/java/symbol.(*transpiler).matchOverloadingFunction(0xc000510280, {0xc000c08db0, 0x1, 0x1}, {0x22058d8, 0xc00182f2c0}, {0x0, 0x0, 0x0}, {0xc002a294c0, ...})
			gitlab.nethead.at/symflower/symflower/language/java/symbol/overloading.go:451 +0x217
		gitlab.nethead.at/symflower/symflower/language/java/symbol.(*transpiler).getFunction(0xc000510280, {0x22058d8, 0xc00182f2c0}, {0xc0017a81c0, 0x36}, {0x0, 0x0, 0x0}, {0xc002a294c0, 0x2, ...})
			gitlab.nethead.at/symflower/symflower/language/java/symbol/overloading.go:224 +0xd2
		gitlab.nethead.at/symflower/symflower/language/java/symbol.(*transpiler).handleMethodCallResolveOverloads(0xc000510280, {0xc0017a81c0, 0x36}, {0x22058d8?, 0xc00182f2c0?}, {0x0?, 0x8?, 0x5?}, {0xc002a294c0, 0x2, ...})
			gitlab.nethead.at/symflower/symflower/language/java/symbol/handle.go:5426 +0x87
		gitlab.nethead.at/symflower/symflower/language/java/symbol.(*transpiler).handleMethodCallReceiver(0xc000510280, {0xc00097a1c8, 0x6}, {0x22058d8, 0xc00182f2c0}, {0x0, 0x0, 0x0}, {0xc002a294c0, 0x2, ...})
			gitlab.nethead.at/symflower/symflower/language/java/symbol/handle.go:5421 +0x1ae
		gitlab.nethead.at/symflower/symflower/language/java/symbol.(*transpiler).handleExpressionMethodCall(0xc000510280, 0xc0014c67b0, 0xc0009858c0)
			gitlab.nethead.at/symflower/symflower/language/java/symbol/handle.go:5526 +0xbe5
		gitlab.nethead.at/symflower/symflower/language/java/symbol.(*transpiler).handleExpression(0xc000510280, 0xc0014c67b0, {0x21f7d38, 0xc0009858c0})
			gitlab.nethead.at/symflower/symflower/language/java/symbol/handle.go:6903 +0x785
		gitlab.nethead.at/symflower/symflower/language/java/symbol.(*transpiler).handleStatementExpressionAssign(0xc000510280, 0xc0014c67b0, 0xc00093db80)
			gitlab.nethead.at/symflower/symflower/language/java/symbol/handle.go:3771 +0xe5
		gitlab.nethead.at/symflower/symflower/language/java/symbol.(*transpiler).handleStatementExpression(0xc003066b78?, 0x41aa94?, {0x21f79c8?, 0xc00093db80?})
			gitlab.nethead.at/symflower/symflower/language/java/symbol/handle.go:3932 +0x53
		gitlab.nethead.at/symflower/symflower/language/java/symbol.(*transpiler).handleStatement(0xc000510280, 0xc0014c67b0, {0x21f7238, 0xc000994700})
			gitlab.nethead.at/symflower/symflower/language/java/symbol/handle.go:4415 +0x8aa
		gitlab.nethead.at/symflower/symflower/language/java/symbol.(*transpiler).handleStatements(0xc000510280, 0xc0014c67b0, {0xc000972d20, 0x3, 0xc0004209c0?})
			gitlab.nethead.at/symflower/symflower/language/java/symbol/handle.go:3731 +0x85
		gitlab.nethead.at/symflower/symflower/language/java/symbol.(*transpiler).handleBlock.func1()
			gitlab.nethead.at/symflower/symflower/language/java/symbol/handle.go:3712 +0x45
		gitlab.nethead.at/symflower/symflower/model/ast.(*Scope).Scoped(0xc0004209c0, 0xc003066d50)
			gitlab.nethead.at/symflower/symflower/model/ast/scope.go:297 +0x162
		gitlab.nethead.at/symflower/symflower/language/java/symbol.(*transpiler).handleBlock(0xc000510280, 0xc0014c67b0, 0xc00098a2d0)
			gitlab.nethead.at/symflower/symflower/language/java/symbol/handle.go:3711 +0x9e
		gitlab.nethead.at/symflower/symflower/language/java/symbol.(*transpiler).handleMethodDeclarationBody.(*transpiler).handleScopedBlockStatement.func2()
			gitlab.nethead.at/symflower/symflower/language/java/symbol/handle.go:2716 +0x205
		gitlab.nethead.at/symflower/symflower/model/ast.(*Scope).Scoped(0xc0004209c0, 0xc003067160)
			gitlab.nethead.at/symflower/symflower/model/ast/scope.go:297 +0x162
		gitlab.nethead.at/symflower/symflower/language/java/symbol.(*transpiler).handleScopedBlockStatement(...)
			gitlab.nethead.at/symflower/symflower/language/java/symbol/handle.go:2693
		gitlab.nethead.at/symflower/symflower/language/java/symbol.(*transpiler).handleMethodDeclarationBody(0xc000510280, 0xc0014c67b0, {0x2208170, 0xc00146bd40}, 0xc0014d1000, 0x0)
			gitlab.nethead.at/symflower/symflower/language/java/symbol/handle.go:2523 +0x61b
		gitlab.nethead.at/symflower/symflower/language/java/symbol.(*transpiler).handleClassAndInterfaceDeclarationBodies(0xc000510280, 0xc0014c67b0, 0xc00146bd40)
			gitlab.nethead.at/symflower/symflower/language/java/symbol/handle.go:1534 +0x2f7
		gitlab.nethead.at/symflower/symflower/language/java/symbol.(*transpiler).handleClassDeclarationBodies(0xc000510280, 0xc0014c67b0, 0xc00146bd40)
			gitlab.nethead.at/symflower/symflower/language/java/symbol/handle.go:1419 +0x106
		gitlab.nethead.at/symflower/symflower/language/java/symbol.(*transpiler).handleBodies.func1(0xc0014c67b0, {0x2207578, 0xc00146bd40})
			gitlab.nethead.at/symflower/symflower/language/java/symbol/symbols.go:532 +0x1ff
		gitlab.nethead.at/symflower/symflower/language/java/symbol.(*transpiler).walkSubDeclarations(0xc000510280, 0xc0014c67b0, 0xc0026ed760, 0xc0014c41e0, 0xc001493cc0, {0x2207578, 0xc00146bd40})
			gitlab.nethead.at/symflower/symflower/language/java/symbol/symbols.go:869 +0x1ee
		gitlab.nethead.at/symflower/symflower/language/java/symbol.(*transpiler).walkFile(0xc000510280, 0x1, 0x2088c58, 0xc0026ed760, 0xc0014c41e0, 0xc001493cc0)
			gitlab.nethead.at/symflower/symflower/language/java/symbol/symbols.go:625 +0x3c5
		gitlab.nethead.at/symflower/symflower/language/java/symbol.(*transpiler).walkPackage(0xc000510280, 0x1, 0x2088c58, 0xc0026ed760, 0xc0014c41e0)
			gitlab.nethead.at/symflower/symflower/language/java/symbol/symbols.go:583 +0x225
		gitlab.nethead.at/symflower/symflower/language/java/symbol.(*transpiler).walkFilesAndDeclarations(0xc000510280, 0x1, 0x2088c58, 0xc0026ed760)
			gitlab.nethead.at/symflower/symflower/language/java/symbol/symbols.go:566 +0xa5
		gitlab.nethead.at/symflower/symflower/language/java/symbol.(*transpiler).handleBodies(0xc000510280)
			gitlab.nethead.at/symflower/symflower/language/java/symbol/symbols.go:513 +0x65
		gitlab.nethead.at/symflower/symflower/language/java/symbol.symbolsWithDependencies(0xc0000102a0, {0x0?, 0x41aa94?, 0x13e43a0?}, 0x1)
			gitlab.nethead.at/symflower/symflower/language/java/symbol/symbols.go:486 +0x147
		gitlab.nethead.at/symflower/symflower/language/java/symbol.Symbols(0xc0000102a0, 0x1)
			gitlab.nethead.at/symflower/symflower/language/java/symbol/symbols.go:457 +0xf2
		gitlab.nethead.at/symflower/symflower/language/java.Adapter.Symbols(...)
			gitlab.nethead.at/symflower/symflower/language/java/symbols.go:29
		gitlab.nethead.at/symflower/symflower/cmd/symflower-local/generate.(*Generator).transpileLanguage(0xc0000bc930, 0x0, 0x0, {0x220c620, 0x2e6b360})
			gitlab.nethead.at/symflower/symflower/cmd/symflower-local/generate/generate.go:136 +0x373
		gitlab.nethead.at/symflower/symflower/cmd/symflower-local/generate.(*Generator).Symbols(0xc0000bc930, 0x0, 0x0)
			gitlab.nethead.at/symflower/symflower/cmd/symflower-local/generate/generate.go:94 +0x136
		gitlab.nethead.at/symflower/symflower/cmd/symflower-local/generate.(*AnalyzeEngineDefault).UnitTests(0x2b?, 0x124bba0?, {0x21eb890?, 0xc00004c120?}, {0x60?, 0xe6?, 0x13?, 0x0?}, 0x2b?, {0xc0000bc510, ...})
			gitlab.nethead.at/symflower/symflower/cmd/symflower-local/generate/analyze.go:153 +0x77
		gitlab.nethead.at/symflower/symflower/cmd/symflower-local/cmd.(*commandUnitTests).Execute(0xc0004e12d8, {0xc0004e0f08?, 0x79b9a8289218?, 0xc0004e12d8?})
			gitlab.nethead.at/symflower/symflower/cmd/symflower-local/cmd/unit-tests.go:85 +0x2a6
		gitlab.nethead.at/symflower/symflower/cmd.ExecuteNoExit({0x21de020, 0xc0004e0f08}, {0xc00019e000?, 0x0?, 0x0?})
			gitlab.nethead.at/symflower/symflower/cmd/execute.go:59 +0x2ad
		gitlab.nethead.at/symflower/symflower/cmd.Execute({0x21de020?, 0xc0004e0f08?}, {0xc00019e000?, 0xc0001802e0?, 0xc000051f10?})
			gitlab.nethead.at/symflower/symflower/cmd/execute.go:17 +0x26
		gitlab.nethead.at/symflower/symflower/cmd.ExecuteWithOSArguments(...)
			gitlab.nethead.at/symflower/symflower/cmd/execute.go:78
		main.main.func1()
			gitlab.nethead.at/symflower/symflower/cmd/symflower-demo/main.go:39 +0x34
		gitlab.nethead.at/symflower/symflower/cmd/symflower-local/cmd.(*Command).WithPanicReporter(0xc000110060?, 0x0?)
			gitlab.nethead.at/symflower/symflower/cmd/symflower-local/cmd/cmd.go:151 +0x33
		main.main()
			gitlab.nethead.at/symflower/symflower/cmd/symflower-demo/main.go:38 +0x7f
src/org/mockito/internal/configuration/injection/PropertyAndSetterInjection.java: error: abstract method is not implemented
	data: [org/mockito/internal/configuration/injection/PropertyAndSetterInjection processInjection!e2609edcc91614f05be1c7b3bb50fe49]
src/org/mockito/internal/configuration/injection/PropertyAndSetterInjection.java: error: unknown import
	data: java/lang/reflect/Field
src/org/mockito/internal/configuration/injection/PropertyAndSetterInjection.java: error: unknown type
	data: Filter
src/org/mockito/internal/configuration/injection/PropertyAndSetterInjection.java: error: unknown function
	data: [<nil> newMockSafeHashSet [] [mockCandidates]]
src/org/mockito/internal/configuration/injection/PropertyAndSetterInjection.java: error: unknown function
	data: [pointer(reference(org/mockito/exceptions/base/MockitoException)) org/mockito/exceptions/base/MockitoException//getCause [] []]
src/org/mockito/internal/configuration/injection/PropertyAndSetterInjection.java: error: unknown import
	data: java/lang/reflect/InvocationTargetException
src/org/mockito/internal/configuration/injection/PropertyAndSetterInjection.java: error: unknown import
	data: java/lang/reflect/Modifier
src/org/mockito/internal/configuration/injection/PropertyAndSetterInjection.java: error: unknown function
	data: [struct(org/mockito/internal/configuration/injection/filter/MockCandidateFilter, [], [pointer(reference(java/lang/Object))], []) org/mockito/internal/configuration/injection/filter/MockCandidateFilter//filterCandidate [] [mocks field instance]]
src/org/mockito/internal/configuration/injection/PropertyAndSetterInjection.java: error: unknown type
	data: Set
src/org/mockito/internal/configuration/injection/SpyOnInjectedFieldsHandler.java: error: unknown import
	data: java/lang/reflect/Field
src/org/mockito/internal/configuration/injection/SpyOnInjectedFieldsHandler.java: error: unknown import
	data: java/util/Set
src/org/mockito/internal/configuration/injection/SpyOnInjectedFieldsHandler.java: error: unknown function
	data: [pointer(reference(java/lang/Object)) java/lang/Object//getClass [] []]
src/org/mockito/internal/configuration/injection/SpyOnInjectedFieldsHandler.java: error: unknown type
	data: T
src/org/mockito/internal/configuration/injection/filter/FinalMockCandidateFilter.java: error: unknown import
	data: java/lang/reflect/Field
src/org/mockito/internal/configuration/injection/filter/MockCandidateFilter.java: error: unknown import
	data: java/lang/reflect/Field
src/org/mockito/internal/configuration/injection/filter/NameBasedCandidateFilter.java: error: unknown import
	data: java/lang/reflect/Field
src/org/mockito/internal/configuration/injection/filter/TypeBasedCandidateFilter.java: error: unknown import
	data: java/lang/reflect/Field
src/org/mockito/internal/configuration/injection/filter/TypeBasedCandidateFilter.java: error: unknown function
	data: [pointer(reference(java/lang/Object)) java/lang/Object//getClass [] []]
src/org/mockito/internal/configuration/injection/scanner/InjectMocksScanner.java: error: unknown import
	data: java/lang/reflect/Field
src/org/mockito/internal/configuration/injection/scanner/InjectMocksScanner.java: error: unknown import
	data: java/util/HashSet
src/org/mockito/internal/configuration/injection/scanner/InjectMocksScanner.java: error: unknown import
	data: java/util/Set
src/org/mockito/internal/configuration/injection/scanner/InjectMocksScanner.java: error: unknown type
	data: SuppressWarnings
src/org/mockito/internal/configuration/injection/scanner/InjectMocksScanner.java: error: unknown function
	data: [genericInstance(reference(java/lang/Class), [wildcard(, pointer(reference(java/lang/Object)))]) java/lang/Class<descendant of java/lang/Object>//getDeclaredFields [] []]
src/org/mockito/internal/configuration/injection/scanner/InjectMocksScanner.java: error: unknown identifier
	data: mockDependentFields
src/org/mockito/internal/configuration/injection/scanner/MockScanner.java: error: unknown function
	data: [genericInstance(reference(java/lang/Class), [wildcard(, pointer(reference(java/lang/Object)))]) java/lang/Class<descendant of java/lang/Object>//getDeclaredFields [] []]
src/org/mockito/internal/configuration/injection/scanner/MockScanner.java: error: unknown identifier
	data: mocks
src/org/mockito/internal/configuration/injection/scanner/MockScanner.java: error: unknown import
	data: java/lang/reflect/Field
src/org/mockito/internal/configuration/injection/scanner/MockScanner.java: error: unknown import
	data: java/util/Set
src/org/mockito/internal/configuration/injection/scanner/MockScanner.java: error: unknown function
	data: [<nil> newMockSafeHashSet [] []]
src/org/mockito/internal/configuration/plugins/PluginFinder.java: error: unknown import
	data: java/net/URL
src/org/mockito/internal/configuration/plugins/PluginFinder.java: error: an unsupported collection type has been used for this operation
	data: pointer(genericInstance(reference(java/lang/Iterable), [unsupported(java/net/URL)]))
src/org/mockito/internal/configuration/plugins/PluginLoader.java: error: unknown import
	data: java/net/URL
src/org/mockito/internal/configuration/plugins/PluginLoader.java: error: unknown import
	data: java/util/Enumeration
src/org/mockito/internal/configuration/plugins/PluginLoader.java: error: unknown function
	data: [pointer(genericInstance(reference(java/lang/Class), [reference(T)])) java/lang/Class<T>//cast [] [unsupported]]
src/org/mockito/internal/configuration/plugins/PluginLoader.java: error: unknown field
	data: [this struct(org/mockito/internal/configuration/plugins/PluginLoader, [], [pointer(reference(java/lang/Object))], []) ClassLoader]
src/org/mockito/internal/configuration/plugins/PluginLoader.java: error: unknown function
	data: [pointer(genericInstance(reference(java/lang/Class), [wildcard(, pointer(reference(java/lang/Object)))])) java/lang/Class<descendant of java/lang/Object>//newInstance [] []]
src/org/mockito/internal/configuration/plugins/PluginLoader.java: error: unknown function
	data: [pointer(genericInstance(reference(java/lang/Class), [reference(T)])) java/lang/Class<T>//cast [] [plugin]]
src/org/mockito/internal/configuration/plugins/PluginLoader.java: error: unknown function
	data: [<nil> loadImpl [] [pluginType]]
src/org/mockito/internal/configuration/plugins/PluginLoader.java: error: unknown function
	data: [struct(java/lang/Class, [], [pointer(reference(java/lang/Object))], []) java/lang/Class//forName [] [defaultPluginClassName]]
src/org/mockito/internal/configuration/plugins/PluginLoader.java: error: unknown type
	data: ClassLoader
src/org/mockito/internal/configuration/plugins/PluginLoader.java: error: unknown function
	data: [<nil> org/mockito/exceptions/misusing/MockitoConfigurationException//MockitoConfigurationException [] [+(unsupported, resources) e]]
src/org/mockito/internal/creation/DelegatingMethod.java: error: unknown import
	data: java/lang/reflect/Method
src/org/mockito/internal/creation/DelegatingMethod.java: error: unknown import
	data: java/lang/reflect/Modifier
src/org/mockito/internal/creation/MockSettingsImpl.java: error: unknown import
	data: java/util/Set
src/org/mockito/internal/creation/MockSettingsImpl.java: error: unknown function
	data: [<nil> org/mockito/internal/util/MockNameImpl//MockNameImpl [] [call(select(ensure_not_nil(source), getName!d41d8cd98f00b204e9800998ecf8427e), []) typeToMock]]
src/org/mockito/internal/creation/MockSettingsImpl.java: error: unknown import
	data: java/util/HashSet
src/org/mockito/internal/creation/MockSettingsImpl.java: error: unknown function
	data: [<nil> validatedSettings [] [typeToMock this]]
src/org/mockito/internal/creation/MockSettingsImpl.java: error: unknown function
	data: [pointer(reference(org/mockito/internal/util/MockCreationValidator)) org/mockito/internal/util/MockCreationValidator//validateType [] [typeToMock]]
src/org/mockito/internal/creation/MockSettingsImpl.java: error: unknown function
	data: [pointer(reference(org/mockito/internal/util/MockCreationValidator)) org/mockito/internal/util/MockCreationValidator//validateMockedType [] [typeToMock call(select(ensure_not_nil(source), getSpiedInstance!d41d8cd98f00b204e9800998ecf8427e), [])]]
src/org/mockito/internal/creation/MockSettingsImpl.java: error: unknown function
	data: [pointer(reference(org/mockito/internal/util/MockCreationValidator)) org/mockito/internal/util/MockCreationValidator//validateSerializable [] [typeToMock call(select(ensure_not_nil(source), isSerializable!d41d8cd98f00b204e9800998ecf8427e), [])]]
src/org/mockito/internal/creation/MockSettingsImpl.java: error: unknown type
	data: SuppressWarnings
src/org/mockito/internal/creation/MockSettingsImpl.java: error: unknown function
	data: [pointer(genericInstance(reference(java/lang/Class), [])) java/lang/Class<java/lang/Object>//isInterface [] []]
src/org/mockito/internal/creation/MockSettingsImpl.java: error: unknown function
	data: [reference(org/mockito/listeners/InvocationListener) org/mockito/listeners/InvocationListener//getClass [] []]
src/org/mockito/internal/creation/MockSettingsImpl.java: error: unknown function
	data: [pointer(reference(org/mockito/internal/util/MockCreationValidator)) org/mockito/internal/util/MockCreationValidator//validateExtraInterfaces [] [typeToMock call(select(ensure_not_nil(source), getExtraInterfaces!d41d8cd98f00b204e9800998ecf8427e), [])]]
src/org/mockito/internal/creation/MockSettingsImpl.java: error: unknown function
	data: [<nil> org/mockito/internal/creation/settings/CreationSettings//CreationSettings [reference(T)] [source]]
src/org/mockito/internal/creation/MockSettingsImpl.java: error: unknown function
	data: [<nil> prepareExtraInterfaces [] [source]]
src/org/mockito/internal/creation/MockSettingsImpl.java: error: unknown identifier
	data: interfaces
src/org/mockito/internal/creation/instance/ConstructorInstantiator.java: error: unknown import
	data: java/lang/reflect/Constructor
src/org/mockito/internal/creation/instance/ConstructorInstantiator.java: error: unknown type
	data: java/lang/reflect/InvocationTargetException
src/org/mockito/internal/creation/instance/ConstructorInstantiator.java: error: unknown function
	data: [<nil> noArgConstructor [] [cls]]
src/org/mockito/internal/creation/instance/ConstructorInstantiator.java: error: unknown function
	data: [pointer(genericInstance(reference(java/lang/Class), [reference(T)])) java/lang/Class<T>//getDeclaredConstructors [] []]
src/org/mockito/internal/creation/instance/ConstructorInstantiator.java: error: unknown function
	data: [<nil> paramsException [] [cls e]]
src/org/mockito/internal/creation/instance/ConstructorInstantiator.java: error: unknown function
	data: [genericInstance(reference(java/lang/Class), [wildcard(, pointer(reference(java/lang/Object)))]) java/lang/Class<descendant of java/lang/Object>//isInstance [] [index(params, i)]]
src/org/mockito/internal/creation/instance/ConstructorInstantiator.java: error: unknown function
	data: [pointer(genericInstance(reference(java/lang/Class), [reference(T)])) java/lang/Class<T>//getDeclaredConstructor [] []]
src/org/mockito/internal/creation/instance/ConstructorInstantiator.java: error: unknown type
	data: SuppressWarnings
src/org/mockito/internal/creation/instance/ConstructorInstantiator.java: error: unknown function
	data: [<nil> withParams [] [cls select(this, outerClassInstance)]]
src/org/mockito/internal/creation/instance/ConstructorInstantiator.java: error: unknown function
	data: [<nil> paramsException [] [cls nil]]
src/org/mockito/internal/creation/instance/ConstructorInstantiator.java: error: unknown function
	data: [pointer(reference(org/mockito/internal/util/reflection/AccessibilityChanger)) org/mockito/internal/util/reflection/AccessibilityChanger//enableAccess [] [constructor]]
src/org/mockito/internal/creation/instance/ObjenesisInstantiator.java: error: unknown import
	data: org/objenesis/ObjenesisStd
src/org/mockito/internal/creation/settings/CreationSettings.java: error: unknown import
	data: java/util/LinkedHashSet
src/org/mockito/internal/creation/settings/CreationSettings.java: error: unknown import
	data: java/util/Set
src/org/mockito/internal/creation/settings/CreationSettings.java: error: unknown type
	data: SuppressWarnings
src/org/mockito/internal/creation/util/SearchingClassLoader.java: error: call is ambiguous
	data: [[function(<nil>, org/mockito/internal/creation/util/SearchingClassLoader//combineLoadersOf!3f2fac1b5a4ebc1cef3bb7b20e4d6055, [variable(classes, variadic(array(pointer(genericInstance(reference(java/lang/Class), [wildcard(, pointer(reference(java/lang/Object)))])), primitive(int, 32, false), 0)))], [variable(, unsupported(ClassLoader))], block([return([unsupported])])) function(<nil>, org/mockito/internal/creation/util/SearchingClassLoader//combineLoadersOf!4d9b385600abe785dda1311bd62dd6d8, [variable(first, pointer(genericInstance(reference(java/lang/Class), [wildcard(, pointer(reference(java/lang/Object)))]))), variable(others, variadic(array(pointer(genericInstance(reference(java/lang/Class), [wildcard(, pointer(reference(java/lang/Object)))])), primitive(int, 32, false), 0)))], [variable(, unsupported(ClassLoader))], block([unsupported]))] [index(classes, 0) classes]]
src/org/mockito/internal/creation/util/SearchingClassLoader.java: error: unknown function
	data: [pointer(genericInstance(reference(java/lang/Class), [wildcard(, pointer(reference(java/lang/Object)))])) java/lang/Class<descendant of java/lang/Object>//getClassLoader [] []]
src/org/mockito/internal/creation/util/SearchingClassLoader.java: error: unknown function
	data: [<nil> currentThread [] []]
src/org/mockito/internal/creation/util/SearchingClassLoader.java: error: unknown type
	data: ClassLoader
src/org/mockito/internal/creation/util/SearchingClassLoader.java: error: unknown import
	data: java/lang/Thread
src/org/mockito/internal/creation/util/SearchingClassLoader.java: error: unknown function
	data: [pointer(genericInstance(reference(java/lang/Class), [wildcard(, pointer(reference(java/lang/Object)))])) java/lang/Class<descendant of java/lang/Object>//getClassLoader [] []]
src/org/mockito/internal/creation/util/SearchingClassLoader.java: error: unknown function
	data: [genericInstance(reference(java/lang/Class), [pointer(reference(java/lang/Object))]) java/lang/Class<java/lang/Object>//getClassLoader [] []]
src/org/mockito/internal/creation/util/SearchingClassLoader.java: error: unknown identifier
	data: loaders
src/org/mockito/internal/debugging/LocationImpl.java: error: unknown type
	data: StackTraceElement
src/org/mockito/internal/debugging/LocationImpl.java: error: unknown function
	data: [struct(java/lang/Throwable, [], [pointer(reference(java/lang/Object))], [reference(java/io/Serializable)]) java/lang/Throwable//getStackTrace [] []]
src/org/mockito/internal/debugging/MockitoDebuggerImpl.java: error: unknown import
	data: java/util/Arrays/asList
src/org/mockito/internal/debugging/MockitoDebuggerImpl.java: error: unknown function
	data: [<nil> asList [] [mocks]]
src/org/mockito/internal/debugging/MockitoDebuggerImpl.java: error: unknown function
	data: [<nil> asList [] [mocks]]
src/org/mockito/internal/debugging/VerboseMockInvocationLogger.java: error: unknown function
	data: [struct(java/lang/Throwable, [], [pointer(reference(java/lang/Object))], [reference(java/io/Serializable)]) java/lang/Throwable//getClass [] []]
src/org/mockito/internal/debugging/VerboseMockInvocationLogger.java: error: unknown function
	data: [struct(java/lang/Object, [], [], []) java/lang/Object//getClass [] []]
src/org/mockito/internal/debugging/VerboseMockInvocationLogger.java: error: unknown identifier
	data: type
src/org/mockito/internal/debugging/WarningsCollector.java: error: unknown import
	data: java/util/LinkedList
src/org/mockito/internal/debugging/WarningsCollector.java: error: unknown type
	data: SuppressWarnings
src/org/mockito/internal/debugging/WarningsFinder.java: error: unknown import
	data: java/util/LinkedList
src/org/mockito/internal/debugging/WarningsFinder.java: error: unknown type
	data: SuppressWarnings
src/org/mockito/internal/exceptions/stacktrace/ConditionalStackTraceFilter.java: error: unknown type
	data: StackTraceElement
src/org/mockito/internal/exceptions/stacktrace/ConditionalStackTraceFilter.java: error: unknown function
	data: [pointer(reference(java/lang/Throwable)) java/lang/Throwable//getStackTrace [] []]
src/org/mockito/internal/exceptions/stacktrace/ConditionalStackTraceFilter.java: error: unknown function
	data: [pointer(reference(java/lang/Throwable)) java/lang/Throwable//setStackTrace [] [filtered]]
src/org/mockito/internal/exceptions/stacktrace/DefaultStackTraceCleaner.java: error: unknown type
	data: StackTraceElement
src/org/mockito/internal/exceptions/stacktrace/StackTraceFilter.java: error: unknown import
	data: java/util/LinkedList
src/org/mockito/internal/exceptions/stacktrace/StackTraceFilter.java: error: unknown type
	data: StackTraceElement
src/org/mockito/internal/exceptions/stacktrace/StackTraceFilter.java: error: unknown import
	data: java/util/Arrays
src/org/mockito/internal/handler/MockHandlerImpl.java: error: unknown type
	data: SuppressWarnings
src/org/mockito/internal/handler/NullResultGuardian.java: error: unknown function
	data: [pointer(genericInstance(reference(java/lang/Class), [wildcard(, pointer(reference(java/lang/Object)))])) java/lang/Class<descendant of java/lang/Object>//isPrimitive [] []]
src/org/mockito/internal/handler/NullResultGuardian.java: error: error: unresolved type
	data: reference(T)
	child error: (error) Internal error: unknown type:
		"T"
		Stacktrace: goroutine 1 [running]:
		gitlab.nethead.at/symflower/symflower/model/errors.NewInternalError({0x21de060, 0x2d25a00}, {0x12473e0, 0xc00078c0b0})
			gitlab.nethead.at/symflower/symflower/model/errors/error.go:852 +0x4e
		gitlab.nethead.at/symflower/symflower/model/errors.NewProblemWithErrorSeverity(...)
			gitlab.nethead.at/symflower/symflower/model/errors/problem.go:321
		gitlab.nethead.at/symflower/symflower/model/ast.(*Scope).GetType(0xc002d53df8?, {0x2221c60, 0x1})
			gitlab.nethead.at/symflower/symflower/model/ast/scope.go:986 +0x85
		gitlab.nethead.at/symflower/symflower/model/ast.resolve(0xc0004209c0, {0x2205848?, 0xc0011acee0}, 0xe0)
			gitlab.nethead.at/symflower/symflower/model/ast/type-resolve.go:362 +0x78
		gitlab.nethead.at/symflower/symflower/model/ast.ResolveWithPointers(...)
			gitlab.nethead.at/symflower/symflower/model/ast/type-resolve.go:326
		gitlab.nethead.at/symflower/symflower/model/ast.(*TypeGenericInstance).IsCompatibleType(0xc000ad2ec0, 0xc0004209c0, {0x2205728?, 0xc002587440?})
			gitlab.nethead.at/symflower/symflower/model/ast/type.go:3369 +0x230
		gitlab.nethead.at/symflower/symflower/language/java/symbol.(*transpiler).checkFunctionApplicability(0xc000510280, 0xc0017a6700, {0x22058d8?, 0xc00179ac00?}, {0x0?, 0xc0001d2908?, 0x1b?}, {0xc000547990, 0x1, 0x1})
			gitlab.nethead.at/symflower/symflower/language/java/symbol/overloading.go:406 +0x66b
		gitlab.nethead.at/symflower/symflower/language/java/symbol.(*transpiler).matchOverloadingFunction(0xc000510280, {0xc000547be0, 0x2, 0x2}, {0x22058d8, 0xc00179ac00}, {0x0, 0x0, 0x0}, {0xc000547990, ...})
			gitlab.nethead.at/symflower/symflower/language/java/symbol/overloading.go:451 +0x217
		gitlab.nethead.at/symflower/symflower/language/java/symbol.(*transpiler).getFunction(0xc000510280, {0x22058d8, 0xc00179ac00}, {0xc002e334c0, 0x3a}, {0x0, 0x0, 0x0}, {0xc000547990, 0x1, ...})
			gitlab.nethead.at/symflower/symflower/language/java/symbol/overloading.go:224 +0xd2
		gitlab.nethead.at/symflower/symflower/language/java/symbol.(*transpiler).handleMethodCallResolveOverloads(0xc000510280, {0xc002e334c0, 0x3a}, {0x22058d8?, 0xc00179ac00?}, {0x0?, 0x2205728?, 0xc0009bebe0?}, {0xc000547990, 0x1, ...})
			gitlab.nethead.at/symflower/symflower/language/java/symbol/handle.go:5426 +0x87
		gitlab.nethead.at/symflower/symflower/language/java/symbol.(*transpiler).handleMethodCallReceiver(0xc000510280, {0xc000b5bfe6, 0x9}, {0x22058d8, 0xc00179ac00}, {0x0, 0x0, 0x0}, {0xc000547990, 0x1, ...})
			gitlab.nethead.at/symflower/symflower/language/java/symbol/handle.go:5421 +0x1ae
		gitlab.nethead.at/symflower/symflower/language/java/symbol.(*transpiler).handleExpressionMethodCall(0xc000510280, 0xc0017219b0, 0xc000b83e00)
			gitlab.nethead.at/symflower/symflower/language/java/symbol/handle.go:5526 +0xbe5
		gitlab.nethead.at/symflower/symflower/language/java/symbol.(*transpiler).handleExpression(0xc000510280, 0xc0017219b0, {0x21f7d38, 0xc000b83e00})
			gitlab.nethead.at/symflower/symflower/language/java/symbol/handle.go:6903 +0x785
		gitlab.nethead.at/symflower/symflower/language/java/symbol.(*transpiler).handleStatementReturn(0xc000510280, 0xc0017219b0, 0xc000bad900)
			gitlab.nethead.at/symflower/symflower/language/java/symbol/handle.go:4352 +0x7c
		gitlab.nethead.at/symflower/symflower/language/java/symbol.(*transpiler).handleStatement(0xc000510280, 0xc0017219b0, {0x21f74a0, 0xc000bad900})
			gitlab.nethead.at/symflower/symflower/language/java/symbol/handle.go:4423 +0x745
		gitlab.nethead.at/symflower/symflower/language/java/symbol.(*transpiler).handleStatements(0xc000510280, 0xc0017219b0, {0xc000b8e9b0, 0x1, 0x41aa01?})
			gitlab.nethead.at/symflower/symflower/language/java/symbol/handle.go:3731 +0x85
		gitlab.nethead.at/symflower/symflower/language/java/symbol.(*transpiler).handleBlock.func1()
			gitlab.nethead.at/symflower/symflower/language/java/symbol/handle.go:3712 +0x45
		gitlab.nethead.at/symflower/symflower/model/ast.(*Scope).Scoped(0xc0004209c0, 0xc002d549a8)
			gitlab.nethead.at/symflower/symflower/model/ast/scope.go:297 +0x162
		gitlab.nethead.at/symflower/symflower/language/java/symbol.(*transpiler).handleBlock(0xc000510280, 0xc0017219b0, 0xc000bb1170)
			gitlab.nethead.at/symflower/symflower/language/java/symbol/handle.go:3711 +0x9e
		gitlab.nethead.at/symflower/symflower/language/java/symbol.(*transpiler).handleStatement(0xc000510280, 0xc0017219b0, {0x21f7028, 0xc000bb1170})
			gitlab.nethead.at/symflower/symflower/language/java/symbol/handle.go:4403 +0x4b6
		gitlab.nethead.at/symflower/symflower/language/java/symbol.(*transpiler).handleStatementIf(0xc000510280, 0xc0017219b0, 0xc000b73cc0)
			gitlab.nethead.at/symflower/symflower/language/java/symbol/handle.go:4303 +0x65
		gitlab.nethead.at/symflower/symflower/language/java/symbol.(*transpiler).handleStatement(0xc000510280, 0xc0017219b0, {0x21f7340, 0xc000b73cc0})
			gitlab.nethead.at/symflower/symflower/language/java/symbol/handle.go:4421 +0x645
		gitlab.nethead.at/symflower/symflower/language/java/symbol.(*transpiler).handleStatements(0xc000510280, 0xc0017219b0, {0xc000b6fef0, 0x3, 0xc0004209c0?})
			gitlab.nethead.at/symflower/symflower/language/java/symbol/handle.go:3731 +0x85
		gitlab.nethead.at/symflower/symflower/language/java/symbol.(*transpiler).handleBlock.func1()
			gitlab.nethead.at/symflower/symflower/language/java/symbol/handle.go:3712 +0x45
		gitlab.nethead.at/symflower/symflower/model/ast.(*Scope).Scoped(0xc0004209c0, 0xc002d54d50)
			gitlab.nethead.at/symflower/symflower/model/ast/scope.go:297 +0x162
		gitlab.nethead.at/symflower/symflower/language/java/symbol.(*transpiler).handleBlock(0xc000510280, 0xc0017219b0, 0xc000bb1200)
			gitlab.nethead.at/symflower/symflower/language/java/symbol/handle.go:3711 +0x9e
		gitlab.nethead.at/symflower/symflower/language/java/symbol.(*transpiler).handleMethodDeclarationBody.(*transpiler).handleScopedBlockStatement.func2()
			gitlab.nethead.at/symflower/symflower/language/java/symbol/handle.go:2716 +0x205
		gitlab.nethead.at/symflower/symflower/model/ast.(*Scope).Scoped(0xc0004209c0, 0xc002d55160)
			gitlab.nethead.at/symflower/symflower/model/ast/scope.go:297 +0x162
		gitlab.nethead.at/symflower/symflower/language/java/symbol.(*transpiler).handleScopedBlockStatement(...)
			gitlab.nethead.at/symflower/symflower/language/java/symbol/handle.go:2693
		gitlab.nethead.at/symflower/symflower/language/java/symbol.(*transpiler).handleMethodDeclarationBody(0xc000510280, 0xc0017219b0, {0x2208170, 0xc00172ccc0}, 0xc00175a600, 0x0)
			gitlab.nethead.at/symflower/symflower/language/java/symbol/handle.go:2523 +0x61b
		gitlab.nethead.at/symflower/symflower/language/java/symbol.(*transpiler).handleClassAndInterfaceDeclarationBodies(0xc000510280, 0xc0017219b0, 0xc00172ccc0)
			gitlab.nethead.at/symflower/symflower/language/java/symbol/handle.go:1534 +0x2f7
		gitlab.nethead.at/symflower/symflower/language/java/symbol.(*transpiler).handleClassDeclarationBodies(0xc000510280, 0xc0017219b0, 0xc00172ccc0)
			gitlab.nethead.at/symflower/symflower/language/java/symbol/handle.go:1419 +0x106
		gitlab.nethead.at/symflower/symflower/language/java/symbol.(*transpiler).handleBodies.func1(0xc0017219b0, {0x2207578, 0xc00172ccc0})
			gitlab.nethead.at/symflower/symflower/language/java/symbol/symbols.go:532 +0x1ff
		gitlab.nethead.at/symflower/symflower/language/java/symbol.(*transpiler).walkSubDeclarations(0xc000510280, 0xc0017219b0, 0xc002d55760, 0xc00172af00, 0xc001725b40, {0x2207578, 0xc00172ccc0})
			gitlab.nethead.at/symflower/symflower/language/java/symbol/symbols.go:869 +0x1ee
		gitlab.nethead.at/symflower/symflower/language/java/symbol.(*transpiler).walkFile(0xc000510280, 0x1, 0x2088c58, 0xc002d55760, 0xc00172af00, 0xc001725b40)
			gitlab.nethead.at/symflower/symflower/language/java/symbol/symbols.go:625 +0x3c5
		gitlab.nethead.at/symflower/symflower/language/java/symbol.(*transpiler).walkPackage(0xc000510280, 0x1, 0x2088c58, 0xc002d55760, 0xc00172af00)
			gitlab.nethead.at/symflower/symflower/language/java/symbol/symbols.go:583 +0x225
		gitlab.nethead.at/symflower/symflower/language/java/symbol.(*transpiler).walkFilesAndDeclarations(0xc000510280, 0x1, 0x2088c58, 0xc002d55760)
			gitlab.nethead.at/symflower/symflower/language/java/symbol/symbols.go:566 +0xa5
		gitlab.nethead.at/symflower/symflower/language/java/symbol.(*transpiler).handleBodies(0xc000510280)
			gitlab.nethead.at/symflower/symflower/language/java/symbol/symbols.go:513 +0x65
		gitlab.nethead.at/symflower/symflower/language/java/symbol.symbolsWithDependencies(0xc0000102a0, {0x0?, 0x41aa94?, 0x13e43a0?}, 0x1)
			gitlab.nethead.at/symflower/symflower/language/java/symbol/symbols.go:486 +0x147
		gitlab.nethead.at/symflower/symflower/language/java/symbol.Symbols(0xc0000102a0, 0x1)
			gitlab.nethead.at/symflower/symflower/language/java/symbol/symbols.go:457 +0xf2
		gitlab.nethead.at/symflower/symflower/language/java.Adapter.Symbols(...)
			gitlab.nethead.at/symflower/symflower/language/java/symbols.go:29
		gitlab.nethead.at/symflower/symflower/cmd/symflower-local/generate.(*Generator).transpileLanguage(0xc0000bc930, 0x0, 0x0, {0x220c620, 0x2e6b360})
			gitlab.nethead.at/symflower/symflower/cmd/symflower-local/generate/generate.go:136 +0x373
		gitlab.nethead.at/symflower/symflower/cmd/symflower-local/generate.(*Generator).Symbols(0xc0000bc930, 0x0, 0x0)
			gitlab.nethead.at/symflower/symflower/cmd/symflower-local/generate/generate.go:94 +0x136
		gitlab.nethead.at/symflower/symflower/cmd/symflower-local/generate.(*AnalyzeEngineDefault).UnitTests(0x2b?, 0x124bba0?, {0x21eb890?, 0xc00004c120?}, {0x60?, 0xe6?, 0x13?, 0x0?}, 0x2b?, {0xc0000bc510, ...})
			gitlab.nethead.at/symflower/symflower/cmd/symflower-local/generate/analyze.go:153 +0x77
		gitlab.nethead.at/symflower/symflower/cmd/symflower-local/cmd.(*commandUnitTests).Execute(0xc0004e12d8, {0xc0004e0f08?, 0x79b9a8289218?, 0xc0004e12d8?})
			gitlab.nethead.at/symflower/symflower/cmd/symflower-local/cmd/unit-tests.go:85 +0x2a6
		gitlab.nethead.at/symflower/symflower/cmd.ExecuteNoExit({0x21de020, 0xc0004e0f08}, {0xc00019e000?, 0x0?, 0x0?})
			gitlab.nethead.at/symflower/symflower/cmd/execute.go:59 +0x2ad
		gitlab.nethead.at/symflower/symflower/cmd.Execute({0x21de020?, 0xc0004e0f08?}, {0xc00019e000?, 0xc0001802e0?, 0xc000051f10?})
			gitlab.nethead.at/symflower/symflower/cmd/execute.go:17 +0x26
		gitlab.nethead.at/symflower/symflower/cmd.ExecuteWithOSArguments(...)
			gitlab.nethead.at/symflower/symflower/cmd/execute.go:78
		main.main.func1()
			gitlab.nethead.at/symflower/symflower/cmd/symflower-demo/main.go:39 +0x34
		gitlab.nethead.at/symflower/symflower/cmd/symflower-local/cmd.(*Command).WithPanicReporter(0xc000110060?, 0x0?)
			gitlab.nethead.at/symflower/symflower/cmd/symflower-local/cmd/cmd.go:151 +0x33
		main.main()
			gitlab.nethead.at/symflower/symflower/cmd/symflower-demo/main.go:38 +0x7f
src/org/mockito/internal/handler/NullResultGuardian.java: error: unknown function
	data: [genericInstance(reference(org/mockito/internal/InternalMockHandler), []) org/mockito/internal/InternalMockHandler<java/lang/Object>//setAnswersForStubbing [] [answers]]
src/org/mockito/internal/invocation/ArgumentsComparator.java: error: unknown import
	data: org/hamcrest/Matcher
src/org/mockito/internal/invocation/ArgumentsComparator.java: error: unknown type
	data: SuppressWarnings
src/org/mockito/internal/invocation/ArgumentsComparator.java: error: unknown function
	data: [struct(java/lang/Object, [], [], []) java/lang/Object//getClass [] []]
src/org/mockito/internal/invocation/ArgumentsProcessor.java: error: unknown import
	data: org/hamcrest/Matcher
src/org/mockito/internal/invocation/ArgumentsProcessor.java: error: unknown function
	data: [struct(java/lang/Object, [], [], []) java/lang/Object//getClass [] []]
src/org/mockito/internal/invocation/ArgumentsProcessor.java: error: unknown function
	data: [struct(java/lang/System, [], [pointer(reference(java/lang/Object))], []) java/lang/System//arraycopy [] [args 0 newArgs 0 nonVarArgsCount]]
src/org/mockito/internal/invocation/ArgumentsProcessor.java: error: unknown function
	data: [struct(java/lang/System, [], [pointer(reference(java/lang/Object))], []) java/lang/System//arraycopy [] [varArgs 0 newArgs nonVarArgsCount varArgsCount]]
src/org/mockito/internal/invocation/ArgumentsProcessor.java: error: unknown function
	data: [<nil> java/util/ArrayList//ArrayList [unsupported(org/hamcrest/Matcher)] [len(ensure_not_nil(arguments))]]
src/org/mockito/internal/invocation/ArgumentsProcessor.java: error: unknown function
	data: [pointer(genericInstance(reference(java/util/List), [unsupported(org/hamcrest/Matcher)])) java/util/List<org/hamcrest/Matcher>//add [] [call(org/mockito/internal/matchers/ArrayEquals//ArrayEquals!4fb2deccef7826b7659de223ac40b91d, [arg])]]
src/org/mockito/internal/invocation/ArgumentsProcessor.java: error: unknown function
	data: [pointer(genericInstance(reference(java/util/List), [unsupported(org/hamcrest/Matcher)])) java/util/List<org/hamcrest/Matcher>//add [] [call(org/mockito/internal/matchers/Equals//Equals!4fb2deccef7826b7659de223ac40b91d, [arg])]]
src/org/mockito/internal/invocation/ArgumentsProcessor.java: error: unknown function
	data: [pointer(reference(java/lang/Object)) java/lang/Object//getClass [] []]
src/org/mockito/internal/invocation/InvocationImpl.java: error: unknown function
	data: [pointer(reference(java/lang/Object)) java/lang/Object//getClass [] []]
src/org/mockito/internal/invocation/InvocationImpl.java: error: unknown import
	data: java/lang/reflect/Method
src/org/mockito/internal/invocation/InvocationImpl.java: error: unknown import
	data: java/util/Arrays
src/org/mockito/internal/invocation/InvocationImpl.java: error: unknown type
	data: SuppressWarnings
src/org/mockito/internal/invocation/InvocationImpl.java: error: unknown function
	data: [pointer(reference(org/mockito/internal/invocation/InvocationImpl)) org/mockito/internal/invocation/InvocationImpl//getClass [] []]
src/org/mockito/internal/invocation/InvocationMatcher.java: error: unknown import
	data: java/lang/reflect/Array
src/org/mockito/internal/invocation/InvocationMatcher.java: error: unknown import
	data: java/util/Collections
src/org/mockito/internal/invocation/InvocationMatcher.java: error: unknown import
	data: java/util/LinkedList
src/org/mockito/internal/invocation/InvocationMatcher.java: error: unknown type
	data: SuppressWarnings
src/org/mockito/internal/invocation/InvocationMatcher.java: error: unknown function
	data: [struct(java/lang/Object, [], [], []) java/lang/Object//getClass [] []]
src/org/mockito/internal/invocation/InvocationMatcher.java: error: unknown identifier
	data: out
src/org/mockito/internal/invocation/InvocationMatcher.java: error: unknown import
	data: java/lang/reflect/Method
src/org/mockito/internal/invocation/InvocationMatcher.java: error: unknown import
	data: org/hamcrest/Matcher
src/org/mockito/internal/invocation/InvocationsFinder.java: error: unknown import
	data: java/util/LinkedList
src/org/mockito/internal/invocation/MatchersBinder.java: error: unknown import
	data: org/hamcrest/Matcher
src/org/mockito/internal/invocation/MatchersBinder.java: error: unknown type
	data: SuppressWarnings
src/org/mockito/internal/invocation/MockitoMethod.java: error: unknown import
	data: java/lang/reflect/Method
src/org/mockito/internal/invocation/SerializableMethod.java: error: unknown function
	data: [pointer(reference(java/lang/Object)) java/lang/Object//getClass [] []]
src/org/mockito/internal/invocation/SerializableMethod.java: error: unknown import
	data: java/lang/reflect/Method
src/org/mockito/internal/invocation/SerializableMethod.java: error: unknown import
	data: java/lang/reflect/Modifier
src/org/mockito/internal/invocation/SerializableMethod.java: error: unknown import
	data: java/util/Arrays
src/org/mockito/internal/invocation/SerializableMethod.java: error: unknown function
	data: [genericInstance(reference(java/lang/Class), [wildcard(, pointer(reference(java/lang/Object)))]) java/lang/Class<descendant of java/lang/Object>//getDeclaredMethod [] [select(this, methodName) select(this, parameterTypes)]]
src/org/mockito/internal/invocation/SerializableMethod.java: error: unknown function
	data: [<nil> getClass [] []]
src/org/mockito/internal/invocation/UnusedStubsFinder.java: error: unknown type
	data: LinkedList
src/org/mockito/internal/invocation/finder/AllInvocationsFinder.java: error: unknown type
	data: Set
src/org/mockito/internal/invocation/finder/AllInvocationsFinder.java: error: unknown type
	data: TreeSet
src/org/mockito/internal/invocation/finder/AllInvocationsFinder.java: error: unknown type
	data: LinkedList
src/org/mockito/internal/junit/FriendlyExceptionMaker.java: error: unknown function
	data: [struct(java/lang/Class, [], [pointer(reference(java/lang/Object))], []) java/lang/Class//forName [] ["org.mockito.exceptions.verification.junit.ArgumentsAreDifferent"]]
src/org/mockito/internal/junit/FriendlyExceptionMaker.java: error: unknown function
	data: [pointer(genericInstance(reference(java/lang/Class), [wildcard(, pointer(reference(java/lang/Object)))])) java/lang/Class<descendant of java/lang/Object>//getConstructors [] []]
src/org/mockito/internal/junit/JUnitDetecter.java: error: unknown function
	data: [struct(java/lang/Class, [], [pointer(reference(java/lang/Object))], []) java/lang/Class//forName [] ["junit.framework.ComparisonFailure"]]
src/org/mockito/internal/junit/JUnitRule.java: error: unknown import
	data: org/junit/runners/model/Statement
src/org/mockito/internal/listeners/CollectCreatedMocks.java: error: unknown type
	data: SuppressWarnings
src/org/mockito/internal/listeners/MockingStartedListener.java: error: unknown type
	data: SuppressWarnings
src/org/mockito/internal/listeners/NotifiedMethodInvocationReport.java: error: unknown function
	data: [<nil> getClass [] []]
src/org/mockito/internal/listeners/NotifiedMethodInvocationReport.java: error: unknown function
	data: [pointer(reference(java/lang/Object)) java/lang/Object//getClass [] []]
src/org/mockito/internal/matchers/And.java: error: unknown import
	data: org/hamcrest/Description
src/org/mockito/internal/matchers/And.java: error: unknown import
	data: org/hamcrest/Matcher
src/org/mockito/internal/matchers/And.java: error: unknown type
	data: SuppressWarnings
src/org/mockito/internal/matchers/Any.java: error: unknown import
	data: org/hamcrest/Description
src/org/mockito/internal/matchers/Any.java: error: unknown type
	data: SuppressWarnings
src/org/mockito/internal/matchers/AnyVararg.java: error: unknown import
	data: org/hamcrest/Matcher
src/org/mockito/internal/matchers/AnyVararg.java: error: unknown type
	data: SuppressWarnings
src/org/mockito/internal/matchers/ArrayEquals.java: error: unknown import
	data: java/util/Arrays
src/org/mockito/internal/matchers/ArrayEquals.java: error: unknown import
	data: org/hamcrest/Description
src/org/mockito/internal/matchers/ArrayEquals.java: error: unknown function
	data: [struct(java/lang/Object, [], [], []) java/lang/Object//getClass [] []]
src/org/mockito/internal/matchers/ArrayEquals.java: error: unknown import
	data: java/lang/reflect/Array
src/org/mockito/internal/matchers/CapturingMatcher.java: error: unknown import
	data: org/hamcrest/Description
src/org/mockito/internal/matchers/CapturingMatcher.java: error: unknown import
	data: java/util/LinkedList
src/org/mockito/internal/matchers/CapturingMatcher.java: error: unknown type
	data: SuppressWarnings
src/org/mockito/internal/matchers/CompareTo.java: error: unknown import
	data: org/hamcrest/Description
src/org/mockito/internal/matchers/CompareTo.java: error: unknown type
	data: SuppressWarnings
src/org/mockito/internal/matchers/Contains.java: error: unknown import
	data: org/hamcrest/Description
src/org/mockito/internal/matchers/Contains.java: error: unknown function
	data: [struct(java/lang/String, [], [pointer(reference(java/lang/Object))], [reference(java/lang/CharSequence)]) java/lang/String//contains [] [select(this, substring)]]
src/org/mockito/internal/matchers/ContainsExtraTypeInformation.java: error: unknown import
	data: org/hamcrest/SelfDescribing
src/org/mockito/internal/matchers/EndsWith.java: error: unknown import
	data: org/hamcrest/Description
src/org/mockito/internal/matchers/Equality.java: error: unknown import
	data: java/lang/reflect/Array
src/org/mockito/internal/matchers/Equality.java: error: unknown function
	data: [pointer(reference(java/lang/Object)) java/lang/Object//getClass [] []]
src/org/mockito/internal/matchers/Equals.java: error: unknown function
	data: [struct(java/lang/Object, [], [], []) java/lang/Object//getClass [] []]
src/org/mockito/internal/matchers/Equals.java: error: unknown import
	data: org/hamcrest/Description
src/org/mockito/internal/matchers/Equals.java: error: unknown import
	data: org/hamcrest/SelfDescribing
src/org/mockito/internal/matchers/Equals.java: error: unknown function
	data: [pointer(reference(java/lang/Object)) java/lang/Object//getClass [] []]
src/org/mockito/internal/matchers/EqualsWithDelta.java: error: unknown import
	data: org/hamcrest/Description
src/org/mockito/internal/matchers/EqualsWithDelta.java: error: unknown function
	data: [struct(java/lang/Number, [], [pointer(reference(java/lang/Object))], [reference(java/io/Serializable)]) java/lang/Number//doubleValue [] []]
src/org/mockito/internal/matchers/EqualsWithDelta.java: error: unknown function
	data: [pointer(reference(java/lang/Number)) java/lang/Number//doubleValue [] []]
src/org/mockito/internal/matchers/Find.java: error: unknown import
	data: java/util/regex/Pattern
src/org/mockito/internal/matchers/Find.java: error: unknown import
	data: org/hamcrest/Description
src/org/mockito/internal/matchers/InstanceOf.java: error: unknown import
	data: org/hamcrest/Description
src/org/mockito/internal/matchers/InstanceOf.java: error: unknown function
	data: [pointer(reference(java/lang/Object)) java/lang/Object//getClass [] []]
src/org/mockito/internal/matchers/InstanceOf.java: error: unknown function
	data: [genericInstance(reference(java/lang/Class), [wildcard(, pointer(reference(java/lang/Object)))]) java/lang/Class<descendant of java/lang/Object>//isAssignableFrom [] [unsupported]]
src/org/mockito/internal/matchers/LocalizedMatcher.java: error: unknown import
	data: org/hamcrest/Description
src/org/mockito/internal/matchers/LocalizedMatcher.java: error: unknown import
	data: org/hamcrest/Matcher
src/org/mockito/internal/matchers/LocalizedMatcher.java: error: unknown import
	data: org/hamcrest/SelfDescribing
src/org/mockito/internal/matchers/LocalizedMatcher.java: error: unknown type
	data: SuppressWarnings
src/org/mockito/internal/matchers/MatcherDecorator.java: error: unknown type
	data: SuppressWarnings
src/org/mockito/internal/matchers/MatcherDecorator.java: error: unknown import
	data: org/hamcrest/Matcher
src/org/mockito/internal/matchers/MatchersPrinter.java: error: unknown import
	data: org/hamcrest/Description
src/org/mockito/internal/matchers/MatchersPrinter.java: error: unknown import
	data: org/hamcrest/Matcher
src/org/mockito/internal/matchers/MatchersPrinter.java: error: unknown import
	data: org/hamcrest/SelfDescribing
src/org/mockito/internal/matchers/MatchersPrinter.java: error: unknown import
	data: org/hamcrest/StringDescription
src/org/mockito/internal/matchers/MatchersPrinter.java: error: unknown type
	data: SuppressWarnings
src/org/mockito/internal/matchers/MatchersPrinter.java: error: unknown import
	data: java/util/LinkedList
src/org/mockito/internal/matchers/Matches.java: error: unknown import
	data: org/hamcrest/Description
src/org/mockito/internal/matchers/Not.java: error: unknown import
	data: org/hamcrest/Description
src/org/mockito/internal/matchers/Not.java: error: unknown import
	data: org/hamcrest/Matcher
src/org/mockito/internal/matchers/Not.java: error: unknown type
	data: SuppressWarnings
src/org/mockito/internal/matchers/NotNull.java: error: unknown import
	data: org/hamcrest/Description
src/org/mockito/internal/matchers/Null.java: error: unknown import
	data: org/hamcrest/Description
src/org/mockito/internal/matchers/Or.java: error: unknown import
	data: org/hamcrest/Description
src/org/mockito/internal/matchers/Or.java: error: unknown import
	data: org/hamcrest/Matcher
src/org/mockito/internal/matchers/Or.java: error: unknown type
	data: SuppressWarnings
src/org/mockito/internal/matchers/Same.java: error: unknown import
	data: org/hamcrest/Description
src/org/mockito/internal/matchers/StartsWith.java: error: unknown import
	data: org/hamcrest/Description
src/org/mockito/internal/matchers/VarargCapturingMatcher.java: error: unknown import
	data: java/lang/reflect/Array
src/org/mockito/internal/matchers/VarargCapturingMatcher.java: error: unknown import
	data: java/util/Arrays
src/org/mockito/internal/matchers/VarargCapturingMatcher.java: error: unknown import
	data: java/util/Collections
src/org/mockito/internal/matchers/VarargCapturingMatcher.java: error: unknown type
	data: SuppressWarnings
src/org/mockito/internal/matchers/VarargCapturingMatcher.java: internal error: expression does not have the same type as the targeted index type
	data: make(array(pointer(reference(java/lang/Object)), primitive(int, 32, false), 0), unsupported)
src/org/mockito/internal/matchers/VarargCapturingMatcher.java: error: unknown import
	data: org/hamcrest/Description
src/org/mockito/internal/matchers/VarargCapturingMatcher.java: error: unknown import
	data: java/util/LinkedList
src/org/mockito/internal/matchers/VarargCapturingMatcher.java: error: unknown function
	data: [pointer(reference(java/lang/Object)) java/lang/Object//getClass [] []]
src/org/mockito/internal/matchers/apachecommons/EqualsBuilder.java: error: unknown function
	data: [pointer(genericInstance(reference(java/lang/Class), [])) java/lang/Class<java/lang/Object>//isInstance [] [lhs]]
src/org/mockito/internal/matchers/apachecommons/EqualsBuilder.java: error: unknown function
	data: [pointer(genericInstance(reference(java/lang/Class), [])) java/lang/Class<java/lang/Object>//isArray [] []]
src/org/mockito/internal/matchers/apachecommons/EqualsBuilder.java: error: unknown import
	data: java/util/Collections
src/org/mockito/internal/matchers/apachecommons/EqualsBuilder.java: error: unknown function
	data: [pointer(genericInstance(reference(java/lang/Class), [])) java/lang/Class<java/lang/Object>//isInstance [] [rhs]]
src/org/mockito/internal/matchers/apachecommons/EqualsBuilder.java: error: unknown function
	data: [pointer(genericInstance(reference(java/lang/Class), [])) java/lang/Class<java/lang/Object>//getSuperclass [] []]
src/org/mockito/internal/matchers/apachecommons/EqualsBuilder.java: error: unknown import
	data: java/lang/reflect/Modifier
src/org/mockito/internal/matchers/apachecommons/EqualsBuilder.java: error: unknown import
	data: java/util/Arrays
src/org/mockito/internal/matchers/apachecommons/EqualsBuilder.java: error: unknown function
	data: [pointer(genericInstance(reference(java/lang/Class), [])) java/lang/Class<java/lang/Object>//isInstance [] [lhs]]
src/org/mockito/internal/matchers/apachecommons/EqualsBuilder.java: error: unknown function
	data: [pointer(genericInstance(reference(java/lang/Class), [])) java/lang/Class<java/lang/Object>//getDeclaredFields [] []]
src/org/mockito/internal/matchers/apachecommons/EqualsBuilder.java: error: unknown type
	data: InternalError
src/org/mockito/internal/matchers/apachecommons/EqualsBuilder.java: error: unknown type
	data: java/math/BigDecimal
src/org/mockito/internal/matchers/apachecommons/EqualsBuilder.java: error: unknown function
	data: [pointer(genericInstance(reference(java/lang/Class), [])) java/lang/Class<java/lang/Object>//isInstance [] [rhs]]
src/org/mockito/internal/matchers/apachecommons/EqualsBuilder.java: internal error: type does not support nil values
	data: unsupported(java/math/BigDecimal)
src/org/mockito/internal/matchers/apachecommons/EqualsBuilder.java: error: unknown import
	data: java/lang/reflect/AccessibleObject
src/org/mockito/internal/matchers/apachecommons/EqualsBuilder.java: error: unknown function
	data: [pointer(reference(java/lang/Object)) java/lang/Object//getClass [] []]
src/org/mockito/internal/matchers/apachecommons/EqualsBuilder.java: error: unknown import
	data: java/lang/reflect/Field
src/org/mockito/internal/matchers/apachecommons/EqualsBuilder.java: error: unknown type
	data: SuppressWarnings
src/org/mockito/internal/matchers/apachecommons/ReflectionEquals.java: error: unknown import
	data: org/hamcrest/Description
src/org/mockito/internal/progress/ArgumentMatcherStorage.java: error: unknown import
	data: org/hamcrest/Matcher
src/org/mockito/internal/progress/ArgumentMatcherStorage.java: error: unknown type
	data: SuppressWarnings
src/org/mockito/internal/progress/ArgumentMatcherStorageImpl.java: error: unknown import
	data: java/util/Stack
src/org/mockito/internal/progress/ArgumentMatcherStorageImpl.java: error: unknown type
	data: SuppressWarnings
src/org/mockito/internal/progress/ArgumentMatcherStorageImpl.java: error: unknown function
	data: [<nil> org/mockito/internal/matchers/LocalizedMatcher//LocalizedMatcher [] [not]]
src/org/mockito/internal/progress/ArgumentMatcherStorageImpl.java: error: unknown function
	data: [<nil> java/util/ArrayList//ArrayList [pointer(reference(org/mockito/internal/matchers/LocalizedMatcher))] [select(this, matcherStack)]]
src/org/mockito/internal/progress/ArgumentMatcherStorageImpl.java: error: unknown import
	data: org/hamcrest/Matcher
src/org/mockito/internal/progress/ArgumentMatcherStorageImpl.java: error: unknown import
	data: java/util/LinkedList
src/org/mockito/internal/progress/ArgumentMatcherStorageImpl.java: error: unknown function
	data: [<nil> java/util/ArrayList//ArrayList [pointer(reference(org/mockito/internal/matchers/LocalizedMatcher))] [select(this, matcherStack)]]
src/org/mockito/internal/progress/ArgumentMatcherStorageImpl.java: error: unknown function
	data: [<nil> org/mockito/internal/matchers/LocalizedMatcher//LocalizedMatcher [] [and]]
src/org/mockito/internal/progress/ArgumentMatcherStorageImpl.java: error: unknown function
	data: [<nil> org/mockito/internal/matchers/LocalizedMatcher//LocalizedMatcher [] [or]]
src/org/mockito/internal/progress/ArgumentMatcherStorageImpl.java: error: unknown function
	data: [pointer(genericInstance(reference(java/util/List), [unsupported(org/hamcrest/Matcher)])) java/util/List<org/hamcrest/Matcher>//addAll [] [unsupported]]
src/org/mockito/internal/progress/ArgumentMatcherStorageImpl.java: error: unknown function
	data: [<nil> java/util/ArrayList//ArrayList [pointer(reference(org/mockito/internal/matchers/LocalizedMatcher))] [select(this, matcherStack)]]
src/org/mockito/internal/progress/ArgumentMatcherStorageImpl.java: error: unknown import
	data: java/util/Collections
src/org/mockito/internal/progress/HandyReturnValues.java: error: unknown type
	data: Set
src/org/mockito/internal/progress/HandyReturnValues.java: error: unknown function
	data: [<nil> defaultValueForPrimitiveOrWrapper [] [clazz]]
src/org/mockito/internal/progress/HandyReturnValues.java: error: unknown type
	data: HashMap
src/org/mockito/internal/progress/HandyReturnValues.java: error: unknown type
	data: LinkedList
src/org/mockito/internal/progress/HandyReturnValues.java: error: unknown type
	data: HashSet
src/org/mockito/internal/progress/HandyReturnValues.java: error: unknown type
	data: SuppressWarnings
src/org/mockito/internal/progress/MockingProgress.java: error: unknown type
	data: SuppressWarnings
src/org/mockito/internal/progress/MockingProgressImpl.java: error: unknown type
	data: SuppressWarnings
src/org/mockito/internal/progress/ThreadSafeMockingProgress.java: error: unknown type
	data: SuppressWarnings
src/org/mockito/internal/progress/ThreadSafeMockingProgress.java: error: unknown type
	data: ThreadLocal
src/org/mockito/internal/reporting/PrintSettings.java: error: unknown import
	data: org/hamcrest/Matcher
src/org/mockito/internal/reporting/PrintSettings.java: error: unknown import
	data: java/util/Arrays
src/org/mockito/internal/reporting/PrintSettings.java: error: unknown import
	data: java/util/LinkedList
src/org/mockito/internal/reporting/SmartPrinter.java: error: unknown function
	data: [struct(java/lang/String, [], [pointer(reference(java/lang/Object))], [reference(java/lang/CharSequence)]) java/lang/String//contains [] ["\n"]]
src/org/mockito/internal/reporting/SmartPrinter.java: error: unknown function
	data: [struct(java/lang/String, [], [pointer(reference(java/lang/Object))], [reference(java/lang/CharSequence)]) java/lang/String//contains [] ["\n"]]
src/org/mockito/internal/runners/JUnit44RunnerImpl.java: error: unknown import
	data: org/junit/internal/runners/InitializationError
src/org/mockito/internal/runners/JUnit44RunnerImpl.java: error: unknown import
	data: org/junit/internal/runners/JUnit4ClassRunner
src/org/mockito/internal/runners/JUnit44RunnerImpl.java: error: unknown import
	data: org/junit/runner/Description
src/org/mockito/internal/runners/JUnit44RunnerImpl.java: error: unknown import
	data: org/junit/runner/manipulation/Filter
src/org/mockito/internal/runners/JUnit44RunnerImpl.java: error: unknown import
	data: org/junit/runner/manipulation/NoTestsRemainException
src/org/mockito/internal/runners/JUnit44RunnerImpl.java: error: unknown import
	data: org/junit/runner/notification/RunNotifier
src/org/mockito/internal/runners/JUnit44RunnerImpl.java: error: unknown type
	data: SuppressWarnings
src/org/mockito/internal/runners/JUnit45AndHigherRunnerImpl.java: error: unknown import
	data: org/junit/runner/manipulation/Filter
src/org/mockito/internal/runners/JUnit45AndHigherRunnerImpl.java: error: unknown import
	data: org/junit/runners/model/InitializationError
src/org/mockito/internal/runners/JUnit45AndHigherRunnerImpl.java: error: unknown import
	data: org/junit/runners/model/Statement
src/org/mockito/internal/runners/JUnit45AndHigherRunnerImpl.java: error: unknown import
	data: org/junit/runner/manipulation/NoTestsRemainException
src/org/mockito/internal/runners/JUnit45AndHigherRunnerImpl.java: error: unknown import
	data: org/junit/runner/notification/RunNotifier
src/org/mockito/internal/runners/JUnit45AndHigherRunnerImpl.java: error: unknown import
	data: org/junit/runners/BlockJUnit4ClassRunner
src/org/mockito/internal/runners/JUnit45AndHigherRunnerImpl.java: error: unknown import
	data: org/junit/runners/model/FrameworkMethod
src/org/mockito/internal/runners/JUnit45AndHigherRunnerImpl.java: error: unknown import
	data: org/junit/runner/Description
src/org/mockito/internal/runners/RunnerFactory.java: error: unknown import
	data: java/lang/reflect/InvocationTargetException
src/org/mockito/internal/runners/RunnerImpl.java: error: unknown import
	data: org/junit/runner/Description
src/org/mockito/internal/runners/RunnerImpl.java: error: unknown import
	data: org/junit/runner/manipulation/Filterable
src/org/mockito/internal/runners/RunnerImpl.java: error: unknown import
	data: org/junit/runner/notification/RunNotifier
src/org/mockito/internal/runners/util/FrameworkUsageValidator.java: error: unknown import
	data: org/junit/runner/Description
src/org/mockito/internal/runners/util/FrameworkUsageValidator.java: error: unknown import
	data: org/junit/runner/notification/Failure
src/org/mockito/internal/runners/util/FrameworkUsageValidator.java: error: unknown import
	data: org/junit/runner/notification/RunListener
src/org/mockito/internal/runners/util/FrameworkUsageValidator.java: error: unknown import
	data: org/junit/runner/notification/RunNotifier
src/org/mockito/internal/runners/util/RunnerProvider.java: error: unknown function
	data: [genericInstance(reference(java/lang/Class), [pointer(reference(java/lang/Object))]) java/lang/Class<java/lang/Object>//getClass [] []]
src/org/mockito/internal/runners/util/RunnerProvider.java: error: unknown function
	data: [pointer(genericInstance(reference(java/lang/Class), [wildcard(, pointer(reference(java/lang/Object)))])) java/lang/Class<descendant of java/lang/Object>//getConstructor [] [unsupported]]
src/org/mockito/internal/runners/util/RunnerProvider.java: error: unknown import
	data: java/lang/reflect/Constructor
src/org/mockito/internal/runners/util/RunnerProvider.java: error: unknown import
	data: java/lang/reflect/InvocationTargetException
src/org/mockito/internal/runners/util/RunnerProvider.java: error: unknown function
	data: [struct(java/lang/Class, [], [pointer(reference(java/lang/Object))], []) java/lang/Class//forName [] ["org.junit.runners.BlockJUnit4ClassRunner"]]
src/org/mockito/internal/runners/util/RunnerProvider.java: error: unknown function
	data: [struct(java/lang/Class, [], [pointer(reference(java/lang/Object))], []) java/lang/Class//forName [] [runnerClassName]]
src/org/mockito/internal/runners/util/TestMethodsFinder.java: error: unknown import
	data: org/junit/Test
src/org/mockito/internal/runners/util/TestMethodsFinder.java: error: unknown import
	data: java/lang/reflect/Method
src/org/mockito/internal/runners/util/TestMethodsFinder.java: error: unknown function
	data: [pointer(genericInstance(reference(java/lang/Class), [wildcard(, pointer(reference(java/lang/Object)))])) java/lang/Class<descendant of java/lang/Object>//getMethods [] []]
src/org/mockito/internal/stubbing/BaseStubbing.java: internal error: not all elements have the same type
	data: [pointer(genericInstance(reference(org/mockito/internal/stubbing/BaseStubbing), [genericParameter(T, [pointer(reference(java/lang/Object))])])) pointer(genericInstance(reference(org/mockito/stubbing/DeprecatedOngoingStubbing), [genericParameter(T, [pointer(reference(java/lang/Object))])]))]
src/org/mockito/internal/stubbing/BaseStubbing.java: error: unknown function
	data: [<nil> org/mockito/internal/stubbing/answers/Returns//Returns [] [value]]
src/org/mockito/internal/stubbing/BaseStubbing.java: internal error: not all elements have the same type
	data: [pointer(genericInstance(reference(org/mockito/internal/stubbing/BaseStubbing), [genericParameter(T, [pointer(reference(java/lang/Object))])])) pointer(genericInstance(reference(org/mockito/stubbing/OngoingStubbing), [genericParameter(T, [pointer(reference(java/lang/Object))])]))]
src/org/mockito/internal/stubbing/BaseStubbing.java: error: unknown function
	data: [<nil> org/mockito/internal/stubbing/answers/Returns//Returns [] [value]]
src/org/mockito/internal/stubbing/ConsecutiveStubbing.java: error: unknown function
	data: [struct(org/mockito/internal/stubbing/InvocationContainerImpl, [], [pointer(reference(java/lang/Object))], [reference(org/mockito/internal/stubbing/InvocationContainer), reference(java/io/Serializable)]) org/mockito/internal/stubbing/InvocationContainerImpl//addConsecutiveAnswer [] [answer]]
src/org/mockito/internal/stubbing/ConsecutiveStubbing.java: error: unknown function
	data: [struct(org/mockito/internal/stubbing/InvocationContainerImpl, [], [pointer(reference(java/lang/Object))], [reference(org/mockito/internal/stubbing/InvocationContainer), reference(java/io/Serializable)]) org/mockito/internal/stubbing/InvocationContainerImpl//addConsecutiveAnswer [] [answer]]
src/org/mockito/internal/stubbing/InvocationContainerImpl.java: error: unknown function
	data: [genericInstance(reference(java/util/List), [pointer(genericInstance(reference(org/mockito/stubbing/Answer), []))]) java/util/List<org/mockito/stubbing/Answer<java/lang/Object>>//addAll [] [answers]]
src/org/mockito/internal/stubbing/InvocationContainerImpl.java: internal error: not all elements have the same type
	data: conditional(call(select(ensure_not_nil(mockSettings), isStubOnly!d41d8cd98f00b204e9800998ecf8427e), []), [call(org/mockito/internal/verification/SingleRegisteredInvocation//SingleRegisteredInvocation!d41d8cd98f00b204e9800998ecf8427e, []), call(org/mockito/internal/verification/DefaultRegisteredInvocations//DefaultRegisteredInvocations!d41d8cd98f00b204e9800998ecf8427e, [])])
src/org/mockito/internal/stubbing/InvocationContainerImpl.java: error: unknown import
	data: java/util/LinkedList
src/org/mockito/internal/stubbing/InvocationContainerImpl.java: error: unknown type
	data: SuppressWarnings
src/org/mockito/internal/stubbing/OngoingStubbingImpl.java: error: unknown function
	data: [struct(org/mockito/internal/stubbing/InvocationContainerImpl, [], [pointer(reference(java/lang/Object))], [reference(org/mockito/internal/stubbing/InvocationContainer), reference(java/io/Serializable)]) org/mockito/internal/stubbing/InvocationContainerImpl//addAnswer [] [answer]]
src/org/mockito/internal/stubbing/OngoingStubbingImpl.java: error: unknown function
	data: [struct(org/mockito/internal/stubbing/InvocationContainerImpl, [], [pointer(reference(java/lang/Object))], [reference(org/mockito/internal/stubbing/InvocationContainer), reference(java/io/Serializable)]) org/mockito/internal/stubbing/InvocationContainerImpl//addAnswer [] [answer]]
src/org/mockito/internal/stubbing/StubbedInvocationMatcher.java: error: unknown import
	data: java/util/Queue
src/org/mockito/internal/stubbing/StubbedInvocationMatcher.java: error: unknown import
	data: java/util/concurrent/ConcurrentLinkedQueue
src/org/mockito/internal/stubbing/StubbedInvocationMatcher.java: error: unknown type
	data: SuppressWarnings
src/org/mockito/internal/stubbing/StubberImpl.java: error: unknown import
	data: java/util/LinkedList
src/org/mockito/internal/stubbing/StubberImpl.java: error: unknown type
	data: SuppressWarnings
src/org/mockito/internal/stubbing/StubberImpl.java: error: unknown function
	data: [pointer(reference(org/mockito/internal/util/MockUtil)) org/mockito/internal/util/MockUtil//isMock [] [mock]]
src/org/mockito/internal/stubbing/StubberImpl.java: error: unknown function
	data: [pointer(reference(org/mockito/internal/util/MockUtil)) org/mockito/internal/util/MockUtil//getMockHandler [] [mock]]
src/org/mockito/internal/stubbing/VoidMethodStubbableImpl.java: error: unknown function
	data: [struct(org/mockito/internal/stubbing/InvocationContainerImpl, [], [pointer(reference(java/lang/Object))], [reference(org/mockito/internal/stubbing/InvocationContainer), reference(java/io/Serializable)]) org/mockito/internal/stubbing/InvocationContainerImpl//addAnswerForVoidMethod [] [answer]]
src/org/mockito/internal/stubbing/answers/AnswerReturnValuesAdapter.java: error: unknown type
	data: SuppressWarnings
src/org/mockito/internal/stubbing/answers/AnswersValidator.java: error: unknown function
	data: [pointer(reference(org/mockito/internal/stubbing/answers/MethodInfo)) org/mockito/internal/stubbing/answers/MethodInfo//isValidReturnType [] [call(select(ensure_not_nil(answer), getReturnType!d41d8cd98f00b204e9800998ecf8427e), [])]]
src/org/mockito/internal/stubbing/answers/AnswersValidator.java: error: unknown function
	data: [pointer(reference(java/lang/Object)) java/lang/Object//getClass [] []]
src/org/mockito/internal/stubbing/answers/CallsRealMethods.java: error: unknown import
	data: java/lang/reflect/Modifier
src/org/mockito/internal/stubbing/answers/ClonesArguments.java: error: unknown import
	data: org/objenesis/ObjenesisHelper
src/org/mockito/internal/stubbing/answers/ClonesArguments.java: error: unknown function
	data: [pointer(reference(java/lang/Object)) java/lang/Object//getClass [] []]
src/org/mockito/internal/stubbing/answers/MethodInfo.java: error: unknown import
	data: java/lang/reflect/Method
src/org/mockito/internal/stubbing/answers/MethodInfo.java: error: unknown import
	data: java/lang/reflect/Modifier
src/org/mockito/internal/stubbing/answers/MethodInfo.java: error: unknown function
	data: [pointer(reference(java/lang/Throwable)) java/lang/Throwable//getClass [] []]
src/org/mockito/internal/stubbing/answers/MethodInfo.java: error: unknown function
	data: [pointer(genericInstance(reference(java/lang/Class), [wildcard(, pointer(reference(java/lang/Object)))])) java/lang/Class<descendant of java/lang/Object>//isAssignableFrom [] [throwableClass]]
src/org/mockito/internal/stubbing/answers/MethodInfo.java: error: unknown function
	data: [pointer(genericInstance(reference(java/lang/Class), [])) java/lang/Class<java/lang/Object>//isPrimitive [] []]
src/org/mockito/internal/stubbing/answers/MethodInfo.java: error: unknown field
	data: [this struct(org/mockito/internal/stubbing/answers/MethodInfo, [], [pointer(reference(java/lang/Object))], [reference(org/mockito/internal/invocation/AbstractAwareMethod)]) Void]
src/org/mockito/internal/stubbing/answers/Returns.java: error: unknown function
	data: [struct(java/lang/Object, [], [], []) java/lang/Object//getClass [] []]
src/org/mockito/internal/stubbing/answers/ReturnsArgumentAt.java: error: unknown function
	data: [genericInstance(reference(java/lang/Class), [wildcard(, pointer(reference(java/lang/Object)))]) java/lang/Class<descendant of java/lang/Object>//getComponentType [] []]
src/org/mockito/internal/stubbing/answers/ReturnsElementsOf.java: error: unknown import
	data: java/util/LinkedList
src/org/mockito/internal/stubbing/answers/ThrowsException.java: error: unknown function
	data: [struct(java/lang/Throwable, [], [pointer(reference(java/lang/Object))], [reference(java/io/Serializable)]) java/lang/Throwable//fillInStackTrace [] []]
src/org/mockito/internal/stubbing/answers/ThrowsExceptionClass.java: error: unknown import
	data: org/objenesis/ObjenesisHelper
src/org/mockito/internal/stubbing/answers/ThrowsExceptionClass.java: error: unknown function
	data: [pointer(reference(java/lang/Throwable)) java/lang/Throwable//fillInStackTrace [] []]
src/org/mockito/internal/stubbing/defaultanswers/ForwardsInvocations.java: error: unknown function
	data: [pointer(genericInstance(reference(java/lang/Class), [wildcard(, pointer(reference(java/lang/Object)))])) java/lang/Class<descendant of java/lang/Object>//isAssignableFrom [] [subType]]
src/org/mockito/internal/stubbing/defaultanswers/ForwardsInvocations.java: error: unknown import
	data: java/lang/reflect/InvocationTargetException
src/org/mockito/internal/stubbing/defaultanswers/ForwardsInvocations.java: error: unknown import
	data: java/lang/reflect/Method
src/org/mockito/internal/stubbing/defaultanswers/ForwardsInvocations.java: error: unknown function
	data: [struct(java/lang/Object, [], [], []) java/lang/Object//getClass [] []]
src/org/mockito/internal/stubbing/defaultanswers/ReturnsDeepStubs.java: error: error: unresolved type
	data: reference(T)
	child error: (error) Internal error: unknown type:
		"T"
		Stacktrace: goroutine 1 [running]:
		gitlab.nethead.at/symflower/symflower/model/errors.NewInternalError({0x21de060, 0x2d25a00}, {0x12473e0, 0xc0024c4b40})
			gitlab.nethead.at/symflower/symflower/model/errors/error.go:852 +0x4e
		gitlab.nethead.at/symflower/symflower/model/errors.NewProblemWithErrorSeverity(...)
			gitlab.nethead.at/symflower/symflower/model/errors/problem.go:321
		gitlab.nethead.at/symflower/symflower/model/ast.(*Scope).GetType(0xc0015ec1a0?, {0x2221c60, 0x1})
			gitlab.nethead.at/symflower/symflower/model/ast/scope.go:986 +0x85
		gitlab.nethead.at/symflower/symflower/model/ast.resolve(0xc0004209c0, {0x2205848?, 0xc000dcdee0}, 0xe0)
			gitlab.nethead.at/symflower/symflower/model/ast/type-resolve.go:362 +0x78
		gitlab.nethead.at/symflower/symflower/model/ast.ResolveWithPointers(...)
			gitlab.nethead.at/symflower/symflower/model/ast/type-resolve.go:326
		gitlab.nethead.at/symflower/symflower/model/ast.(*TypeGenericInstance).IsCompatibleType(0xc0004a0b80, 0xc0004209c0, {0x2205728?, 0xc001124160?})
			gitlab.nethead.at/symflower/symflower/model/ast/type.go:3369 +0x230
		gitlab.nethead.at/symflower/symflower/language/java/symbol.(*transpiler).checkFunctionApplicability(0xc000510280, 0xc001488400, {0x22058d8?, 0xc00146aa80?}, {0x0?, 0xc0001d2908?, 0x16?}, {0xc00247d160, 0x2, 0x2})
			gitlab.nethead.at/symflower/symflower/language/java/symbol/overloading.go:406 +0x66b
		gitlab.nethead.at/symflower/symflower/language/java/symbol.(*transpiler).matchOverloadingFunction(0xc000510280, {0xc0009016a8, 0x1, 0x1}, {0x22058d8, 0xc00146aa80}, {0x0, 0x0, 0x0}, {0xc00247d160, ...})
			gitlab.nethead.at/symflower/symflower/language/java/symbol/overloading.go:451 +0x217
		gitlab.nethead.at/symflower/symflower/language/java/symbol.(*transpiler).getFunction(0xc000510280, {0x22058d8, 0xc00146aa80}, {0xc002b65c50, 0x26}, {0x0, 0x0, 0x0}, {0xc00247d160, 0x2, ...})
			gitlab.nethead.at/symflower/symflower/language/java/symbol/overloading.go:224 +0xd2
		gitlab.nethead.at/symflower/symflower/language/java/symbol.(*transpiler).handleMethodCallResolveOverloads(0xc000510280, {0xc002b65c50, 0x26}, {0x22058d8?, 0xc00146aa80?}, {0x0?, 0x2205728?, 0xc001345e00?}, {0xc00247d160, 0x2, ...})
			gitlab.nethead.at/symflower/symflower/language/java/symbol/handle.go:5426 +0x87
		gitlab.nethead.at/symflower/symflower/language/java/symbol.(*transpiler).handleMethodCallReceiver(0xc000510280, {0xc00104f12c, 0x4}, {0x22058d8, 0xc00146aa80}, {0x0, 0x0, 0x0}, {0xc00247d160, 0x2, ...})
			gitlab.nethead.at/symflower/symflower/language/java/symbol/handle.go:5421 +0x1ae
		gitlab.nethead.at/symflower/symflower/language/java/symbol.(*transpiler).handleExpressionMethodCall(0xc000510280, 0xc0017fe7e0, 0xc00107d500)
			gitlab.nethead.at/symflower/symflower/language/java/symbol/handle.go:5526 +0xbe5
		gitlab.nethead.at/symflower/symflower/language/java/symbol.(*transpiler).handleExpression(0xc000510280, 0xc0017fe7e0, {0x21f7d38, 0xc00107d500})
			gitlab.nethead.at/symflower/symflower/language/java/symbol/handle.go:6903 +0x785
		gitlab.nethead.at/symflower/symflower/language/java/symbol.(*transpiler).handleStatementReturn(0xc000510280, 0xc0017fe7e0, 0xc001087600)
			gitlab.nethead.at/symflower/symflower/language/java/symbol/handle.go:4352 +0x7c
		gitlab.nethead.at/symflower/symflower/language/java/symbol.(*transpiler).handleStatement(0xc000510280, 0xc0017fe7e0, {0x21f74a0, 0xc001087600})
			gitlab.nethead.at/symflower/symflower/language/java/symbol/handle.go:4423 +0x745
		gitlab.nethead.at/symflower/symflower/language/java/symbol.(*transpiler).handleStatements(0xc000510280, 0xc0017fe7e0, {0xc000ed6960, 0x2, 0xc0004209c0?})
			gitlab.nethead.at/symflower/symflower/language/java/symbol/handle.go:3731 +0x85
		gitlab.nethead.at/symflower/symflower/language/java/symbol.(*transpiler).handleBlock.func1()
			gitlab.nethead.at/symflower/symflower/language/java/symbol/handle.go:3712 +0x45
		gitlab.nethead.at/symflower/symflower/model/ast.(*Scope).Scoped(0xc0004209c0, 0xc0015ecd50)
			gitlab.nethead.at/symflower/symflower/model/ast/scope.go:297 +0x162
		gitlab.nethead.at/symflower/symflower/language/java/symbol.(*transpiler).handleBlock(0xc000510280, 0xc0017fe7e0, 0xc001084240)
			gitlab.nethead.at/symflower/symflower/language/java/symbol/handle.go:3711 +0x9e
		gitlab.nethead.at/symflower/symflower/language/java/symbol.(*transpiler).handleMethodDeclarationBody.(*transpiler).handleScopedBlockStatement.func2()
			gitlab.nethead.at/symflower/symflower/language/java/symbol/handle.go:2716 +0x205
		gitlab.nethead.at/symflower/symflower/model/ast.(*Scope).Scoped(0xc0004209c0, 0xc0015ed160)
			gitlab.nethead.at/symflower/symflower/model/ast/scope.go:297 +0x162
		gitlab.nethead.at/symflower/symflower/language/java/symbol.(*transpiler).handleScopedBlockStatement(...)
			gitlab.nethead.at/symflower/symflower/language/java/symbol/handle.go:2693
		gitlab.nethead.at/symflower/symflower/language/java/symbol.(*transpiler).handleMethodDeclarationBody(0xc000510280, 0xc0017fe7e0, {0x2208170, 0xc0017d7800}, 0xc001815900, 0x0)
			gitlab.nethead.at/symflower/symflower/language/java/symbol/handle.go:2523 +0x61b
		gitlab.nethead.at/symflower/symflower/language/java/symbol.(*transpiler).handleClassAndInterfaceDeclarationBodies(0xc000510280, 0xc0017fe7e0, 0xc0017d7800)
			gitlab.nethead.at/symflower/symflower/language/java/symbol/handle.go:1534 +0x2f7
		gitlab.nethead.at/symflower/symflower/language/java/symbol.(*transpiler).handleClassDeclarationBodies(0xc000510280, 0xc0017fe7e0, 0xc0017d7800)
			gitlab.nethead.at/symflower/symflower/language/java/symbol/handle.go:1419 +0x106
		gitlab.nethead.at/symflower/symflower/language/java/symbol.(*transpiler).handleBodies.func1(0xc0017fe7e0, {0x2207578, 0xc0017d7800})
			gitlab.nethead.at/symflower/symflower/language/java/symbol/symbols.go:532 +0x1ff
		gitlab.nethead.at/symflower/symflower/language/java/symbol.(*transpiler).walkSubDeclarations(0xc000510280, 0xc0017fe7e0, 0xc0015ed760, 0xc0017f3800, 0xc001822600, {0x2207578, 0xc0017d7800})
			gitlab.nethead.at/symflower/symflower/language/java/symbol/symbols.go:869 +0x1ee
		gitlab.nethead.at/symflower/symflower/language/java/symbol.(*transpiler).walkFile(0xc000510280, 0x1, 0x2088c58, 0xc0015ed760, 0xc0017f3800, 0xc001822600)
			gitlab.nethead.at/symflower/symflower/language/java/symbol/symbols.go:625 +0x3c5
		gitlab.nethead.at/symflower/symflower/language/java/symbol.(*transpiler).walkPackage(0xc000510280, 0x1, 0x2088c58, 0xc0015ed760, 0xc0017f3800)
			gitlab.nethead.at/symflower/symflower/language/java/symbol/symbols.go:583 +0x225
		gitlab.nethead.at/symflower/symflower/language/java/symbol.(*transpiler).walkFilesAndDeclarations(0xc000510280, 0x1, 0x2088c58, 0xc0015ed760)
			gitlab.nethead.at/symflower/symflower/language/java/symbol/symbols.go:566 +0xa5
		gitlab.nethead.at/symflower/symflower/language/java/symbol.(*transpiler).handleBodies(0xc000510280)
			gitlab.nethead.at/symflower/symflower/language/java/symbol/symbols.go:513 +0x65
		gitlab.nethead.at/symflower/symflower/language/java/symbol.symbolsWithDependencies(0xc0000102a0, {0x0?, 0x41aa94?, 0x13e43a0?}, 0x1)
			gitlab.nethead.at/symflower/symflower/language/java/symbol/symbols.go:486 +0x147
		gitlab.nethead.at/symflower/symflower/language/java/symbol.Symbols(0xc0000102a0, 0x1)
			gitlab.nethead.at/symflower/symflower/language/java/symbol/symbols.go:457 +0xf2
		gitlab.nethead.at/symflower/symflower/language/java.Adapter.Symbols(...)
			gitlab.nethead.at/symflower/symflower/language/java/symbols.go:29
		gitlab.nethead.at/symflower/symflower/cmd/symflower-local/generate.(*Generator).transpileLanguage(0xc0000bc930, 0x0, 0x0, {0x220c620, 0x2e6b360})
			gitlab.nethead.at/symflower/symflower/cmd/symflower-local/generate/generate.go:136 +0x373
		gitlab.nethead.at/symflower/symflower/cmd/symflower-local/generate.(*Generator).Symbols(0xc0000bc930, 0x0, 0x0)
			gitlab.nethead.at/symflower/symflower/cmd/symflower-local/generate/generate.go:94 +0x136
		gitlab.nethead.at/symflower/symflower/cmd/symflower-local/generate.(*AnalyzeEngineDefault).UnitTests(0x2b?, 0x124bba0?, {0x21eb890?, 0xc00004c120?}, {0x60?, 0xe6?, 0x13?, 0x0?}, 0x2b?, {0xc0000bc510, ...})
			gitlab.nethead.at/symflower/symflower/cmd/symflower-local/generate/analyze.go:153 +0x77
		gitlab.nethead.at/symflower/symflower/cmd/symflower-local/cmd.(*commandUnitTests).Execute(0xc0004e12d8, {0xc0004e0f08?, 0x79b9a8289218?, 0xc0004e12d8?})
			gitlab.nethead.at/symflower/symflower/cmd/symflower-local/cmd/unit-tests.go:85 +0x2a6
		gitlab.nethead.at/symflower/symflower/cmd.ExecuteNoExit({0x21de020, 0xc0004e0f08}, {0xc00019e000?, 0x0?, 0x0?})
			gitlab.nethead.at/symflower/symflower/cmd/execute.go:59 +0x2ad
		gitlab.nethead.at/symflower/symflower/cmd.Execute({0x21de020?, 0xc0004e0f08?}, {0xc00019e000?, 0xc0001802e0?, 0xc000051f10?})
			gitlab.nethead.at/symflower/symflower/cmd/execute.go:17 +0x26
		gitlab.nethead.at/symflower/symflower/cmd.ExecuteWithOSArguments(...)
			gitlab.nethead.at/symflower/symflower/cmd/execute.go:78
		main.main.func1()
			gitlab.nethead.at/symflower/symflower/cmd/symflower-demo/main.go:39 +0x34
		gitlab.nethead.at/symflower/symflower/cmd/symflower-local/cmd.(*Command).WithPanicReporter(0xc000110060?, 0x0?)
			gitlab.nethead.at/symflower/symflower/cmd/symflower-local/cmd/cmd.go:151 +0x33
		main.main()
			gitlab.nethead.at/symflower/symflower/cmd/symflower-demo/main.go:38 +0x7f
src/org/mockito/internal/stubbing/defaultanswers/ReturnsDeepStubs.java: error: unknown function
	data: [struct(org/mockito/internal/util/reflection/GenericMetadataSupport, [], [pointer(reference(java/lang/Object))], []) org/mockito/internal/util/reflection/GenericMetadataSupport//inferFrom [] [call(select(ensure_not_nil(mockSettings), getTypeToMock!d41d8cd98f00b204e9800998ecf8427e), [])]]
src/org/mockito/internal/stubbing/defaultanswers/ReturnsEmptyValues.java: error: unknown import
	data: java/util/SortedMap
src/org/mockito/internal/stubbing/defaultanswers/ReturnsEmptyValues.java: error: error: unresolved type
	data: reference(T)
	child error: (error) Internal error: unknown type:
		"T"
		Stacktrace: goroutine 1 [running]:
		gitlab.nethead.at/symflower/symflower/model/errors.NewInternalError({0x21de060, 0x2d25a00}, {0x12473e0, 0xc00199f410})
			gitlab.nethead.at/symflower/symflower/model/errors/error.go:852 +0x4e
		gitlab.nethead.at/symflower/symflower/model/errors.NewProblemWithErrorSeverity(...)
			gitlab.nethead.at/symflower/symflower/model/errors/problem.go:321
		gitlab.nethead.at/symflower/symflower/model/ast.(*Scope).GetType(0xc003e05df8?, {0x2221c60, 0x1})
			gitlab.nethead.at/symflower/symflower/model/ast/scope.go:986 +0x85
		gitlab.nethead.at/symflower/symflower/model/ast.resolve(0xc0004209c0, {0x2205848?, 0xc0012b36c0}, 0xe0)
			gitlab.nethead.at/symflower/symflower/model/ast/type-resolve.go:362 +0x78
		gitlab.nethead.at/symflower/symflower/model/ast.ResolveWithPointers(...)
			gitlab.nethead.at/symflower/symflower/model/ast/type-resolve.go:326
		gitlab.nethead.at/symflower/symflower/model/ast.(*TypeGenericInstance).IsCompatibleType(0xc000ad2c80, 0xc0004209c0, {0x2205728?, 0xc001ef4040?})
			gitlab.nethead.at/symflower/symflower/model/ast/type.go:3369 +0x230
		gitlab.nethead.at/symflower/symflower/language/java/symbol.(*transpiler).checkFunctionApplicability(0xc000510280, 0xc001839e00, {0x22058d8?, 0xc00182ea80?}, {0x0?, 0xc0001d2908?, 0x33?}, {0xc00199f100, 0x1, 0x1})
			gitlab.nethead.at/symflower/symflower/language/java/symbol/overloading.go:406 +0x66b
		gitlab.nethead.at/symflower/symflower/language/java/symbol.(*transpiler).matchOverloadingFunction(0xc000510280, {0xc000f8ef28, 0x1, 0x1}, {0x22058d8, 0xc00182ea80}, {0x0, 0x0, 0x0}, {0xc00199f100, ...})
			gitlab.nethead.at/symflower/symflower/language/java/symbol/overloading.go:451 +0x217
		gitlab.nethead.at/symflower/symflower/language/java/symbol.(*transpiler).getFunction(0xc000510280, {0x22058d8, 0xc00182ea80}, {0xc001f88f50, 0x47}, {0x0, 0x0, 0x0}, {0xc00199f100, 0x1, ...})
			gitlab.nethead.at/symflower/symflower/language/java/symbol/overloading.go:224 +0xd2
		gitlab.nethead.at/symflower/symflower/language/java/symbol.(*transpiler).handleMethodCallResolveOverloads(0xc000510280, {0xc001f88f50, 0x47}, {0x22058d8?, 0xc00182ea80?}, {0x0?, 0xa?, 0x5?}, {0xc00199f100, 0x1, ...})
			gitlab.nethead.at/symflower/symflower/language/java/symbol/handle.go:5426 +0x87
		gitlab.nethead.at/symflower/symflower/language/java/symbol.(*transpiler).handleMethodCallReceiver(0xc000510280, {0xc00013ed80, 0x21}, {0x22058d8, 0xc00182ea80}, {0x0, 0x0, 0x0}, {0xc00199f100, 0x1, ...})
			gitlab.nethead.at/symflower/symflower/language/java/symbol/handle.go:5421 +0x1ae
		gitlab.nethead.at/symflower/symflower/language/java/symbol.(*transpiler).handleExpressionMethodCall(0xc000510280, 0xc0017fea80, 0xc00108d800)
			gitlab.nethead.at/symflower/symflower/language/java/symbol/handle.go:5526 +0xbe5
		gitlab.nethead.at/symflower/symflower/language/java/symbol.(*transpiler).handleExpression(0xc000510280, 0xc0017fea80, {0x21f7d38, 0xc00108d800})
			gitlab.nethead.at/symflower/symflower/language/java/symbol/handle.go:6903 +0x785
		gitlab.nethead.at/symflower/symflower/language/java/symbol.(*transpiler).handleStatementReturn(0xc000510280, 0xc0017fea80, 0xc0010d8400)
			gitlab.nethead.at/symflower/symflower/language/java/symbol/handle.go:4352 +0x7c
		gitlab.nethead.at/symflower/symflower/language/java/symbol.(*transpiler).handleStatement(0xc000510280, 0xc0017fea80, {0x21f74a0, 0xc0010d8400})
			gitlab.nethead.at/symflower/symflower/language/java/symbol/handle.go:4423 +0x745
		gitlab.nethead.at/symflower/symflower/language/java/symbol.(*transpiler).handleStatements(0xc000510280, 0xc0017fea80, {0xc000e3eb00, 0x1, 0x136c701?})
			gitlab.nethead.at/symflower/symflower/language/java/symbol/handle.go:3731 +0x85
		gitlab.nethead.at/symflower/symflower/language/java/symbol.(*transpiler).handleBlock.func1()
			gitlab.nethead.at/symflower/symflower/language/java/symbol/handle.go:3712 +0x45
		gitlab.nethead.at/symflower/symflower/model/ast.(*Scope).Scoped(0xc0004209c0, 0xc003e069a8)
			gitlab.nethead.at/symflower/symflower/model/ast/scope.go:297 +0x162
		gitlab.nethead.at/symflower/symflower/language/java/symbol.(*transpiler).handleBlock(0xc000510280, 0xc0017fea80, 0xc0010c8fc0)
			gitlab.nethead.at/symflower/symflower/language/java/symbol/handle.go:3711 +0x9e
		gitlab.nethead.at/symflower/symflower/language/java/symbol.(*transpiler).handleStatement(0xc000510280, 0xc0017fea80, {0x21f7028, 0xc0010c8fc0})
			gitlab.nethead.at/symflower/symflower/language/java/symbol/handle.go:4403 +0x4b6
		gitlab.nethead.at/symflower/symflower/language/java/symbol.(*transpiler).handleStatementIf(0xc000510280, 0xc0017fea80, 0xc0010d1180)
			gitlab.nethead.at/symflower/symflower/language/java/symbol/handle.go:4303 +0x65
		gitlab.nethead.at/symflower/symflower/language/java/symbol.(*transpiler).handleStatement(0xc000510280, 0xc0017fea80, {0x21f7340, 0xc0010d1180})
			gitlab.nethead.at/symflower/symflower/language/java/symbol/handle.go:4421 +0x645
		gitlab.nethead.at/symflower/symflower/language/java/symbol.(*transpiler).handleStatements(0xc000510280, 0xc0017fea80, {0xc0010c2cc0, 0x2, 0xc0004209c0?})
			gitlab.nethead.at/symflower/symflower/language/java/symbol/handle.go:3731 +0x85
		gitlab.nethead.at/symflower/symflower/language/java/symbol.(*transpiler).handleBlock.func1()
			gitlab.nethead.at/symflower/symflower/language/java/symbol/handle.go:3712 +0x45
		gitlab.nethead.at/symflower/symflower/model/ast.(*Scope).Scoped(0xc0004209c0, 0xc003e06d50)
			gitlab.nethead.at/symflower/symflower/model/ast/scope.go:297 +0x162
		gitlab.nethead.at/symflower/symflower/language/java/symbol.(*transpiler).handleBlock(0xc000510280, 0xc0017fea80, 0xc0010c9050)
			gitlab.nethead.at/symflower/symflower/language/java/symbol/handle.go:3711 +0x9e
		gitlab.nethead.at/symflower/symflower/language/java/symbol.(*transpiler).handleMethodDeclarationBody.(*transpiler).handleScopedBlockStatement.func2()
			gitlab.nethead.at/symflower/symflower/language/java/symbol/handle.go:2716 +0x205
		gitlab.nethead.at/symflower/symflower/model/ast.(*Scope).Scoped(0xc0004209c0, 0xc003e07160)
			gitlab.nethead.at/symflower/symflower/model/ast/scope.go:297 +0x162
		gitlab.nethead.at/symflower/symflower/language/java/symbol.(*transpiler).handleScopedBlockStatement(...)
			gitlab.nethead.at/symflower/symflower/language/java/symbol/handle.go:2693
		gitlab.nethead.at/symflower/symflower/language/java/symbol.(*transpiler).handleMethodDeclarationBody(0xc000510280, 0xc0017fea80, {0x2208170, 0xc0017d7bc0}, 0xc001826f00, 0x0)
			gitlab.nethead.at/symflower/symflower/language/java/symbol/handle.go:2523 +0x61b
		gitlab.nethead.at/symflower/symflower/language/java/symbol.(*transpiler).handleClassAndInterfaceDeclarationBodies(0xc000510280, 0xc0017fea80, 0xc0017d7bc0)
			gitlab.nethead.at/symflower/symflower/language/java/symbol/handle.go:1534 +0x2f7
		gitlab.nethead.at/symflower/symflower/language/java/symbol.(*transpiler).handleClassDeclarationBodies(0xc000510280, 0xc0017fea80, 0xc0017d7bc0)
			gitlab.nethead.at/symflower/symflower/language/java/symbol/handle.go:1419 +0x106
		gitlab.nethead.at/symflower/symflower/language/java/symbol.(*transpiler).handleBodies.func1(0xc0017fea80, {0x2207578, 0xc0017d7bc0})
			gitlab.nethead.at/symflower/symflower/language/java/symbol/symbols.go:532 +0x1ff
		gitlab.nethead.at/symflower/symflower/language/java/symbol.(*transpiler).walkSubDeclarations(0xc000510280, 0xc0017fea80, 0xc003e07760, 0xc0017f3800, 0xc001822c40, {0x2207578, 0xc0017d7bc0})
			gitlab.nethead.at/symflower/symflower/language/java/symbol/symbols.go:869 +0x1ee
		gitlab.nethead.at/symflower/symflower/language/java/symbol.(*transpiler).walkFile(0xc000510280, 0x1, 0x2088c58, 0xc003e07760, 0xc0017f3800, 0xc001822c40)
			gitlab.nethead.at/symflower/symflower/language/java/symbol/symbols.go:625 +0x3c5
		gitlab.nethead.at/symflower/symflower/language/java/symbol.(*transpiler).walkPackage(0xc000510280, 0x1, 0x2088c58, 0xc003e07760, 0xc0017f3800)
			gitlab.nethead.at/symflower/symflower/language/java/symbol/symbols.go:583 +0x225
		gitlab.nethead.at/symflower/symflower/language/java/symbol.(*transpiler).walkFilesAndDeclarations(0xc000510280, 0x1, 0x2088c58, 0xc003e07760)
			gitlab.nethead.at/symflower/symflower/language/java/symbol/symbols.go:566 +0xa5
		gitlab.nethead.at/symflower/symflower/language/java/symbol.(*transpiler).handleBodies(0xc000510280)
			gitlab.nethead.at/symflower/symflower/language/java/symbol/symbols.go:513 +0x65
		gitlab.nethead.at/symflower/symflower/language/java/symbol.symbolsWithDependencies(0xc0000102a0, {0x0?, 0x41aa94?, 0x13e43a0?}, 0x1)
			gitlab.nethead.at/symflower/symflower/language/java/symbol/symbols.go:486 +0x147
		gitlab.nethead.at/symflower/symflower/language/java/symbol.Symbols(0xc0000102a0, 0x1)
			gitlab.nethead.at/symflower/symflower/language/java/symbol/symbols.go:457 +0xf2
		gitlab.nethead.at/symflower/symflower/language/java.Adapter.Symbols(...)
			gitlab.nethead.at/symflower/symflower/language/java/symbols.go:29
		gitlab.nethead.at/symflower/symflower/cmd/symflower-local/generate.(*Generator).transpileLanguage(0xc0000bc930, 0x0, 0x0, {0x220c620, 0x2e6b360})
			gitlab.nethead.at/symflower/symflower/cmd/symflower-local/generate/generate.go:136 +0x373
		gitlab.nethead.at/symflower/symflower/cmd/symflower-local/generate.(*Generator).Symbols(0xc0000bc930, 0x0, 0x0)
			gitlab.nethead.at/symflower/symflower/cmd/symflower-local/generate/generate.go:94 +0x136
		gitlab.nethead.at/symflower/symflower/cmd/symflower-local/generate.(*AnalyzeEngineDefault).UnitTests(0x2b?, 0x124bba0?, {0x21eb890?, 0xc00004c120?}, {0x60?, 0xe6?, 0x13?, 0x0?}, 0x2b?, {0xc0000bc510, ...})
			gitlab.nethead.at/symflower/symflower/cmd/symflower-local/generate/analyze.go:153 +0x77
		gitlab.nethead.at/symflower/symflower/cmd/symflower-local/cmd.(*commandUnitTests).Execute(0xc0004e12d8, {0xc0004e0f08?, 0x79b9a8289218?, 0xc0004e12d8?})
			gitlab.nethead.at/symflower/symflower/cmd/symflower-local/cmd/unit-tests.go:85 +0x2a6
		gitlab.nethead.at/symflower/symflower/cmd.ExecuteNoExit({0x21de020, 0xc0004e0f08}, {0xc00019e000?, 0x0?, 0x0?})
			gitlab.nethead.at/symflower/symflower/cmd/execute.go:59 +0x2ad
		gitlab.nethead.at/symflower/symflower/cmd.Execute({0x21de020?, 0xc0004e0f08?}, {0xc00019e000?, 0xc0001802e0?, 0xc000051f10?})
			gitlab.nethead.at/symflower/symflower/cmd/execute.go:17 +0x26
		gitlab.nethead.at/symflower/symflower/cmd.ExecuteWithOSArguments(...)
			gitlab.nethead.at/symflower/symflower/cmd/execute.go:78
		main.main.func1()
			gitlab.nethead.at/symflower/symflower/cmd/symflower-demo/main.go:39 +0x34
		gitlab.nethead.at/symflower/symflower/cmd/symflower-local/cmd.(*Command).WithPanicReporter(0xc000110060?, 0x0?)
			gitlab.nethead.at/symflower/symflower/cmd/symflower-local/cmd/cmd.go:151 +0x33
		main.main()
			gitlab.nethead.at/symflower/symflower/cmd/symflower-demo/main.go:38 +0x7f
src/org/mockito/internal/stubbing/defaultanswers/ReturnsEmptyValues.java: error: unknown import
	data: java/util/LinkedHashMap
src/org/mockito/internal/stubbing/defaultanswers/ReturnsEmptyValues.java: error: unknown import
	data: java/util/LinkedList
src/org/mockito/internal/stubbing/defaultanswers/ReturnsEmptyValues.java: error: unknown import
	data: java/util/HashMap
src/org/mockito/internal/stubbing/defaultanswers/ReturnsEmptyValues.java: error: unknown import
	data: java/util/HashSet
src/org/mockito/internal/stubbing/defaultanswers/ReturnsEmptyValues.java: error: unknown import
	data: java/util/SortedSet
src/org/mockito/internal/stubbing/defaultanswers/ReturnsEmptyValues.java: error: unknown import
	data: java/util/TreeSet
src/org/mockito/internal/stubbing/defaultanswers/ReturnsEmptyValues.java: error: unknown import
	data: java/util/TreeMap
src/org/mockito/internal/stubbing/defaultanswers/ReturnsEmptyValues.java: error: unknown function
	data: [<nil> java/util/ArrayList//ArrayList [pointer(reference(java/lang/Object))] [0]]
src/org/mockito/internal/stubbing/defaultanswers/ReturnsEmptyValues.java: error: unknown import
	data: java/util/LinkedHashSet
src/org/mockito/internal/stubbing/defaultanswers/ReturnsEmptyValues.java: error: unknown import
	data: java/util/Set
src/org/mockito/internal/stubbing/defaultanswers/ReturnsMocks.java: error: error: unresolved type
	data: reference(T)
	child error: (error) Internal error: unknown type:
		"T"
		Stacktrace: goroutine 1 [running]:
		gitlab.nethead.at/symflower/symflower/model/errors.NewInternalError({0x21de060, 0x2d25a00}, {0x12473e0, 0xc0019b80d0})
			gitlab.nethead.at/symflower/symflower/model/errors/error.go:852 +0x4e
		gitlab.nethead.at/symflower/symflower/model/errors.NewProblemWithErrorSeverity(...)
			gitlab.nethead.at/symflower/symflower/model/errors/problem.go:321
		gitlab.nethead.at/symflower/symflower/model/ast.(*Scope).GetType(0xc003e061a0?, {0x2221c60, 0x1})
			gitlab.nethead.at/symflower/symflower/model/ast/scope.go:986 +0x85
		gitlab.nethead.at/symflower/symflower/model/ast.resolve(0xc0004209c0, {0x2205848?, 0xc000dcdee0}, 0xe0)
			gitlab.nethead.at/symflower/symflower/model/ast/type-resolve.go:362 +0x78
		gitlab.nethead.at/symflower/symflower/model/ast.ResolveWithPointers(...)
			gitlab.nethead.at/symflower/symflower/model/ast/type-resolve.go:326
		gitlab.nethead.at/symflower/symflower/model/ast.(*TypeGenericInstance).IsCompatibleType(0xc0004a0b80, 0xc0004209c0, {0x2205728?, 0xc0020fcb40?})
			gitlab.nethead.at/symflower/symflower/model/ast/type.go:3369 +0x230
		gitlab.nethead.at/symflower/symflower/language/java/symbol.(*transpiler).checkFunctionApplicability(0xc000510280, 0xc001488400, {0x22058d8?, 0xc00146aa80?}, {0x0?, 0xc0001d2908?, 0x16?}, {0xc0025357e0, 0x2, 0x2})
			gitlab.nethead.at/symflower/symflower/language/java/symbol/overloading.go:406 +0x66b
		gitlab.nethead.at/symflower/symflower/language/java/symbol.(*transpiler).matchOverloadingFunction(0xc000510280, {0xc000f8fb70, 0x1, 0x1}, {0x22058d8, 0xc00146aa80}, {0x0, 0x0, 0x0}, {0xc0025357e0, ...})
			gitlab.nethead.at/symflower/symflower/language/java/symbol/overloading.go:451 +0x217
		gitlab.nethead.at/symflower/symflower/language/java/symbol.(*transpiler).getFunction(0xc000510280, {0x22058d8, 0xc00146aa80}, {0xc003a059b0, 0x26}, {0x0, 0x0, 0x0}, {0xc0025357e0, 0x2, ...})
			gitlab.nethead.at/symflower/symflower/language/java/symbol/overloading.go:224 +0xd2
		gitlab.nethead.at/symflower/symflower/language/java/symbol.(*transpiler).handleMethodCallResolveOverloads(0xc000510280, {0xc003a059b0, 0x26}, {0x22058d8?, 0xc00146aa80?}, {0x0?, 0x2205728?, 0xc00135f2c0?}, {0xc0025357e0, 0x2, ...})
			gitlab.nethead.at/symflower/symflower/language/java/symbol/handle.go:5426 +0x87
		gitlab.nethead.at/symflower/symflower/language/java/symbol.(*transpiler).handleMethodCallReceiver(0xc000510280, {0xc0010b99fc, 0x4}, {0x22058d8, 0xc00146aa80}, {0x0, 0x0, 0x0}, {0xc0025357e0, 0x2, ...})
			gitlab.nethead.at/symflower/symflower/language/java/symbol/handle.go:5421 +0x1ae
		gitlab.nethead.at/symflower/symflower/language/java/symbol.(*transpiler).handleExpressionMethodCall(0xc000510280, 0xc0017fec00, 0xc0010f20c0)
			gitlab.nethead.at/symflower/symflower/language/java/symbol/handle.go:5526 +0xbe5
		gitlab.nethead.at/symflower/symflower/language/java/symbol.(*transpiler).handleExpression(0xc000510280, 0xc0017fec00, {0x21f7d38, 0xc0010f20c0})
			gitlab.nethead.at/symflower/symflower/language/java/symbol/handle.go:6903 +0x785
		gitlab.nethead.at/symflower/symflower/language/java/symbol.(*transpiler).handleStatementReturn(0xc000510280, 0xc0017fec00, 0xc0010ed980)
			gitlab.nethead.at/symflower/symflower/language/java/symbol/handle.go:4352 +0x7c
		gitlab.nethead.at/symflower/symflower/language/java/symbol.(*transpiler).handleStatement(0xc000510280, 0xc0017fec00, {0x21f74a0, 0xc0010ed980})
			gitlab.nethead.at/symflower/symflower/language/java/symbol/handle.go:4423 +0x745
		gitlab.nethead.at/symflower/symflower/language/java/symbol.(*transpiler).handleStatements(0xc000510280, 0xc0017fec00, {0xc0010e3700, 0x2, 0xc0004209c0?})
			gitlab.nethead.at/symflower/symflower/language/java/symbol/handle.go:3731 +0x85
		gitlab.nethead.at/symflower/symflower/language/java/symbol.(*transpiler).handleBlock.func1()
			gitlab.nethead.at/symflower/symflower/language/java/symbol/handle.go:3712 +0x45
		gitlab.nethead.at/symflower/symflower/model/ast.(*Scope).Scoped(0xc0004209c0, 0xc003e06d50)
			gitlab.nethead.at/symflower/symflower/model/ast/scope.go:297 +0x162
		gitlab.nethead.at/symflower/symflower/language/java/symbol.(*transpiler).handleBlock(0xc000510280, 0xc0017fec00, 0xc0010ea510)
			gitlab.nethead.at/symflower/symflower/language/java/symbol/handle.go:3711 +0x9e
		gitlab.nethead.at/symflower/symflower/language/java/symbol.(*transpiler).handleMethodDeclarationBody.(*transpiler).handleScopedBlockStatement.func2()
			gitlab.nethead.at/symflower/symflower/language/java/symbol/handle.go:2716 +0x205
		gitlab.nethead.at/symflower/symflower/model/ast.(*Scope).Scoped(0xc0004209c0, 0xc003e07160)
			gitlab.nethead.at/symflower/symflower/model/ast/scope.go:297 +0x162
		gitlab.nethead.at/symflower/symflower/language/java/symbol.(*transpiler).handleScopedBlockStatement(...)
			gitlab.nethead.at/symflower/symflower/language/java/symbol/handle.go:2693
		gitlab.nethead.at/symflower/symflower/language/java/symbol.(*transpiler).handleMethodDeclarationBody(0xc000510280, 0xc0017fec00, {0x2208170, 0xc0017d7d40}, 0xc001827400, 0x0)
			gitlab.nethead.at/symflower/symflower/language/java/symbol/handle.go:2523 +0x61b
		gitlab.nethead.at/symflower/symflower/language/java/symbol.(*transpiler).handleClassAndInterfaceDeclarationBodies(0xc000510280, 0xc0017fec00, 0xc0017d7d40)
			gitlab.nethead.at/symflower/symflower/language/java/symbol/handle.go:1534 +0x2f7
		gitlab.nethead.at/symflower/symflower/language/java/symbol.(*transpiler).handleClassDeclarationBodies(0xc000510280, 0xc0017fec00, 0xc0017d7d40)
			gitlab.nethead.at/symflower/symflower/language/java/symbol/handle.go:1419 +0x106
		gitlab.nethead.at/symflower/symflower/language/java/symbol.(*transpiler).handleBodies.func1(0xc0017fec00, {0x2207578, 0xc0017d7d40})
			gitlab.nethead.at/symflower/symflower/language/java/symbol/symbols.go:532 +0x1ff
		gitlab.nethead.at/symflower/symflower/language/java/symbol.(*transpiler).walkSubDeclarations(0xc000510280, 0xc0017fec00, 0xc003e07760, 0xc0017f3800, 0xc001822e80, {0x2207578, 0xc0017d7d40})
			gitlab.nethead.at/symflower/symflower/language/java/symbol/symbols.go:869 +0x1ee
		gitlab.nethead.at/symflower/symflower/language/java/symbol.(*transpiler).walkFile(0xc000510280, 0x1, 0x2088c58, 0xc003e07760, 0xc0017f3800, 0xc001822e80)
			gitlab.nethead.at/symflower/symflower/language/java/symbol/symbols.go:625 +0x3c5
		gitlab.nethead.at/symflower/symflower/language/java/symbol.(*transpiler).walkPackage(0xc000510280, 0x1, 0x2088c58, 0xc003e07760, 0xc0017f3800)
			gitlab.nethead.at/symflower/symflower/language/java/symbol/symbols.go:583 +0x225
		gitlab.nethead.at/symflower/symflower/language/java/symbol.(*transpiler).walkFilesAndDeclarations(0xc000510280, 0x1, 0x2088c58, 0xc003e07760)
			gitlab.nethead.at/symflower/symflower/language/java/symbol/symbols.go:566 +0xa5
		gitlab.nethead.at/symflower/symflower/language/java/symbol.(*transpiler).handleBodies(0xc000510280)
			gitlab.nethead.at/symflower/symflower/language/java/symbol/symbols.go:513 +0x65
		gitlab.nethead.at/symflower/symflower/language/java/symbol.symbolsWithDependencies(0xc0000102a0, {0x0?, 0x41aa94?, 0x13e43a0?}, 0x1)
			gitlab.nethead.at/symflower/symflower/language/java/symbol/symbols.go:486 +0x147
		gitlab.nethead.at/symflower/symflower/language/java/symbol.Symbols(0xc0000102a0, 0x1)
			gitlab.nethead.at/symflower/symflower/language/java/symbol/symbols.go:457 +0xf2
		gitlab.nethead.at/symflower/symflower/language/java.Adapter.Symbols(...)
			gitlab.nethead.at/symflower/symflower/language/java/symbols.go:29
		gitlab.nethead.at/symflower/symflower/cmd/symflower-local/generate.(*Generator).transpileLanguage(0xc0000bc930, 0x0, 0x0, {0x220c620, 0x2e6b360})
			gitlab.nethead.at/symflower/symflower/cmd/symflower-local/generate/generate.go:136 +0x373
		gitlab.nethead.at/symflower/symflower/cmd/symflower-local/generate.(*Generator).Symbols(0xc0000bc930, 0x0, 0x0)
			gitlab.nethead.at/symflower/symflower/cmd/symflower-local/generate/generate.go:94 +0x136
		gitlab.nethead.at/symflower/symflower/cmd/symflower-local/generate.(*AnalyzeEngineDefault).UnitTests(0x2b?, 0x124bba0?, {0x21eb890?, 0xc00004c120?}, {0x60?, 0xe6?, 0x13?, 0x0?}, 0x2b?, {0xc0000bc510, ...})
			gitlab.nethead.at/symflower/symflower/cmd/symflower-local/generate/analyze.go:153 +0x77
		gitlab.nethead.at/symflower/symflower/cmd/symflower-local/cmd.(*commandUnitTests).Execute(0xc0004e12d8, {0xc0004e0f08?, 0x79b9a8289218?, 0xc0004e12d8?})
			gitlab.nethead.at/symflower/symflower/cmd/symflower-local/cmd/unit-tests.go:85 +0x2a6
		gitlab.nethead.at/symflower/symflower/cmd.ExecuteNoExit({0x21de020, 0xc0004e0f08}, {0xc00019e000?, 0x0?, 0x0?})
			gitlab.nethead.at/symflower/symflower/cmd/execute.go:59 +0x2ad
		gitlab.nethead.at/symflower/symflower/cmd.Execute({0x21de020?, 0xc0004e0f08?}, {0xc00019e000?, 0xc0001802e0?, 0xc000051f10?})
			gitlab.nethead.at/symflower/symflower/cmd/execute.go:17 +0x26
		gitlab.nethead.at/symflower/symflower/cmd.ExecuteWithOSArguments(...)
			gitlab.nethead.at/symflower/symflower/cmd/execute.go:78
		main.main.func1()
			gitlab.nethead.at/symflower/symflower/cmd/symflower-demo/main.go:39 +0x34
		gitlab.nethead.at/symflower/symflower/cmd/symflower-local/cmd.(*Command).WithPanicReporter(0xc000110060?, 0x0?)
			gitlab.nethead.at/symflower/symflower/cmd/symflower-local/cmd/cmd.go:151 +0x33
		main.main()
			gitlab.nethead.at/symflower/symflower/cmd/symflower-demo/main.go:38 +0x7f
src/org/mockito/internal/stubbing/defaultanswers/ReturnsMoreEmptyValues.java: error: unknown import
	data: java/lang/reflect/Array
src/org/mockito/internal/stubbing/defaultanswers/ReturnsMoreEmptyValues.java: error: unknown function
	data: [pointer(genericInstance(reference(java/lang/Class), [wildcard(, pointer(reference(java/lang/Object)))])) java/lang/Class<descendant of java/lang/Object>//isArray [] []]
src/org/mockito/internal/stubbing/defaultanswers/ReturnsMoreEmptyValues.java: error: unknown function
	data: [pointer(genericInstance(reference(java/lang/Class), [wildcard(, pointer(reference(java/lang/Object)))])) java/lang/Class<descendant of java/lang/Object>//getComponentType [] []]
src/org/mockito/internal/stubbing/defaultanswers/ReturnsSmartNulls.java: error: unknown import
	data: java/lang/reflect/Modifier
src/org/mockito/internal/stubbing/defaultanswers/ReturnsSmartNulls.java: error: unknown function
	data: [pointer(genericInstance(reference(java/lang/Class), [wildcard(, pointer(reference(java/lang/Object)))])) java/lang/Class<descendant of java/lang/Object>//isPrimitive [] []]
src/org/mockito/internal/stubbing/defaultanswers/ReturnsSmartNulls.java: error: unknown function
	data: [pointer(genericInstance(reference(java/lang/Class), [wildcard(, pointer(reference(java/lang/Object)))])) java/lang/Class<descendant of java/lang/Object>//getModifiers [] []]
src/org/mockito/internal/stubbing/defaultanswers/ReturnsSmartNulls.java: error: error: unresolved type
	data: reference(T)
	child error: (error) Internal error: unknown type:
		"T"
		Stacktrace: goroutine 1 [running]:
		gitlab.nethead.at/symflower/symflower/model/errors.NewInternalError({0x21de060, 0x2d25a00}, {0x12473e0, 0xc0024c4050})
			gitlab.nethead.at/symflower/symflower/model/errors/error.go:852 +0x4e
		gitlab.nethead.at/symflower/symflower/model/errors.NewProblemWithErrorSeverity(...)
			gitlab.nethead.at/symflower/symflower/model/errors/problem.go:321
		gitlab.nethead.at/symflower/symflower/model/ast.(*Scope).GetType(0xc003e05df8?, {0x2221c60, 0x1})
			gitlab.nethead.at/symflower/symflower/model/ast/scope.go:986 +0x85
		gitlab.nethead.at/symflower/symflower/model/ast.resolve(0xc0004209c0, {0x2205848?, 0xc000da5100}, 0xe0)
			gitlab.nethead.at/symflower/symflower/model/ast/type-resolve.go:362 +0x78
		gitlab.nethead.at/symflower/symflower/model/ast.ResolveWithPointers(...)
			gitlab.nethead.at/symflower/symflower/model/ast/type-resolve.go:326
		gitlab.nethead.at/symflower/symflower/model/ast.(*TypeGenericInstance).IsCompatibleType(0xc000c86380, 0xc0004209c0, {0x2205728?, 0xc002313520?})
			gitlab.nethead.at/symflower/symflower/model/ast/type.go:3369 +0x230
		gitlab.nethead.at/symflower/symflower/language/java/symbol.(*transpiler).checkFunctionApplicability(0xc000510280, 0xc00122f400, {0x22058d8?, 0xc0011ded80?}, {0x0?, 0xc0001d2908?, 0x16?}, {0xc002312ea0, 0x2, 0x2})
			gitlab.nethead.at/symflower/symflower/language/java/symbol/overloading.go:406 +0x66b
		gitlab.nethead.at/symflower/symflower/language/java/symbol.(*transpiler).matchOverloadingFunction(0xc000510280, {0xc001bb0ac0, 0x5, 0x8}, {0x22058d8, 0xc0011ded80}, {0x0, 0x0, 0x0}, {0xc002312ea0, ...})
			gitlab.nethead.at/symflower/symflower/language/java/symbol/overloading.go:451 +0x217
		gitlab.nethead.at/symflower/symflower/language/java/symbol.(*transpiler).getFunction(0xc000510280, {0x22058d8, 0xc0011ded80}, {0xc000d8ed20, 0x19}, {0x0, 0x0, 0x0}, {0xc002312ea0, 0x2, ...})
			gitlab.nethead.at/symflower/symflower/language/java/symbol/overloading.go:224 +0xd2
		gitlab.nethead.at/symflower/symflower/language/java/symbol.(*transpiler).handleMethodCallResolveOverloads(0xc000510280, {0xc000d8ed20, 0x19}, {0x22058d8?, 0xc0011ded80?}, {0x0?, 0x7?, 0x5?}, {0xc002312ea0, 0x2, ...})
			gitlab.nethead.at/symflower/symflower/language/java/symbol/handle.go:5426 +0x87
		gitlab.nethead.at/symflower/symflower/language/java/symbol.(*transpiler).handleMethodCallReceiver(0xc000510280, {0xc001101150, 0x4}, {0x22058d8, 0xc0011ded80}, {0x0, 0x0, 0x0}, {0xc002312ea0, 0x2, ...})
			gitlab.nethead.at/symflower/symflower/language/java/symbol/handle.go:5421 +0x1ae
		gitlab.nethead.at/symflower/symflower/language/java/symbol.(*transpiler).handleExpressionMethodCall(0xc000510280, 0xc0017fef00, 0xc0010f32c0)
			gitlab.nethead.at/symflower/symflower/language/java/symbol/handle.go:5526 +0xbe5
		gitlab.nethead.at/symflower/symflower/language/java/symbol.(*transpiler).handleExpression(0xc000510280, 0xc0017fef00, {0x21f7d38, 0xc0010f32c0})
			gitlab.nethead.at/symflower/symflower/language/java/symbol/handle.go:6903 +0x785
		gitlab.nethead.at/symflower/symflower/language/java/symbol.(*transpiler).handleStatementReturn(0xc000510280, 0xc0017fef00, 0xc00112af00)
			gitlab.nethead.at/symflower/symflower/language/java/symbol/handle.go:4352 +0x7c
		gitlab.nethead.at/symflower/symflower/language/java/symbol.(*transpiler).handleStatement(0xc000510280, 0xc0017fef00, {0x21f74a0, 0xc00112af00})
			gitlab.nethead.at/symflower/symflower/language/java/symbol/handle.go:4423 +0x745
		gitlab.nethead.at/symflower/symflower/language/java/symbol.(*transpiler).handleStatements(0xc000510280, 0xc0017fef00, {0xc001124b60, 0x2, 0x41aa01?})
			gitlab.nethead.at/symflower/symflower/language/java/symbol/handle.go:3731 +0x85
		gitlab.nethead.at/symflower/symflower/language/java/symbol.(*transpiler).handleBlock.func1()
			gitlab.nethead.at/symflower/symflower/language/java/symbol/handle.go:3712 +0x45
		gitlab.nethead.at/symflower/symflower/model/ast.(*Scope).Scoped(0xc0004209c0, 0xc003e069a8)
			gitlab.nethead.at/symflower/symflower/model/ast/scope.go:297 +0x162
		gitlab.nethead.at/symflower/symflower/language/java/symbol.(*transpiler).handleBlock(0xc000510280, 0xc0017fef00, 0xc0011295f0)
			gitlab.nethead.at/symflower/symflower/language/java/symbol/handle.go:3711 +0x9e
		gitlab.nethead.at/symflower/symflower/language/java/symbol.(*transpiler).handleStatement(0xc000510280, 0xc0017fef00, {0x21f7028, 0xc0011295f0})
			gitlab.nethead.at/symflower/symflower/language/java/symbol/handle.go:4403 +0x4b6
		gitlab.nethead.at/symflower/symflower/language/java/symbol.(*transpiler).handleStatementIf(0xc000510280, 0xc0017fef00, 0xc00110e820)
			gitlab.nethead.at/symflower/symflower/language/java/symbol/handle.go:4303 +0x65
		gitlab.nethead.at/symflower/symflower/language/java/symbol.(*transpiler).handleStatement(0xc000510280, 0xc0017fef00, {0x21f7340, 0xc00110e820})
			gitlab.nethead.at/symflower/symflower/language/java/symbol/handle.go:4421 +0x645
		gitlab.nethead.at/symflower/symflower/language/java/symbol.(*transpiler).handleStatements(0xc000510280, 0xc0017fef00, {0xc00111fe00, 0x5, 0xc0004209c0?})
			gitlab.nethead.at/symflower/symflower/language/java/symbol/handle.go:3731 +0x85
		gitlab.nethead.at/symflower/symflower/language/java/symbol.(*transpiler).handleBlock.func1()
			gitlab.nethead.at/symflower/symflower/language/java/symbol/handle.go:3712 +0x45
		gitlab.nethead.at/symflower/symflower/model/ast.(*Scope).Scoped(0xc0004209c0, 0xc003e06d50)
			gitlab.nethead.at/symflower/symflower/model/ast/scope.go:297 +0x162
		gitlab.nethead.at/symflower/symflower/language/java/symbol.(*transpiler).handleBlock(0xc000510280, 0xc0017fef00, 0xc001129680)
			gitlab.nethead.at/symflower/symflower/language/java/symbol/handle.go:3711 +0x9e
		gitlab.nethead.at/symflower/symflower/language/java/symbol.(*transpiler).handleMethodDeclarationBody.(*transpiler).handleScopedBlockStatement.func2()
			gitlab.nethead.at/symflower/symflower/language/java/symbol/handle.go:2716 +0x205
		gitlab.nethead.at/symflower/symflower/model/ast.(*Scope).Scoped(0xc0004209c0, 0xc003e07160)
			gitlab.nethead.at/symflower/symflower/model/ast/scope.go:297 +0x162
		gitlab.nethead.at/symflower/symflower/language/java/symbol.(*transpiler).handleScopedBlockStatement(...)
			gitlab.nethead.at/symflower/symflower/language/java/symbol/handle.go:2693
		gitlab.nethead.at/symflower/symflower/language/java/symbol.(*transpiler).handleMethodDeclarationBody(0xc000510280, 0xc0017fef00, {0x2208170, 0xc00182e0c0}, 0xc001827e00, 0x0)
			gitlab.nethead.at/symflower/symflower/language/java/symbol/handle.go:2523 +0x61b
		gitlab.nethead.at/symflower/symflower/language/java/symbol.(*transpiler).handleClassAndInterfaceDeclarationBodies(0xc000510280, 0xc0017fef00, 0xc00182e0c0)
			gitlab.nethead.at/symflower/symflower/language/java/symbol/handle.go:1534 +0x2f7
		gitlab.nethead.at/symflower/symflower/language/java/symbol.(*transpiler).handleClassDeclarationBodies(0xc000510280, 0xc0017fef00, 0xc00182e0c0)
			gitlab.nethead.at/symflower/symflower/language/java/symbol/handle.go:1419 +0x106
		gitlab.nethead.at/symflower/symflower/language/java/symbol.(*transpiler).handleBodies.func1(0xc0017fef00, {0x2207578, 0xc00182e0c0})
			gitlab.nethead.at/symflower/symflower/language/java/symbol/symbols.go:532 +0x1ff
		gitlab.nethead.at/symflower/symflower/language/java/symbol.(*transpiler).walkSubDeclarations(0xc000510280, 0xc0017fef00, 0xc003e07760, 0xc0017f3800, 0xc001823280, {0x2207578, 0xc00182e0c0})
			gitlab.nethead.at/symflower/symflower/language/java/symbol/symbols.go:869 +0x1ee
		gitlab.nethead.at/symflower/symflower/language/java/symbol.(*transpiler).walkFile(0xc000510280, 0x1, 0x2088c58, 0xc003e07760, 0xc0017f3800, 0xc001823280)
			gitlab.nethead.at/symflower/symflower/language/java/symbol/symbols.go:625 +0x3c5
		gitlab.nethead.at/symflower/symflower/language/java/symbol.(*transpiler).walkPackage(0xc000510280, 0x1, 0x2088c58, 0xc003e07760, 0xc0017f3800)
			gitlab.nethead.at/symflower/symflower/language/java/symbol/symbols.go:583 +0x225
		gitlab.nethead.at/symflower/symflower/language/java/symbol.(*transpiler).walkFilesAndDeclarations(0xc000510280, 0x1, 0x2088c58, 0xc003e07760)
			gitlab.nethead.at/symflower/symflower/language/java/symbol/symbols.go:566 +0xa5
		gitlab.nethead.at/symflower/symflower/language/java/symbol.(*transpiler).handleBodies(0xc000510280)
			gitlab.nethead.at/symflower/symflower/language/java/symbol/symbols.go:513 +0x65
		gitlab.nethead.at/symflower/symflower/language/java/symbol.symbolsWithDependencies(0xc0000102a0, {0x0?, 0x41aa94?, 0x13e43a0?}, 0x1)
			gitlab.nethead.at/symflower/symflower/language/java/symbol/symbols.go:486 +0x147
		gitlab.nethead.at/symflower/symflower/language/java/symbol.Symbols(0xc0000102a0, 0x1)
			gitlab.nethead.at/symflower/symflower/language/java/symbol/symbols.go:457 +0xf2
		gitlab.nethead.at/symflower/symflower/language/java.Adapter.Symbols(...)
			gitlab.nethead.at/symflower/symflower/language/java/symbols.go:29
		gitlab.nethead.at/symflower/symflower/cmd/symflower-local/generate.(*Generator).transpileLanguage(0xc0000bc930, 0x0, 0x0, {0x220c620, 0x2e6b360})
			gitlab.nethead.at/symflower/symflower/cmd/symflower-local/generate/generate.go:136 +0x373
		gitlab.nethead.at/symflower/symflower/cmd/symflower-local/generate.(*Generator).Symbols(0xc0000bc930, 0x0, 0x0)
			gitlab.nethead.at/symflower/symflower/cmd/symflower-local/generate/generate.go:94 +0x136
		gitlab.nethead.at/symflower/symflower/cmd/symflower-local/generate.(*AnalyzeEngineDefault).UnitTests(0x2b?, 0x124bba0?, {0x21eb890?, 0xc00004c120?}, {0x60?, 0xe6?, 0x13?, 0x0?}, 0x2b?, {0xc0000bc510, ...})
			gitlab.nethead.at/symflower/symflower/cmd/symflower-local/generate/analyze.go:153 +0x77
		gitlab.nethead.at/symflower/symflower/cmd/symflower-local/cmd.(*commandUnitTests).Execute(0xc0004e12d8, {0xc0004e0f08?, 0x79b9a8289218?, 0xc0004e12d8?})
			gitlab.nethead.at/symflower/symflower/cmd/symflower-local/cmd/unit-tests.go:85 +0x2a6
		gitlab.nethead.at/symflower/symflower/cmd.ExecuteNoExit({0x21de020, 0xc0004e0f08}, {0xc00019e000?, 0x0?, 0x0?})
			gitlab.nethead.at/symflower/symflower/cmd/execute.go:59 +0x2ad
		gitlab.nethead.at/symflower/symflower/cmd.Execute({0x21de020?, 0xc0004e0f08?}, {0xc00019e000?, 0xc0001802e0?, 0xc000051f10?})
			gitlab.nethead.at/symflower/symflower/cmd/execute.go:17 +0x26
		gitlab.nethead.at/symflower/symflower/cmd.ExecuteWithOSArguments(...)
			gitlab.nethead.at/symflower/symflower/cmd/execute.go:78
		main.main.func1()
			gitlab.nethead.at/symflower/symflower/cmd/symflower-demo/main.go:39 +0x34
		gitlab.nethead.at/symflower/symflower/cmd/symflower-local/cmd.(*Command).WithPanicReporter(0xc000110060?, 0x0?)
			gitlab.nethead.at/symflower/symflower/cmd/symflower-local/cmd/cmd.go:151 +0x33
		main.main()
			gitlab.nethead.at/symflower/symflower/cmd/symflower-demo/main.go:38 +0x7f
src/org/mockito/internal/util/Checks.java: error: unknown function
	data: [<nil> checkNotNull [] [iterable checkedIterable]]
src/org/mockito/internal/util/Checks.java: error: an unsupported collection type has been used for this operation
	data: genericParameter(T, [pointer(genericInstance(reference(java/lang/Iterable), []))])
src/org/mockito/internal/util/Decamelizer.java: error: unknown import
	data: java/util/regex/Matcher
src/org/mockito/internal/util/Decamelizer.java: error: unknown import
	data: java/util/regex/Pattern
src/org/mockito/internal/util/MockCreationValidator.java: error: unknown function
	data: [pointer(reference(java/lang/Object)) java/lang/Object//getClass [] []]
src/org/mockito/internal/util/MockCreationValidator.java: error: unknown function
	data: [pointer(genericInstance(reference(java/lang/Class), [])) java/lang/Class<java/lang/Object>//isInterface [] []]
src/org/mockito/internal/util/MockCreationValidator.java: error: unknown function
	data: [genericInstance(reference(java/lang/Class), [pointer(reference(java/lang/Object))]) java/lang/Class<java/lang/Object>//isAssignableFrom [] [classToMock]]
src/org/mockito/internal/util/MockCreationValidator.java: error: unknown type
	data: SuppressWarnings
src/org/mockito/internal/util/MockNameImpl.java: error: unknown type
	data: SuppressWarnings
src/org/mockito/internal/util/MockNameImpl.java: error: unknown function
	data: [pointer(genericInstance(reference(java/lang/Class), [wildcard(, pointer(reference(java/lang/Object)))])) java/lang/Class<descendant of java/lang/Object>//getSuperclass [] []]
src/org/mockito/internal/util/MockUtil.java: error: unknown function
	data: [pointer(genericInstance(reference(java/lang/Class), [wildcard(, pointer(reference(java/lang/Object)))])) java/lang/Class<descendant of java/lang/Object>//isPrimitive [] []]
src/org/mockito/internal/util/MockUtil.java: error: unknown function
	data: [pointer(genericInstance(reference(java/lang/Class), [wildcard(, pointer(reference(java/lang/Object)))])) java/lang/Class<descendant of java/lang/Object>//getModifiers [] []]
src/org/mockito/internal/util/MockUtil.java: error: unknown function
	data: [reference(org/mockito/plugins/MockMaker) org/mockito/plugins/MockMaker//createMock [] [settings mockHandler]]
src/org/mockito/internal/util/MockUtil.java: error: unknown function
	data: [struct(org/mockito/internal/util/reflection/LenientCopyTool, [], [pointer(reference(java/lang/Object))], []) org/mockito/internal/util/reflection/LenientCopyTool//copyToMock [] [spiedInstance mock]]
src/org/mockito/internal/util/MockUtil.java: error: unknown function
	data: [<nil> getMockHandler [] [mock]]
src/org/mockito/internal/util/MockUtil.java: error: unknown function
	data: [<nil> isMockitoMock [] [mock]]
src/org/mockito/internal/util/MockUtil.java: error: unknown type
	data: SuppressWarnings
src/org/mockito/internal/util/MockUtil.java: error: unknown function
	data: [struct(org/mockito/internal/handler/MockHandlerFactory, [], [pointer(reference(java/lang/Object))], []) org/mockito/internal/handler/MockHandlerFactory//create [] [settings]]
src/org/mockito/internal/util/MockUtil.java: error: unknown function
	data: [reference(org/mockito/plugins/MockMaker) org/mockito/plugins/MockMaker//resetMock [] [mock newHandler settings]]
src/org/mockito/internal/util/MockUtil.java: error: unknown function
	data: [reference(org/mockito/plugins/MockMaker) org/mockito/plugins/MockMaker//getHandler [] [mock]]
src/org/mockito/internal/util/MockUtil.java: error: unknown function
	data: [reference(org/mockito/plugins/MockMaker) org/mockito/plugins/MockMaker//getHandler [] [mock]]
src/org/mockito/internal/util/MockUtil.java: error: unknown import
	data: java/lang/reflect/Modifier
src/org/mockito/internal/util/ObjectMethodsGuru.java: error: unknown import
	data: java/lang/reflect/Method
src/org/mockito/internal/util/ObjectMethodsGuru.java: error: unknown function
	data: [genericInstance(reference(java/lang/Class), [pointer(reference(java/lang/Object))]) java/lang/Class<java/lang/Object>//isAssignableFrom [] [unsupported]]
src/org/mockito/internal/util/Primitives.java: error: unknown import
	data: java/util/HashMap
src/org/mockito/internal/util/Primitives.java: error: unknown type
	data: SuppressWarnings
src/org/mockito/internal/util/Primitives.java: error: unknown field
	data: [Byte struct(java/lang/Byte, [], [pointer(reference(java/lang/Object))], []) TYPE]
src/org/mockito/internal/util/Primitives.java: error: unknown function
	data: [pointer(genericInstance(reference(java/lang/Class), [reference(T)])) java/lang/Class<T>//isPrimitive [] []]
src/org/mockito/internal/util/Primitives.java: error: unknown field
	data: [Boolean struct(java/lang/Boolean, [], [pointer(reference(java/lang/Object))], []) TYPE]
src/org/mockito/internal/util/Primitives.java: error: unknown field
	data: [Character struct(java/lang/Character, [], [pointer(reference(java/lang/Object))], []) TYPE]
src/org/mockito/internal/util/Primitives.java: error: unknown field
	data: [Integer struct(java/lang/Integer, [], [pointer(reference(java/lang/Object))], []) TYPE]
src/org/mockito/internal/util/Primitives.java: error: unknown field
	data: [Float struct(java/lang/Float, [], [pointer(reference(java/lang/Object))], []) TYPE]
src/org/mockito/internal/util/Primitives.java: error: unknown field
	data: [Short struct(java/lang/Short, [], [pointer(reference(java/lang/Object))], []) TYPE]
src/org/mockito/internal/util/Primitives.java: error: unknown field
	data: [Double struct(java/lang/Double, [], [pointer(reference(java/lang/Object))], []) TYPE]
src/org/mockito/internal/util/Primitives.java: error: unknown field
	data: [Long struct(java/lang/Long, [], [pointer(reference(java/lang/Object))], []) TYPE]
src/org/mockito/internal/util/Primitives.java: error: Compound error: unresolved type with &modelast.TypeReference{
		    Name: "K",
		}
			(error) Internal error: unknown type:
		"K"
		Stacktrace: goroutine 1 [running]:
		gitlab.nethead.at/symflower/symflower/model/errors.NewInternalError({0x21de060, 0x2d25a00}, {0x12473e0, 0xc002544160})
			gitlab.nethead.at/symflower/symflower/model/errors/error.go:852 +0x4e
		gitlab.nethead.at/symflower/symflower/model/errors.NewProblemWithErrorSeverity(...)
			gitlab.nethead.at/symflower/symflower/model/errors/problem.go:321
		gitlab.nethead.at/symflower/symflower/model/ast.(*Scope).GetType(0x0?, {0x2221c18, 0x1})
			gitlab.nethead.at/symflower/symflower/model/ast/scope.go:986 +0x85
		gitlab.nethead.at/symflower/symflower/model/ast.resolve(0xc0004209c0, {0x2205848?, 0xc000a91500}, 0xa0)
			gitlab.nethead.at/symflower/symflower/model/ast/type-resolve.go:362 +0x78
		gitlab.nethead.at/symflower/symflower/model/ast.ResolveReferencesAndAliases(...)
			gitlab.nethead.at/symflower/symflower/model/ast/type-resolve.go:320
		gitlab.nethead.at/symflower/symflower/model/ast.(*ExpressionCast).VerifyCast(0xc00418fa40, 0xc0004209c0)
			gitlab.nethead.at/symflower/symflower/model/ast/expression.go:2489 +0x34
		gitlab.nethead.at/symflower/symflower/model/ast.(*ExpressionCast).Verify(0xc00418fa40, 0xc0004209c0)
			gitlab.nethead.at/symflower/symflower/model/ast/expression.go:2693 +0x74
		gitlab.nethead.at/symflower/symflower/model/ast.WalkVerify.func2(0xc0004209c0, {0x2203c70, 0xc00418fa40})
			gitlab.nethead.at/symflower/symflower/model/ast/walk.go:52 +0x6d
		gitlab.nethead.at/symflower/symflower/model/ast.(*ExpressionCast).Walk(0xc00418fa40, 0xc0004209c0, 0x0, 0xc0024edd60)
			gitlab.nethead.at/symflower/symflower/model/ast/walk_gen.go:312 +0xa2
		gitlab.nethead.at/symflower/symflower/model/ast.(*Call).Walk(0xc000dcf9f0, 0xc0004209c0, 0x0, 0xc0024edd60)
			gitlab.nethead.at/symflower/symflower/model/ast/walk_gen.go:146 +0x3d1
		gitlab.nethead.at/symflower/symflower/model/ast.(*StatementBlock).Walk(0xc0021a5500, 0xc0004209c0, 0x0, 0xc0024edd60)
			gitlab.nethead.at/symflower/symflower/model/ast/walk_gen.go:1379 +0x36b
		gitlab.nethead.at/symflower/symflower/model/ast.(*StatementBlock).Walk(0xc001c4d3b0, 0xc0004209c0, 0x0, 0xc0024edd60)
			gitlab.nethead.at/symflower/symflower/model/ast/walk_gen.go:1379 +0x36b
		gitlab.nethead.at/symflower/symflower/model/ast.(*Function).Walk(0xc00184c000, 0xc0004209c0, 0x0, 0xc0024edd60)
			gitlab.nethead.at/symflower/symflower/model/ast/walk_gen.go:900 +0x5df
		gitlab.nethead.at/symflower/symflower/model/ast.WalkVerify(0xc0004209c0, {0x2203368, 0xc00184c000})
			gitlab.nethead.at/symflower/symflower/model/ast/walk.go:46 +0x127
		gitlab.nethead.at/symflower/symflower/language/java/symbol.(*transpiler).completeFunctionAndVerify(0xc000510280, 0xc001840180, 0xc00184c000)
			gitlab.nethead.at/symflower/symflower/language/java/symbol/handle.go:2822 +0x272
		gitlab.nethead.at/symflower/symflower/language/java/symbol.(*transpiler).handleInitializerDeclarationBody(0xc000510280, 0xc001840180, 0xc00184c000, 0x0)
			gitlab.nethead.at/symflower/symflower/language/java/symbol/handle.go:2684 +0x74c
		gitlab.nethead.at/symflower/symflower/language/java/symbol.(*transpiler).handleClassAndInterfaceDeclarationBodies(0xc000510280, 0xc001840180, 0xc00182ea80)
			gitlab.nethead.at/symflower/symflower/language/java/symbol/handle.go:1532 +0x2d3
		gitlab.nethead.at/symflower/symflower/language/java/symbol.(*transpiler).handleClassDeclarationBodies(0xc000510280, 0xc001840180, 0xc00182ea80)
			gitlab.nethead.at/symflower/symflower/language/java/symbol/handle.go:1419 +0x106
		gitlab.nethead.at/symflower/symflower/language/java/symbol.(*transpiler).handleBodies.func1(0xc001840180, {0x2207578, 0xc00182ea80})
			gitlab.nethead.at/symflower/symflower/language/java/symbol/symbols.go:532 +0x1ff
		gitlab.nethead.at/symflower/symflower/language/java/symbol.(*transpiler).walkSubDeclarations(0xc000510280, 0xc001840180, 0xc004531760, 0xc001825560, 0xc00183a900, {0x2207578, 0xc00182ea80})
			gitlab.nethead.at/symflower/symflower/language/java/symbol/symbols.go:869 +0x1ee
		gitlab.nethead.at/symflower/symflower/language/java/symbol.(*transpiler).walkFile(0xc000510280, 0x1, 0x2088c58, 0xc004531760, 0xc001825560, 0xc00183a900)
			gitlab.nethead.at/symflower/symflower/language/java/symbol/symbols.go:625 +0x3c5
		gitlab.nethead.at/symflower/symflower/language/java/symbol.(*transpiler).walkPackage(0xc000510280, 0x1, 0x2088c58, 0xc004531760, 0xc001825560)
			gitlab.nethead.at/symflower/symflower/language/java/symbol/symbols.go:583 +0x225
		gitlab.nethead.at/symflower/symflower/language/java/symbol.(*transpiler).walkFilesAndDeclarations(0xc000510280, 0x1, 0x2088c58, 0xc004531760)
			gitlab.nethead.at/symflower/symflower/language/java/symbol/symbols.go:566 +0xa5
		gitlab.nethead.at/symflower/symflower/language/java/symbol.(*transpiler).handleBodies(0xc000510280)
			gitlab.nethead.at/symflower/symflower/language/java/symbol/symbols.go:513 +0x65
		gitlab.nethead.at/symflower/symflower/language/java/symbol.symbolsWithDependencies(0xc0000102a0, {0x0?, 0x41aa94?, 0x13e43a0?}, 0x1)
			gitlab.nethead.at/symflower/symflower/language/java/symbol/symbols.go:486 +0x147
		gitlab.nethead.at/symflower/symflower/language/java/symbol.Symbols(0xc0000102a0, 0x1)
			gitlab.nethead.at/symflower/symflower/language/java/symbol/symbols.go:457 +0xf2
		gitlab.nethead.at/symflower/symflower/language/java.Adapter.Symbols(...)
			gitlab.nethead.at/symflower/symflower/language/java/symbols.go:29
		gitlab.nethead.at/symflower/symflower/cmd/symflower-local/generate.(*Generator).transpileLanguage(0xc0000bc930, 0x0, 0x0, {0x220c620, 0x2e6b360})
			gitlab.nethead.at/symflower/symflower/cmd/symflower-local/generate/generate.go:136 +0x373
		gitlab.nethead.at/symflower/symflower/cmd/symflower-local/generate.(*Generator).Symbols(0xc0000bc930, 0x0, 0x0)
			gitlab.nethead.at/symflower/symflower/cmd/symflower-local/generate/generate.go:94 +0x136
		gitlab.nethead.at/symflower/symflower/cmd/symflower-local/generate.(*AnalyzeEngineDefault).UnitTests(0x2b?, 0x124bba0?, {0x21eb890?, 0xc00004c120?}, {0x60?, 0xe6?, 0x13?, 0x0?}, 0x2b?, {0xc0000bc510, ...})
			gitlab.nethead.at/symflower/symflower/cmd/symflower-local/generate/analyze.go:153 +0x77
		gitlab.nethead.at/symflower/symflower/cmd/symflower-local/cmd.(*commandUnitTests).Execute(0xc0004e12d8, {0xc0004e0f08?, 0x79b9a8289218?, 0xc0004e12d8?})
			gitlab.nethead.at/symflower/symflower/cmd/symflower-local/cmd/unit-tests.go:85 +0x2a6
		gitlab.nethead.at/symflower/symflower/cmd.ExecuteNoExit({0x21de020, 0xc0004e0f08}, {0xc00019e000?, 0x0?, 0x0?})
			gitlab.nethead.at/symflower/symflower/cmd/execute.go:59 +0x2ad
		gitlab.nethead.at/symflower/symflower/cmd.Execute({0x21de020?, 0xc0004e0f08?}, {0xc00019e000?, 0xc0001802e0?, 0xc000051f10?})
			gitlab.nethead.at/symflower/symflower/cmd/execute.go:17 +0x26
		gitlab.nethead.at/symflower/symflower/cmd.ExecuteWithOSArguments(...)
			gitlab.nethead.at/symflower/symflower/cmd/execute.go:78
		main.main.func1()
			gitlab.nethead.at/symflower/symflower/cmd/symflower-demo/main.go:39 +0x34
		gitlab.nethead.at/symflower/symflower/cmd/symflower-local/cmd.(*Command).WithPanicReporter(0xc000110060?, 0x0?)
			gitlab.nethead.at/symflower/symflower/cmd/symflower-local/cmd/cmd.go:151 +0x33
		main.main()
			gitlab.nethead.at/symflower/symflower/cmd/symflower-demo/main.go:38 +0x7f
	
	data: cast(call(java/lang/Class//Class!e3b1fa59c6d86c11414ab72a3dd3145b, ["Boolean", "java.lang.Boolean", "Boolean"]), reference(K))
src/org/mockito/internal/util/SimpleMockitoLogger.java: error: unknown function
	data: [struct(java/lang/StringBuilder, [], [pointer(reference(java/lang/Object))], [reference(java/lang/CharSequence)]) java/lang/StringBuilder//append [] [what]]
src/org/mockito/internal/util/StringJoiner.java: error: unknown function
	data: [pointer(reference(java/lang/StringBuilder)) java/lang/StringBuilder//replace [] [lastBreak +(lastBreak, 1) ""]]
src/org/mockito/internal/util/StringJoiner.java: error: unknown function
	data: [pointer(reference(java/lang/StringBuilder)) java/lang/StringBuilder//lastIndexOf [] ["\n"]]
src/org/mockito/internal/util/Timer.java: error: unknown function
	data: [struct(java/lang/System, [], [pointer(reference(java/lang/Object))], []) java/lang/System//currentTimeMillis [] []]
src/org/mockito/internal/util/collections/ArrayUtils.java: error: unknown type
	data: SuppressWarnings
src/org/mockito/internal/util/collections/HashCodeAndEqualsMockWrapper.java: error: unknown function
	data: [struct(java/lang/System, [], [pointer(reference(java/lang/Object))], []) java/lang/System//identityHashCode [] [select(this, mockInstance)]]
src/org/mockito/internal/util/collections/HashCodeAndEqualsMockWrapper.java: internal error: not all elements have the same type
	data: conditional(call(select(ensure_not_nil(mockUtil), isMock!4fb2deccef7826b7659de223ac40b91d), [select(this, mockInstance)]), [call(select(ensure_not_nil(mockUtil), getMockName!4fb2deccef7826b7659de223ac40b91d), [select(this, mockInstance)]), call(select(this, typeInstanceString!d41d8cd98f00b204e9800998ecf8427e), [])])
src/org/mockito/internal/util/collections/HashCodeAndEqualsMockWrapper.java: error: unknown function
	data: [struct(java/lang/Object, [], [], []) java/lang/Object//getClass [] []]
src/org/mockito/internal/util/collections/HashCodeAndEqualsMockWrapper.java: error: unknown function
	data: [struct(java/lang/System, [], [pointer(reference(java/lang/Object))], []) java/lang/System//identityHashCode [] [select(this, mockInstance)]]
src/org/mockito/internal/util/collections/HashCodeAndEqualsSafeSet.java: error: unknown identifier
	data: hashSet
src/org/mockito/internal/util/collections/HashCodeAndEqualsSafeSet.java: error: an unsupported collection type has been used for this operation
	data: pointer(genericInstance(reference(java/lang/Iterable), [pointer(reference(java/lang/Object))]))
src/org/mockito/internal/util/collections/HashCodeAndEqualsSafeSet.java: error: unknown import
	data: java/util/Arrays
src/org/mockito/internal/util/collections/HashCodeAndEqualsSafeSet.java: error: unknown import
	data: java/util/HashSet
src/org/mockito/internal/util/collections/HashCodeAndEqualsSafeSet.java: error: unknown import
	data: java/util/Set
src/org/mockito/internal/util/collections/HashCodeAndEqualsSafeSet.java: error: unknown import
	data: java/lang/reflect/Array
src/org/mockito/internal/util/collections/HashCodeAndEqualsSafeSet.java: error: unknown field
	data: [this struct(org/mockito/internal/util/collections/HashCodeAndEqualsSafeSet//@@localIterator0, [], [pointer(reference(java/lang/Object))], [pointer(genericInstance(reference(java/util/Iterator), [pointer(reference(java/lang/Object))]))]) backingHashSet]
src/org/mockito/internal/util/collections/HashCodeAndEqualsSafeSet.java: error: not a named type
	data: array(reference(T), primitive(int, 32, false), 0)
src/org/mockito/internal/util/collections/HashCodeAndEqualsSafeSet.java: internal error: not all elements have the same type
	data: conditional(>=(len(ensure_not_nil(typedArray)), call(select(this, size!d41d8cd98f00b204e9800998ecf8427e), [])), [typedArray, cast(unsupported, array(reference(T), primitive(int, 32, false), 0))])
src/org/mockito/internal/util/collections/HashCodeAndEqualsSafeSet.java: error: unknown function
	data: [<nil> newInstance [] [unsupported call(select(this, size!d41d8cd98f00b204e9800998ecf8427e), [])]]
src/org/mockito/internal/util/collections/HashCodeAndEqualsSafeSet.java: error: unknown function
	data: [<nil> unwrapTo [] [array]]
src/org/mockito/internal/util/collections/IdentitySet.java: error: unknown import
	data: java/util/LinkedList
src/org/mockito/internal/util/collections/IdentitySet.java: error: unknown type
	data: SuppressWarnings
src/org/mockito/internal/util/collections/Iterables.java: error: unknown import
	data: java/util/Enumeration
src/org/mockito/internal/util/collections/Iterables.java: error: unknown import
	data: java/util/LinkedList
src/org/mockito/internal/util/collections/ListUtil.java: error: unknown import
	data: java/util/LinkedList
src/org/mockito/internal/util/collections/Sets.java: error: unknown import
	data: java/util/HashSet
src/org/mockito/internal/util/collections/Sets.java: error: unknown import
	data: java/util/LinkedHashSet
src/org/mockito/internal/util/collections/Sets.java: error: unknown import
	data: java/util/Set
src/org/mockito/internal/util/collections/Sets.java: error: unknown import
	data: java/util/Arrays/asList
src/org/mockito/internal/util/io/IOUtil.java: error: unknown import
	data: java/util/LinkedList
src/org/mockito/internal/util/io/IOUtil.java: error: unknown type
	data: File
src/org/mockito/internal/util/io/IOUtil.java: error: unknown type
	data: PrintWriter
src/org/mockito/internal/util/junit/JUnitFailureHacker.java: error: unknown import
	data: org/junit/runner/notification/Failure
src/org/mockito/internal/util/junit/JUnitFailureHacker.java: error: unknown function
	data: [pointer(reference(java/lang/Throwable)) java/lang/Throwable//getStackTrace [] []]
src/org/mockito/internal/util/junit/JUnitFailureHacker.java: error: unknown function
	data: [pointer(reference(org/mockito/internal/exceptions/ExceptionIncludingMockitoWarnings)) org/mockito/internal/exceptions/ExceptionIncludingMockitoWarnings//setStackTrace [] [unsupported]]
src/org/mockito/internal/util/reflection/AccessibilityChanger.java: error: unknown import
	data: java/lang/reflect/AccessibleObject
src/org/mockito/internal/util/reflection/BeanPropertySetter.java: error: unknown import
	data: java/lang/reflect/Method
src/org/mockito/internal/util/reflection/BeanPropertySetter.java: error: unknown import
	data: java/util/Locale
src/org/mockito/internal/util/reflection/BeanPropertySetter.java: error: unknown function
	data: [struct(java/lang/Object, [], [], []) java/lang/Object//getClass [] []]
src/org/mockito/internal/util/reflection/BeanPropertySetter.java: error: unknown function
	data: [struct(java/lang/String, [], [pointer(reference(java/lang/Object))], [reference(java/lang/CharSequence)]) java/lang/String//toUpperCase [] [unsupported]]
src/org/mockito/internal/util/reflection/BeanPropertySetter.java: error: unknown import
	data: java/lang/reflect/Field
src/org/mockito/internal/util/reflection/BeanPropertySetter.java: error: unknown import
	data: java/lang/reflect/InvocationTargetException
src/org/mockito/internal/util/reflection/Constructors.java: error: unknown import
	data: java/lang/reflect/Constructor
src/org/mockito/internal/util/reflection/Constructors.java: error: unknown function
	data: [pointer(genericInstance(reference(java/lang/Class), [wildcard(, pointer(reference(java/lang/Object)))])) java/lang/Class<descendant of java/lang/Object>//getDeclaredConstructor [] []]
src/org/mockito/internal/util/reflection/FieldCopier.java: error: unknown import
	data: java/lang/reflect/Field
src/org/mockito/internal/util/reflection/FieldInitializationReport.java: error: unknown function
	data: [struct(java/lang/Object, [], [], []) java/lang/Object//getClass [] []]
src/org/mockito/internal/util/reflection/FieldInitializer.java: error: unknown import
	data: java/lang/reflect/Constructor
src/org/mockito/internal/util/reflection/FieldInitializer.java: error: unknown import
	data: java/lang/reflect/InvocationTargetException
src/org/mockito/internal/util/reflection/FieldInitializer.java: error: unknown import
	data: java/lang/reflect/Modifier
src/org/mockito/internal/util/reflection/FieldInitializer.java: error: unknown import
	data: java/lang/reflect/Field
src/org/mockito/internal/util/reflection/FieldInitializer.java: error: unknown function
	data: [pointer(reference(org/mockito/internal/util/reflection/AccessibilityChanger)) org/mockito/internal/util/reflection/AccessibilityChanger//enableAccess [] [constructor]]
src/org/mockito/internal/util/reflection/FieldInitializer.java: error: unknown function
	data: [pointer(reference(org/mockito/internal/util/reflection/AccessibilityChanger)) org/mockito/internal/util/reflection/AccessibilityChanger//enableAccess [] [constructor]]
src/org/mockito/internal/util/reflection/FieldInitializer.java: error: unknown function
	data: [pointer(reference(org/mockito/internal/util/reflection/AccessibilityChanger)) org/mockito/internal/util/reflection/AccessibilityChanger//safelyDisableAccess [] [constructor]]
src/org/mockito/internal/util/reflection/FieldInitializer.java: error: unknown import
	data: java/util/Arrays
src/org/mockito/internal/util/reflection/FieldInitializer.java: error: unknown import
	data: java/util/Collections
src/org/mockito/internal/util/reflection/FieldInitializer.java: error: unknown function
	data: [pointer(reference(org/mockito/internal/util/reflection/AccessibilityChanger)) org/mockito/internal/util/reflection/AccessibilityChanger//safelyDisableAccess [] [constructor]]
src/org/mockito/internal/util/reflection/FieldInitializer.java: error: unknown function
	data: [pointer(genericInstance(reference(java/lang/Class), [wildcard(, pointer(reference(java/lang/Object)))])) java/lang/Class<descendant of java/lang/Object>//getDeclaredConstructors [] []]
src/org/mockito/internal/util/reflection/FieldReader.java: error: unknown import
	data: java/lang/reflect/Field
src/org/mockito/internal/util/reflection/FieldSetter.java: error: unknown import
	data: java/lang/reflect/Field
src/org/mockito/internal/util/reflection/Fields.java: error: unknown function
	data: [pointer(genericInstance(reference(java/lang/Class), [wildcard(, pointer(reference(java/lang/Object)))])) java/lang/Class<descendant of java/lang/Object>//getDeclaredFields [] []]
src/org/mockito/internal/util/reflection/Fields.java: error: unknown function
	data: [struct(org/mockito/internal/util/Checks, [], [pointer(reference(java/lang/Object))], []) org/mockito/internal/util/Checks//checkNotNull [] [annotations "Provide at least one annotation class"]]
src/org/mockito/internal/util/reflection/Fields.java: error: unknown identifier
	data: this
src/org/mockito/internal/util/reflection/Fields.java: error: unknown function
	data: [<nil> java/util/ArrayList//ArrayList [pointer(reference(java/lang/Object))] [call(select(ensure_not_nil(select(this, instanceFields)), size!d41d8cd98f00b204e9800998ecf8427e), [])]]
src/org/mockito/internal/util/reflection/Fields.java: error: unknown function
	data: [pointer(reference(java/lang/Object)) java/lang/Object//getClass [] []]
src/org/mockito/internal/util/reflection/Fields.java: error: unknown function
	data: [pointer(genericInstance(reference(java/util/List), [pointer(reference(org/mockito/internal/util/reflection/InstanceField))])) java/util/List<org/mockito/internal/util/reflection/InstanceField>//addAll [] [unsupported]]
src/org/mockito/internal/util/reflection/Fields.java: error: unknown function
	data: [pointer(genericInstance(reference(java/lang/Class), [wildcard(, pointer(reference(java/lang/Object)))])) java/lang/Class<descendant of java/lang/Object>//getSuperclass [] []]
src/org/mockito/internal/util/reflection/Fields.java: error: unknown function
	data: [pointer(genericInstance(reference(java/util/List), [pointer(reference(org/mockito/internal/util/reflection/InstanceField))])) java/util/List<org/mockito/internal/util/reflection/InstanceField>//addAll [] [unsupported]]
src/org/mockito/internal/util/reflection/Fields.java: error: error: unresolved type
	data: reference(T)
	child error: (error) Internal error: unknown type:
		"T"
		Stacktrace: goroutine 1 [running]:
		gitlab.nethead.at/symflower/symflower/model/errors.NewInternalError({0x21de060, 0x2d25a00}, {0x12473e0, 0xc001a8fcb0})
			gitlab.nethead.at/symflower/symflower/model/errors/error.go:852 +0x4e
		gitlab.nethead.at/symflower/symflower/model/errors.NewProblemWithErrorSeverity(...)
			gitlab.nethead.at/symflower/symflower/model/errors/problem.go:321
		gitlab.nethead.at/symflower/symflower/model/ast.(*Scope).GetType(0xc0033b9e98?, {0x2221c60, 0x1})
			gitlab.nethead.at/symflower/symflower/model/ast/scope.go:986 +0x85
		gitlab.nethead.at/symflower/symflower/model/ast.resolve(0xc0004209c0, {0x2205848?, 0xc001163b20}, 0xe0)
			gitlab.nethead.at/symflower/symflower/model/ast/type-resolve.go:362 +0x78
		gitlab.nethead.at/symflower/symflower/model/ast.ResolveWithPointers(...)
			gitlab.nethead.at/symflower/symflower/model/ast/type-resolve.go:326
		gitlab.nethead.at/symflower/symflower/model/ast.(*TypeGenericInstance).IsCompatibleType(0xc000ad3bc0, 0xc0004209c0, {0x2205728?, 0xc001db32c0?})
			gitlab.nethead.at/symflower/symflower/model/ast/type.go:3369 +0x230
		gitlab.nethead.at/symflower/symflower/language/java/symbol.(*transpiler).checkFunctionApplicability(0xc000510280, 0xc001968400, {0x22058d8?, 0xc00182f2c0?}, {0x0?, 0xc0001d2908?, 0x18?}, {0xc001db2a20, 0x2, 0x2})
			gitlab.nethead.at/symflower/symflower/language/java/symbol/overloading.go:406 +0x66b
		gitlab.nethead.at/symflower/symflower/language/java/symbol.(*transpiler).matchOverloadingFunction(0xc000510280, {0xc000692af8, 0x1, 0x1}, {0x22058d8, 0xc00182f2c0}, {0x0, 0x0, 0x0}, {0xc001db2a20, ...})
			gitlab.nethead.at/symflower/symflower/language/java/symbol/overloading.go:451 +0x217
		gitlab.nethead.at/symflower/symflower/language/java/symbol.(*transpiler).getFunction(0xc000510280, {0x22058d8, 0xc00182f2c0}, {0xc00271b440, 0x36}, {0x0, 0x0, 0x0}, {0xc001db2a20, 0x2, ...})
			gitlab.nethead.at/symflower/symflower/language/java/symbol/overloading.go:224 +0xd2
		gitlab.nethead.at/symflower/symflower/language/java/symbol.(*transpiler).handleMethodCallResolveOverloads(0xc000510280, {0xc00271b440, 0x36}, {0x22058d8?, 0xc00182f2c0?}, {0x0?, 0x8?, 0x5?}, {0xc001db2a20, 0x2, ...})
			gitlab.nethead.at/symflower/symflower/language/java/symbol/handle.go:5426 +0x87
		gitlab.nethead.at/symflower/symflower/language/java/symbol.(*transpiler).handleMethodCallReceiver(0xc000510280, {0xc000c8ab28, 0x6}, {0x22058d8, 0xc00182f2c0}, {0x0, 0x0, 0x0}, {0xc001db2a20, 0x2, ...})
			gitlab.nethead.at/symflower/symflower/language/java/symbol/handle.go:5421 +0x1ae
		gitlab.nethead.at/symflower/symflower/language/java/symbol.(*transpiler).handleExpressionMethodCall(0xc000510280, 0xc001970b10, 0xc000a7eb40)
			gitlab.nethead.at/symflower/symflower/language/java/symbol/handle.go:5526 +0xbe5
		gitlab.nethead.at/symflower/symflower/language/java/symbol.(*transpiler).handleExpression(0xc000510280, 0xc001970b10, {0x21f7d38, 0xc000a7eb40})
			gitlab.nethead.at/symflower/symflower/language/java/symbol/handle.go:6903 +0x785
		gitlab.nethead.at/symflower/symflower/language/java/symbol.(*transpiler).handleArguments(0xc000510280, 0xc001970b10, {0xc00059ea40, 0x2, 0x0?})
			gitlab.nethead.at/symflower/symflower/language/java/symbol/handle.go:5656 +0x9e
		gitlab.nethead.at/symflower/symflower/language/java/symbol.(*transpiler).handleExpressionObjectCreationExpr(0xc000510280, 0xc001970b10, 0xc000da2b60)
			gitlab.nethead.at/symflower/symflower/language/java/symbol/handle.go:6242 +0x573
		gitlab.nethead.at/symflower/symflower/language/java/symbol.(*transpiler).handleExpression(0xc000510280, 0xc001970b10, {0x21f7e40, 0xc000da2b60})
			gitlab.nethead.at/symflower/symflower/language/java/symbol/handle.go:6909 +0x385
		gitlab.nethead.at/symflower/symflower/language/java/symbol.(*transpiler).handleStatementReturn(0xc000510280, 0xc001970b10, 0xc001095a00)
			gitlab.nethead.at/symflower/symflower/language/java/symbol/handle.go:4352 +0x7c
		gitlab.nethead.at/symflower/symflower/language/java/symbol.(*transpiler).handleStatement(0xc000510280, 0xc001970b10, {0x21f74a0, 0xc001095a00})
			gitlab.nethead.at/symflower/symflower/language/java/symbol/handle.go:4423 +0x745
		gitlab.nethead.at/symflower/symflower/language/java/symbol.(*transpiler).handleStatements(0xc000510280, 0xc001970b10, {0xc000529c30, 0x1, 0xc0004209c0?})
			gitlab.nethead.at/symflower/symflower/language/java/symbol/handle.go:3731 +0x85
		gitlab.nethead.at/symflower/symflower/language/java/symbol.(*transpiler).handleBlock.func1()
			gitlab.nethead.at/symflower/symflower/language/java/symbol/handle.go:3712 +0x45
		gitlab.nethead.at/symflower/symflower/model/ast.(*Scope).Scoped(0xc0004209c0, 0xc0033bac98)
			gitlab.nethead.at/symflower/symflower/model/ast/scope.go:297 +0x162
		gitlab.nethead.at/symflower/symflower/language/java/symbol.(*transpiler).handleBlock(0xc000510280, 0xc001970b10, 0xc001033e60)
			gitlab.nethead.at/symflower/symflower/language/java/symbol/handle.go:3711 +0x9e
		gitlab.nethead.at/symflower/symflower/language/java/symbol.(*transpiler).handleMethodDeclarationBody.(*transpiler).handleScopedBlockStatement.func2()
			gitlab.nethead.at/symflower/symflower/language/java/symbol/handle.go:2716 +0x205
		gitlab.nethead.at/symflower/symflower/model/ast.(*Scope).Scoped(0xc0004209c0, 0xc0033bb0a8)
			gitlab.nethead.at/symflower/symflower/model/ast/scope.go:297 +0x162
		gitlab.nethead.at/symflower/symflower/language/java/symbol.(*transpiler).handleScopedBlockStatement(...)
			gitlab.nethead.at/symflower/symflower/language/java/symbol/handle.go:2693
		gitlab.nethead.at/symflower/symflower/language/java/symbol.(*transpiler).handleMethodDeclarationBody(0xc000510280, 0xc001970b10, {0x2208170, 0xc001976300}, 0xc001975a00, 0x0)
			gitlab.nethead.at/symflower/symflower/language/java/symbol/handle.go:2523 +0x61b
		gitlab.nethead.at/symflower/symflower/language/java/symbol.(*transpiler).handleClassAndInterfaceDeclarationBodies(0xc000510280, 0xc001970b10, 0xc001976300)
			gitlab.nethead.at/symflower/symflower/language/java/symbol/handle.go:1534 +0x2f7
		gitlab.nethead.at/symflower/symflower/language/java/symbol.(*transpiler).handleClassDeclarationBodies(0xc000510280, 0xc001970b10, 0xc001976300)
			gitlab.nethead.at/symflower/symflower/language/java/symbol/handle.go:1419 +0x106
		gitlab.nethead.at/symflower/symflower/language/java/symbol.(*transpiler).handleBodies.func1(0xc001970b10, {0x2207578, 0xc001976300})
			gitlab.nethead.at/symflower/symflower/language/java/symbol/symbols.go:532 +0x1ff
		gitlab.nethead.at/symflower/symflower/language/java/symbol.(*transpiler).walkSubDeclarations(0xc000510280, 0xc001970b10, 0xc0033bb760, 0xc00184b740, 0xc00196bf00, {0x2207578, 0xc001976300})
			gitlab.nethead.at/symflower/symflower/language/java/symbol/symbols.go:869 +0x1ee
		gitlab.nethead.at/symflower/symflower/language/java/symbol.(*transpiler).walkSubDeclarations(0xc000510280, 0xc001970b10, 0xc0033bb760, 0xc00184b740, 0xc00196bf00, {0x2207578, 0xc001976240})
			gitlab.nethead.at/symflower/symflower/language/java/symbol/symbols.go:880 +0x3b6
		gitlab.nethead.at/symflower/symflower/language/java/symbol.(*transpiler).walkFile(0xc000510280, 0x1, 0x2088c58, 0xc0033bb760, 0xc00184b740, 0xc00196bf00)
			gitlab.nethead.at/symflower/symflower/language/java/symbol/symbols.go:625 +0x3c5
		gitlab.nethead.at/symflower/symflower/language/java/symbol.(*transpiler).walkPackage(0xc000510280, 0x1, 0x2088c58, 0xc0033bb760, 0xc00184b740)
			gitlab.nethead.at/symflower/symflower/language/java/symbol/symbols.go:583 +0x225
		gitlab.nethead.at/symflower/symflower/language/java/symbol.(*transpiler).walkFilesAndDeclarations(0xc000510280, 0x1, 0x2088c58, 0xc0033bb760)
			gitlab.nethead.at/symflower/symflower/language/java/symbol/symbols.go:566 +0xa5
		gitlab.nethead.at/symflower/symflower/language/java/symbol.(*transpiler).handleBodies(0xc000510280)
			gitlab.nethead.at/symflower/symflower/language/java/symbol/symbols.go:513 +0x65
		gitlab.nethead.at/symflower/symflower/language/java/symbol.symbolsWithDependencies(0xc0000102a0, {0x0?, 0x41aa94?, 0x13e43a0?}, 0x1)
			gitlab.nethead.at/symflower/symflower/language/java/symbol/symbols.go:486 +0x147
		gitlab.nethead.at/symflower/symflower/language/java/symbol.Symbols(0xc0000102a0, 0x1)
			gitlab.nethead.at/symflower/symflower/language/java/symbol/symbols.go:457 +0xf2
		gitlab.nethead.at/symflower/symflower/language/java.Adapter.Symbols(...)
			gitlab.nethead.at/symflower/symflower/language/java/symbols.go:29
		gitlab.nethead.at/symflower/symflower/cmd/symflower-local/generate.(*Generator).transpileLanguage(0xc0000bc930, 0x0, 0x0, {0x220c620, 0x2e6b360})
			gitlab.nethead.at/symflower/symflower/cmd/symflower-local/generate/generate.go:136 +0x373
		gitlab.nethead.at/symflower/symflower/cmd/symflower-local/generate.(*Generator).Symbols(0xc0000bc930, 0x0, 0x0)
			gitlab.nethead.at/symflower/symflower/cmd/symflower-local/generate/generate.go:94 +0x136
		gitlab.nethead.at/symflower/symflower/cmd/symflower-local/generate.(*AnalyzeEngineDefault).UnitTests(0x2b?, 0x124bba0?, {0x21eb890?, 0xc00004c120?}, {0x60?, 0xe6?, 0x13?, 0x0?}, 0x2b?, {0xc0000bc510, ...})
			gitlab.nethead.at/symflower/symflower/cmd/symflower-local/generate/analyze.go:153 +0x77
		gitlab.nethead.at/symflower/symflower/cmd/symflower-local/cmd.(*commandUnitTests).Execute(0xc0004e12d8, {0xc0004e0f08?, 0x79b9a8289218?, 0xc0004e12d8?})
			gitlab.nethead.at/symflower/symflower/cmd/symflower-local/cmd/unit-tests.go:85 +0x2a6
		gitlab.nethead.at/symflower/symflower/cmd.ExecuteNoExit({0x21de020, 0xc0004e0f08}, {0xc00019e000?, 0x0?, 0x0?})
			gitlab.nethead.at/symflower/symflower/cmd/execute.go:59 +0x2ad
		gitlab.nethead.at/symflower/symflower/cmd.Execute({0x21de020?, 0xc0004e0f08?}, {0xc00019e000?, 0xc0001802e0?, 0xc000051f10?})
			gitlab.nethead.at/symflower/symflower/cmd/execute.go:17 +0x26
		gitlab.nethead.at/symflower/symflower/cmd.ExecuteWithOSArguments(...)
			gitlab.nethead.at/symflower/symflower/cmd/execute.go:78
		main.main.func1()
			gitlab.nethead.at/symflower/symflower/cmd/symflower-demo/main.go:39 +0x34
		gitlab.nethead.at/symflower/symflower/cmd/symflower-local/cmd.(*Command).WithPanicReporter(0xc000110060?, 0x0?)
			gitlab.nethead.at/symflower/symflower/cmd/symflower-local/cmd/cmd.go:151 +0x33
		main.main()
			gitlab.nethead.at/symflower/symflower/cmd/symflower-demo/main.go:38 +0x7f
src/org/mockito/internal/util/reflection/Fields.java: error: unknown function
	data: [<nil> java/util/ArrayList//ArrayList [pointer(reference(org/mockito/internal/util/reflection/InstanceField))] [select(this, instanceFields)]]
src/org/mockito/internal/util/reflection/Fields.java: error: unknown function
	data: [<nil> java/util/ArrayList//ArrayList [pointer(reference(java/lang/String))] [call(select(ensure_not_nil(select(this, instanceFields)), size!d41d8cd98f00b204e9800998ecf8427e), [])]]
src/org/mockito/internal/util/reflection/Fields.java: error: unknown import
	data: java/lang/reflect/Field
src/org/mockito/internal/util/reflection/GenericMaster.java: internal error: type does not support nil values
	data: unsupported(java/lang/reflect/ParameterizedType)
src/org/mockito/internal/util/reflection/GenericMaster.java: error: unknown import
	data: java/lang/reflect/Field
src/org/mockito/internal/util/reflection/GenericMaster.java: error: unknown import
	data: java/lang/reflect/ParameterizedType
src/org/mockito/internal/util/reflection/GenericMaster.java: error: unknown import
	data: java/lang/reflect/Type
src/org/mockito/internal/util/reflection/GenericMaster.java: error: unknown type
	data: SuppressWarnings
src/org/mockito/internal/util/reflection/GenericMetadataSupport.java: error: unknown function
	data: [<nil> getClass [] []]
src/org/mockito/internal/util/reflection/GenericMetadataSupport.java: error: unknown function
	data: [genericInstance(reference(java/lang/Class), [wildcard(, pointer(reference(java/lang/Object)))]) java/lang/Class<descendant of java/lang/Object>//getTypeParameters [] []]
src/org/mockito/internal/util/reflection/GenericMetadataSupport.java: error: unknown function
	data: [pointer(reference(java/lang/Object)) java/lang/Object//getClass [] []]
src/org/mockito/internal/util/reflection/GenericMetadataSupport.java: error: unknown type
	data: TypeVariable
src/org/mockito/internal/util/reflection/GenericMetadataSupport.java: error: unknown function
	data: [genericInstance(reference(java/lang/Class), [wildcard(, pointer(reference(java/lang/Object)))]) java/lang/Class<descendant of java/lang/Object>//getTypeParameters [] []]
src/org/mockito/internal/util/reflection/GenericMetadataSupport.java: internal error: type does not support nil values
	data: unsupported(ParameterizedType)
src/org/mockito/internal/util/reflection/GenericMetadataSupport.java: internal error: type does not support nil values
	data: unsupported(TypeVariable)
src/org/mockito/internal/util/reflection/GenericMetadataSupport.java: error: unknown type
	data: WildcardType
src/org/mockito/internal/util/reflection/GenericMetadataSupport.java: error: unknown type
	data: Method
src/org/mockito/internal/util/reflection/GenericMetadataSupport.java: error: an unsupported collection type has been used for this operation
	data: genericInstance(unsupported(List), [unsupported(Type)])
src/org/mockito/internal/util/reflection/GenericMetadataSupport.java: error: unknown type
	data: ParameterizedType
src/org/mockito/internal/util/reflection/GenericMetadataSupport.java: internal error: type does not support nil values
	data: unsupported(ParameterizedType)
src/org/mockito/internal/util/reflection/GenericMetadataSupport.java: error: unknown type
	data: LinkedHashMap
src/org/mockito/internal/util/reflection/GenericMetadataSupport.java: error: unknown identifier
	data: actualTypeArguments
src/org/mockito/internal/util/reflection/GenericMetadataSupport.java: internal error: type does not support nil values
	data: unsupported(TypeVariable)
src/org/mockito/internal/util/reflection/GenericMetadataSupport.java: error: unknown function
	data: [pointer(genericInstance(reference(java/lang/Class), [wildcard(, pointer(reference(java/lang/Object)))])) java/lang/Class<descendant of java/lang/Object>//getGenericInterfaces [] []]
src/org/mockito/internal/util/reflection/GenericMetadataSupport.java: error: unknown import
	data: java/lang/reflect
src/org/mockito/internal/util/reflection/GenericMetadataSupport.java: error: unknown type
	data: HashMap
src/org/mockito/internal/util/reflection/GenericMetadataSupport.java: internal error: type does not support nil values
	data: unsupported(TypeVariable)
src/org/mockito/internal/util/reflection/GenericMetadataSupport.java: error: unknown field
	data: [this struct(org/mockito/internal/util/reflection/GenericMetadataSupport, [], [pointer(reference(java/lang/Object))], []) Collections]
src/org/mockito/internal/util/reflection/GenericMetadataSupport.java: error: unknown field
	data: [this struct(org/mockito/internal/util/reflection/GenericMetadataSupport//TypeVarBoundedType, [], [pointer(reference(java/lang/Object))], [reference(org/mockito/internal/util/reflection/GenericMetadataSupport//BoundedType)]) Arrays]
src/org/mockito/internal/util/reflection/GenericMetadataSupport.java: error: unknown type
	data: Type
src/org/mockito/internal/util/reflection/GenericMetadataSupport.java: internal error: type does not support nil values
	data: unsupported(ParameterizedType)
src/org/mockito/internal/util/reflection/GenericMetadataSupport.java: error: unknown function
	data: [pointer(genericInstance(reference(java/lang/Class), [wildcard(, pointer(reference(java/lang/Object)))])) java/lang/Class<descendant of java/lang/Object>//getGenericSuperclass [] []]
src/org/mockito/internal/util/reflection/GenericMetadataSupport.java: internal error: expression does not have the same type as the targeted index type
	data: make(array(unsupported(Type), primitive(int, 32, false), 0), -(unsupported, 1))
src/org/mockito/internal/util/reflection/GenericMetadataSupport.java: internal error: type does not support nil values
	data: unsupported(ParameterizedType)
src/org/mockito/internal/util/reflection/GenericMetadataSupport.java: error: unknown function
	data: [pointer(genericInstance(reference(java/lang/Class), [wildcard(, pointer(reference(java/lang/Object)))])) java/lang/Class<descendant of java/lang/Object>//getTypeParameters [] []]
src/org/mockito/internal/util/reflection/GenericMetadataSupport.java: internal error: type does not support nil values
	data: unsupported(ParameterizedType)
src/org/mockito/internal/util/reflection/GenericMetadataSupport.java: error: unknown field
	data: [this struct(org/mockito/internal/util/reflection/GenericMetadataSupport//TypeVariableReturnType, [], [pointer(reference(org/mockito/internal/util/reflection/GenericMetadataSupport))], []) Arrays]
src/org/mockito/internal/util/reflection/GenericMetadataSupport.java: error: unknown field
	data: [this struct(org/mockito/internal/util/reflection/GenericMetadataSupport//TypeVariableReturnType, [], [pointer(reference(org/mockito/internal/util/reflection/GenericMetadataSupport))], []) Collections]
src/org/mockito/internal/util/reflection/GenericMetadataSupport.java: internal error: type does not support nil values
	data: unsupported(ParameterizedType)
src/org/mockito/internal/util/reflection/InstanceField.java: error: unknown import
	data: java/lang/reflect/Field
src/org/mockito/internal/util/reflection/InstanceField.java: error: unknown function
	data: [<nil> getClass [] []]
src/org/mockito/internal/util/reflection/InstanceField.java: error: unknown function
	data: [pointer(reference(java/lang/Object)) java/lang/Object//getClass [] []]
src/org/mockito/internal/util/reflection/LenientCopyTool.java: error: unknown type
	data: SuppressWarnings
src/org/mockito/internal/util/reflection/LenientCopyTool.java: error: unknown function
	data: [<nil> copy [] [from mock unsupported unsupported]]
src/org/mockito/internal/util/reflection/LenientCopyTool.java: error: unknown function
	data: [pointer(genericInstance(reference(java/lang/Class), [])) java/lang/Class<java/lang/Object>//getSuperclass [] []]
src/org/mockito/internal/util/reflection/LenientCopyTool.java: error: unknown import
	data: java/lang/reflect/Field
src/org/mockito/internal/util/reflection/LenientCopyTool.java: error: unknown import
	data: java/lang/reflect/Modifier
src/org/mockito/internal/util/reflection/LenientCopyTool.java: error: unknown function
	data: [<nil> copy [] [from to unsupported unsupported]]
src/org/mockito/internal/util/reflection/LenientCopyTool.java: error: unknown function
	data: [<nil> copyValues [] [from to fromClazz]]
src/org/mockito/internal/util/reflection/LenientCopyTool.java: error: unknown function
	data: [pointer(genericInstance(reference(java/lang/Class), [])) java/lang/Class<java/lang/Object>//getDeclaredFields [] []]
src/org/mockito/internal/util/reflection/LenientCopyTool.java: error: unknown function
	data: [struct(org/mockito/internal/util/reflection/FieldCopier, [], [pointer(reference(java/lang/Object))], []) org/mockito/internal/util/reflection/FieldCopier//copyValue [] [from mock field]]
src/org/mockito/internal/util/reflection/SuperTypesLastSorter.java: error: unknown import
	data: java/lang/reflect/Field
src/org/mockito/internal/util/reflection/SuperTypesLastSorter.java: error: unknown import
	data: java/util/Collections
src/org/mockito/internal/util/reflection/SuperTypesLastSorter.java: error: unknown function
	data: [<nil> java/util/ArrayList//ArrayList [unsupported(java/lang/reflect/Field)] [unsortedFields]]
src/org/mockito/internal/util/reflection/SuperTypesLastSorter.java: error: unknown function
	data: [pointer(genericInstance(reference(java/lang/Class), [wildcard(, pointer(reference(java/lang/Object)))])) java/lang/Class<descendant of java/lang/Object>//isAssignableFrom [] [t]]
src/org/mockito/internal/util/reflection/SuperTypesLastSorter.java: error: unknown identifier
	data: this
src/org/mockito/internal/util/reflection/Whitebox.java: error: unknown function
	data: [pointer(genericInstance(reference(java/lang/Class), [wildcard(, pointer(reference(java/lang/Object)))])) java/lang/Class<descendant of java/lang/Object>//getDeclaredField [] [field]]
src/org/mockito/internal/util/reflection/Whitebox.java: error: unknown import
	data: java/lang/reflect/Field
src/org/mockito/internal/util/reflection/Whitebox.java: error: unknown function
	data: [pointer(reference(java/lang/Object)) java/lang/Object//getClass [] []]
src/org/mockito/internal/util/reflection/Whitebox.java: error: unknown function
	data: [pointer(genericInstance(reference(java/lang/Class), [wildcard(, pointer(reference(java/lang/Object)))])) java/lang/Class<descendant of java/lang/Object>//getSuperclass [] []]
src/org/mockito/internal/verification/DefaultRegisteredInvocations.java: error: unknown import
	data: java/util/LinkedList
src/org/mockito/internal/verification/NoMoreInteractions.java: error: unknown type
	data: SuppressWarnings
src/org/mockito/internal/verification/NoMoreInteractions.java: error: unknown function
	data: [struct(org/mockito/exceptions/Reporter, [], [pointer(reference(java/lang/Object))], []) org/mockito/exceptions/Reporter//noMoreInteractionsWanted [] [unverified cast(call(select(ensure_not_nil(data), getAllInvocations!d41d8cd98f00b204e9800998ecf8427e), []), pointer(genericInstance(reference(java/util/List), [])))]]
src/org/mockito/internal/verification/Only.java: error: unknown type
	data: SuppressWarnings
src/org/mockito/internal/verification/Only.java: error: unknown function
	data: [struct(org/mockito/exceptions/Reporter, [], [pointer(reference(java/lang/Object))], []) org/mockito/exceptions/Reporter//noMoreInteractionsWanted [] [unverified cast(invocations, pointer(genericInstance(reference(java/util/List), [])))]]
src/org/mockito/internal/verification/SingleRegisteredInvocation.java: error: unknown import
	data: java/util/Collections
src/org/mockito/internal/verification/VerificationOverTimeImpl.java: error: unknown field
	data: [this struct(org/mockito/internal/verification/VerificationOverTimeImpl, [], [pointer(reference(java/lang/Object))], [reference(org/mockito/verification/VerificationMode)]) Thread]
src/org/mockito/internal/verification/argumentmatching/ArgumentMatchingTool.java: error: unknown type
	data: SuppressWarnings
src/org/mockito/internal/verification/argumentmatching/ArgumentMatchingTool.java: error: unknown import
	data: java/util/LinkedList
src/org/mockito/internal/verification/argumentmatching/ArgumentMatchingTool.java: error: unknown import
	data: org/hamcrest/Matcher
src/org/mockito/internal/verification/argumentmatching/ArgumentMatchingTool.java: error: unknown import
	data: org/hamcrest/StringDescription
src/org/mockito/invocation/InvocationOnMock.java: error: unknown import
	data: java/lang/reflect/Method
src/org/mockito/junit/MockitoJUnitRule.java: error: unknown import
	data: org/junit/rules/MethodRule
src/org/mockito/junit/MockitoJUnitRule.java: error: unknown import
	data: org/junit/runners/model/FrameworkMethod
src/org/mockito/junit/MockitoJUnitRule.java: error: unknown import
	data: org/junit/runners/model/Statement
src/org/mockito/junit/MockitoJUnitRule.java: error: unknown type
	data: Deprecated
src/org/mockito/junit/MockitoRule.java: error: unknown import
	data: org/junit/rules/MethodRule
src/org/mockito/mock/MockCreationSettings.java: error: unknown import
	data: java/util/Set
src/org/mockito/runners/ConsoleSpammingMockitoJUnitRunner.java: error: unknown import
	data: org/junit/runner/Description
src/org/mockito/runners/ConsoleSpammingMockitoJUnitRunner.java: error: unknown import
	data: org/junit/runner/Runner
src/org/mockito/runners/ConsoleSpammingMockitoJUnitRunner.java: error: unknown import
	data: org/junit/runner/manipulation/Filter
src/org/mockito/runners/ConsoleSpammingMockitoJUnitRunner.java: error: unknown import
	data: org/junit/runner/notification/Failure
src/org/mockito/runners/ConsoleSpammingMockitoJUnitRunner.java: error: unknown import
	data: org/junit/runner/notification/RunListener
src/org/mockito/runners/ConsoleSpammingMockitoJUnitRunner.java: error: unknown import
	data: org/junit/runner/notification/RunNotifier
src/org/mockito/runners/ConsoleSpammingMockitoJUnitRunner.java: error: unknown function
	data: [struct(org/mockito/internal/runners/RunnerImpl, [], [unsupported(org/junit/runner/manipulation/Filterable)], []) org/mockito/internal/runners/RunnerImpl//filter [] [filter]]
src/org/mockito/runners/ConsoleSpammingMockitoJUnitRunner.java: error: unknown import
	data: org/junit/runner/manipulation/Filterable
src/org/mockito/runners/ConsoleSpammingMockitoJUnitRunner.java: error: unknown import
	data: org/junit/runner/manipulation/NoTestsRemainException
src/org/mockito/runners/ConsoleSpammingMockitoJUnitRunner.java: error: unknown import
	data: org/junit/runners/BlockJUnit4ClassRunner
src/org/mockito/runners/ConsoleSpammingMockitoJUnitRunner.java: error: unknown import
	data: java/lang/reflect/InvocationTargetException
src/org/mockito/runners/MockitoJUnit44Runner.java: error: unknown import
	data: java/lang/reflect/InvocationTargetException
src/org/mockito/runners/MockitoJUnit44Runner.java: error: unknown type
	data: Deprecated
src/org/mockito/runners/MockitoJUnitRunner.java: error: unknown import
	data: org/junit/runner/notification/RunNotifier
src/org/mockito/runners/MockitoJUnitRunner.java: error: unknown import
	data: java/lang/reflect/InvocationTargetException
src/org/mockito/runners/MockitoJUnitRunner.java: error: unknown function
	data: [struct(org/mockito/internal/runners/RunnerImpl, [], [unsupported(org/junit/runner/manipulation/Filterable)], []) org/mockito/internal/runners/RunnerImpl//filter [] [filter]]
src/org/mockito/runners/MockitoJUnitRunner.java: error: unknown import
	data: org/junit/runner/Description
src/org/mockito/runners/MockitoJUnitRunner.java: error: unknown import
	data: org/junit/runner/Runner
src/org/mockito/runners/MockitoJUnitRunner.java: error: unknown import
	data: org/junit/runner/manipulation/Filter
src/org/mockito/runners/MockitoJUnitRunner.java: error: unknown import
	data: org/junit/runner/manipulation/Filterable
src/org/mockito/runners/MockitoJUnitRunner.java: error: unknown import
	data: org/junit/runner/manipulation/NoTestsRemainException
src/org/mockito/runners/VerboseMockitoJUnitRunner.java: error: unknown import
	data: org/junit/runner/Description
src/org/mockito/runners/VerboseMockitoJUnitRunner.java: error: unknown import
	data: org/junit/runner/manipulation/Filter
src/org/mockito/runners/VerboseMockitoJUnitRunner.java: error: unknown import
	data: org/junit/runner/manipulation/NoTestsRemainException
src/org/mockito/runners/VerboseMockitoJUnitRunner.java: error: unknown import
	data: org/junit/runner/notification/RunListener
src/org/mockito/runners/VerboseMockitoJUnitRunner.java: error: unknown function
	data: [struct(org/mockito/internal/runners/RunnerImpl, [], [unsupported(org/junit/runner/manipulation/Filterable)], []) org/mockito/internal/runners/RunnerImpl//filter [] [filter]]
src/org/mockito/runners/VerboseMockitoJUnitRunner.java: error: unknown import
	data: org/junit/runner/Runner
src/org/mockito/runners/VerboseMockitoJUnitRunner.java: error: unknown import
	data: org/junit/runner/manipulation/Filterable
src/org/mockito/runners/VerboseMockitoJUnitRunner.java: error: unknown import
	data: org/junit/runner/notification/Failure
src/org/mockito/runners/VerboseMockitoJUnitRunner.java: error: unknown import
	data: org/junit/runner/notification/RunNotifier
src/org/mockito/runners/VerboseMockitoJUnitRunner.java: error: unknown import
	data: java/lang/reflect/InvocationTargetException
src/org/mockito/stubbing/Stubber.java: error: unknown type
	data: SuppressWarnings
src/org/mockito/stubbing/answers/ReturnsElementsOf.java: error: unknown type
	data: Deprecated
src/org/mockito/verification/VerificationWithTimeout.java: error: unknown type
	data: Deprecated
Found 0 Java files
Analyzed 0 out of 198 source files
Had 37 errors that block a full analysis
Generated 0 tests
Found 0 potential problems
The following issues prevent a full analysis:

* 315 cases of "unknown function"
	Description: Functions could not be resolved. This occurs due to missing dependencies,
  or if a called function is removed due to some other problem.

* 278 cases of "unknown import"
	Description: Imports could not be resolved. This is likely due to missing dependencies.

* 131 cases of "unknown type"
	Description: Types could not be resolved. This could be because of missing dependencies
  or a consequence of some other problem.

* 8 cases of "not all elements have the same type"
	Description: Arguments of a function call do not match the parameter types. This usually
  occurs if a called method is removed due to some other problem, and another
  method with the same name is selected to be called.

* 15 cases of "other issues"
	Description: Uncategorized problems.

