Analyzing workspace /home/ph7/sqa-project/workspaces/mockito_20b/
Search for Go files
Found 0 Go files
Search for Java files
Load dependency stdlib:@dev
src/org/mockito/AdditionalAnswers.java: error: unknown type
	data: SuppressWarnings
src/org/mockito/AdditionalMatchers.java: error: unknown function
	data: [<nil> org/mockito/internal/matchers/LessOrEqual//LessOrEqual [pointer(reference(java/lang/Integer))] [value]]
src/org/mockito/AdditionalMatchers.java: error: unknown function
	data: [<nil> org/mockito/internal/matchers/GreaterThan//GreaterThan [pointer(reference(java/lang/Double))] [value]]
src/org/mockito/AdditionalMatchers.java: error: unknown function
	data: [<nil> org/mockito/internal/matchers/EqualsWithDelta//EqualsWithDelta [] [value delta]]
src/org/mockito/AdditionalMatchers.java: error: unknown function
	data: [<nil> org/mockito/internal/matchers/GreaterOrEqual//GreaterOrEqual [pointer(reference(java/lang/Double))] [value]]
src/org/mockito/AdditionalMatchers.java: error: unknown function
	data: [<nil> org/mockito/internal/matchers/LessOrEqual//LessOrEqual [pointer(reference(java/lang/Byte))] [value]]
src/org/mockito/AdditionalMatchers.java: error: unknown function
	data: [<nil> org/mockito/internal/matchers/LessThan//LessThan [pointer(reference(java/lang/Float))] [value]]
src/org/mockito/AdditionalMatchers.java: error: unknown function
	data: [<nil> reportMatcher [] [call(org/mockito/internal/matchers/Find//Find!efbb7192f0412fb225b1065a0117385c, [regex])]]
src/org/mockito/AdditionalMatchers.java: error: unknown function
	data: [<nil> org/mockito/internal/matchers/ArrayEquals//ArrayEquals [] [value]]
src/org/mockito/AdditionalMatchers.java: error: unknown function
	data: [<nil> org/mockito/internal/matchers/LessThan//LessThan [pointer(reference(java/lang/Short))] [value]]
src/org/mockito/AdditionalMatchers.java: error: unknown function
	data: [<nil> org/mockito/internal/matchers/ArrayEquals//ArrayEquals [] [value]]
src/org/mockito/AdditionalMatchers.java: error: unknown function
	data: [<nil> org/mockito/internal/matchers/GreaterOrEqual//GreaterOrEqual [pointer(reference(java/lang/Byte))] [value]]
src/org/mockito/AdditionalMatchers.java: error: unknown function
	data: [<nil> org/mockito/internal/matchers/GreaterOrEqual//GreaterOrEqual [pointer(reference(java/lang/Long))] [value]]
src/org/mockito/AdditionalMatchers.java: error: unknown function
	data: [<nil> org/mockito/internal/matchers/LessOrEqual//LessOrEqual [pointer(reference(java/lang/Double))] [value]]
src/org/mockito/AdditionalMatchers.java: error: unknown function
	data: [<nil> org/mockito/internal/matchers/LessOrEqual//LessOrEqual [pointer(reference(java/lang/Short))] [value]]
src/org/mockito/AdditionalMatchers.java: error: unknown function
	data: [<nil> org/mockito/internal/matchers/GreaterThan//GreaterThan [pointer(reference(java/lang/Long))] [value]]
src/org/mockito/AdditionalMatchers.java: error: unknown function
	data: [<nil> org/mockito/internal/matchers/LessThan//LessThan [pointer(reference(java/lang/Integer))] [value]]
src/org/mockito/AdditionalMatchers.java: error: unknown function
	data: [<nil> org/mockito/internal/matchers/GreaterOrEqual//GreaterOrEqual [pointer(reference(java/lang/Float))] [value]]
src/org/mockito/AdditionalMatchers.java: error: unknown function
	data: [<nil> org/mockito/internal/matchers/GreaterThan//GreaterThan [pointer(reference(java/lang/Byte))] [value]]
src/org/mockito/AdditionalMatchers.java: error: unknown function
	data: [<nil> org/mockito/internal/matchers/LessThan//LessThan [pointer(reference(java/lang/Long))] [value]]
src/org/mockito/AdditionalMatchers.java: error: unknown function
	data: [<nil> org/mockito/internal/matchers/ArrayEquals//ArrayEquals [] [value]]
src/org/mockito/AdditionalMatchers.java: error: unknown function
	data: [<nil> org/mockito/internal/matchers/ArrayEquals//ArrayEquals [] [value]]
src/org/mockito/AdditionalMatchers.java: error: unknown function
	data: [struct(org/mockito/internal/progress/ArgumentMatcherStorage, [], [pointer(reference(java/lang/Object))], []) org/mockito/internal/progress/ArgumentMatcherStorage//reportMatcher [] [matcher]]
src/org/mockito/AdditionalMatchers.java: error: unknown function
	data: [<nil> org/mockito/internal/matchers/GreaterThan//GreaterThan [pointer(reference(java/lang/Integer))] [value]]
src/org/mockito/AdditionalMatchers.java: error: unknown function
	data: [<nil> org/mockito/internal/matchers/ArrayEquals//ArrayEquals [] [value]]
src/org/mockito/AdditionalMatchers.java: error: unknown function
	data: [<nil> org/mockito/internal/matchers/ArrayEquals//ArrayEquals [] [value]]
src/org/mockito/AdditionalMatchers.java: error: unknown function
	data: [<nil> org/mockito/internal/matchers/ArrayEquals//ArrayEquals [] [value]]
src/org/mockito/AdditionalMatchers.java: error: unknown function
	data: [<nil> org/mockito/internal/matchers/EqualsWithDelta//EqualsWithDelta [] [value delta]]
src/org/mockito/AdditionalMatchers.java: error: unknown function
	data: [<nil> org/mockito/internal/matchers/GreaterOrEqual//GreaterOrEqual [pointer(reference(java/lang/Short))] [value]]
src/org/mockito/AdditionalMatchers.java: error: unknown function
	data: [<nil> org/mockito/internal/matchers/LessOrEqual//LessOrEqual [pointer(reference(java/lang/Long))] [value]]
src/org/mockito/AdditionalMatchers.java: error: unknown function
	data: [<nil> org/mockito/internal/matchers/LessThan//LessThan [pointer(reference(java/lang/Double))] [value]]
src/org/mockito/AdditionalMatchers.java: error: unknown function
	data: [<nil> org/mockito/internal/matchers/GreaterOrEqual//GreaterOrEqual [pointer(reference(java/lang/Integer))] [value]]
src/org/mockito/AdditionalMatchers.java: error: unknown function
	data: [<nil> org/mockito/internal/matchers/GreaterThan//GreaterThan [pointer(reference(java/lang/Float))] [value]]
src/org/mockito/AdditionalMatchers.java: error: unknown function
	data: [<nil> org/mockito/internal/matchers/GreaterThan//GreaterThan [pointer(reference(java/lang/Short))] [value]]
src/org/mockito/AdditionalMatchers.java: error: unknown function
	data: [<nil> org/mockito/internal/matchers/LessThan//LessThan [pointer(reference(java/lang/Byte))] [value]]
src/org/mockito/AdditionalMatchers.java: error: unknown function
	data: [<nil> org/mockito/internal/matchers/ArrayEquals//ArrayEquals [] [value]]
src/org/mockito/AdditionalMatchers.java: error: unknown function
	data: [<nil> org/mockito/internal/matchers/ArrayEquals//ArrayEquals [] [value]]
src/org/mockito/AdditionalMatchers.java: error: unknown function
	data: [<nil> org/mockito/internal/matchers/LessOrEqual//LessOrEqual [pointer(reference(java/lang/Float))] [value]]
src/org/mockito/Answers.java: error: unknown type
	data: Deprecated
src/org/mockito/ArgumentCaptor.java: error: unknown type
	data: Deprecated
src/org/mockito/ArgumentMatcher.java: error: unknown import
	data: org/hamcrest/BaseMatcher
src/org/mockito/ArgumentMatcher.java: error: unknown import
	data: org/hamcrest/Description
src/org/mockito/ArgumentMatcher.java: error: unknown import
	data: org/hamcrest/Matcher
src/org/mockito/ArgumentMatcher.java: error: unknown function
	data: [<nil> getClass [] []]
src/org/mockito/BDDMockito.java: error: unknown function
	data: [<nil> verify [] [select(this, mock) mode]]
src/org/mockito/BDDMockito.java: error: unknown function
	data: [struct(org/mockito/stubbing/Stubber, [], [pointer(reference(java/lang/Object))], []) org/mockito/stubbing/Stubber//when [] [mock]]
src/org/mockito/BDDMockito.java: error: unknown type
	data: SuppressWarnings
src/org/mockito/BDDMockito.java: error: unknown type
	data: Deprecated
src/org/mockito/BDDMockito.java: error: unknown function
	data: [struct(org/mockito/Mockito, [], [pointer(reference(org/mockito/Matchers))], []) org/mockito/Mockito//when [] [methodCall]]
src/org/mockito/BDDMockito.java: error: unknown function
	data: [<nil> verify [] [select(this, mock)]]
src/org/mockito/Matchers.java: error: unknown function
	data: [<nil> notNull [] [clazz]]
src/org/mockito/Matchers.java: error: unknown function
	data: [struct(org/mockito/internal/progress/ArgumentMatcherStorage, [], [pointer(reference(java/lang/Object))], []) org/mockito/internal/progress/ArgumentMatcherStorage//reportMatcher [] [matcher]]
src/org/mockito/Matchers.java: error: unknown import
	data: org/hamcrest/Matcher
src/org/mockito/Matchers.java: error: unknown type
	data: SuppressWarnings
src/org/mockito/Matchers.java: error: unknown function
	data: [<nil> org/mockito/internal/matchers/Equals//Equals [] [value]]
src/org/mockito/Matchers.java: error: unknown function
	data: [<nil> org/mockito/internal/matchers/Same//Same [] [value]]
src/org/mockito/Matchers.java: error: unknown import
	data: java/util/Set
src/org/mockito/Matchers.java: internal error: not all elements have the same type
	data: [function(<nil>, org/mockito/Matchers//anyList!d41d8cd98f00b204e9800998ecf8427e, [], [variable(, pointer(genericInstance(reference(java/util/List), [])))], block([return([unsupported])])) return([call(org/mockito/Matchers//anyList!d41d8cd98f00b204e9800998ecf8427e, [])])]
src/org/mockito/Matchers.java: internal error: not all elements have the same type
	data: [function(<nil>, org/mockito/Matchers//anyMap!d41d8cd98f00b204e9800998ecf8427e, [], [variable(, pointer(genericInstance(reference(java/util/Map), [])))], block([return([unsupported])])) return([call(org/mockito/Matchers//anyMap!d41d8cd98f00b204e9800998ecf8427e, [])])]
src/org/mockito/Matchers.java: internal error: not all elements have the same type
	data: [function(<nil>, org/mockito/Matchers//anyCollection!d41d8cd98f00b204e9800998ecf8427e, [], [variable(, pointer(genericInstance(reference(java/util/Collection), [])))], block([return([unsupported])])) return([call(org/mockito/Matchers//anyCollection!d41d8cd98f00b204e9800998ecf8427e, [])])]
src/org/mockito/Matchers.java: error: unknown function
	data: [<nil> org/mockito/internal/matchers/apachecommons/ReflectionEquals//ReflectionEquals [] [value excludeFields]]
src/org/mockito/MockSettings.java: error: unknown type
	data: SuppressWarnings
src/org/mockito/Mockito.java: error: unknown type
	data: SuppressWarnings
src/org/mockito/Mockito.java: error: unknown function
	data: [<nil> mock [] [classToMock call(select(ensure_not_nil(call(select(ensure_not_nil(call(org/mockito/Mockito//withSettings!d41d8cd98f00b204e9800998ecf8427e, [])), name!efbb7192f0412fb225b1065a0117385c), [name])), defaultAnswer!4949a982cbc8c3e178d651dd47722539), [org/mockito/Mockito//RETURNS_DEFAULTS])]]
src/org/mockito/Mockito.java: error: unknown function
	data: [pointer(reference(org/mockito/internal/MockitoCore)) org/mockito/internal/MockitoCore//stub [] [methodCall]]
src/org/mockito/Mockito.java: error: unknown function
	data: [<nil> mock [] [classToMock call(select(ensure_not_nil(call(org/mockito/Mockito//withSettings!d41d8cd98f00b204e9800998ecf8427e, [])), defaultAnswer!4949a982cbc8c3e178d651dd47722539), [org/mockito/Mockito//RETURNS_DEFAULTS])]]
src/org/mockito/Mockito.java: error: unknown function
	data: [<nil> mock [] [classToMock call(select(ensure_not_nil(call(org/mockito/Mockito//withSettings!d41d8cd98f00b204e9800998ecf8427e, [])), defaultAnswer!4949a982cbc8c3e178d651dd47722539), [cast(call(org/mockito/internal/stubbing/answers/AnswerReturnValuesAdapter//AnswerReturnValuesAdapter!12ce7ae7144c8e2d8e4c4bee892728a8, [returnValues]), pointer(genericInstance(reference(org/mockito/stubbing/Answer), [])))])]]
src/org/mockito/Mockito.java: error: unknown function
	data: [<nil> mock [] [classToMock call(select(ensure_not_nil(call(org/mockito/Mockito//withSettings!d41d8cd98f00b204e9800998ecf8427e, [])), defaultAnswer!4949a982cbc8c3e178d651dd47722539), [defaultAnswer])]]
src/org/mockito/Mockito.java: error: unknown function
	data: [struct(org/mockito/MockSettings, [], [reference(java/io/Serializable)], []) org/mockito/MockSettings//spiedInstance [] [object]]
src/org/mockito/Mockito.java: error: unknown function
	data: [pointer(reference(org/mockito/internal/MockitoCore)) org/mockito/internal/MockitoCore//reset [] [mocks]]
src/org/mockito/Mockito.java: error: unknown function
	data: [pointer(reference(org/mockito/internal/MockitoCore)) org/mockito/internal/MockitoCore//mock [] [classToSpy call(select(ensure_not_nil(call(select(ensure_not_nil(call(org/mockito/Mockito//withSettings!d41d8cd98f00b204e9800998ecf8427e, [])), useConstructor!d41d8cd98f00b204e9800998ecf8427e), [])), defaultAnswer!4949a982cbc8c3e178d651dd47722539), [org/mockito/Mockito//CALLS_REAL_METHODS])]]
src/org/mockito/Mockito.java: error: unknown function
	data: [pointer(reference(org/mockito/internal/MockitoCore)) org/mockito/internal/MockitoCore//when [] [methodCall]]
src/org/mockito/Mockito.java: error: unknown function
	data: [pointer(reference(org/mockito/internal/MockitoCore)) org/mockito/internal/MockitoCore//verify [] [mock mode]]
src/org/mockito/Mockito.java: error: unknown function
	data: [pointer(reference(org/mockito/internal/MockitoCore)) org/mockito/internal/MockitoCore//stubVoid [] [mock]]
src/org/mockito/Mockito.java: error: unknown type
	data: Deprecated
src/org/mockito/Mockito.java: error: unknown function
	data: [pointer(reference(org/mockito/internal/MockitoCore)) org/mockito/internal/MockitoCore//mock [] [classToMock mockSettings]]
src/org/mockito/Mockito.java: error: unknown function
	data: [pointer(reference(org/mockito/internal/MockitoCore)) org/mockito/internal/MockitoCore//verify [] [mock call(org/mockito/Mockito//times!82a13d2b9378b45b5451d30242dc1218, [1])]]
src/org/mockito/MockitoAnnotations.java: error: unknown import
	data: java/lang/reflect/Field
src/org/mockito/MockitoAnnotations.java: error: unknown function
	data: [pointer(reference(java/lang/Object)) java/lang/Object//getClass [] []]
src/org/mockito/MockitoAnnotations.java: error: unknown function
	data: [pointer(genericInstance(reference(java/lang/Class), [wildcard(, pointer(reference(java/lang/Object)))])) java/lang/Class<descendant of java/lang/Object>//getDeclaredFields [] []]
src/org/mockito/MockitoAnnotations.java: error: unknown type
	data: SuppressWarnings
src/org/mockito/MockitoAnnotations.java: error: unknown function
	data: [reference(org/mockito/configuration/AnnotationEngine) org/mockito/configuration/AnnotationEngine//getClass [] []]
src/org/mockito/MockitoAnnotations.java: error: unknown function
	data: [struct(org/mockito/configuration/AnnotationEngine, [], [pointer(reference(java/lang/Object))], []) org/mockito/configuration/AnnotationEngine//getClass [] []]
src/org/mockito/MockitoAnnotations.java: error: unknown function
	data: [pointer(genericInstance(reference(java/lang/Class), [wildcard(, pointer(reference(java/lang/Object)))])) java/lang/Class<descendant of java/lang/Object>//getSuperclass [] []]
src/org/mockito/ReturnValues.java: error: unknown type
	data: Deprecated
src/org/mockito/configuration/AnnotationEngine.java: error: unknown import
	data: java/lang/reflect/Field
src/org/mockito/configuration/AnnotationEngine.java: error: unknown type
	data: Deprecated
src/org/mockito/configuration/DefaultMockitoConfiguration.java: error: unknown type
	data: Deprecated
src/org/mockito/configuration/DefaultMockitoConfiguration.java: error: unknown type
	data: SuppressWarnings
src/org/mockito/configuration/IMockitoConfiguration.java: error: unknown type
	data: SuppressWarnings
src/org/mockito/configuration/IMockitoConfiguration.java: error: unknown type
	data: Deprecated
src/org/mockito/exceptions/Discrepancy.java: error: unknown type
	data: Deprecated
src/org/mockito/exceptions/Pluralizer.java: error: unknown type
	data: Deprecated
src/org/mockito/exceptions/PrintableInvocation.java: error: unknown type
	data: Deprecated
src/org/mockito/exceptions/Reporter.java: error: unknown function
	data: [pointer(reference(java/lang/Exception)) java/lang/Exception//getCause [] []]
src/org/mockito/exceptions/Reporter.java: error: unknown function
	data: [genericInstance(reference(java/lang/Class), [wildcard(, pointer(reference(java/lang/Object)))]) java/lang/Class<descendant of java/lang/Object>//getComponentType [] []]
src/org/mockito/exceptions/Reporter.java: error: unknown function
	data: [struct(java/lang/StringBuilder, [], [pointer(reference(java/lang/Object))], [reference(java/lang/CharSequence)]) java/lang/StringBuilder//append [] [call(select(ensure_not_nil(i), getLocation!d41d8cd98f00b204e9800998ecf8427e), [])]]
src/org/mockito/exceptions/Reporter.java: error: unknown import
	data: java/lang/reflect/Field
src/org/mockito/exceptions/Reporter.java: error: unknown import
	data: java/lang/reflect/Method
src/org/mockito/exceptions/Reporter.java: error: unknown function
	data: [pointer(reference(java/lang/Object)) java/lang/Object//getClass [] []]
src/org/mockito/exceptions/Reporter.java: error: unknown function
	data: [reference(org/mockito/listeners/InvocationListener) org/mockito/listeners/InvocationListener//getClass [] []]
src/org/mockito/exceptions/Reporter.java: error: unknown function
	data: [pointer(reference(java/lang/Throwable)) java/lang/Throwable//getClass [] []]
src/org/mockito/exceptions/base/MockitoAssertionError.java: error: unknown type
	data: StackTraceElement
src/org/mockito/exceptions/base/MockitoAssertionError.java: error: unknown function
	data: [<nil> getStackTrace [] []]
src/org/mockito/exceptions/base/MockitoException.java: error: unknown type
	data: StackTraceElement
src/org/mockito/exceptions/base/MockitoException.java: error: unknown function
	data: [<nil> getStackTrace [] []]
src/org/mockito/exceptions/base/MockitoSerializationIssue.java: error: unknown import
	data: java/io/ObjectStreamException
src/org/mockito/exceptions/base/MockitoSerializationIssue.java: error: unknown type
	data: StackTraceElement
src/org/mockito/exceptions/base/MockitoSerializationIssue.java: error: unknown function
	data: [<nil> initCause [] [cause]]
src/org/mockito/exceptions/base/MockitoSerializationIssue.java: error: unknown function
	data: [pointer(reference(org/mockito/internal/exceptions/stacktrace/ConditionalStackTraceFilter)) org/mockito/internal/exceptions/stacktrace/ConditionalStackTraceFilter//filter [] [this]]
src/org/mockito/exceptions/stacktrace/StackTraceCleaner.java: error: unknown type
	data: StackTraceElement
src/org/mockito/exceptions/verification/junit/ArgumentsAreDifferent.java: error: unknown import
	data: junit/framework/ComparisonFailure
src/org/mockito/exceptions/verification/junit/ArgumentsAreDifferent.java: error: unknown type
	data: StackTraceElement
src/org/mockito/exceptions/verification/junit/ArgumentsAreDifferent.java: error: unknown function
	data: [<nil> getStackTrace [] []]
src/org/mockito/exceptions/verification/junit/ArgumentsAreDifferent.java: error: unknown function
	data: [pointer(reference(org/mockito/internal/exceptions/stacktrace/ConditionalStackTraceFilter)) org/mockito/internal/exceptions/stacktrace/ConditionalStackTraceFilter//filter [] [this]]
src/org/mockito/exceptions/verification/junit/JUnitTool.java: error: unknown type
	data: Deprecated
src/org/mockito/internal/InOrderImpl.java: error: unknown function
	data: [genericInstance(reference(java/util/List), [pointer(reference(java/lang/Object))]) java/util/List<java/lang/Object>//addAll [] [mocksToBeVerifiedInOrder]]
src/org/mockito/internal/InOrderImpl.java: error: unknown function
	data: [pointer(reference(org/mockito/internal/InOrderImpl)) org/mockito/internal/InOrderImpl//verify [] [mock call(org/mockito/internal/verification/VerificationModeFactory//times!82a13d2b9378b45b5451d30242dc1218, [1])]]
src/org/mockito/internal/InOrderImpl.java: error: unknown function
	data: [genericInstance(reference(java/util/List), [pointer(reference(java/lang/Object))]) java/util/List<java/lang/Object>//contains [] [mock]]
src/org/mockito/internal/InOrderImpl.java: error: unknown function
	data: [reference(org/mockito/verification/VerificationMode) org/mockito/verification/VerificationMode//getClass [] []]
src/org/mockito/internal/InOrderImpl.java: error: unknown function
	data: [struct(org/mockito/internal/MockitoCore, [], [pointer(reference(java/lang/Object))], []) org/mockito/internal/MockitoCore//verify [] [mock call(org/mockito/internal/verification/InOrderWrapper//InOrderWrapper!67865028d008167db49086d39f42c099, [cast(mode, reference(org/mockito/internal/verification/api/VerificationInOrderMode)), this])]]
src/org/mockito/internal/InOrderImpl.java: error: unknown import
	data: java/util/LinkedList
src/org/mockito/internal/InternalMockHandler.java: error: unknown type
	data: SuppressWarnings
src/org/mockito/internal/MockitoCore.java: error: unknown import
	data: java/util/Arrays
src/org/mockito/internal/MockitoCore.java: error: unknown function
	data: [struct(org/mockito/internal/util/MockUtil, [], [pointer(reference(java/lang/Object))], []) org/mockito/internal/util/MockUtil//createMock [] [creationSettings]]
src/org/mockito/internal/MockitoCore.java: error: unknown function
	data: [struct(org/mockito/internal/progress/MockingProgress, [], [pointer(reference(java/lang/Object))], []) org/mockito/internal/progress/MockingProgress//mockingStarted [] [mock typeToMock]]
src/org/mockito/internal/MockitoCore.java: error: unknown function
	data: [struct(org/mockito/internal/util/MockUtil, [], [pointer(reference(java/lang/Object))], []) org/mockito/internal/util/MockUtil//isMock [] [mock]]
src/org/mockito/internal/MockitoCore.java: error: unknown function
	data: [struct(org/mockito/internal/util/MockUtil, [], [pointer(reference(java/lang/Object))], []) org/mockito/internal/util/MockUtil//resetMock [] [m]]
src/org/mockito/internal/MockitoCore.java: error: unknown function
	data: [struct(org/mockito/internal/util/MockUtil, [], [pointer(reference(java/lang/Object))], []) org/mockito/internal/util/MockUtil//getMockHandler [] [mock]]
src/org/mockito/internal/MockitoCore.java: error: unknown function
	data: [genericInstance(reference(java/lang/Class), [pointer(reference(java/lang/Object))]) java/lang/Class<java/lang/Object>//isInstance [] [settings]]
src/org/mockito/internal/MockitoCore.java: error: unknown function
	data: [pointer(genericInstance(reference(org/mockito/internal/creation/MockSettingsImpl), [])) org/mockito/internal/creation/MockSettingsImpl<java/lang/Object>//confirm [] [typeToMock]]
src/org/mockito/internal/MockitoCore.java: error: unknown function
	data: [<nil> org/mockito/internal/verification/MockAwareVerificationMode//MockAwareVerificationMode [] [mock mode]]
src/org/mockito/internal/MockitoCore.java: error: unknown type
	data: SuppressWarnings
src/org/mockito/internal/MockitoCore.java: error: unknown function
	data: [reference(org/mockito/MockSettings) org/mockito/MockSettings//getClass [] []]
src/org/mockito/internal/MockitoCore.java: error: unknown function
	data: [genericInstance(reference(java/lang/Class), [pointer(reference(java/lang/Object))]) java/lang/Class<java/lang/Object>//cast [] [settings]]
src/org/mockito/internal/configuration/CaptorAnnotationProcessor.java: error: unknown import
	data: java/lang/reflect/Field
src/org/mockito/internal/configuration/CaptorAnnotationProcessor.java: error: unknown function
	data: [genericInstance(reference(java/lang/Class), [pointer(reference(java/lang/Object))]) java/lang/Class<java/lang/Object>//isAssignableFrom [] [type]]
src/org/mockito/internal/configuration/ClassPathLoader.java: error: unknown import
	data: java/net/URL
src/org/mockito/internal/configuration/ClassPathLoader.java: error: unknown import
	data: java/util/Collections
src/org/mockito/internal/configuration/ClassPathLoader.java: error: unknown import
	data: java/util/Enumeration
src/org/mockito/internal/configuration/ClassPathLoader.java: error: unknown type
	data: SuppressWarnings
src/org/mockito/internal/configuration/ClassPathLoader.java: error: unknown function
	data: [struct(java/lang/Class, [], [pointer(reference(java/lang/Object))], []) java/lang/Class//forName [] [org/mockito/internal/configuration/ClassPathLoader//MOCKITO_CONFIGURATION_CLASS_NAME]]
src/org/mockito/internal/configuration/ClassPathLoader.java: error: unknown function
	data: [pointer(genericInstance(reference(java/lang/Class), [])) java/lang/Class<java/lang/Object>//newInstance [] []]
src/org/mockito/internal/configuration/DefaultAnnotationEngine.java: error: unknown type
	data: SuppressWarnings
src/org/mockito/internal/configuration/DefaultAnnotationEngine.java: error: Compound error: unresolved type with &modelast.TypeReference{
		    Name: "K",
		}
			(error) Internal error: unknown type:
		"K"
		Stacktrace: goroutine 1 [running]:
		gitlab.nethead.at/symflower/symflower/model/errors.NewInternalError({0x21de060, 0x2d25a00}, {0x12473e0, 0xc002dd1e40})
			gitlab.nethead.at/symflower/symflower/model/errors/error.go:852 +0x4e
		gitlab.nethead.at/symflower/symflower/model/errors.NewProblemWithErrorSeverity(...)
			gitlab.nethead.at/symflower/symflower/model/errors/problem.go:321
		gitlab.nethead.at/symflower/symflower/model/ast.(*Scope).GetType(0xc0026be2a0?, {0x2221c18, 0x1})
			gitlab.nethead.at/symflower/symflower/model/ast/scope.go:986 +0x85
		gitlab.nethead.at/symflower/symflower/model/ast.resolve(0xc0004be3c0, {0x2205848?, 0xc0007cf820}, 0xa0)
			gitlab.nethead.at/symflower/symflower/model/ast/type-resolve.go:362 +0x78
		gitlab.nethead.at/symflower/symflower/model/ast.ResolveReferencesAndAliases(...)
			gitlab.nethead.at/symflower/symflower/model/ast/type-resolve.go:320
		gitlab.nethead.at/symflower/symflower/model/ast.(*ExpressionCast).VerifyCast(0xc001d12000, 0xc0004be3c0)
			gitlab.nethead.at/symflower/symflower/model/ast/expression.go:2489 +0x34
		gitlab.nethead.at/symflower/symflower/model/ast.(*ExpressionCast).Verify(0xc001d12000, 0xc0004be3c0)
			gitlab.nethead.at/symflower/symflower/model/ast/expression.go:2693 +0x74
		gitlab.nethead.at/symflower/symflower/model/ast.WalkVerify.func2(0xc0004be3c0, {0x2203c70, 0xc001d12000})
			gitlab.nethead.at/symflower/symflower/model/ast/walk.go:52 +0x6d
		gitlab.nethead.at/symflower/symflower/model/ast.(*ExpressionCast).Walk(0xc001d12000, 0xc0004be3c0, 0x0, 0xc002dd1910)
			gitlab.nethead.at/symflower/symflower/model/ast/walk_gen.go:312 +0xa2
		gitlab.nethead.at/symflower/symflower/model/ast.(*Call).Walk(0xc002b1b400, 0xc0004be3c0, 0x0, 0xc002dd1910)
			gitlab.nethead.at/symflower/symflower/model/ast/walk_gen.go:146 +0x3d1
		gitlab.nethead.at/symflower/symflower/model/ast.(*StatementBlock).Walk(0xc001d12060, 0xc0004be3c0, 0x0, 0xc002dd1910)
			gitlab.nethead.at/symflower/symflower/model/ast/walk_gen.go:1379 +0x36b
		gitlab.nethead.at/symflower/symflower/model/ast.(*Function).Walk(0xc0012e1200, 0xc0004be3c0, 0x0, 0xc002dd1910)
			gitlab.nethead.at/symflower/symflower/model/ast/walk_gen.go:900 +0x5df
		gitlab.nethead.at/symflower/symflower/model/ast.WalkVerify(0xc0004be3c0, {0x2203368, 0xc0012e1200})
			gitlab.nethead.at/symflower/symflower/model/ast/walk.go:46 +0x127
		gitlab.nethead.at/symflower/symflower/language/java/symbol.(*transpiler).completeFunctionAndVerify(0xc00040a140, 0xc0013726c0, 0xc0012e1200)
			gitlab.nethead.at/symflower/symflower/language/java/symbol/handle.go:2822 +0x272
		gitlab.nethead.at/symflower/symflower/language/java/symbol.(*transpiler).handleMethodDeclarationBody(0xc00040a140, 0xc0013726c0, {0x2208170, 0xc001237d40}, 0xc0012e1200, 0x0)
			gitlab.nethead.at/symflower/symflower/language/java/symbol/handle.go:2540 +0x7b5
		gitlab.nethead.at/symflower/symflower/language/java/symbol.(*transpiler).handleClassAndInterfaceDeclarationBodies(0xc00040a140, 0xc0013726c0, 0xc001237d40)
			gitlab.nethead.at/symflower/symflower/language/java/symbol/handle.go:1534 +0x2f7
		gitlab.nethead.at/symflower/symflower/language/java/symbol.(*transpiler).handleClassDeclarationBodies(0xc00040a140, 0xc0013726c0, 0xc001237d40)
			gitlab.nethead.at/symflower/symflower/language/java/symbol/handle.go:1419 +0x106
		gitlab.nethead.at/symflower/symflower/language/java/symbol.(*transpiler).handleBodies.func1(0xc0013726c0, {0x2207578, 0xc001237d40})
			gitlab.nethead.at/symflower/symflower/language/java/symbol/symbols.go:532 +0x1ff
		gitlab.nethead.at/symflower/symflower/language/java/symbol.(*transpiler).walkSubDeclarations(0xc00040a140, 0xc0013726c0, 0xc001539760, 0xc0012ccae0, 0xc0012b3f40, {0x2207578, 0xc001237d40})
			gitlab.nethead.at/symflower/symflower/language/java/symbol/symbols.go:869 +0x1ee
		gitlab.nethead.at/symflower/symflower/language/java/symbol.(*transpiler).walkFile(0xc00040a140, 0x1, 0x2088c58, 0xc001539760, 0xc0012ccae0, 0xc0012b3f40)
			gitlab.nethead.at/symflower/symflower/language/java/symbol/symbols.go:625 +0x3c5
		gitlab.nethead.at/symflower/symflower/language/java/symbol.(*transpiler).walkPackage(0xc00040a140, 0x1, 0x2088c58, 0xc001539760, 0xc0012ccae0)
			gitlab.nethead.at/symflower/symflower/language/java/symbol/symbols.go:583 +0x225
		gitlab.nethead.at/symflower/symflower/language/java/symbol.(*transpiler).walkFilesAndDeclarations(0xc00040a140, 0x1, 0x2088c58, 0xc001539760)
			gitlab.nethead.at/symflower/symflower/language/java/symbol/symbols.go:566 +0xa5
		gitlab.nethead.at/symflower/symflower/language/java/symbol.(*transpiler).handleBodies(0xc00040a140)
			gitlab.nethead.at/symflower/symflower/language/java/symbol/symbols.go:513 +0x65
		gitlab.nethead.at/symflower/symflower/language/java/symbol.symbolsWithDependencies(0xc0004a22b8, {0x0?, 0x41aa94?, 0x13e43a0?}, 0x1)
			gitlab.nethead.at/symflower/symflower/language/java/symbol/symbols.go:486 +0x147
		gitlab.nethead.at/symflower/symflower/language/java/symbol.Symbols(0xc0004a22b8, 0x1)
			gitlab.nethead.at/symflower/symflower/language/java/symbol/symbols.go:457 +0xf2
		gitlab.nethead.at/symflower/symflower/language/java.Adapter.Symbols(...)
			gitlab.nethead.at/symflower/symflower/language/java/symbols.go:29
		gitlab.nethead.at/symflower/symflower/cmd/symflower-local/generate.(*Generator).transpileLanguage(0xc0000f4000, 0x0, 0x0, {0x220c620, 0x2e6b360})
			gitlab.nethead.at/symflower/symflower/cmd/symflower-local/generate/generate.go:136 +0x373
		gitlab.nethead.at/symflower/symflower/cmd/symflower-local/generate.(*Generator).Symbols(0xc0000f4000, 0x0, 0x0)
			gitlab.nethead.at/symflower/symflower/cmd/symflower-local/generate/generate.go:94 +0x136
		gitlab.nethead.at/symflower/symflower/cmd/symflower-local/generate.(*AnalyzeEngineDefault).UnitTests(0x2c?, 0x124bba0?, {0x21eb890?, 0xc000188870?}, {0xb0?, 0x41?, 0x4?, 0x0?}, 0x2c?, {0xc000455110, ...})
			gitlab.nethead.at/symflower/symflower/cmd/symflower-local/generate/analyze.go:153 +0x77
		gitlab.nethead.at/symflower/symflower/cmd/symflower-local/cmd.(*commandUnitTests).Execute(0xc0003968d8, {0xc000396508?, 0x735ac8579b18?, 0xc0003968d8?})
			gitlab.nethead.at/symflower/symflower/cmd/symflower-local/cmd/unit-tests.go:85 +0x2a6
		gitlab.nethead.at/symflower/symflower/cmd.ExecuteNoExit({0x21de020, 0xc000396508}, {0xc00019e000?, 0x0?, 0x0?})
			gitlab.nethead.at/symflower/symflower/cmd/execute.go:59 +0x2ad
		gitlab.nethead.at/symflower/symflower/cmd.Execute({0x21de020?, 0xc000396508?}, {0xc00019e000?, 0xc0001802e0?, 0xc000117f10?})
			gitlab.nethead.at/symflower/symflower/cmd/execute.go:17 +0x26
		gitlab.nethead.at/symflower/symflower/cmd.ExecuteWithOSArguments(...)
			gitlab.nethead.at/symflower/symflower/cmd/execute.go:78
		main.main.func1()
			gitlab.nethead.at/symflower/symflower/cmd/symflower-demo/main.go:39 +0x34
		gitlab.nethead.at/symflower/symflower/cmd/symflower-local/cmd.(*Command).WithPanicReporter(0xc0000b2060?, 0x0?)
			gitlab.nethead.at/symflower/symflower/cmd/symflower-local/cmd/cmd.go:151 +0x33
		main.main()
			gitlab.nethead.at/symflower/symflower/cmd/symflower-demo/main.go:38 +0x7f
	
	data: cast(annotationClass, reference(K))
src/org/mockito/internal/configuration/DefaultAnnotationEngine.java: error: unknown function
	data: [pointer(genericInstance(reference(java/lang/Class), [wildcard(, pointer(reference(java/lang/Object)))])) java/lang/Class<descendant of java/lang/Object>//getDeclaredFields [] []]
src/org/mockito/internal/configuration/DefaultAnnotationEngine.java: error: unknown import
	data: java/lang/reflect/Field
src/org/mockito/internal/configuration/DefaultAnnotationEngine.java: error: unknown import
	data: java/util/HashMap
src/org/mockito/internal/configuration/DefaultInjectionEngine.java: error: unknown import
	data: java/lang/reflect/Field
src/org/mockito/internal/configuration/DefaultInjectionEngine.java: error: unknown import
	data: java/util/Set
src/org/mockito/internal/configuration/FieldAnnotationProcessor.java: error: unknown import
	data: java/lang/reflect/Field
src/org/mockito/internal/configuration/GlobalConfiguration.java: error: unknown type
	data: SuppressWarnings
src/org/mockito/internal/configuration/GlobalConfiguration.java: error: unknown type
	data: ThreadLocal
src/org/mockito/internal/configuration/InjectingAnnotationEngine.java: error: unknown function
	data: [pointer(reference(java/lang/Object)) java/lang/Object//getClass [] []]
src/org/mockito/internal/configuration/InjectingAnnotationEngine.java: error: unknown function
	data: [pointer(genericInstance(reference(java/lang/Class), [wildcard(, pointer(reference(java/lang/Object)))])) java/lang/Class<descendant of java/lang/Object>//getSuperclass [] []]
src/org/mockito/internal/configuration/InjectingAnnotationEngine.java: error: unknown function
	data: [<nil> newMockSafeHashSet [] []]
src/org/mockito/internal/configuration/InjectingAnnotationEngine.java: error: unknown function
	data: [pointer(genericInstance(reference(java/lang/Class), [wildcard(, pointer(reference(java/lang/Object)))])) java/lang/Class<descendant of java/lang/Object>//getSuperclass [] []]
src/org/mockito/internal/configuration/InjectingAnnotationEngine.java: error: unknown import
	data: java/lang/reflect/Field
src/org/mockito/internal/configuration/InjectingAnnotationEngine.java: error: unknown type
	data: SuppressWarnings
src/org/mockito/internal/configuration/InjectingAnnotationEngine.java: error: unknown type
	data: Deprecated
src/org/mockito/internal/configuration/InjectingAnnotationEngine.java: error: unknown function
	data: [pointer(genericInstance(reference(java/lang/Class), [wildcard(, pointer(reference(java/lang/Object)))])) java/lang/Class<descendant of java/lang/Object>//getSuperclass [] []]
src/org/mockito/internal/configuration/InjectingAnnotationEngine.java: error: unknown import
	data: java/util/HashSet
src/org/mockito/internal/configuration/InjectingAnnotationEngine.java: error: unknown import
	data: java/util/Set
src/org/mockito/internal/configuration/MockAnnotationProcessor.java: error: unknown function
	data: [reference(org/mockito/MockSettings) org/mockito/MockSettings//defaultAnswer [] [call(select(ensure_not_nil(annotation), answer!d41d8cd98f00b204e9800998ecf8427e), [])]]
src/org/mockito/internal/configuration/MockAnnotationProcessor.java: error: unknown import
	data: java/lang/reflect/Field
src/org/mockito/internal/configuration/MockitoAnnotationsMockAnnotationProcessor.java: error: unknown import
	data: org/mockito/MockitoAnnotations/Mock
src/org/mockito/internal/configuration/MockitoAnnotationsMockAnnotationProcessor.java: error: unknown import
	data: java/lang/reflect/Field
src/org/mockito/internal/configuration/MockitoAnnotationsMockAnnotationProcessor.java: error: unknown type
	data: SuppressWarnings
src/org/mockito/internal/configuration/SpyAnnotationEngine.java: error: unknown import
	data: java/lang/reflect/Field
src/org/mockito/internal/configuration/SpyAnnotationEngine.java: error: unknown type
	data: T
src/org/mockito/internal/configuration/SpyAnnotationEngine.java: error: error: unresolved type
	data: reference(T)
	child error: (error) Internal error: unknown type:
		"T"
		Stacktrace: goroutine 1 [running]:
		gitlab.nethead.at/symflower/symflower/model/errors.NewInternalError({0x21de060, 0x2d25a00}, {0x12473e0, 0xc0007e0110})
			gitlab.nethead.at/symflower/symflower/model/errors/error.go:852 +0x4e
		gitlab.nethead.at/symflower/symflower/model/errors.NewProblemWithErrorSeverity(...)
			gitlab.nethead.at/symflower/symflower/model/errors/problem.go:321
		gitlab.nethead.at/symflower/symflower/model/ast.(*Scope).GetType(0xc002b75a50?, {0x2221c60, 0x1})
			gitlab.nethead.at/symflower/symflower/model/ast/scope.go:986 +0x85
		gitlab.nethead.at/symflower/symflower/model/ast.resolve(0xc0004be3c0, {0x2205848?, 0xc000b97160}, 0xe0)
			gitlab.nethead.at/symflower/symflower/model/ast/type-resolve.go:362 +0x78
		gitlab.nethead.at/symflower/symflower/model/ast.ResolveWithPointers(...)
			gitlab.nethead.at/symflower/symflower/model/ast/type-resolve.go:326
		gitlab.nethead.at/symflower/symflower/model/ast.(*TypeGenericInstance).IsCompatibleType(0xc001ca35c0, 0xc0004be3c0, {0x2205728?, 0xc002cdfb20?})
			gitlab.nethead.at/symflower/symflower/model/ast/type.go:3369 +0x230
		gitlab.nethead.at/symflower/symflower/language/java/symbol.(*transpiler).checkFunctionApplicability(0xc00040a140, 0xc000f84800, {0x22058d8?, 0xc000c99bc0?}, {0x0?, 0xc000fb2488?, 0x16?}, {0xc002cdf4a0, 0x2, 0x2})
			gitlab.nethead.at/symflower/symflower/language/java/symbol/overloading.go:406 +0x66b
		gitlab.nethead.at/symflower/symflower/language/java/symbol.(*transpiler).matchOverloadingFunction(0xc00040a140, {0xc001df2c00, 0x5, 0x8}, {0x22058d8, 0xc000c99bc0}, {0x0, 0x0, 0x0}, {0xc002cdf4a0, ...})
			gitlab.nethead.at/symflower/symflower/language/java/symbol/overloading.go:451 +0x217
		gitlab.nethead.at/symflower/symflower/language/java/symbol.(*transpiler).getFunction(0xc00040a140, {0x22058d8, 0xc000c99bc0}, {0xc0008eb020, 0x19}, {0x0, 0x0, 0x0}, {0xc002cdf4a0, 0x2, ...})
			gitlab.nethead.at/symflower/symflower/language/java/symbol/overloading.go:224 +0xd2
		gitlab.nethead.at/symflower/symflower/language/java/symbol.(*transpiler).handleMethodCallResolveOverloads(0xc00040a140, {0xc0008eb020, 0x19}, {0x22058d8?, 0xc000c99bc0?}, {0x0?, 0x7?, 0x5?}, {0xc002cdf4a0, 0x2, ...})
			gitlab.nethead.at/symflower/symflower/language/java/symbol/handle.go:5426 +0x87
		gitlab.nethead.at/symflower/symflower/language/java/symbol.(*transpiler).handleMethodCallReceiver(0xc00040a140, {0xc00043e770, 0x4}, {0x22058d8, 0xc000c99bc0}, {0x0, 0x0, 0x0}, {0xc002cdf4a0, 0x2, ...})
			gitlab.nethead.at/symflower/symflower/language/java/symbol/handle.go:5421 +0x1ae
		gitlab.nethead.at/symflower/symflower/language/java/symbol.(*transpiler).handleExpressionMethodCall(0xc00040a140, 0xc001373290, 0xc000154000)
			gitlab.nethead.at/symflower/symflower/language/java/symbol/handle.go:5526 +0xbe5
		gitlab.nethead.at/symflower/symflower/language/java/symbol.(*transpiler).handleExpression(0xc00040a140, 0xc001373290, {0x21f7d38, 0xc000154000})
			gitlab.nethead.at/symflower/symflower/language/java/symbol/handle.go:6903 +0x785
		gitlab.nethead.at/symflower/symflower/language/java/symbol.(*transpiler).handleStatementReturn(0xc00040a140, 0xc001373290, 0xc000150e80)
			gitlab.nethead.at/symflower/symflower/language/java/symbol/handle.go:4352 +0x7c
		gitlab.nethead.at/symflower/symflower/language/java/symbol.(*transpiler).handleStatement(0xc00040a140, 0xc001373290, {0x21f74a0, 0xc000150e80})
			gitlab.nethead.at/symflower/symflower/language/java/symbol/handle.go:4423 +0x745
		gitlab.nethead.at/symflower/symflower/language/java/symbol.(*transpiler).handleStatements(0xc00040a140, 0xc001373290, {0xc00075ea00, 0x2, 0x41aa01?})
			gitlab.nethead.at/symflower/symflower/language/java/symbol/handle.go:3731 +0x85
		gitlab.nethead.at/symflower/symflower/language/java/symbol.(*transpiler).handleBlock.func1()
			gitlab.nethead.at/symflower/symflower/language/java/symbol/handle.go:3712 +0x45
		gitlab.nethead.at/symflower/symflower/model/ast.(*Scope).Scoped(0xc0004be3c0, 0xc002b76600)
			gitlab.nethead.at/symflower/symflower/model/ast/scope.go:297 +0x162
		gitlab.nethead.at/symflower/symflower/language/java/symbol.(*transpiler).handleBlock(0xc00040a140, 0xc001373290, 0xc000130f30)
			gitlab.nethead.at/symflower/symflower/language/java/symbol/handle.go:3711 +0x9e
		gitlab.nethead.at/symflower/symflower/language/java/symbol.(*transpiler).handleStatement(0xc00040a140, 0xc001373290, {0x21f7028, 0xc000130f30})
			gitlab.nethead.at/symflower/symflower/language/java/symbol/handle.go:4403 +0x4b6
		gitlab.nethead.at/symflower/symflower/language/java/symbol.(*transpiler).handleStatementIf(0xc00040a140, 0xc001373290, 0xc0007c1680)
			gitlab.nethead.at/symflower/symflower/language/java/symbol/handle.go:4303 +0x65
		gitlab.nethead.at/symflower/symflower/language/java/symbol.(*transpiler).handleStatement(0xc00040a140, 0xc001373290, {0x21f7340, 0xc0007c1680})
			gitlab.nethead.at/symflower/symflower/language/java/symbol/handle.go:4421 +0x645
		gitlab.nethead.at/symflower/symflower/language/java/symbol.(*transpiler).handleStatements(0xc00040a140, 0xc001373290, {0xc00075e9e0, 0x2, 0x1?})
			gitlab.nethead.at/symflower/symflower/language/java/symbol/handle.go:3731 +0x85
		gitlab.nethead.at/symflower/symflower/language/java/symbol.(*transpiler).handleBlock.func1()
			gitlab.nethead.at/symflower/symflower/language/java/symbol/handle.go:3712 +0x45
		gitlab.nethead.at/symflower/symflower/model/ast.(*Scope).Scoped(0xc0004be3c0, 0xc002b769a8)
			gitlab.nethead.at/symflower/symflower/model/ast/scope.go:297 +0x162
		gitlab.nethead.at/symflower/symflower/language/java/symbol.(*transpiler).handleBlock(0xc00040a140, 0xc001373290, 0xc000130fc0)
			gitlab.nethead.at/symflower/symflower/language/java/symbol/handle.go:3711 +0x9e
		gitlab.nethead.at/symflower/symflower/language/java/symbol.(*transpiler).handleStatement(0xc00040a140, 0xc001373290, {0x21f7028, 0xc000130fc0})
			gitlab.nethead.at/symflower/symflower/language/java/symbol/handle.go:4403 +0x4b6
		gitlab.nethead.at/symflower/symflower/language/java/symbol.(*transpiler).handleStatementIf(0xc00040a140, 0xc001373290, 0xc0007c1720)
			gitlab.nethead.at/symflower/symflower/language/java/symbol/handle.go:4303 +0x65
		gitlab.nethead.at/symflower/symflower/language/java/symbol.(*transpiler).handleStatement(0xc00040a140, 0xc001373290, {0x21f7340, 0xc0007c1720})
			gitlab.nethead.at/symflower/symflower/language/java/symbol/handle.go:4421 +0x645
		gitlab.nethead.at/symflower/symflower/language/java/symbol.(*transpiler).handleStatements(0xc00040a140, 0xc001373290, {0xc00044c1c0, 0x7, 0xc0004be3c0?})
			gitlab.nethead.at/symflower/symflower/language/java/symbol/handle.go:3731 +0x85
		gitlab.nethead.at/symflower/symflower/language/java/symbol.(*transpiler).handleBlock.func1()
			gitlab.nethead.at/symflower/symflower/language/java/symbol/handle.go:3712 +0x45
		gitlab.nethead.at/symflower/symflower/model/ast.(*Scope).Scoped(0xc0004be3c0, 0xc002b76d50)
			gitlab.nethead.at/symflower/symflower/model/ast/scope.go:297 +0x162
		gitlab.nethead.at/symflower/symflower/language/java/symbol.(*transpiler).handleBlock(0xc00040a140, 0xc001373290, 0xc000131290)
			gitlab.nethead.at/symflower/symflower/language/java/symbol/handle.go:3711 +0x9e
		gitlab.nethead.at/symflower/symflower/language/java/symbol.(*transpiler).handleMethodDeclarationBody.(*transpiler).handleScopedBlockStatement.func2()
			gitlab.nethead.at/symflower/symflower/language/java/symbol/handle.go:2716 +0x205
		gitlab.nethead.at/symflower/symflower/model/ast.(*Scope).Scoped(0xc0004be3c0, 0xc002b77160)
			gitlab.nethead.at/symflower/symflower/model/ast/scope.go:297 +0x162
		gitlab.nethead.at/symflower/symflower/language/java/symbol.(*transpiler).handleScopedBlockStatement(...)
			gitlab.nethead.at/symflower/symflower/language/java/symbol/handle.go:2693
		gitlab.nethead.at/symflower/symflower/language/java/symbol.(*transpiler).handleMethodDeclarationBody(0xc00040a140, 0xc001373290, {0x2208170, 0xc001326540}, 0xc00134b700, 0x0)
			gitlab.nethead.at/symflower/symflower/language/java/symbol/handle.go:2523 +0x61b
		gitlab.nethead.at/symflower/symflower/language/java/symbol.(*transpiler).handleClassAndInterfaceDeclarationBodies(0xc00040a140, 0xc001373290, 0xc001326540)
			gitlab.nethead.at/symflower/symflower/language/java/symbol/handle.go:1534 +0x2f7
		gitlab.nethead.at/symflower/symflower/language/java/symbol.(*transpiler).handleClassDeclarationBodies(0xc00040a140, 0xc001373290, 0xc001326540)
			gitlab.nethead.at/symflower/symflower/language/java/symbol/handle.go:1419 +0x106
		gitlab.nethead.at/symflower/symflower/language/java/symbol.(*transpiler).handleBodies.func1(0xc001373290, {0x2207578, 0xc001326540})
			gitlab.nethead.at/symflower/symflower/language/java/symbol/symbols.go:532 +0x1ff
		gitlab.nethead.at/symflower/symflower/language/java/symbol.(*transpiler).walkSubDeclarations(0xc00040a140, 0xc001373290, 0xc002b77760, 0xc0012ccae0, 0xc0012eadc0, {0x2207578, 0xc001326540})
			gitlab.nethead.at/symflower/symflower/language/java/symbol/symbols.go:869 +0x1ee
		gitlab.nethead.at/symflower/symflower/language/java/symbol.(*transpiler).walkFile(0xc00040a140, 0x1, 0x2088c58, 0xc002b77760, 0xc0012ccae0, 0xc0012eadc0)
			gitlab.nethead.at/symflower/symflower/language/java/symbol/symbols.go:625 +0x3c5
		gitlab.nethead.at/symflower/symflower/language/java/symbol.(*transpiler).walkPackage(0xc00040a140, 0x1, 0x2088c58, 0xc002b77760, 0xc0012ccae0)
			gitlab.nethead.at/symflower/symflower/language/java/symbol/symbols.go:583 +0x225
		gitlab.nethead.at/symflower/symflower/language/java/symbol.(*transpiler).walkFilesAndDeclarations(0xc00040a140, 0x1, 0x2088c58, 0xc002b77760)
			gitlab.nethead.at/symflower/symflower/language/java/symbol/symbols.go:566 +0xa5
		gitlab.nethead.at/symflower/symflower/language/java/symbol.(*transpiler).handleBodies(0xc00040a140)
			gitlab.nethead.at/symflower/symflower/language/java/symbol/symbols.go:513 +0x65
		gitlab.nethead.at/symflower/symflower/language/java/symbol.symbolsWithDependencies(0xc0004a22b8, {0x0?, 0x41aa94?, 0x13e43a0?}, 0x1)
			gitlab.nethead.at/symflower/symflower/language/java/symbol/symbols.go:486 +0x147
		gitlab.nethead.at/symflower/symflower/language/java/symbol.Symbols(0xc0004a22b8, 0x1)
			gitlab.nethead.at/symflower/symflower/language/java/symbol/symbols.go:457 +0xf2
		gitlab.nethead.at/symflower/symflower/language/java.Adapter.Symbols(...)
			gitlab.nethead.at/symflower/symflower/language/java/symbols.go:29
		gitlab.nethead.at/symflower/symflower/cmd/symflower-local/generate.(*Generator).transpileLanguage(0xc0000f4000, 0x0, 0x0, {0x220c620, 0x2e6b360})
			gitlab.nethead.at/symflower/symflower/cmd/symflower-local/generate/generate.go:136 +0x373
		gitlab.nethead.at/symflower/symflower/cmd/symflower-local/generate.(*Generator).Symbols(0xc0000f4000, 0x0, 0x0)
			gitlab.nethead.at/symflower/symflower/cmd/symflower-local/generate/generate.go:94 +0x136
		gitlab.nethead.at/symflower/symflower/cmd/symflower-local/generate.(*AnalyzeEngineDefault).UnitTests(0x2c?, 0x124bba0?, {0x21eb890?, 0xc000188870?}, {0xb0?, 0x41?, 0x4?, 0x0?}, 0x2c?, {0xc000455110, ...})
			gitlab.nethead.at/symflower/symflower/cmd/symflower-local/generate/analyze.go:153 +0x77
		gitlab.nethead.at/symflower/symflower/cmd/symflower-local/cmd.(*commandUnitTests).Execute(0xc0003968d8, {0xc000396508?, 0x735ac8579b18?, 0xc0003968d8?})
			gitlab.nethead.at/symflower/symflower/cmd/symflower-local/cmd/unit-tests.go:85 +0x2a6
		gitlab.nethead.at/symflower/symflower/cmd.ExecuteNoExit({0x21de020, 0xc000396508}, {0xc00019e000?, 0x0?, 0x0?})
			gitlab.nethead.at/symflower/symflower/cmd/execute.go:59 +0x2ad
		gitlab.nethead.at/symflower/symflower/cmd.Execute({0x21de020?, 0xc000396508?}, {0xc00019e000?, 0xc0001802e0?, 0xc000117f10?})
			gitlab.nethead.at/symflower/symflower/cmd/execute.go:17 +0x26
		gitlab.nethead.at/symflower/symflower/cmd.ExecuteWithOSArguments(...)
			gitlab.nethead.at/symflower/symflower/cmd/execute.go:78
		main.main.func1()
			gitlab.nethead.at/symflower/symflower/cmd/symflower-demo/main.go:39 +0x34
		gitlab.nethead.at/symflower/symflower/cmd/symflower-local/cmd.(*Command).WithPanicReporter(0xc0000b2060?, 0x0?)
			gitlab.nethead.at/symflower/symflower/cmd/symflower-local/cmd/cmd.go:151 +0x33
		main.main()
			gitlab.nethead.at/symflower/symflower/cmd/symflower-demo/main.go:38 +0x7f
src/org/mockito/internal/configuration/SpyAnnotationEngine.java: error: unknown import
	data: java/lang/reflect/InvocationTargetException
src/org/mockito/internal/configuration/SpyAnnotationEngine.java: error: unknown import
	data: java/lang/reflect/Modifier
src/org/mockito/internal/configuration/SpyAnnotationEngine.java: error: unknown type
	data: SuppressWarnings
src/org/mockito/internal/configuration/SpyAnnotationEngine.java: error: unknown function
	data: [pointer(genericInstance(reference(java/lang/Class), [wildcard(, pointer(reference(java/lang/Object)))])) java/lang/Class<descendant of java/lang/Object>//getDeclaredFields [] []]
src/org/mockito/internal/configuration/SpyAnnotationEngine.java: error: unknown function
	data: [pointer(genericInstance(reference(java/lang/Class), [wildcard(, pointer(reference(java/lang/Object)))])) java/lang/Class<descendant of java/lang/Object>//getEnclosingClass [] []]
src/org/mockito/internal/configuration/SpyAnnotationEngine.java: error: unknown function
	data: [pointer(genericInstance(reference(java/lang/Class), [wildcard(, pointer(reference(java/lang/Object)))])) java/lang/Class<descendant of java/lang/Object>//isInstance [] [testInstance]]
src/org/mockito/internal/configuration/SpyAnnotationEngine.java: error: error: unresolved type
	data: reference(T)
	child error: (error) Internal error: unknown type:
		"T"
		Stacktrace: goroutine 1 [running]:
		gitlab.nethead.at/symflower/symflower/model/errors.NewInternalError({0x21de060, 0x2d25a00}, {0x12473e0, 0xc002c2f500})
			gitlab.nethead.at/symflower/symflower/model/errors/error.go:852 +0x4e
		gitlab.nethead.at/symflower/symflower/model/errors.NewProblemWithErrorSeverity(...)
			gitlab.nethead.at/symflower/symflower/model/errors/problem.go:321
		gitlab.nethead.at/symflower/symflower/model/ast.(*Scope).GetType(0xc002b75df8?, {0x2221c60, 0x1})
			gitlab.nethead.at/symflower/symflower/model/ast/scope.go:986 +0x85
		gitlab.nethead.at/symflower/symflower/model/ast.resolve(0xc0004be3c0, {0x2205848?, 0xc000b97160}, 0xe0)
			gitlab.nethead.at/symflower/symflower/model/ast/type-resolve.go:362 +0x78
		gitlab.nethead.at/symflower/symflower/model/ast.ResolveWithPointers(...)
			gitlab.nethead.at/symflower/symflower/model/ast/type-resolve.go:326
		gitlab.nethead.at/symflower/symflower/model/ast.(*TypeGenericInstance).IsCompatibleType(0xc001ca35c0, 0xc0004be3c0, {0x2205728?, 0xc002b05760?})
			gitlab.nethead.at/symflower/symflower/model/ast/type.go:3369 +0x230
		gitlab.nethead.at/symflower/symflower/language/java/symbol.(*transpiler).checkFunctionApplicability(0xc00040a140, 0xc000f84800, {0x22058d8?, 0xc000c99bc0?}, {0x0?, 0xc000fb2488?, 0x16?}, {0xc002b04f20, 0x2, 0x2})
			gitlab.nethead.at/symflower/symflower/language/java/symbol/overloading.go:406 +0x66b
		gitlab.nethead.at/symflower/symflower/language/java/symbol.(*transpiler).matchOverloadingFunction(0xc00040a140, {0xc00187c700, 0x5, 0x8}, {0x22058d8, 0xc000c99bc0}, {0x0, 0x0, 0x0}, {0xc002b04f20, ...})
			gitlab.nethead.at/symflower/symflower/language/java/symbol/overloading.go:451 +0x217
		gitlab.nethead.at/symflower/symflower/language/java/symbol.(*transpiler).getFunction(0xc00040a140, {0x22058d8, 0xc000c99bc0}, {0xc00002adc0, 0x19}, {0x0, 0x0, 0x0}, {0xc002b04f20, 0x2, ...})
			gitlab.nethead.at/symflower/symflower/language/java/symbol/overloading.go:224 +0xd2
		gitlab.nethead.at/symflower/symflower/language/java/symbol.(*transpiler).handleMethodCallResolveOverloads(0xc00040a140, {0xc00002adc0, 0x19}, {0x22058d8?, 0xc000c99bc0?}, {0x0?, 0x7?, 0x5?}, {0xc002b04f20, 0x2, ...})
			gitlab.nethead.at/symflower/symflower/language/java/symbol/handle.go:5426 +0x87
		gitlab.nethead.at/symflower/symflower/language/java/symbol.(*transpiler).handleMethodCallReceiver(0xc00040a140, {0xc00043f3f0, 0x4}, {0x22058d8, 0xc000c99bc0}, {0x0, 0x0, 0x0}, {0xc002b04f20, 0x2, ...})
			gitlab.nethead.at/symflower/symflower/language/java/symbol/handle.go:5421 +0x1ae
		gitlab.nethead.at/symflower/symflower/language/java/symbol.(*transpiler).handleExpressionMethodCall(0xc00040a140, 0xc001373290, 0xc000154840)
			gitlab.nethead.at/symflower/symflower/language/java/symbol/handle.go:5526 +0xbe5
		gitlab.nethead.at/symflower/symflower/language/java/symbol.(*transpiler).handleExpression(0xc00040a140, 0xc001373290, {0x21f7d38, 0xc000154840})
			gitlab.nethead.at/symflower/symflower/language/java/symbol/handle.go:6903 +0x785
		gitlab.nethead.at/symflower/symflower/language/java/symbol.(*transpiler).handleStatementReturn(0xc00040a140, 0xc001373290, 0xc000158900)
			gitlab.nethead.at/symflower/symflower/language/java/symbol/handle.go:4352 +0x7c
		gitlab.nethead.at/symflower/symflower/language/java/symbol.(*transpiler).handleStatement(0xc00040a140, 0xc001373290, {0x21f74a0, 0xc000158900})
			gitlab.nethead.at/symflower/symflower/language/java/symbol/handle.go:4423 +0x745
		gitlab.nethead.at/symflower/symflower/language/java/symbol.(*transpiler).handleStatements(0xc00040a140, 0xc001373290, {0xc00075ea60, 0x2, 0x1347e20?})
			gitlab.nethead.at/symflower/symflower/language/java/symbol/handle.go:3731 +0x85
		gitlab.nethead.at/symflower/symflower/language/java/symbol.(*transpiler).handleBlock.func1()
			gitlab.nethead.at/symflower/symflower/language/java/symbol/handle.go:3712 +0x45
		gitlab.nethead.at/symflower/symflower/model/ast.(*Scope).Scoped(0xc0004be3c0, 0xc002b769a8)
			gitlab.nethead.at/symflower/symflower/model/ast/scope.go:297 +0x162
		gitlab.nethead.at/symflower/symflower/language/java/symbol.(*transpiler).handleBlock(0xc00040a140, 0xc001373290, 0xc000131200)
			gitlab.nethead.at/symflower/symflower/language/java/symbol/handle.go:3711 +0x9e
		gitlab.nethead.at/symflower/symflower/language/java/symbol.(*transpiler).handleStatement(0xc00040a140, 0xc001373290, {0x21f7028, 0xc000131200})
			gitlab.nethead.at/symflower/symflower/language/java/symbol/handle.go:4403 +0x4b6
		gitlab.nethead.at/symflower/symflower/language/java/symbol.(*transpiler).handleStatementIf(0xc00040a140, 0xc001373290, 0xc000864140)
			gitlab.nethead.at/symflower/symflower/language/java/symbol/handle.go:4303 +0x65
		gitlab.nethead.at/symflower/symflower/language/java/symbol.(*transpiler).handleStatement(0xc00040a140, 0xc001373290, {0x21f7340, 0xc000864140})
			gitlab.nethead.at/symflower/symflower/language/java/symbol/handle.go:4421 +0x645
		gitlab.nethead.at/symflower/symflower/language/java/symbol.(*transpiler).handleStatements(0xc00040a140, 0xc001373290, {0xc00044c1c0, 0x7, 0xc0004be3c0?})
			gitlab.nethead.at/symflower/symflower/language/java/symbol/handle.go:3731 +0x85
		gitlab.nethead.at/symflower/symflower/language/java/symbol.(*transpiler).handleBlock.func1()
			gitlab.nethead.at/symflower/symflower/language/java/symbol/handle.go:3712 +0x45
		gitlab.nethead.at/symflower/symflower/model/ast.(*Scope).Scoped(0xc0004be3c0, 0xc002b76d50)
			gitlab.nethead.at/symflower/symflower/model/ast/scope.go:297 +0x162
		gitlab.nethead.at/symflower/symflower/language/java/symbol.(*transpiler).handleBlock(0xc00040a140, 0xc001373290, 0xc000131290)
			gitlab.nethead.at/symflower/symflower/language/java/symbol/handle.go:3711 +0x9e
		gitlab.nethead.at/symflower/symflower/language/java/symbol.(*transpiler).handleMethodDeclarationBody.(*transpiler).handleScopedBlockStatement.func2()
			gitlab.nethead.at/symflower/symflower/language/java/symbol/handle.go:2716 +0x205
		gitlab.nethead.at/symflower/symflower/model/ast.(*Scope).Scoped(0xc0004be3c0, 0xc002b77160)
			gitlab.nethead.at/symflower/symflower/model/ast/scope.go:297 +0x162
		gitlab.nethead.at/symflower/symflower/language/java/symbol.(*transpiler).handleScopedBlockStatement(...)
			gitlab.nethead.at/symflower/symflower/language/java/symbol/handle.go:2693
		gitlab.nethead.at/symflower/symflower/language/java/symbol.(*transpiler).handleMethodDeclarationBody(0xc00040a140, 0xc001373290, {0x2208170, 0xc001326540}, 0xc00134b700, 0x0)
			gitlab.nethead.at/symflower/symflower/language/java/symbol/handle.go:2523 +0x61b
		gitlab.nethead.at/symflower/symflower/language/java/symbol.(*transpiler).handleClassAndInterfaceDeclarationBodies(0xc00040a140, 0xc001373290, 0xc001326540)
			gitlab.nethead.at/symflower/symflower/language/java/symbol/handle.go:1534 +0x2f7
		gitlab.nethead.at/symflower/symflower/language/java/symbol.(*transpiler).handleClassDeclarationBodies(0xc00040a140, 0xc001373290, 0xc001326540)
			gitlab.nethead.at/symflower/symflower/language/java/symbol/handle.go:1419 +0x106
		gitlab.nethead.at/symflower/symflower/language/java/symbol.(*transpiler).handleBodies.func1(0xc001373290, {0x2207578, 0xc001326540})
			gitlab.nethead.at/symflower/symflower/language/java/symbol/symbols.go:532 +0x1ff
		gitlab.nethead.at/symflower/symflower/language/java/symbol.(*transpiler).walkSubDeclarations(0xc00040a140, 0xc001373290, 0xc002b77760, 0xc0012ccae0, 0xc0012eadc0, {0x2207578, 0xc001326540})
			gitlab.nethead.at/symflower/symflower/language/java/symbol/symbols.go:869 +0x1ee
		gitlab.nethead.at/symflower/symflower/language/java/symbol.(*transpiler).walkFile(0xc00040a140, 0x1, 0x2088c58, 0xc002b77760, 0xc0012ccae0, 0xc0012eadc0)
			gitlab.nethead.at/symflower/symflower/language/java/symbol/symbols.go:625 +0x3c5
		gitlab.nethead.at/symflower/symflower/language/java/symbol.(*transpiler).walkPackage(0xc00040a140, 0x1, 0x2088c58, 0xc002b77760, 0xc0012ccae0)
			gitlab.nethead.at/symflower/symflower/language/java/symbol/symbols.go:583 +0x225
		gitlab.nethead.at/symflower/symflower/language/java/symbol.(*transpiler).walkFilesAndDeclarations(0xc00040a140, 0x1, 0x2088c58, 0xc002b77760)
			gitlab.nethead.at/symflower/symflower/language/java/symbol/symbols.go:566 +0xa5
		gitlab.nethead.at/symflower/symflower/language/java/symbol.(*transpiler).handleBodies(0xc00040a140)
			gitlab.nethead.at/symflower/symflower/language/java/symbol/symbols.go:513 +0x65
		gitlab.nethead.at/symflower/symflower/language/java/symbol.symbolsWithDependencies(0xc0004a22b8, {0x0?, 0x41aa94?, 0x13e43a0?}, 0x1)
			gitlab.nethead.at/symflower/symflower/language/java/symbol/symbols.go:486 +0x147
		gitlab.nethead.at/symflower/symflower/language/java/symbol.Symbols(0xc0004a22b8, 0x1)
			gitlab.nethead.at/symflower/symflower/language/java/symbol/symbols.go:457 +0xf2
		gitlab.nethead.at/symflower/symflower/language/java.Adapter.Symbols(...)
			gitlab.nethead.at/symflower/symflower/language/java/symbols.go:29
		gitlab.nethead.at/symflower/symflower/cmd/symflower-local/generate.(*Generator).transpileLanguage(0xc0000f4000, 0x0, 0x0, {0x220c620, 0x2e6b360})
			gitlab.nethead.at/symflower/symflower/cmd/symflower-local/generate/generate.go:136 +0x373
		gitlab.nethead.at/symflower/symflower/cmd/symflower-local/generate.(*Generator).Symbols(0xc0000f4000, 0x0, 0x0)
			gitlab.nethead.at/symflower/symflower/cmd/symflower-local/generate/generate.go:94 +0x136
		gitlab.nethead.at/symflower/symflower/cmd/symflower-local/generate.(*AnalyzeEngineDefault).UnitTests(0x2c?, 0x124bba0?, {0x21eb890?, 0xc000188870?}, {0xb0?, 0x41?, 0x4?, 0x0?}, 0x2c?, {0xc000455110, ...})
			gitlab.nethead.at/symflower/symflower/cmd/symflower-local/generate/analyze.go:153 +0x77
		gitlab.nethead.at/symflower/symflower/cmd/symflower-local/cmd.(*commandUnitTests).Execute(0xc0003968d8, {0xc000396508?, 0x735ac8579b18?, 0xc0003968d8?})
			gitlab.nethead.at/symflower/symflower/cmd/symflower-local/cmd/unit-tests.go:85 +0x2a6
		gitlab.nethead.at/symflower/symflower/cmd.ExecuteNoExit({0x21de020, 0xc000396508}, {0xc00019e000?, 0x0?, 0x0?})
			gitlab.nethead.at/symflower/symflower/cmd/execute.go:59 +0x2ad
		gitlab.nethead.at/symflower/symflower/cmd.Execute({0x21de020?, 0xc000396508?}, {0xc00019e000?, 0xc0001802e0?, 0xc000117f10?})
			gitlab.nethead.at/symflower/symflower/cmd/execute.go:17 +0x26
		gitlab.nethead.at/symflower/symflower/cmd.ExecuteWithOSArguments(...)
			gitlab.nethead.at/symflower/symflower/cmd/execute.go:78
		main.main.func1()
			gitlab.nethead.at/symflower/symflower/cmd/symflower-demo/main.go:39 +0x34
		gitlab.nethead.at/symflower/symflower/cmd/symflower-local/cmd.(*Command).WithPanicReporter(0xc0000b2060?, 0x0?)
			gitlab.nethead.at/symflower/symflower/cmd/symflower-local/cmd/cmd.go:151 +0x33
		main.main()
			gitlab.nethead.at/symflower/symflower/cmd/symflower-demo/main.go:38 +0x7f
src/org/mockito/internal/configuration/SpyAnnotationEngine.java: error: unknown function
	data: [pointer(reference(java/lang/Object)) java/lang/Object//getClass [] []]
src/org/mockito/internal/configuration/SpyAnnotationEngine.java: error: unknown function
	data: [pointer(genericInstance(reference(java/lang/Class), [wildcard(, pointer(reference(java/lang/Object)))])) java/lang/Class<descendant of java/lang/Object>//isInterface [] []]
src/org/mockito/internal/configuration/SpyAnnotationEngine.java: error: unknown function
	data: [pointer(genericInstance(reference(java/lang/Class), [wildcard(, pointer(reference(java/lang/Object)))])) java/lang/Class<descendant of java/lang/Object>//isInterface [] []]
src/org/mockito/internal/configuration/SpyAnnotationEngine.java: error: unknown function
	data: [pointer(genericInstance(reference(java/lang/Class), [wildcard(, pointer(reference(java/lang/Object)))])) java/lang/Class<descendant of java/lang/Object>//getDeclaredConstructor [] []]
src/org/mockito/internal/configuration/SpyAnnotationEngine.java: error: error: unresolved type
	data: reference(T)
	child error: (error) Internal error: unknown type:
		"T"
		Stacktrace: goroutine 1 [running]:
		gitlab.nethead.at/symflower/symflower/model/errors.NewInternalError({0x21de060, 0x2d25a00}, {0x12473e0, 0xc002c2fa10})
			gitlab.nethead.at/symflower/symflower/model/errors/error.go:852 +0x4e
		gitlab.nethead.at/symflower/symflower/model/errors.NewProblemWithErrorSeverity(...)
			gitlab.nethead.at/symflower/symflower/model/errors/problem.go:321
		gitlab.nethead.at/symflower/symflower/model/ast.(*Scope).GetType(0xc002b75df8?, {0x2221c60, 0x1})
			gitlab.nethead.at/symflower/symflower/model/ast/scope.go:986 +0x85
		gitlab.nethead.at/symflower/symflower/model/ast.resolve(0xc0004be3c0, {0x2205848?, 0xc000b97160}, 0xe0)
			gitlab.nethead.at/symflower/symflower/model/ast/type-resolve.go:362 +0x78
		gitlab.nethead.at/symflower/symflower/model/ast.ResolveWithPointers(...)
			gitlab.nethead.at/symflower/symflower/model/ast/type-resolve.go:326
		gitlab.nethead.at/symflower/symflower/model/ast.(*TypeGenericInstance).IsCompatibleType(0xc001ca35c0, 0xc0004be3c0, {0x2205728?, 0xc002b05e40?})
			gitlab.nethead.at/symflower/symflower/model/ast/type.go:3369 +0x230
		gitlab.nethead.at/symflower/symflower/language/java/symbol.(*transpiler).checkFunctionApplicability(0xc00040a140, 0xc000f84800, {0x22058d8?, 0xc000c99bc0?}, {0x0?, 0xc000fb2488?, 0x16?}, {0xc002b05b00, 0x2, 0x2})
			gitlab.nethead.at/symflower/symflower/language/java/symbol/overloading.go:406 +0x66b
		gitlab.nethead.at/symflower/symflower/language/java/symbol.(*transpiler).matchOverloadingFunction(0xc00040a140, {0xc00187cb40, 0x5, 0x8}, {0x22058d8, 0xc000c99bc0}, {0x0, 0x0, 0x0}, {0xc002b05b00, ...})
			gitlab.nethead.at/symflower/symflower/language/java/symbol/overloading.go:451 +0x217
		gitlab.nethead.at/symflower/symflower/language/java/symbol.(*transpiler).getFunction(0xc00040a140, {0x22058d8, 0xc000c99bc0}, {0xc00002ae40, 0x19}, {0x0, 0x0, 0x0}, {0xc002b05b00, 0x2, ...})
			gitlab.nethead.at/symflower/symflower/language/java/symbol/overloading.go:224 +0xd2
		gitlab.nethead.at/symflower/symflower/language/java/symbol.(*transpiler).handleMethodCallResolveOverloads(0xc00040a140, {0xc00002ae40, 0x19}, {0x22058d8?, 0xc000c99bc0?}, {0x0?, 0x7?, 0x5?}, {0xc002b05b00, 0x2, ...})
			gitlab.nethead.at/symflower/symflower/language/java/symbol/handle.go:5426 +0x87
		gitlab.nethead.at/symflower/symflower/language/java/symbol.(*transpiler).handleMethodCallReceiver(0xc00040a140, {0xc00043f6c0, 0x4}, {0x22058d8, 0xc000c99bc0}, {0x0, 0x0, 0x0}, {0xc002b05b00, 0x2, ...})
			gitlab.nethead.at/symflower/symflower/language/java/symbol/handle.go:5421 +0x1ae
		gitlab.nethead.at/symflower/symflower/language/java/symbol.(*transpiler).handleExpressionMethodCall(0xc00040a140, 0xc001373290, 0xc0001543c0)
			gitlab.nethead.at/symflower/symflower/language/java/symbol/handle.go:5526 +0xbe5
		gitlab.nethead.at/symflower/symflower/language/java/symbol.(*transpiler).handleExpression(0xc00040a140, 0xc001373290, {0x21f7d38, 0xc0001543c0})
			gitlab.nethead.at/symflower/symflower/language/java/symbol/handle.go:6903 +0x785
		gitlab.nethead.at/symflower/symflower/language/java/symbol.(*transpiler).handleStatementReturn(0xc00040a140, 0xc001373290, 0xc000151c80)
			gitlab.nethead.at/symflower/symflower/language/java/symbol/handle.go:4352 +0x7c
		gitlab.nethead.at/symflower/symflower/language/java/symbol.(*transpiler).handleStatement(0xc00040a140, 0xc001373290, {0x21f74a0, 0xc000151c80})
			gitlab.nethead.at/symflower/symflower/language/java/symbol/handle.go:4423 +0x745
		gitlab.nethead.at/symflower/symflower/language/java/symbol.(*transpiler).handleStatements(0xc00040a140, 0xc001373290, {0xc000188bd0, 0x1, 0x3f?})
			gitlab.nethead.at/symflower/symflower/language/java/symbol/handle.go:3731 +0x85
		gitlab.nethead.at/symflower/symflower/language/java/symbol.(*transpiler).handleBlock.func1()
			gitlab.nethead.at/symflower/symflower/language/java/symbol/handle.go:3712 +0x45
		gitlab.nethead.at/symflower/symflower/model/ast.(*Scope).Scoped(0xc0004be3c0, 0xc002b769a8)
			gitlab.nethead.at/symflower/symflower/model/ast/scope.go:297 +0x162
		gitlab.nethead.at/symflower/symflower/language/java/symbol.(*transpiler).handleBlock(0xc00040a140, 0xc001373290, 0xc000131170)
			gitlab.nethead.at/symflower/symflower/language/java/symbol/handle.go:3711 +0x9e
		gitlab.nethead.at/symflower/symflower/language/java/symbol.(*transpiler).handleStatement(0xc00040a140, 0xc001373290, {0x21f7028, 0xc000131170})
			gitlab.nethead.at/symflower/symflower/language/java/symbol/handle.go:4403 +0x4b6
		gitlab.nethead.at/symflower/symflower/language/java/symbol.(*transpiler).handleStatementIf(0xc00040a140, 0xc001373290, 0xc000864140)
			gitlab.nethead.at/symflower/symflower/language/java/symbol/handle.go:4316 +0x125
		gitlab.nethead.at/symflower/symflower/language/java/symbol.(*transpiler).handleStatement(0xc00040a140, 0xc001373290, {0x21f7340, 0xc000864140})
			gitlab.nethead.at/symflower/symflower/language/java/symbol/handle.go:4421 +0x645
		gitlab.nethead.at/symflower/symflower/language/java/symbol.(*transpiler).handleStatements(0xc00040a140, 0xc001373290, {0xc00044c1c0, 0x7, 0xc0004be3c0?})
			gitlab.nethead.at/symflower/symflower/language/java/symbol/handle.go:3731 +0x85
		gitlab.nethead.at/symflower/symflower/language/java/symbol.(*transpiler).handleBlock.func1()
			gitlab.nethead.at/symflower/symflower/language/java/symbol/handle.go:3712 +0x45
		gitlab.nethead.at/symflower/symflower/model/ast.(*Scope).Scoped(0xc0004be3c0, 0xc002b76d50)
			gitlab.nethead.at/symflower/symflower/model/ast/scope.go:297 +0x162
		gitlab.nethead.at/symflower/symflower/language/java/symbol.(*transpiler).handleBlock(0xc00040a140, 0xc001373290, 0xc000131290)
			gitlab.nethead.at/symflower/symflower/language/java/symbol/handle.go:3711 +0x9e
		gitlab.nethead.at/symflower/symflower/language/java/symbol.(*transpiler).handleMethodDeclarationBody.(*transpiler).handleScopedBlockStatement.func2()
			gitlab.nethead.at/symflower/symflower/language/java/symbol/handle.go:2716 +0x205
		gitlab.nethead.at/symflower/symflower/model/ast.(*Scope).Scoped(0xc0004be3c0, 0xc002b77160)
			gitlab.nethead.at/symflower/symflower/model/ast/scope.go:297 +0x162
		gitlab.nethead.at/symflower/symflower/language/java/symbol.(*transpiler).handleScopedBlockStatement(...)
			gitlab.nethead.at/symflower/symflower/language/java/symbol/handle.go:2693
		gitlab.nethead.at/symflower/symflower/language/java/symbol.(*transpiler).handleMethodDeclarationBody(0xc00040a140, 0xc001373290, {0x2208170, 0xc001326540}, 0xc00134b700, 0x0)
			gitlab.nethead.at/symflower/symflower/language/java/symbol/handle.go:2523 +0x61b
		gitlab.nethead.at/symflower/symflower/language/java/symbol.(*transpiler).handleClassAndInterfaceDeclarationBodies(0xc00040a140, 0xc001373290, 0xc001326540)
			gitlab.nethead.at/symflower/symflower/language/java/symbol/handle.go:1534 +0x2f7
		gitlab.nethead.at/symflower/symflower/language/java/symbol.(*transpiler).handleClassDeclarationBodies(0xc00040a140, 0xc001373290, 0xc001326540)
			gitlab.nethead.at/symflower/symflower/language/java/symbol/handle.go:1419 +0x106
		gitlab.nethead.at/symflower/symflower/language/java/symbol.(*transpiler).handleBodies.func1(0xc001373290, {0x2207578, 0xc001326540})
			gitlab.nethead.at/symflower/symflower/language/java/symbol/symbols.go:532 +0x1ff
		gitlab.nethead.at/symflower/symflower/language/java/symbol.(*transpiler).walkSubDeclarations(0xc00040a140, 0xc001373290, 0xc002b77760, 0xc0012ccae0, 0xc0012eadc0, {0x2207578, 0xc001326540})
			gitlab.nethead.at/symflower/symflower/language/java/symbol/symbols.go:869 +0x1ee
		gitlab.nethead.at/symflower/symflower/language/java/symbol.(*transpiler).walkFile(0xc00040a140, 0x1, 0x2088c58, 0xc002b77760, 0xc0012ccae0, 0xc0012eadc0)
			gitlab.nethead.at/symflower/symflower/language/java/symbol/symbols.go:625 +0x3c5
		gitlab.nethead.at/symflower/symflower/language/java/symbol.(*transpiler).walkPackage(0xc00040a140, 0x1, 0x2088c58, 0xc002b77760, 0xc0012ccae0)
			gitlab.nethead.at/symflower/symflower/language/java/symbol/symbols.go:583 +0x225
		gitlab.nethead.at/symflower/symflower/language/java/symbol.(*transpiler).walkFilesAndDeclarations(0xc00040a140, 0x1, 0x2088c58, 0xc002b77760)
			gitlab.nethead.at/symflower/symflower/language/java/symbol/symbols.go:566 +0xa5
		gitlab.nethead.at/symflower/symflower/language/java/symbol.(*transpiler).handleBodies(0xc00040a140)
			gitlab.nethead.at/symflower/symflower/language/java/symbol/symbols.go:513 +0x65
		gitlab.nethead.at/symflower/symflower/language/java/symbol.symbolsWithDependencies(0xc0004a22b8, {0x0?, 0x41aa94?, 0x13e43a0?}, 0x1)
			gitlab.nethead.at/symflower/symflower/language/java/symbol/symbols.go:486 +0x147
		gitlab.nethead.at/symflower/symflower/language/java/symbol.Symbols(0xc0004a22b8, 0x1)
			gitlab.nethead.at/symflower/symflower/language/java/symbol/symbols.go:457 +0xf2
		gitlab.nethead.at/symflower/symflower/language/java.Adapter.Symbols(...)
			gitlab.nethead.at/symflower/symflower/language/java/symbols.go:29
		gitlab.nethead.at/symflower/symflower/cmd/symflower-local/generate.(*Generator).transpileLanguage(0xc0000f4000, 0x0, 0x0, {0x220c620, 0x2e6b360})
			gitlab.nethead.at/symflower/symflower/cmd/symflower-local/generate/generate.go:136 +0x373
		gitlab.nethead.at/symflower/symflower/cmd/symflower-local/generate.(*Generator).Symbols(0xc0000f4000, 0x0, 0x0)
			gitlab.nethead.at/symflower/symflower/cmd/symflower-local/generate/generate.go:94 +0x136
		gitlab.nethead.at/symflower/symflower/cmd/symflower-local/generate.(*AnalyzeEngineDefault).UnitTests(0x2c?, 0x124bba0?, {0x21eb890?, 0xc000188870?}, {0xb0?, 0x41?, 0x4?, 0x0?}, 0x2c?, {0xc000455110, ...})
			gitlab.nethead.at/symflower/symflower/cmd/symflower-local/generate/analyze.go:153 +0x77
		gitlab.nethead.at/symflower/symflower/cmd/symflower-local/cmd.(*commandUnitTests).Execute(0xc0003968d8, {0xc000396508?, 0x735ac8579b18?, 0xc0003968d8?})
			gitlab.nethead.at/symflower/symflower/cmd/symflower-local/cmd/unit-tests.go:85 +0x2a6
		gitlab.nethead.at/symflower/symflower/cmd.ExecuteNoExit({0x21de020, 0xc000396508}, {0xc00019e000?, 0x0?, 0x0?})
			gitlab.nethead.at/symflower/symflower/cmd/execute.go:59 +0x2ad
		gitlab.nethead.at/symflower/symflower/cmd.Execute({0x21de020?, 0xc000396508?}, {0xc00019e000?, 0xc0001802e0?, 0xc000117f10?})
			gitlab.nethead.at/symflower/symflower/cmd/execute.go:17 +0x26
		gitlab.nethead.at/symflower/symflower/cmd.ExecuteWithOSArguments(...)
			gitlab.nethead.at/symflower/symflower/cmd/execute.go:78
		main.main.func1()
			gitlab.nethead.at/symflower/symflower/cmd/symflower-demo/main.go:39 +0x34
		gitlab.nethead.at/symflower/symflower/cmd/symflower-local/cmd.(*Command).WithPanicReporter(0xc0000b2060?, 0x0?)
			gitlab.nethead.at/symflower/symflower/cmd/symflower-local/cmd/cmd.go:151 +0x33
		main.main()
			gitlab.nethead.at/symflower/symflower/cmd/symflower-demo/main.go:38 +0x7f
src/org/mockito/internal/configuration/SpyAnnotationEngine.java: error: unknown function
	data: [pointer(genericInstance(reference(java/lang/Class), [])) java/lang/Class<java/lang/Object>//getClass [] []]
src/org/mockito/internal/configuration/SpyAnnotationEngine.java: error: unknown import
	data: java/lang/reflect/Constructor
src/org/mockito/internal/configuration/SpyAnnotationEngine.java: error: error: unresolved type
	data: reference(T)
	child error: (error) Internal error: unknown type:
		"T"
		Stacktrace: goroutine 1 [running]:
		gitlab.nethead.at/symflower/symflower/model/errors.NewInternalError({0x21de060, 0x2d25a00}, {0x12473e0, 0xc003482020})
			gitlab.nethead.at/symflower/symflower/model/errors/error.go:852 +0x4e
		gitlab.nethead.at/symflower/symflower/model/errors.NewProblemWithErrorSeverity(...)
			gitlab.nethead.at/symflower/symflower/model/errors/problem.go:321
		gitlab.nethead.at/symflower/symflower/model/ast.(*Scope).GetType(0xc002b75df8?, {0x2221c60, 0x1})
			gitlab.nethead.at/symflower/symflower/model/ast/scope.go:986 +0x85
		gitlab.nethead.at/symflower/symflower/model/ast.resolve(0xc0004be3c0, {0x2205848?, 0xc000b97160}, 0xe0)
			gitlab.nethead.at/symflower/symflower/model/ast/type-resolve.go:362 +0x78
		gitlab.nethead.at/symflower/symflower/model/ast.ResolveWithPointers(...)
			gitlab.nethead.at/symflower/symflower/model/ast/type-resolve.go:326
		gitlab.nethead.at/symflower/symflower/model/ast.(*TypeGenericInstance).IsCompatibleType(0xc001ca35c0, 0xc0004be3c0, {0x2205728?, 0xc002676140?})
			gitlab.nethead.at/symflower/symflower/model/ast/type.go:3369 +0x230
		gitlab.nethead.at/symflower/symflower/language/java/symbol.(*transpiler).checkFunctionApplicability(0xc00040a140, 0xc000f84800, {0x22058d8?, 0xc000c99bc0?}, {0x0?, 0xc000fb2488?, 0x16?}, {0xc0026714a0, 0x2, 0x2})
			gitlab.nethead.at/symflower/symflower/language/java/symbol/overloading.go:406 +0x66b
		gitlab.nethead.at/symflower/symflower/language/java/symbol.(*transpiler).matchOverloadingFunction(0xc00040a140, {0xc002dc7b40, 0x5, 0x8}, {0x22058d8, 0xc000c99bc0}, {0x0, 0x0, 0x0}, {0xc0026714a0, ...})
			gitlab.nethead.at/symflower/symflower/language/java/symbol/overloading.go:451 +0x217
		gitlab.nethead.at/symflower/symflower/language/java/symbol.(*transpiler).getFunction(0xc00040a140, {0x22058d8, 0xc000c99bc0}, {0xc0007557a0, 0x19}, {0x0, 0x0, 0x0}, {0xc0026714a0, 0x2, ...})
			gitlab.nethead.at/symflower/symflower/language/java/symbol/overloading.go:224 +0xd2
		gitlab.nethead.at/symflower/symflower/language/java/symbol.(*transpiler).handleMethodCallResolveOverloads(0xc00040a140, {0xc0007557a0, 0x19}, {0x22058d8?, 0xc000c99bc0?}, {0x0?, 0x7?, 0x5?}, {0xc0026714a0, 0x2, ...})
			gitlab.nethead.at/symflower/symflower/language/java/symbol/handle.go:5426 +0x87
		gitlab.nethead.at/symflower/symflower/language/java/symbol.(*transpiler).handleMethodCallReceiver(0xc00040a140, {0xc0003bb090, 0x4}, {0x22058d8, 0xc000c99bc0}, {0x0, 0x0, 0x0}, {0xc0026714a0, 0x2, ...})
			gitlab.nethead.at/symflower/symflower/language/java/symbol/handle.go:5421 +0x1ae
		gitlab.nethead.at/symflower/symflower/language/java/symbol.(*transpiler).handleExpressionMethodCall(0xc00040a140, 0xc001373290, 0xc00013b800)
			gitlab.nethead.at/symflower/symflower/language/java/symbol/handle.go:5526 +0xbe5
		gitlab.nethead.at/symflower/symflower/language/java/symbol.(*transpiler).handleExpression(0xc00040a140, 0xc001373290, {0x21f7d38, 0xc00013b800})
			gitlab.nethead.at/symflower/symflower/language/java/symbol/handle.go:6903 +0x785
		gitlab.nethead.at/symflower/symflower/language/java/symbol.(*transpiler).handleStatementReturn(0xc00040a140, 0xc001373290, 0xc00014d680)
			gitlab.nethead.at/symflower/symflower/language/java/symbol/handle.go:4352 +0x7c
		gitlab.nethead.at/symflower/symflower/language/java/symbol.(*transpiler).handleStatement(0xc00040a140, 0xc001373290, {0x21f74a0, 0xc00014d680})
			gitlab.nethead.at/symflower/symflower/language/java/symbol/handle.go:4423 +0x745
		gitlab.nethead.at/symflower/symflower/language/java/symbol.(*transpiler).handleStatements(0xc00040a140, 0xc001373290, {0xc000188b10, 0x1, 0xc002b76918?})
			gitlab.nethead.at/symflower/symflower/language/java/symbol/handle.go:3731 +0x85
		gitlab.nethead.at/symflower/symflower/language/java/symbol.(*transpiler).handleBlock.func1()
			gitlab.nethead.at/symflower/symflower/language/java/symbol/handle.go:3712 +0x45
		gitlab.nethead.at/symflower/symflower/model/ast.(*Scope).Scoped(0xc0004be3c0, 0xc002b769a8)
			gitlab.nethead.at/symflower/symflower/model/ast/scope.go:297 +0x162
		gitlab.nethead.at/symflower/symflower/language/java/symbol.(*transpiler).handleBlock(0xc00040a140, 0xc001373290, 0xc000130cf0)
			gitlab.nethead.at/symflower/symflower/language/java/symbol/handle.go:3711 +0x9e
		gitlab.nethead.at/symflower/symflower/language/java/symbol.(*transpiler).handleStatement(0xc00040a140, 0xc001373290, {0x21f7028, 0xc000130cf0})
			gitlab.nethead.at/symflower/symflower/language/java/symbol/handle.go:4403 +0x4b6
		gitlab.nethead.at/symflower/symflower/language/java/symbol.(*transpiler).handleStatementIf(0xc00040a140, 0xc001373290, 0xc0006d9a40)
			gitlab.nethead.at/symflower/symflower/language/java/symbol/handle.go:4303 +0x65
		gitlab.nethead.at/symflower/symflower/language/java/symbol.(*transpiler).handleStatement(0xc00040a140, 0xc001373290, {0x21f7340, 0xc0006d9a40})
			gitlab.nethead.at/symflower/symflower/language/java/symbol/handle.go:4421 +0x645
		gitlab.nethead.at/symflower/symflower/language/java/symbol.(*transpiler).handleStatements(0xc00040a140, 0xc001373290, {0xc00044c1c0, 0x7, 0xc0004be3c0?})
			gitlab.nethead.at/symflower/symflower/language/java/symbol/handle.go:3731 +0x85
		gitlab.nethead.at/symflower/symflower/language/java/symbol.(*transpiler).handleBlock.func1()
			gitlab.nethead.at/symflower/symflower/language/java/symbol/handle.go:3712 +0x45
		gitlab.nethead.at/symflower/symflower/model/ast.(*Scope).Scoped(0xc0004be3c0, 0xc002b76d50)
			gitlab.nethead.at/symflower/symflower/model/ast/scope.go:297 +0x162
		gitlab.nethead.at/symflower/symflower/language/java/symbol.(*transpiler).handleBlock(0xc00040a140, 0xc001373290, 0xc000131290)
			gitlab.nethead.at/symflower/symflower/language/java/symbol/handle.go:3711 +0x9e
		gitlab.nethead.at/symflower/symflower/language/java/symbol.(*transpiler).handleMethodDeclarationBody.(*transpiler).handleScopedBlockStatement.func2()
			gitlab.nethead.at/symflower/symflower/language/java/symbol/handle.go:2716 +0x205
		gitlab.nethead.at/symflower/symflower/model/ast.(*Scope).Scoped(0xc0004be3c0, 0xc002b77160)
			gitlab.nethead.at/symflower/symflower/model/ast/scope.go:297 +0x162
		gitlab.nethead.at/symflower/symflower/language/java/symbol.(*transpiler).handleScopedBlockStatement(...)
			gitlab.nethead.at/symflower/symflower/language/java/symbol/handle.go:2693
		gitlab.nethead.at/symflower/symflower/language/java/symbol.(*transpiler).handleMethodDeclarationBody(0xc00040a140, 0xc001373290, {0x2208170, 0xc001326540}, 0xc00134b700, 0x0)
			gitlab.nethead.at/symflower/symflower/language/java/symbol/handle.go:2523 +0x61b
		gitlab.nethead.at/symflower/symflower/language/java/symbol.(*transpiler).handleClassAndInterfaceDeclarationBodies(0xc00040a140, 0xc001373290, 0xc001326540)
			gitlab.nethead.at/symflower/symflower/language/java/symbol/handle.go:1534 +0x2f7
		gitlab.nethead.at/symflower/symflower/language/java/symbol.(*transpiler).handleClassDeclarationBodies(0xc00040a140, 0xc001373290, 0xc001326540)
			gitlab.nethead.at/symflower/symflower/language/java/symbol/handle.go:1419 +0x106
		gitlab.nethead.at/symflower/symflower/language/java/symbol.(*transpiler).handleBodies.func1(0xc001373290, {0x2207578, 0xc001326540})
			gitlab.nethead.at/symflower/symflower/language/java/symbol/symbols.go:532 +0x1ff
		gitlab.nethead.at/symflower/symflower/language/java/symbol.(*transpiler).walkSubDeclarations(0xc00040a140, 0xc001373290, 0xc002b77760, 0xc0012ccae0, 0xc0012eadc0, {0x2207578, 0xc001326540})
			gitlab.nethead.at/symflower/symflower/language/java/symbol/symbols.go:869 +0x1ee
		gitlab.nethead.at/symflower/symflower/language/java/symbol.(*transpiler).walkFile(0xc00040a140, 0x1, 0x2088c58, 0xc002b77760, 0xc0012ccae0, 0xc0012eadc0)
			gitlab.nethead.at/symflower/symflower/language/java/symbol/symbols.go:625 +0x3c5
		gitlab.nethead.at/symflower/symflower/language/java/symbol.(*transpiler).walkPackage(0xc00040a140, 0x1, 0x2088c58, 0xc002b77760, 0xc0012ccae0)
			gitlab.nethead.at/symflower/symflower/language/java/symbol/symbols.go:583 +0x225
		gitlab.nethead.at/symflower/symflower/language/java/symbol.(*transpiler).walkFilesAndDeclarations(0xc00040a140, 0x1, 0x2088c58, 0xc002b77760)
			gitlab.nethead.at/symflower/symflower/language/java/symbol/symbols.go:566 +0xa5
		gitlab.nethead.at/symflower/symflower/language/java/symbol.(*transpiler).handleBodies(0xc00040a140)
			gitlab.nethead.at/symflower/symflower/language/java/symbol/symbols.go:513 +0x65
		gitlab.nethead.at/symflower/symflower/language/java/symbol.symbolsWithDependencies(0xc0004a22b8, {0x0?, 0x41aa94?, 0x13e43a0?}, 0x1)
			gitlab.nethead.at/symflower/symflower/language/java/symbol/symbols.go:486 +0x147
		gitlab.nethead.at/symflower/symflower/language/java/symbol.Symbols(0xc0004a22b8, 0x1)
			gitlab.nethead.at/symflower/symflower/language/java/symbol/symbols.go:457 +0xf2
		gitlab.nethead.at/symflower/symflower/language/java.Adapter.Symbols(...)
			gitlab.nethead.at/symflower/symflower/language/java/symbols.go:29
		gitlab.nethead.at/symflower/symflower/cmd/symflower-local/generate.(*Generator).transpileLanguage(0xc0000f4000, 0x0, 0x0, {0x220c620, 0x2e6b360})
			gitlab.nethead.at/symflower/symflower/cmd/symflower-local/generate/generate.go:136 +0x373
		gitlab.nethead.at/symflower/symflower/cmd/symflower-local/generate.(*Generator).Symbols(0xc0000f4000, 0x0, 0x0)
			gitlab.nethead.at/symflower/symflower/cmd/symflower-local/generate/generate.go:94 +0x136
		gitlab.nethead.at/symflower/symflower/cmd/symflower-local/generate.(*AnalyzeEngineDefault).UnitTests(0x2c?, 0x124bba0?, {0x21eb890?, 0xc000188870?}, {0xb0?, 0x41?, 0x4?, 0x0?}, 0x2c?, {0xc000455110, ...})
			gitlab.nethead.at/symflower/symflower/cmd/symflower-local/generate/analyze.go:153 +0x77
		gitlab.nethead.at/symflower/symflower/cmd/symflower-local/cmd.(*commandUnitTests).Execute(0xc0003968d8, {0xc000396508?, 0x735ac8579b18?, 0xc0003968d8?})
			gitlab.nethead.at/symflower/symflower/cmd/symflower-local/cmd/unit-tests.go:85 +0x2a6
		gitlab.nethead.at/symflower/symflower/cmd.ExecuteNoExit({0x21de020, 0xc000396508}, {0xc00019e000?, 0x0?, 0x0?})
			gitlab.nethead.at/symflower/symflower/cmd/execute.go:59 +0x2ad
		gitlab.nethead.at/symflower/symflower/cmd.Execute({0x21de020?, 0xc000396508?}, {0xc00019e000?, 0xc0001802e0?, 0xc000117f10?})
			gitlab.nethead.at/symflower/symflower/cmd/execute.go:17 +0x26
		gitlab.nethead.at/symflower/symflower/cmd.ExecuteWithOSArguments(...)
			gitlab.nethead.at/symflower/symflower/cmd/execute.go:78
		main.main.func1()
			gitlab.nethead.at/symflower/symflower/cmd/symflower-demo/main.go:39 +0x34
		gitlab.nethead.at/symflower/symflower/cmd/symflower-local/cmd.(*Command).WithPanicReporter(0xc0000b2060?, 0x0?)
			gitlab.nethead.at/symflower/symflower/cmd/symflower-local/cmd/cmd.go:151 +0x33
		main.main()
			gitlab.nethead.at/symflower/symflower/cmd/symflower-demo/main.go:38 +0x7f
src/org/mockito/internal/configuration/SpyAnnotationEngine.java: error: unknown function
	data: [pointer(genericInstance(reference(java/lang/Class), [wildcard(, pointer(reference(java/lang/Object)))])) java/lang/Class<descendant of java/lang/Object>//getModifiers [] []]
src/org/mockito/internal/configuration/injection/ConstructorInjection.java: error: an unsupported collection type has been used for this operation
	data: genericInstance(unsupported(java/util/Set), [pointer(reference(java/lang/Object))])
src/org/mockito/internal/configuration/injection/ConstructorInjection.java: error: unknown import
	data: java/lang/reflect/Field
src/org/mockito/internal/configuration/injection/ConstructorInjection.java: error: unknown import
	data: java/lang/reflect/InvocationTargetException
src/org/mockito/internal/configuration/injection/ConstructorInjection.java: error: unknown import
	data: java/util/Set
src/org/mockito/internal/configuration/injection/ConstructorInjection.java: error: unknown function
	data: [pointer(reference(org/mockito/exceptions/base/MockitoException)) org/mockito/exceptions/base/MockitoException//getCause [] []]
src/org/mockito/internal/configuration/injection/ConstructorInjection.java: internal error: unknown node
	data: unsupported
src/org/mockito/internal/configuration/injection/ConstructorInjection.java: error: unknown function
	data: [<nil> java/util/ArrayList//ArrayList [pointer(reference(java/lang/Object))] [len(ensure_not_nil(argTypes))]]
src/org/mockito/internal/configuration/injection/MockInjection.java: error: unknown import
	data: java/util/HashSet
src/org/mockito/internal/configuration/injection/MockInjection.java: error: unknown function
	data: [<nil> checkItemsNotNull [] [fields "fields"]]
src/org/mockito/internal/configuration/injection/MockInjection.java: error: unknown function
	data: [<nil> checkNotNull [] [mocks "mocks"]]
src/org/mockito/internal/configuration/injection/MockInjection.java: error: an unsupported collection type has been used for this operation
	data: genericInstance(unsupported(java/util/Set), [unsupported(java/lang/reflect/Field)])
src/org/mockito/internal/configuration/injection/MockInjection.java: error: unknown import
	data: java/lang/reflect/Field
src/org/mockito/internal/configuration/injection/MockInjection.java: error: unknown import
	data: java/util/Collections
src/org/mockito/internal/configuration/injection/MockInjection.java: error: unknown import
	data: java/util/Set
src/org/mockito/internal/configuration/injection/MockInjection.java: error: unknown function
	data: [<nil> newMockSafeHashSet [] []]
src/org/mockito/internal/configuration/injection/MockInjectionStrategy.java: error: unknown import
	data: java/lang/reflect/Field
src/org/mockito/internal/configuration/injection/MockInjectionStrategy.java: error: unknown import
	data: java/util/Set
src/org/mockito/internal/configuration/injection/MockInjectionStrategy.java: error: unknown identifier
	data: this
src/org/mockito/internal/configuration/injection/PropertyAndSetterInjection.java: error: unknown function
	data: [pointer(genericInstance(reference(java/lang/Class), [wildcard(, pointer(reference(java/lang/Object)))])) java/lang/Class<descendant of java/lang/Object>//getDeclaredFields [] []]
src/org/mockito/internal/configuration/injection/PropertyAndSetterInjection.java: error: error: unresolved type
	data: reference(T)
	child error: (error) Internal error: unknown type:
		"T"
		Stacktrace: goroutine 1 [running]:
		gitlab.nethead.at/symflower/symflower/model/errors.NewInternalError({0x21de060, 0x2d25a00}, {0x12473e0, 0xc002b940f0})
			gitlab.nethead.at/symflower/symflower/model/errors/error.go:852 +0x4e
		gitlab.nethead.at/symflower/symflower/model/errors.NewProblemWithErrorSeverity(...)
			gitlab.nethead.at/symflower/symflower/model/errors/problem.go:321
		gitlab.nethead.at/symflower/symflower/model/ast.(*Scope).GetType(0xc0032da0e0?, {0x2221c60, 0x1})
			gitlab.nethead.at/symflower/symflower/model/ast/scope.go:986 +0x85
		gitlab.nethead.at/symflower/symflower/model/ast.resolve(0xc0004be3c0, {0x2205848?, 0xc0014feec0}, 0xe0)
			gitlab.nethead.at/symflower/symflower/model/ast/type-resolve.go:362 +0x78
		gitlab.nethead.at/symflower/symflower/model/ast.ResolveWithPointers(...)
			gitlab.nethead.at/symflower/symflower/model/ast/type-resolve.go:326
		gitlab.nethead.at/symflower/symflower/model/ast.(*TypeGenericInstance).IsCompatibleType(0xc0019fdb40, 0xc0004be3c0, {0x2205728?, 0xc000dcf520?})
			gitlab.nethead.at/symflower/symflower/model/ast/type.go:3369 +0x230
		gitlab.nethead.at/symflower/symflower/language/java/symbol.(*transpiler).checkFunctionApplicability(0xc00040a140, 0xc001712b00, {0x22058d8?, 0xc0016f5380?}, {0x0?, 0xc000fb2488?, 0x18?}, {0xc0021a05a0, 0x2, 0x2})
			gitlab.nethead.at/symflower/symflower/language/java/symbol/overloading.go:406 +0x66b
		gitlab.nethead.at/symflower/symflower/language/java/symbol.(*transpiler).matchOverloadingFunction(0xc00040a140, {0xc00070b7b8, 0x1, 0x1}, {0x22058d8, 0xc0016f5380}, {0x0, 0x0, 0x0}, {0xc0021a05a0, ...})
			gitlab.nethead.at/symflower/symflower/language/java/symbol/overloading.go:451 +0x217
		gitlab.nethead.at/symflower/symflower/language/java/symbol.(*transpiler).getFunction(0xc00040a140, {0x22058d8, 0xc0016f5380}, {0xc002d55ac0, 0x36}, {0x0, 0x0, 0x0}, {0xc0021a05a0, 0x2, ...})
			gitlab.nethead.at/symflower/symflower/language/java/symbol/overloading.go:224 +0xd2
		gitlab.nethead.at/symflower/symflower/language/java/symbol.(*transpiler).handleMethodCallResolveOverloads(0xc00040a140, {0xc002d55ac0, 0x36}, {0x22058d8?, 0xc0016f5380?}, {0x0?, 0x8?, 0x5?}, {0xc0021a05a0, 0x2, ...})
			gitlab.nethead.at/symflower/symflower/language/java/symbol/handle.go:5426 +0x87
		gitlab.nethead.at/symflower/symflower/language/java/symbol.(*transpiler).handleMethodCallReceiver(0xc00040a140, {0xc00074d398, 0x6}, {0x22058d8, 0xc0016f5380}, {0x0, 0x0, 0x0}, {0xc0021a05a0, 0x2, ...})
			gitlab.nethead.at/symflower/symflower/language/java/symbol/handle.go:5421 +0x1ae
		gitlab.nethead.at/symflower/symflower/language/java/symbol.(*transpiler).handleExpressionMethodCall(0xc00040a140, 0xc001373bf0, 0xc00073f2c0)
			gitlab.nethead.at/symflower/symflower/language/java/symbol/handle.go:5526 +0xbe5
		gitlab.nethead.at/symflower/symflower/language/java/symbol.(*transpiler).handleExpression(0xc00040a140, 0xc001373bf0, {0x21f7d38, 0xc00073f2c0})
			gitlab.nethead.at/symflower/symflower/language/java/symbol/handle.go:6903 +0x785
		gitlab.nethead.at/symflower/symflower/language/java/symbol.(*transpiler).handleStatementExpressionAssign(0xc00040a140, 0xc001373bf0, 0xc0006f3400)
			gitlab.nethead.at/symflower/symflower/language/java/symbol/handle.go:3771 +0xe5
		gitlab.nethead.at/symflower/symflower/language/java/symbol.(*transpiler).handleStatementExpression(0xc002b76b78?, 0x41aa94?, {0x21f79c8?, 0xc0006f3400?})
			gitlab.nethead.at/symflower/symflower/language/java/symbol/handle.go:3932 +0x53
		gitlab.nethead.at/symflower/symflower/language/java/symbol.(*transpiler).handleStatement(0xc00040a140, 0xc001373bf0, {0x21f7238, 0xc000758f00})
			gitlab.nethead.at/symflower/symflower/language/java/symbol/handle.go:4415 +0x8aa
		gitlab.nethead.at/symflower/symflower/language/java/symbol.(*transpiler).handleStatements(0xc00040a140, 0xc001373bf0, {0xc000058fc0, 0x4, 0xc0004be3c0?})
			gitlab.nethead.at/symflower/symflower/language/java/symbol/handle.go:3731 +0x85
		gitlab.nethead.at/symflower/symflower/language/java/symbol.(*transpiler).handleBlock.func1()
			gitlab.nethead.at/symflower/symflower/language/java/symbol/handle.go:3712 +0x45
		gitlab.nethead.at/symflower/symflower/model/ast.(*Scope).Scoped(0xc0004be3c0, 0xc002b76d50)
			gitlab.nethead.at/symflower/symflower/model/ast/scope.go:297 +0x162
		gitlab.nethead.at/symflower/symflower/language/java/symbol.(*transpiler).handleBlock(0xc00040a140, 0xc001373bf0, 0xc0006e8990)
			gitlab.nethead.at/symflower/symflower/language/java/symbol/handle.go:3711 +0x9e
		gitlab.nethead.at/symflower/symflower/language/java/symbol.(*transpiler).handleMethodDeclarationBody.(*transpiler).handleScopedBlockStatement.func2()
			gitlab.nethead.at/symflower/symflower/language/java/symbol/handle.go:2716 +0x205
		gitlab.nethead.at/symflower/symflower/model/ast.(*Scope).Scoped(0xc0004be3c0, 0xc002b77160)
			gitlab.nethead.at/symflower/symflower/model/ast/scope.go:297 +0x162
		gitlab.nethead.at/symflower/symflower/language/java/symbol.(*transpiler).handleScopedBlockStatement(...)
			gitlab.nethead.at/symflower/symflower/language/java/symbol/handle.go:2693
		gitlab.nethead.at/symflower/symflower/language/java/symbol.(*transpiler).handleMethodDeclarationBody(0xc00040a140, 0xc001373bf0, {0x2208170, 0xc001326c00}, 0xc001360000, 0x0)
			gitlab.nethead.at/symflower/symflower/language/java/symbol/handle.go:2523 +0x61b
		gitlab.nethead.at/symflower/symflower/language/java/symbol.(*transpiler).handleClassAndInterfaceDeclarationBodies(0xc00040a140, 0xc001373bf0, 0xc001326c00)
			gitlab.nethead.at/symflower/symflower/language/java/symbol/handle.go:1534 +0x2f7
		gitlab.nethead.at/symflower/symflower/language/java/symbol.(*transpiler).handleClassDeclarationBodies(0xc00040a140, 0xc001373bf0, 0xc001326c00)
			gitlab.nethead.at/symflower/symflower/language/java/symbol/handle.go:1419 +0x106
		gitlab.nethead.at/symflower/symflower/language/java/symbol.(*transpiler).handleBodies.func1(0xc001373bf0, {0x2207578, 0xc001326c00})
			gitlab.nethead.at/symflower/symflower/language/java/symbol/symbols.go:532 +0x1ff
		gitlab.nethead.at/symflower/symflower/language/java/symbol.(*transpiler).walkSubDeclarations(0xc00040a140, 0xc001373bf0, 0xc0032db760, 0xc0012cd6e0, 0xc0012ebac0, {0x2207578, 0xc001326c00})
			gitlab.nethead.at/symflower/symflower/language/java/symbol/symbols.go:869 +0x1ee
		gitlab.nethead.at/symflower/symflower/language/java/symbol.(*transpiler).walkFile(0xc00040a140, 0x1, 0x2088c58, 0xc0032db760, 0xc0012cd6e0, 0xc0012ebac0)
			gitlab.nethead.at/symflower/symflower/language/java/symbol/symbols.go:625 +0x3c5
		gitlab.nethead.at/symflower/symflower/language/java/symbol.(*transpiler).walkPackage(0xc00040a140, 0x1, 0x2088c58, 0xc0032db760, 0xc0012cd6e0)
			gitlab.nethead.at/symflower/symflower/language/java/symbol/symbols.go:583 +0x225
		gitlab.nethead.at/symflower/symflower/language/java/symbol.(*transpiler).walkFilesAndDeclarations(0xc00040a140, 0x1, 0x2088c58, 0xc0032db760)
			gitlab.nethead.at/symflower/symflower/language/java/symbol/symbols.go:566 +0xa5
		gitlab.nethead.at/symflower/symflower/language/java/symbol.(*transpiler).handleBodies(0xc00040a140)
			gitlab.nethead.at/symflower/symflower/language/java/symbol/symbols.go:513 +0x65
		gitlab.nethead.at/symflower/symflower/language/java/symbol.symbolsWithDependencies(0xc0004a22b8, {0x0?, 0x41aa94?, 0x13e43a0?}, 0x1)
			gitlab.nethead.at/symflower/symflower/language/java/symbol/symbols.go:486 +0x147
		gitlab.nethead.at/symflower/symflower/language/java/symbol.Symbols(0xc0004a22b8, 0x1)
			gitlab.nethead.at/symflower/symflower/language/java/symbol/symbols.go:457 +0xf2
		gitlab.nethead.at/symflower/symflower/language/java.Adapter.Symbols(...)
			gitlab.nethead.at/symflower/symflower/language/java/symbols.go:29
		gitlab.nethead.at/symflower/symflower/cmd/symflower-local/generate.(*Generator).transpileLanguage(0xc0000f4000, 0x0, 0x0, {0x220c620, 0x2e6b360})
			gitlab.nethead.at/symflower/symflower/cmd/symflower-local/generate/generate.go:136 +0x373
		gitlab.nethead.at/symflower/symflower/cmd/symflower-local/generate.(*Generator).Symbols(0xc0000f4000, 0x0, 0x0)
			gitlab.nethead.at/symflower/symflower/cmd/symflower-local/generate/generate.go:94 +0x136
		gitlab.nethead.at/symflower/symflower/cmd/symflower-local/generate.(*AnalyzeEngineDefault).UnitTests(0x2c?, 0x124bba0?, {0x21eb890?, 0xc000188870?}, {0xb0?, 0x41?, 0x4?, 0x0?}, 0x2c?, {0xc000455110, ...})
			gitlab.nethead.at/symflower/symflower/cmd/symflower-local/generate/analyze.go:153 +0x77
		gitlab.nethead.at/symflower/symflower/cmd/symflower-local/cmd.(*commandUnitTests).Execute(0xc0003968d8, {0xc000396508?, 0x735ac8579b18?, 0xc0003968d8?})
			gitlab.nethead.at/symflower/symflower/cmd/symflower-local/cmd/unit-tests.go:85 +0x2a6
		gitlab.nethead.at/symflower/symflower/cmd.ExecuteNoExit({0x21de020, 0xc000396508}, {0xc00019e000?, 0x0?, 0x0?})
			gitlab.nethead.at/symflower/symflower/cmd/execute.go:59 +0x2ad
		gitlab.nethead.at/symflower/symflower/cmd.Execute({0x21de020?, 0xc000396508?}, {0xc00019e000?, 0xc0001802e0?, 0xc000117f10?})
			gitlab.nethead.at/symflower/symflower/cmd/execute.go:17 +0x26
		gitlab.nethead.at/symflower/symflower/cmd.ExecuteWithOSArguments(...)
			gitlab.nethead.at/symflower/symflower/cmd/execute.go:78
		main.main.func1()
			gitlab.nethead.at/symflower/symflower/cmd/symflower-demo/main.go:39 +0x34
		gitlab.nethead.at/symflower/symflower/cmd/symflower-local/cmd.(*Command).WithPanicReporter(0xc0000b2060?, 0x0?)
			gitlab.nethead.at/symflower/symflower/cmd/symflower-local/cmd/cmd.go:151 +0x33
		main.main()
			gitlab.nethead.at/symflower/symflower/cmd/symflower-demo/main.go:38 +0x7f
src/org/mockito/internal/configuration/injection/PropertyAndSetterInjection.java: error: unknown import
	data: java/lang/reflect/Modifier
src/org/mockito/internal/configuration/injection/PropertyAndSetterInjection.java: error: unknown type
	data: Filter
src/org/mockito/internal/configuration/injection/PropertyAndSetterInjection.java: error: unknown function
	data: [<nil> newMockSafeHashSet [] [mockCandidates]]
src/org/mockito/internal/configuration/injection/PropertyAndSetterInjection.java: error: unknown field
	data: [this struct(org/mockito/internal/configuration/injection/PropertyAndSetterInjection, [], [pointer(reference(org/mockito/internal/configuration/injection/MockInjectionStrategy))], []) Collections]
src/org/mockito/internal/configuration/injection/PropertyAndSetterInjection.java: error: abstract method is not implemented
	data: [org/mockito/internal/configuration/injection/PropertyAndSetterInjection processInjection!e2609edcc91614f05be1c7b3bb50fe49]
src/org/mockito/internal/configuration/injection/PropertyAndSetterInjection.java: error: unknown import
	data: java/lang/reflect/InvocationTargetException
src/org/mockito/internal/configuration/injection/PropertyAndSetterInjection.java: error: unknown function
	data: [pointer(genericInstance(reference(java/lang/Class), [wildcard(, pointer(reference(java/lang/Object)))])) java/lang/Class<descendant of java/lang/Object>//isAssignableFrom [] [field2Type]]
src/org/mockito/internal/configuration/injection/PropertyAndSetterInjection.java: error: unknown function
	data: [pointer(genericInstance(reference(java/lang/Class), [wildcard(, pointer(reference(java/lang/Object)))])) java/lang/Class<descendant of java/lang/Object>//isAssignableFrom [] [field1Type]]
src/org/mockito/internal/configuration/injection/PropertyAndSetterInjection.java: error: unknown import
	data: java/lang/reflect/Field
src/org/mockito/internal/configuration/injection/PropertyAndSetterInjection.java: error: unknown function
	data: [pointer(genericInstance(reference(java/lang/Class), [wildcard(, pointer(reference(java/lang/Object)))])) java/lang/Class<descendant of java/lang/Object>//getSuperclass [] []]
src/org/mockito/internal/configuration/injection/PropertyAndSetterInjection.java: error: unknown function
	data: [pointer(reference(org/mockito/exceptions/base/MockitoException)) org/mockito/exceptions/base/MockitoException//getCause [] []]
src/org/mockito/internal/configuration/injection/PropertyAndSetterInjection.java: error: unknown function
	data: [struct(org/mockito/internal/configuration/injection/filter/MockCandidateFilter, [], [pointer(reference(java/lang/Object))], []) org/mockito/internal/configuration/injection/filter/MockCandidateFilter//filterCandidate [] [mocks field instance]]
src/org/mockito/internal/configuration/injection/PropertyAndSetterInjection.java: error: unknown field
	data: [this struct(org/mockito/internal/configuration/injection/PropertyAndSetterInjection, [], [pointer(reference(org/mockito/internal/configuration/injection/MockInjectionStrategy))], []) Arrays]
src/org/mockito/internal/configuration/injection/PropertyAndSetterInjection.java: error: unknown type
	data: Set
src/org/mockito/internal/configuration/injection/PropertyAndSetterInjection.java: internal error: unknown node
	data: unsupported
src/org/mockito/internal/configuration/injection/SpyOnInjectedFieldsHandler.java: error: unknown import
	data: java/lang/reflect/Field
src/org/mockito/internal/configuration/injection/SpyOnInjectedFieldsHandler.java: error: unknown import
	data: java/util/Set
src/org/mockito/internal/configuration/injection/SpyOnInjectedFieldsHandler.java: error: unknown function
	data: [pointer(reference(java/lang/Object)) java/lang/Object//getClass [] []]
src/org/mockito/internal/configuration/injection/SpyOnInjectedFieldsHandler.java: error: unknown type
	data: T
src/org/mockito/internal/configuration/injection/filter/FinalMockCandidateFilter.java: error: unknown import
	data: java/lang/reflect/Field
src/org/mockito/internal/configuration/injection/filter/MockCandidateFilter.java: error: unknown import
	data: java/lang/reflect/Field
src/org/mockito/internal/configuration/injection/filter/NameBasedCandidateFilter.java: error: unknown import
	data: java/lang/reflect/Field
src/org/mockito/internal/configuration/injection/filter/TypeBasedCandidateFilter.java: error: unknown import
	data: java/lang/reflect/Field
src/org/mockito/internal/configuration/injection/filter/TypeBasedCandidateFilter.java: error: unknown function
	data: [pointer(reference(java/lang/Object)) java/lang/Object//getClass [] []]
src/org/mockito/internal/configuration/injection/scanner/InjectMocksScanner.java: error: unknown type
	data: SuppressWarnings
src/org/mockito/internal/configuration/injection/scanner/InjectMocksScanner.java: error: unknown function
	data: [genericInstance(reference(java/lang/Class), [wildcard(, pointer(reference(java/lang/Object)))]) java/lang/Class<descendant of java/lang/Object>//getDeclaredFields [] []]
src/org/mockito/internal/configuration/injection/scanner/InjectMocksScanner.java: error: unknown identifier
	data: mockDependentFields
src/org/mockito/internal/configuration/injection/scanner/InjectMocksScanner.java: error: unknown import
	data: java/lang/reflect/Field
src/org/mockito/internal/configuration/injection/scanner/InjectMocksScanner.java: error: unknown import
	data: java/util/HashSet
src/org/mockito/internal/configuration/injection/scanner/InjectMocksScanner.java: error: unknown import
	data: java/util/Set
src/org/mockito/internal/configuration/injection/scanner/MockScanner.java: error: unknown import
	data: java/util/Set
src/org/mockito/internal/configuration/injection/scanner/MockScanner.java: error: unknown function
	data: [<nil> newMockSafeHashSet [] []]
src/org/mockito/internal/configuration/injection/scanner/MockScanner.java: error: unknown function
	data: [genericInstance(reference(java/lang/Class), [wildcard(, pointer(reference(java/lang/Object)))]) java/lang/Class<descendant of java/lang/Object>//getDeclaredFields [] []]
src/org/mockito/internal/configuration/injection/scanner/MockScanner.java: error: unknown identifier
	data: mocks
src/org/mockito/internal/configuration/injection/scanner/MockScanner.java: error: unknown import
	data: java/lang/reflect/Field
src/org/mockito/internal/configuration/plugins/PluginFinder.java: error: an unsupported collection type has been used for this operation
	data: pointer(genericInstance(reference(java/lang/Iterable), [unsupported(java/net/URL)]))
src/org/mockito/internal/configuration/plugins/PluginFinder.java: error: unknown import
	data: java/net/URL
src/org/mockito/internal/configuration/plugins/PluginLoader.java: error: unknown import
	data: java/util/Enumeration
src/org/mockito/internal/configuration/plugins/PluginLoader.java: error: unknown function
	data: [<nil> loadImpl [] [pluginType]]
src/org/mockito/internal/configuration/plugins/PluginLoader.java: error: unknown function
	data: [pointer(genericInstance(reference(java/lang/Class), [reference(T)])) java/lang/Class<T>//cast [] [unsupported]]
src/org/mockito/internal/configuration/plugins/PluginLoader.java: error: unknown function
	data: [pointer(genericInstance(reference(java/lang/Class), [reference(T)])) java/lang/Class<T>//cast [] [plugin]]
src/org/mockito/internal/configuration/plugins/PluginLoader.java: error: unknown function
	data: [<nil> org/mockito/exceptions/misusing/MockitoConfigurationException//MockitoConfigurationException [] [+(unsupported, resources) e]]
src/org/mockito/internal/configuration/plugins/PluginLoader.java: error: unknown import
	data: java/net/URL
src/org/mockito/internal/configuration/plugins/PluginLoader.java: error: unknown function
	data: [struct(java/lang/Class, [], [pointer(reference(java/lang/Object))], []) java/lang/Class//forName [] [defaultPluginClassName]]
src/org/mockito/internal/configuration/plugins/PluginLoader.java: error: unknown type
	data: ClassLoader
src/org/mockito/internal/configuration/plugins/PluginLoader.java: error: unknown field
	data: [this struct(org/mockito/internal/configuration/plugins/PluginLoader, [], [pointer(reference(java/lang/Object))], []) ClassLoader]
src/org/mockito/internal/configuration/plugins/PluginLoader.java: error: unknown function
	data: [pointer(genericInstance(reference(java/lang/Class), [wildcard(, pointer(reference(java/lang/Object)))])) java/lang/Class<descendant of java/lang/Object>//newInstance [] []]
src/org/mockito/internal/creation/DelegatingMethod.java: error: unknown import
	data: java/lang/reflect/Method
src/org/mockito/internal/creation/DelegatingMethod.java: error: unknown import
	data: java/lang/reflect/Modifier
src/org/mockito/internal/creation/MockSettingsImpl.java: error: unknown type
	data: SuppressWarnings
src/org/mockito/internal/creation/MockSettingsImpl.java: error: unknown function
	data: [pointer(genericInstance(reference(java/lang/Class), [])) java/lang/Class<java/lang/Object>//isInterface [] []]
src/org/mockito/internal/creation/MockSettingsImpl.java: error: unknown function
	data: [<nil> validatedSettings [] [typeToMock this]]
src/org/mockito/internal/creation/MockSettingsImpl.java: error: unknown function
	data: [pointer(reference(org/mockito/internal/util/MockCreationValidator)) org/mockito/internal/util/MockCreationValidator//validateExtraInterfaces [] [typeToMock call(select(ensure_not_nil(source), getExtraInterfaces!d41d8cd98f00b204e9800998ecf8427e), [])]]
src/org/mockito/internal/creation/MockSettingsImpl.java: error: unknown import
	data: java/util/Set
src/org/mockito/internal/creation/MockSettingsImpl.java: error: unknown function
	data: [reference(org/mockito/listeners/InvocationListener) org/mockito/listeners/InvocationListener//getClass [] []]
src/org/mockito/internal/creation/MockSettingsImpl.java: error: unknown function
	data: [pointer(reference(org/mockito/internal/util/MockCreationValidator)) org/mockito/internal/util/MockCreationValidator//validateSerializable [] [typeToMock call(select(ensure_not_nil(source), isSerializable!d41d8cd98f00b204e9800998ecf8427e), [])]]
src/org/mockito/internal/creation/MockSettingsImpl.java: error: unknown function
	data: [<nil> org/mockito/internal/util/MockNameImpl//MockNameImpl [] [call(select(ensure_not_nil(source), getName!d41d8cd98f00b204e9800998ecf8427e), []) typeToMock]]
src/org/mockito/internal/creation/MockSettingsImpl.java: error: unknown function
	data: [<nil> prepareExtraInterfaces [] [source]]
src/org/mockito/internal/creation/MockSettingsImpl.java: error: unknown import
	data: java/util/HashSet
src/org/mockito/internal/creation/MockSettingsImpl.java: error: unknown function
	data: [pointer(reference(org/mockito/internal/util/MockCreationValidator)) org/mockito/internal/util/MockCreationValidator//validateType [] [typeToMock]]
src/org/mockito/internal/creation/MockSettingsImpl.java: error: unknown function
	data: [<nil> org/mockito/internal/creation/settings/CreationSettings//CreationSettings [reference(T)] [source]]
src/org/mockito/internal/creation/MockSettingsImpl.java: error: unknown function
	data: [pointer(reference(org/mockito/internal/util/MockCreationValidator)) org/mockito/internal/util/MockCreationValidator//validateMockedType [] [typeToMock call(select(ensure_not_nil(source), getSpiedInstance!d41d8cd98f00b204e9800998ecf8427e), [])]]
src/org/mockito/internal/creation/MockSettingsImpl.java: error: unknown identifier
	data: interfaces
src/org/mockito/internal/creation/bytebuddy/AcrossJVMSerializationFeature.java: error: unknown import
	data: java/io/ByteArrayInputStream
src/org/mockito/internal/creation/bytebuddy/AcrossJVMSerializationFeature.java: error: unknown import
	data: java/io/ObjectStreamClass
src/org/mockito/internal/creation/bytebuddy/AcrossJVMSerializationFeature.java: error: unknown import
	data: java/io/ObjectStreamException
src/org/mockito/internal/creation/bytebuddy/AcrossJVMSerializationFeature.java: error: unknown import
	data: java/lang/reflect/Field
src/org/mockito/internal/creation/bytebuddy/AcrossJVMSerializationFeature.java: error: unknown import
	data: java/lang/reflect/Method
src/org/mockito/internal/creation/bytebuddy/AcrossJVMSerializationFeature.java: error: unknown function
	data: [genericInstance(reference(java/lang/Class), [pointer(reference(java/lang/Object))]) java/lang/Class<java/lang/Object>//getCanonicalName [] []]
src/org/mockito/internal/creation/bytebuddy/AcrossJVMSerializationFeature.java: error: unknown function
	data: [pointer(reference(java/io/IOException)) java/io/IOException//getClass [] []]
src/org/mockito/internal/creation/bytebuddy/AcrossJVMSerializationFeature.java: error: unknown function
	data: [pointer(reference(java/io/ObjectInputStream)) java/io/ObjectInputStream//readObject [] []]
src/org/mockito/internal/creation/bytebuddy/AcrossJVMSerializationFeature.java: error: unknown import
	data: java/util/Set
src/org/mockito/internal/creation/bytebuddy/AcrossJVMSerializationFeature.java: error: unknown import
	data: java/util/concurrent/locks/Lock
src/org/mockito/internal/creation/bytebuddy/AcrossJVMSerializationFeature.java: error: unknown function
	data: [pointer(reference(java/io/ObjectOutputStream)) java/io/ObjectOutputStream//writeObject [] [mockitoMock]]
src/org/mockito/internal/creation/bytebuddy/AcrossJVMSerializationFeature.java: error: unknown function
	data: [genericInstance(reference(java/lang/Class), []) java/lang/Class<java/lang/Object>//getCanonicalName [] []]
src/org/mockito/internal/creation/bytebuddy/AcrossJVMSerializationFeature.java: error: unknown function
	data: [struct(java/io/ObjectInputStream, [], [pointer(reference(java/lang/Object))], []) java/io/ObjectInputStream//@@constructor [] [in]]
src/org/mockito/internal/creation/bytebuddy/AcrossJVMSerializationFeature.java: error: unknown function
	data: [<nil> readObject [] []]
src/org/mockito/internal/creation/bytebuddy/AcrossJVMSerializationFeature.java: error: unknown function
	data: [struct(java/io/ObjectInputStream, [], [pointer(reference(java/lang/Object))], []) java/io/ObjectInputStream//resolveClass [] [desc]]
src/org/mockito/internal/creation/bytebuddy/AcrossJVMSerializationFeature.java: error: unknown function
	data: [pointer(genericInstance(reference(java/lang/Class), [wildcard(, pointer(reference(java/lang/Object)))])) java/lang/Class<descendant of java/lang/Object>//getCanonicalName [] []]
src/org/mockito/internal/creation/bytebuddy/AcrossJVMSerializationFeature.java: error: unknown import
	data: java/io/ByteArrayOutputStream
src/org/mockito/internal/creation/bytebuddy/AcrossJVMSerializationFeature.java: error: unknown function
	data: [pointer(reference(java/io/ObjectOutputStream)) java/io/ObjectOutputStream//close [] []]
src/org/mockito/internal/creation/bytebuddy/AcrossJVMSerializationFeature.java: error: unknown function
	data: [<nil> enableResolveObject [] [true]]
src/org/mockito/internal/creation/bytebuddy/AcrossJVMSerializationFeature.java: error: unknown function
	data: [struct(java/io/ObjectOutputStream, [], [pointer(reference(java/lang/Object))], []) java/io/ObjectOutputStream//@@constructor [] [out]]
src/org/mockito/internal/creation/bytebuddy/AcrossJVMSerializationFeature.java: error: unknown import
	data: java/util/concurrent/locks/ReentrantLock
src/org/mockito/internal/creation/bytebuddy/AcrossJVMSerializationFeature.java: error: unknown function
	data: [pointer(reference(java/io/ObjectInputStream)) java/io/ObjectInputStream//close [] []]
src/org/mockito/internal/creation/bytebuddy/AcrossJVMSerializationFeature.java: error: unknown function
	data: [<nil> writeObject [] [call(select(this, mockitoProxyClassMarker!5a065a63ea68e7f2ca0df36b62fe3e49), [cl])]]
src/org/mockito/internal/creation/bytebuddy/AcrossJVMSerializationFeature.java: error: unknown function
	data: [genericInstance(reference(java/lang/Class), [pointer(reference(java/lang/Object))]) java/lang/Class<java/lang/Object>//isAssignableFrom [] [cl]]
src/org/mockito/internal/creation/bytebuddy/ByteBuddyMockMaker.java: error: unknown function
	data: [struct(org/mockito/internal/creation/bytebuddy/ClassInstantiator, [], [pointer(reference(java/lang/Object))], []) org/mockito/internal/creation/bytebuddy/ClassInstantiator//instantiate [] [mockedProxyType]]
src/org/mockito/internal/creation/bytebuddy/ByteBuddyMockMaker.java: error: unknown function
	data: [<nil> ensureMockIsAssignableToMockedType [] [settings mockInstance]]
src/org/mockito/internal/creation/bytebuddy/ByteBuddyMockMaker.java: error: unknown import
	data: java/lang/reflect/Constructor
src/org/mockito/internal/creation/bytebuddy/ByteBuddyMockMaker.java: error: unknown function
	data: [pointer(genericInstance(reference(java/lang/Class), [])) java/lang/Class<java/lang/Object>//getClassLoader [] []]
src/org/mockito/internal/creation/bytebuddy/ByteBuddyMockMaker.java: error: unknown function
	data: [pointer(reference(java/lang/Object)) java/lang/Object//getClass [] []]
src/org/mockito/internal/creation/bytebuddy/ByteBuddyMockMaker.java: error: unknown function
	data: [pointer(genericInstance(reference(java/lang/Class), [wildcard(, pointer(reference(java/lang/Object)))])) java/lang/Class<descendant of java/lang/Object>//getDeclaredConstructor [] [unsupported]]
src/org/mockito/internal/creation/bytebuddy/ByteBuddyMockMaker.java: error: unknown function
	data: [struct(org/mockito/internal/creation/bytebuddy/ClassInstantiator, [], [pointer(reference(java/lang/Object))], []) org/mockito/internal/creation/bytebuddy/ClassInstantiator//getClass [] []]
src/org/mockito/internal/creation/bytebuddy/ByteBuddyMockMaker.java: error: unknown function
	data: [pointer(genericInstance(reference(java/lang/Class), [wildcard(, reference(T))])) java/lang/Class<descendant of T>//getSuperclass [] []]
src/org/mockito/internal/creation/bytebuddy/ByteBuddyMockMaker.java: error: unknown function
	data: [pointer(genericInstance(reference(java/lang/Class), [reference(T)])) java/lang/Class<T>//cast [] [mock]]
src/org/mockito/internal/creation/bytebuddy/ByteBuddyMockMaker.java: error: unknown function
	data: [pointer(genericInstance(reference(java/lang/Class), [])) java/lang/Class<java/lang/Object>//getCanonicalName [] []]
src/org/mockito/internal/creation/bytebuddy/ByteBuddyMockMaker.java: error: unknown function
	data: [struct(java/lang/Class, [], [pointer(reference(java/lang/Object))], []) java/lang/Class//forName [] ["org.mockito.internal.creation.bytebuddy.ClassInstantiator$UsingObjenesis"]]
src/org/mockito/internal/creation/bytebuddy/ByteBuddyMockMaker.java: error: unknown function
	data: [<nil> org/mockito/internal/creation/bytebuddy/MockMethodInterceptor//MockMethodInterceptor [] [call(org/mockito/internal/creation/bytebuddy/ByteBuddyMockMaker//asInternalMockHandler!92f844af3de2e83532f52cb44dc478cf, [handler]) settings]]
src/org/mockito/internal/creation/bytebuddy/ByteBuddyMockMaker.java: error: unknown function
	data: [<nil> describeClass [] [mockInstance]]
src/org/mockito/internal/creation/bytebuddy/ByteBuddyMockMaker.java: internal error: not all elements have the same type
	data: declaration([mockedProxyType], [pointer(genericInstance(reference(java/lang/Class), [wildcard(, reference(T))]))], [call(select(ensure_not_nil(select(this, cachingMockBytecodeGenerator)), get!3e7cda00c765cc8d54d47de10ca5301d), [call(select(ensure_not_nil(settings), getTypeToMock!d41d8cd98f00b204e9800998ecf8427e), []), call(select(ensure_not_nil(settings), getExtraInterfaces!d41d8cd98f00b204e9800998ecf8427e), [])])], ModifierVisibilityPublic)
src/org/mockito/internal/creation/bytebuddy/ByteBuddyMockMaker.java: error: unknown function
	data: [genericInstance(reference(java/lang/Class), [pointer(reference(java/lang/Object))]) java/lang/Class<java/lang/Object>//cast [] [unsupported]]
src/org/mockito/internal/creation/bytebuddy/CachingMockBytecodeGenerator.java: error: unknown function
	data: [<nil> generate [] [mockedType interfaces]]
src/org/mockito/internal/creation/bytebuddy/CachingMockBytecodeGenerator.java: error: unknown import
	data: java/util/Set
src/org/mockito/internal/creation/bytebuddy/CachingMockBytecodeGenerator.java: error: unknown import
	data: java/util/concurrent/ConcurrentHashMap
src/org/mockito/internal/creation/bytebuddy/CachingMockBytecodeGenerator.java: error: unknown function
	data: [<nil> mockCachePerClassLoaderOf [] [mockedType]]
src/org/mockito/internal/creation/bytebuddy/CachingMockBytecodeGenerator.java: error: unknown function
	data: [pointer(genericInstance(reference(java/lang/Class), [wildcard(, pointer(reference(java/lang/Object)))])) java/lang/Class<descendant of java/lang/Object>//getModifiers [] []]
src/org/mockito/internal/creation/bytebuddy/CachingMockBytecodeGenerator.java: error: unknown function
	data: [<nil> getClass [] []]
src/org/mockito/internal/creation/bytebuddy/CachingMockBytecodeGenerator.java: error: unknown import
	data: java/lang/reflect/Modifier
src/org/mockito/internal/creation/bytebuddy/CachingMockBytecodeGenerator.java: error: unknown import
	data: java/util/HashSet
src/org/mockito/internal/creation/bytebuddy/CachingMockBytecodeGenerator.java: error: unknown import
	data: java/util/WeakHashMap
src/org/mockito/internal/creation/bytebuddy/CachingMockBytecodeGenerator.java: error: unknown import
	data: java/util/concurrent/locks/ReentrantLock
src/org/mockito/internal/creation/bytebuddy/CachingMockBytecodeGenerator.java: error: an unsupported collection type has been used for this operation
	data: genericInstance(unsupported(java/util/Set), [pointer(genericInstance(reference(java/lang/Class), []))])
src/org/mockito/internal/creation/bytebuddy/CachingMockBytecodeGenerator.java: error: unknown import
	data: java/lang/ref/WeakReference
src/org/mockito/internal/creation/bytebuddy/CachingMockBytecodeGenerator.java: error: unknown type
	data: ClassLoader
src/org/mockito/internal/creation/bytebuddy/CachingMockBytecodeGenerator.java: error: unknown function
	data: [pointer(genericInstance(reference(java/lang/Class), [reference(T)])) java/lang/Class<T>//getClassLoader [] []]
src/org/mockito/internal/creation/bytebuddy/CachingMockBytecodeGenerator.java: error: unknown identifier
	data: classWeakReference
src/org/mockito/internal/creation/bytebuddy/CachingMockBytecodeGenerator.java: error: unknown function
	data: [struct(org/mockito/internal/creation/bytebuddy/MockBytecodeGenerator, [], [pointer(reference(java/lang/Object))], []) org/mockito/internal/creation/bytebuddy/MockBytecodeGenerator//generateMockClass [] [mockedType interfaces]]
src/org/mockito/internal/creation/bytebuddy/CachingMockBytecodeGenerator.java: error: unknown function
	data: [pointer(reference(java/lang/Object)) java/lang/Object//getClass [] []]
src/org/mockito/internal/creation/bytebuddy/CachingMockBytecodeGenerator.java: error: unknown import
	data: java/util/concurrent/locks/Lock
src/org/mockito/internal/creation/bytebuddy/CachingMockBytecodeGenerator.java: error: unknown function
	data: [struct(org/mockito/internal/creation/bytebuddy/CachingMockBytecodeGenerator//CachedBytecodeGenerator//MockKey, [], [pointer(reference(java/lang/Object))], []) org/mockito/internal/creation/bytebuddy/CachingMockBytecodeGenerator//CachedBytecodeGenerator//MockKey//of [] [mockedType interfaces]]
src/org/mockito/internal/creation/bytebuddy/ClassInstantiator.java: error: unknown import
	data: org/objenesis/ObjenesisStd
src/org/mockito/internal/creation/bytebuddy/ClassInstantiator.java: error: unknown import
	data: org/objenesis/Objenesis
src/org/mockito/internal/creation/bytebuddy/InterceptedInvocation.java: error: unknown type
	data: SuppressWarnings
src/org/mockito/internal/creation/bytebuddy/InterceptedInvocation.java: error: unknown function
	data: [pointer(reference(org/mockito/internal/creation/bytebuddy/InterceptedInvocation)) org/mockito/internal/creation/bytebuddy/InterceptedInvocation//getClass [] []]
src/org/mockito/internal/creation/bytebuddy/InterceptedInvocation.java: error: unknown function
	data: [pointer(reference(java/lang/Object)) java/lang/Object//getClass [] []]
src/org/mockito/internal/creation/bytebuddy/InterceptedInvocation.java: error: unknown import
	data: java/lang/reflect/Method
src/org/mockito/internal/creation/bytebuddy/InterceptedInvocation.java: error: unknown import
	data: java/util/Arrays
src/org/mockito/internal/creation/bytebuddy/InterceptedInvocation.java: error: unknown import
	data: java/util/concurrent/Callable
src/org/mockito/internal/creation/bytebuddy/MockBytecodeGenerator.java: error: unknown import
	data: net/bytebuddy/dynamic/ClassLoadingStrategy
src/org/mockito/internal/creation/bytebuddy/MockBytecodeGenerator.java: error: unknown import
	data: net/bytebuddy/instrumentation/attribute/MethodAttributeAppender
src/org/mockito/internal/creation/bytebuddy/MockBytecodeGenerator.java: error: unknown import
	data: net/bytebuddy/instrumentation/attribute/TypeAttributeAppender
src/org/mockito/internal/creation/bytebuddy/MockBytecodeGenerator.java: error: unknown import
	data: net/bytebuddy/modifier/Ownership
src/org/mockito/internal/creation/bytebuddy/MockBytecodeGenerator.java: error: unknown import
	data: net/bytebuddy/instrumentation/method/matcher/MethodMatchers/isDeclaredBy
src/org/mockito/internal/creation/bytebuddy/MockBytecodeGenerator.java: error: unknown function
	data: [pointer(genericInstance(reference(java/lang/Class), [wildcard(, pointer(reference(java/lang/Object)))])) java/lang/Class<descendant of java/lang/Object>//getPackage [] []]
src/org/mockito/internal/creation/bytebuddy/MockBytecodeGenerator.java: error: unknown import
	data: net/bytebuddy/ByteBuddy
src/org/mockito/internal/creation/bytebuddy/MockBytecodeGenerator.java: error: unknown import
	data: net/bytebuddy/dynamic/scaffold/subclass/ConstructorStrategy
src/org/mockito/internal/creation/bytebuddy/MockBytecodeGenerator.java: error: unknown import
	data: net/bytebuddy/instrumentation/MethodDelegation
src/org/mockito/internal/creation/bytebuddy/MockBytecodeGenerator.java: error: unknown import
	data: java/util/Set
src/org/mockito/internal/creation/bytebuddy/MockBytecodeGenerator.java: error: unknown import
	data: net/bytebuddy/dynamic/DynamicType
src/org/mockito/internal/creation/bytebuddy/MockBytecodeGenerator.java: error: unknown import
	data: net/bytebuddy/modifier/FieldManifestation
src/org/mockito/internal/creation/bytebuddy/MockBytecodeGenerator.java: error: unknown import
	data: net/bytebuddy/modifier/Visibility
src/org/mockito/internal/creation/bytebuddy/MockBytecodeGenerator.java: error: unknown import
	data: net/bytebuddy/instrumentation/method/matcher/MethodMatchers/isHashCode
src/org/mockito/internal/creation/bytebuddy/MockBytecodeGenerator.java: error: an unsupported collection type has been used for this operation
	data: genericInstance(unsupported(java/util/Set), [pointer(genericInstance(reference(java/lang/Class), []))])
src/org/mockito/internal/creation/bytebuddy/MockBytecodeGenerator.java: internal error: expression does not have the same type as the targeted index type
	data: make(array(pointer(genericInstance(reference(java/lang/Class), [wildcard(, pointer(reference(java/lang/Object)))])), primitive(int, 32, false), 0), +(unsupported, 1))
src/org/mockito/internal/creation/bytebuddy/MockBytecodeGenerator.java: error: unknown import
	data: net/bytebuddy/ClassFileVersion
src/org/mockito/internal/creation/bytebuddy/MockBytecodeGenerator.java: error: unknown import
	data: net/bytebuddy/instrumentation/FieldAccessor
src/org/mockito/internal/creation/bytebuddy/MockBytecodeGenerator.java: error: unknown import
	data: net/bytebuddy/instrumentation/method/matcher/MethodMatchers/any
src/org/mockito/internal/creation/bytebuddy/MockBytecodeGenerator.java: error: unknown import
	data: net/bytebuddy/instrumentation/method/matcher/MethodMatchers/isEquals
src/org/mockito/internal/creation/bytebuddy/MockMethodInterceptor.java: error: unknown import
	data: net/bytebuddy/instrumentation/method/bytecode/bind/annotation/Argument
src/org/mockito/internal/creation/bytebuddy/MockMethodInterceptor.java: error: unknown import
	data: net/bytebuddy/instrumentation/method/bytecode/bind/annotation/BindingPriority
src/org/mockito/internal/creation/bytebuddy/MockMethodInterceptor.java: error: unknown import
	data: net/bytebuddy/instrumentation/method/bytecode/bind/annotation/Origin
src/org/mockito/internal/creation/bytebuddy/MockMethodInterceptor.java: error: unknown import
	data: net/bytebuddy/instrumentation/method/bytecode/bind/annotation/RuntimeType
src/org/mockito/internal/creation/bytebuddy/MockMethodInterceptor.java: error: unknown import
	data: net/bytebuddy/instrumentation/method/bytecode/bind/annotation/SuperCall
src/org/mockito/internal/creation/bytebuddy/MockMethodInterceptor.java: error: unknown import
	data: net/bytebuddy/instrumentation/method/bytecode/bind/annotation/This
src/org/mockito/internal/creation/bytebuddy/MockMethodInterceptor.java: error: unknown import
	data: java/io/ObjectStreamException
src/org/mockito/internal/creation/bytebuddy/MockMethodInterceptor.java: error: unknown import
	data: net/bytebuddy/instrumentation/method/bytecode/bind/annotation/AllArguments
src/org/mockito/internal/creation/bytebuddy/MockMethodInterceptor.java: error: unknown import
	data: net/bytebuddy/instrumentation/method/bytecode/bind/annotation/DefaultCall
src/org/mockito/internal/creation/bytebuddy/MockMethodInterceptor.java: error: unknown import
	data: java/lang/reflect/Method
src/org/mockito/internal/creation/bytebuddy/MockMethodInterceptor.java: error: unknown import
	data: java/util/concurrent/Callable
src/org/mockito/internal/creation/bytebuddy/MockMethodInterceptor.java: error: unknown function
	data: [struct(java/lang/System, [], [pointer(reference(java/lang/Object))], []) java/lang/System//identityHashCode [] [thiz]]
src/org/mockito/internal/creation/cglib/AcrossJVMSerializationFeature.java: error: unknown function
	data: [pointer(reference(java/io/IOException)) java/io/IOException//getClass [] []]
src/org/mockito/internal/creation/cglib/AcrossJVMSerializationFeature.java: error: unknown function
	data: [pointer(reference(java/io/ObjectOutputStream)) java/io/ObjectOutputStream//writeObject [] [mockitoMock]]
src/org/mockito/internal/creation/cglib/AcrossJVMSerializationFeature.java: error: unknown import
	data: java/lang/reflect/Field
src/org/mockito/internal/creation/cglib/AcrossJVMSerializationFeature.java: error: unknown import
	data: java/lang/reflect/Method
src/org/mockito/internal/creation/cglib/AcrossJVMSerializationFeature.java: error: unknown import
	data: java/util/Set
src/org/mockito/internal/creation/cglib/AcrossJVMSerializationFeature.java: error: unknown import
	data: java/util/concurrent/locks/ReentrantLock
src/org/mockito/internal/creation/cglib/AcrossJVMSerializationFeature.java: error: unknown function
	data: [genericInstance(reference(java/lang/Class), []) java/lang/Class<java/lang/Object>//getCanonicalName [] []]
src/org/mockito/internal/creation/cglib/AcrossJVMSerializationFeature.java: error: unknown import
	data: java/util/concurrent/locks/Lock
src/org/mockito/internal/creation/cglib/AcrossJVMSerializationFeature.java: error: unknown type
	data: ByteArrayInputStream
src/org/mockito/internal/creation/cglib/AcrossJVMSerializationFeature.java: error: unknown function
	data: [<nil> readObject [] []]
src/org/mockito/internal/creation/cglib/AcrossJVMSerializationFeature.java: error: unknown function
	data: [pointer(genericInstance(reference(java/lang/Class), [wildcard(, pointer(reference(java/lang/Object)))])) java/lang/Class<descendant of java/lang/Object>//getCanonicalName [] []]
src/org/mockito/internal/creation/cglib/AcrossJVMSerializationFeature.java: error: unknown function
	data: [<nil> writeObject [] [call(select(this, mockitoProxyClassMarker!5a065a63ea68e7f2ca0df36b62fe3e49), [cl])]]
src/org/mockito/internal/creation/cglib/AcrossJVMSerializationFeature.java: error: unknown type
	data: ObjectStreamException
src/org/mockito/internal/creation/cglib/AcrossJVMSerializationFeature.java: error: unknown type
	data: ObjectStreamClass
src/org/mockito/internal/creation/cglib/AcrossJVMSerializationFeature.java: error: unknown type
	data: ByteArrayOutputStream
src/org/mockito/internal/creation/cglib/AcrossJVMSerializationFeature.java: error: unknown function
	data: [genericInstance(reference(java/lang/Class), [pointer(reference(java/lang/Object))]) java/lang/Class<java/lang/Object>//getCanonicalName [] []]
src/org/mockito/internal/creation/cglib/AcrossJVMSerializationFeature.java: error: unknown function
	data: [pointer(reference(java/io/ObjectInputStream)) java/io/ObjectInputStream//readObject [] []]
src/org/mockito/internal/creation/cglib/AcrossJVMSerializationFeature.java: error: unknown function
	data: [pointer(reference(java/io/ObjectInputStream)) java/io/ObjectInputStream//close [] []]
src/org/mockito/internal/creation/cglib/AcrossJVMSerializationFeature.java: error: unknown function
	data: [struct(java/io/ObjectInputStream, [], [pointer(reference(java/lang/Object))], []) java/io/ObjectInputStream//@@constructor [] [in]]
src/org/mockito/internal/creation/cglib/AcrossJVMSerializationFeature.java: error: unknown function
	data: [struct(java/io/ObjectOutputStream, [], [pointer(reference(java/lang/Object))], []) java/io/ObjectOutputStream//@@constructor [] [out]]
src/org/mockito/internal/creation/cglib/AcrossJVMSerializationFeature.java: error: unknown type
	data: java/io/ObjectStreamException
src/org/mockito/internal/creation/cglib/AcrossJVMSerializationFeature.java: error: unknown function
	data: [pointer(reference(java/io/ObjectOutputStream)) java/io/ObjectOutputStream//close [] []]
src/org/mockito/internal/creation/cglib/AcrossJVMSerializationFeature.java: error: unknown function
	data: [<nil> enableResolveObject [] [true]]
src/org/mockito/internal/creation/cglib/AcrossJVMSerializationFeature.java: error: unknown function
	data: [struct(java/io/ObjectInputStream, [], [pointer(reference(java/lang/Object))], []) java/io/ObjectInputStream//resolveClass [] [desc]]
src/org/mockito/internal/creation/cglib/AcrossJVMSerializationFeature.java: error: unknown function
	data: [genericInstance(reference(java/lang/Class), [pointer(reference(java/lang/Object))]) java/lang/Class<java/lang/Object>//isAssignableFrom [] [cl]]
src/org/mockito/internal/creation/cglib/CGLIBHacker.java: error: unknown function
	data: [pointer(genericInstance(reference(java/lang/Class), [])) java/lang/Class<java/lang/Object>//getDeclaredField [] ["createInfo"]]
src/org/mockito/internal/creation/cglib/CGLIBHacker.java: error: unknown import
	data: org/mockito/cglib/proxy/MethodProxy
src/org/mockito/internal/creation/cglib/CGLIBHacker.java: error: unknown import
	data: java/lang/reflect/Field
src/org/mockito/internal/creation/cglib/CGLIBHacker.java: error: unknown type
	data: SuppressWarnings
src/org/mockito/internal/creation/cglib/CglibMockMaker.java: internal error: type does not support nil values
	data: unsupported(org/mockito/cglib/proxy/Factory)
src/org/mockito/internal/creation/cglib/CglibMockMaker.java: error: unknown import
	data: org/mockito/cglib/proxy/Callback
src/org/mockito/internal/creation/cglib/CglibMockMaker.java: error: unknown import
	data: org/mockito/cglib/proxy/Factory
src/org/mockito/internal/creation/cglib/CglibMockMaker.java: error: unknown function
	data: [struct(org/mockito/internal/creation/cglib/AcrossJVMSerializationFeature, [], [pointer(reference(java/lang/Object))], [reference(java/io/Serializable)]) org/mockito/internal/creation/cglib/AcrossJVMSerializationFeature//enableSerializationAcrossJVM [] [settings]]
src/org/mockito/internal/creation/cglib/CglibMockMaker.java: error: unknown function
	data: [<nil> org/mockito/internal/creation/cglib/MethodInterceptorFilter//MethodInterceptorFilter [] [mockitoHandler settings]]
src/org/mockito/internal/creation/cglib/CglibMockMaker.java: error: unknown function
	data: [struct(org/mockito/internal/creation/instance/InstantiatorProvider, [], [pointer(reference(java/lang/Object))], []) org/mockito/internal/creation/instance/InstantiatorProvider//getInstantiator [] [settings]]
src/org/mockito/internal/creation/cglib/ClassImposterizer.java: error: unknown function
	data: [pointer(genericInstance(reference(java/lang/Class), [wildcard(, pointer(reference(java/lang/Object)))])) java/lang/Class<descendant of java/lang/Object>//getModifiers [] []]
src/org/mockito/internal/creation/cglib/ClassImposterizer.java: error: unknown type
	data: SuppressWarnings
src/org/mockito/internal/creation/cglib/ClassImposterizer.java: error: unknown import
	data: java/lang/reflect/Method
src/org/mockito/internal/creation/cglib/ClassImposterizer.java: error: unknown import
	data: org/mockito/cglib/core/Predicate
src/org/mockito/internal/creation/cglib/ClassImposterizer.java: error: unknown import
	data: org/mockito/cglib/proxy/Callback
src/org/mockito/internal/creation/cglib/ClassImposterizer.java: error: unknown import
	data: org/mockito/cglib/proxy/CallbackFilter
src/org/mockito/internal/creation/cglib/ClassImposterizer.java: error: unknown import
	data: org/mockito/cglib/proxy/NoOp
src/org/mockito/internal/creation/cglib/ClassImposterizer.java: error: unknown function
	data: [pointer(genericInstance(reference(java/lang/Class), [wildcard(, pointer(reference(java/lang/Object)))])) java/lang/Class<descendant of java/lang/Object>//getDeclaredConstructors [] []]
src/org/mockito/internal/creation/cglib/ClassImposterizer.java: error: unknown function
	data: [pointer(genericInstance(reference(java/lang/Class), [unsupported(org/mockito/cglib/proxy/Factory)])) java/lang/Class<org/mockito/cglib/proxy/Factory>//getSuperclass [] []]
src/org/mockito/internal/creation/cglib/ClassImposterizer.java: error: unknown function
	data: [struct(java/lang/System, [], [pointer(reference(java/lang/Object))], []) java/lang/System//arraycopy [] [rest 0 all 1 len(ensure_not_nil(rest))]]
src/org/mockito/internal/creation/cglib/ClassImposterizer.java: error: unknown import
	data: java/lang/reflect/Constructor
src/org/mockito/internal/creation/cglib/ClassImposterizer.java: error: unknown import
	data: java/lang/reflect/Modifier
src/org/mockito/internal/creation/cglib/ClassImposterizer.java: error: unknown import
	data: org/mockito/cglib/proxy/MethodInterceptor
src/org/mockito/internal/creation/cglib/ClassImposterizer.java: error: unknown function
	data: [struct(org/mockito/internal/creation/cglib/MockitoNamingPolicy, [], [unsupported(org/mockito/cglib/core/DefaultNamingPolicy)], []) org/mockito/internal/creation/cglib/MockitoNamingPolicy//getClassName [] [prefix source key names]]
src/org/mockito/internal/creation/cglib/ClassImposterizer.java: error: unknown import
	data: org/mockito/cglib/core/NamingPolicy
src/org/mockito/internal/creation/cglib/ClassImposterizer.java: error: unknown import
	data: org/mockito/cglib/proxy/Factory
src/org/mockito/internal/creation/cglib/ClassImposterizer.java: error: unknown identifier
	data: this
src/org/mockito/internal/creation/cglib/ClassImposterizer.java: error: unknown import
	data: org/mockito/cglib/core/CodeGenerationException
src/org/mockito/internal/creation/cglib/ClassImposterizer.java: error: unknown function
	data: [pointer(genericInstance(reference(java/lang/Class), [])) java/lang/Class<java/lang/Object>//getClassLoader [] []]
src/org/mockito/internal/creation/cglib/ClassImposterizer.java: error: unknown function
	data: [pointer(reference(java/lang/Object)) java/lang/Object//getClass [] []]
src/org/mockito/internal/creation/cglib/ClassImposterizer.java: error: unknown import
	data: org/mockito/cglib/proxy/Enhancer
src/org/mockito/internal/creation/cglib/ClassImposterizer.java: error: unknown function
	data: [pointer(genericInstance(reference(java/lang/Class), [reference(T)])) java/lang/Class<T>//cast [] [proxyInstance]]
src/org/mockito/internal/creation/cglib/ClassImposterizer.java: error: unknown function
	data: [pointer(genericInstance(reference(java/lang/Class), [])) java/lang/Class<java/lang/Object>//getCanonicalName [] []]
src/org/mockito/internal/creation/cglib/ClassImposterizer.java: error: unknown function
	data: [pointer(genericInstance(reference(java/lang/Class), [wildcard(, pointer(reference(java/lang/Object)))])) java/lang/Class<descendant of java/lang/Object>//isInterface [] []]
src/org/mockito/internal/creation/cglib/ClassImposterizer.java: error: error: unresolved type
	data: reference(T)
	child error: (error) Internal error: unknown type:
		"T"
		Stacktrace: goroutine 1 [running]:
		gitlab.nethead.at/symflower/symflower/model/errors.NewInternalError({0x21de060, 0x2d25a00}, {0x12473e0, 0xc0013d5b40})
			gitlab.nethead.at/symflower/symflower/model/errors/error.go:852 +0x4e
		gitlab.nethead.at/symflower/symflower/model/errors.NewProblemWithErrorSeverity(...)
			gitlab.nethead.at/symflower/symflower/model/errors/problem.go:321
		gitlab.nethead.at/symflower/symflower/model/ast.(*Scope).GetType(0xc003e05d18?, {0x2221c60, 0x1})
			gitlab.nethead.at/symflower/symflower/model/ast/scope.go:986 +0x85
		gitlab.nethead.at/symflower/symflower/model/ast.resolve(0xc0004be3c0, {0x2205848?, 0xc000d66100}, 0xe0)
			gitlab.nethead.at/symflower/symflower/model/ast/type-resolve.go:362 +0x78
		gitlab.nethead.at/symflower/symflower/model/ast.ResolveWithPointers(...)
			gitlab.nethead.at/symflower/symflower/model/ast/type-resolve.go:326
		gitlab.nethead.at/symflower/symflower/model/ast.(*TypeGenericInstance).IsCompatibleType(0xc0021ff040, 0xc0004be3c0, {0x2205728?, 0xc0029910e0?})
			gitlab.nethead.at/symflower/symflower/model/ast/type.go:3369 +0x230
		gitlab.nethead.at/symflower/symflower/language/java/symbol.(*transpiler).checkFunctionApplicability(0xc00040a140, 0xc0014b0600, {0x22058d8?, 0xc0014532c0?}, {0x0?, 0xc000fb2488?, 0x1d?}, {0xc0013d5970, 0x1, 0x1})
			gitlab.nethead.at/symflower/symflower/language/java/symbol/overloading.go:406 +0x66b
		gitlab.nethead.at/symflower/symflower/language/java/symbol.(*transpiler).matchOverloadingFunction(0xc00040a140, {0xc000912780, 0x1, 0x1}, {0x22058d8, 0xc0014532c0}, {0x0, 0x0, 0x0}, {0xc0013d5970, ...})
			gitlab.nethead.at/symflower/symflower/language/java/symbol/overloading.go:451 +0x217
		gitlab.nethead.at/symflower/symflower/language/java/symbol.(*transpiler).getFunction(0xc00040a140, {0x22058d8, 0xc0014532c0}, {0xc001192480, 0x40}, {0x0, 0x0, 0x0}, {0xc0013d5970, 0x1, ...})
			gitlab.nethead.at/symflower/symflower/language/java/symbol/overloading.go:224 +0xd2
		gitlab.nethead.at/symflower/symflower/language/java/symbol.(*transpiler).handleMethodCallResolveOverloads(0xc00040a140, {0xc001192480, 0x40}, {0x22058d8?, 0xc0014532c0?}, {0x0?, 0x2205848?, 0xc000cd4800?}, {0xc0013d5970, 0x1, ...})
			gitlab.nethead.at/symflower/symflower/language/java/symbol/handle.go:5426 +0x87
		gitlab.nethead.at/symflower/symflower/language/java/symbol.(*transpiler).handleMethodCallReceiver(0xc00040a140, {0xc000a7b080, 0xb}, {0x22058d8, 0xc0014532c0}, {0x0, 0x0, 0x0}, {0xc0013d5970, 0x1, ...})
			gitlab.nethead.at/symflower/symflower/language/java/symbol/handle.go:5421 +0x1ae
		gitlab.nethead.at/symflower/symflower/language/java/symbol.(*transpiler).handleExpressionMethodCall(0xc00040a140, 0xc0013cbdd0, 0xc000a36300)
			gitlab.nethead.at/symflower/symflower/language/java/symbol/handle.go:5526 +0xbe5
		gitlab.nethead.at/symflower/symflower/language/java/symbol.(*transpiler).handleExpression(0xc00040a140, 0xc0013cbdd0, {0x21f7d38, 0xc000a36300})
			gitlab.nethead.at/symflower/symflower/language/java/symbol/handle.go:6903 +0x785
		gitlab.nethead.at/symflower/symflower/language/java/symbol.(*transpiler).handleStatementExpressionAssign(0xc00040a140, 0xc0013cbdd0, 0xc000a292c0)
			gitlab.nethead.at/symflower/symflower/language/java/symbol/handle.go:3771 +0xe5
		gitlab.nethead.at/symflower/symflower/language/java/symbol.(*transpiler).handleStatementExpression(0xc003e067b0?, 0x41aaba?, {0x21f79c8?, 0xc000a292c0?})
			gitlab.nethead.at/symflower/symflower/language/java/symbol/handle.go:3932 +0x53
		gitlab.nethead.at/symflower/symflower/language/java/symbol.(*transpiler).handleStatement(0xc00040a140, 0xc0013cbdd0, {0x21f7238, 0xc000a3b000})
			gitlab.nethead.at/symflower/symflower/language/java/symbol/handle.go:4415 +0x8aa
		gitlab.nethead.at/symflower/symflower/language/java/symbol.(*transpiler).handleStatements(0xc00040a140, 0xc0013cbdd0, {0xc0007e0c10, 0x1, 0x0?})
			gitlab.nethead.at/symflower/symflower/language/java/symbol/handle.go:3731 +0x85
		gitlab.nethead.at/symflower/symflower/language/java/symbol.(*transpiler).handleBlock.func1()
			gitlab.nethead.at/symflower/symflower/language/java/symbol/handle.go:3712 +0x45
		gitlab.nethead.at/symflower/symflower/model/ast.(*Scope).Scoped(0xc0004be3c0, 0xc003e06988)
			gitlab.nethead.at/symflower/symflower/model/ast/scope.go:297 +0x162
		gitlab.nethead.at/symflower/symflower/language/java/symbol.(*transpiler).handleBlock(0xc00040a140, 0xc0013cbdd0, 0xc000a17cb0)
			gitlab.nethead.at/symflower/symflower/language/java/symbol/handle.go:3711 +0x9e
		gitlab.nethead.at/symflower/symflower/language/java/symbol.(*transpiler).handleStatement(0xc00040a140, 0xc0013cbdd0, {0x21f7028, 0xc000a17cb0})
			gitlab.nethead.at/symflower/symflower/language/java/symbol/handle.go:4403 +0x4b6
		gitlab.nethead.at/symflower/symflower/language/java/symbol.(*transpiler).handleStatementTry(0xc00040a140, 0xc0013cbdd0, 0xc000a2d600)
			gitlab.nethead.at/symflower/symflower/language/java/symbol/handle.go:4624 +0x86
		gitlab.nethead.at/symflower/symflower/language/java/symbol.(*transpiler).handleStatement(0xc00040a140, 0xc0013cbdd0, {0x21f7600, 0xc000a2d600})
			gitlab.nethead.at/symflower/symflower/language/java/symbol/handle.go:4427 +0x1c5
		gitlab.nethead.at/symflower/symflower/language/java/symbol.(*transpiler).handleStatements(0xc00040a140, 0xc0013cbdd0, {0xc000058c00, 0x4, 0xc0004be3c0?})
			gitlab.nethead.at/symflower/symflower/language/java/symbol/handle.go:3731 +0x85
		gitlab.nethead.at/symflower/symflower/language/java/symbol.(*transpiler).handleBlock.func1()
			gitlab.nethead.at/symflower/symflower/language/java/symbol/handle.go:3712 +0x45
		gitlab.nethead.at/symflower/symflower/model/ast.(*Scope).Scoped(0xc0004be3c0, 0xc003e06d50)
			gitlab.nethead.at/symflower/symflower/model/ast/scope.go:297 +0x162
		gitlab.nethead.at/symflower/symflower/language/java/symbol.(*transpiler).handleBlock(0xc00040a140, 0xc0013cbdd0, 0xc000a17e60)
			gitlab.nethead.at/symflower/symflower/language/java/symbol/handle.go:3711 +0x9e
		gitlab.nethead.at/symflower/symflower/language/java/symbol.(*transpiler).handleMethodDeclarationBody.(*transpiler).handleScopedBlockStatement.func2()
			gitlab.nethead.at/symflower/symflower/language/java/symbol/handle.go:2716 +0x205
		gitlab.nethead.at/symflower/symflower/model/ast.(*Scope).Scoped(0xc0004be3c0, 0xc003e07160)
			gitlab.nethead.at/symflower/symflower/model/ast/scope.go:297 +0x162
		gitlab.nethead.at/symflower/symflower/language/java/symbol.(*transpiler).handleScopedBlockStatement(...)
			gitlab.nethead.at/symflower/symflower/language/java/symbol/handle.go:2693
		gitlab.nethead.at/symflower/symflower/language/java/symbol.(*transpiler).handleMethodDeclarationBody(0xc00040a140, 0xc0013cbdd0, {0x2208170, 0xc001452b40}, 0xc00145e100, 0x0)
			gitlab.nethead.at/symflower/symflower/language/java/symbol/handle.go:2523 +0x61b
		gitlab.nethead.at/symflower/symflower/language/java/symbol.(*transpiler).handleClassAndInterfaceDeclarationBodies(0xc00040a140, 0xc0013cbdd0, 0xc001452b40)
			gitlab.nethead.at/symflower/symflower/language/java/symbol/handle.go:1534 +0x2f7
		gitlab.nethead.at/symflower/symflower/language/java/symbol.(*transpiler).handleClassDeclarationBodies(0xc00040a140, 0xc0013cbdd0, 0xc001452b40)
			gitlab.nethead.at/symflower/symflower/language/java/symbol/handle.go:1419 +0x106
		gitlab.nethead.at/symflower/symflower/language/java/symbol.(*transpiler).handleBodies.func1(0xc0013cbdd0, {0x2207578, 0xc001452b40})
			gitlab.nethead.at/symflower/symflower/language/java/symbol/symbols.go:532 +0x1ff
		gitlab.nethead.at/symflower/symflower/language/java/symbol.(*transpiler).walkSubDeclarations(0xc00040a140, 0xc0013cbdd0, 0xc003e07760, 0xc001401d40, 0xc001451200, {0x2207578, 0xc001452b40})
			gitlab.nethead.at/symflower/symflower/language/java/symbol/symbols.go:869 +0x1ee
		gitlab.nethead.at/symflower/symflower/language/java/symbol.(*transpiler).walkFile(0xc00040a140, 0x1, 0x2088c58, 0xc003e07760, 0xc001401d40, 0xc001451200)
			gitlab.nethead.at/symflower/symflower/language/java/symbol/symbols.go:625 +0x3c5
		gitlab.nethead.at/symflower/symflower/language/java/symbol.(*transpiler).walkPackage(0xc00040a140, 0x1, 0x2088c58, 0xc003e07760, 0xc001401d40)
			gitlab.nethead.at/symflower/symflower/language/java/symbol/symbols.go:583 +0x225
		gitlab.nethead.at/symflower/symflower/language/java/symbol.(*transpiler).walkFilesAndDeclarations(0xc00040a140, 0x1, 0x2088c58, 0xc003e07760)
			gitlab.nethead.at/symflower/symflower/language/java/symbol/symbols.go:566 +0xa5
		gitlab.nethead.at/symflower/symflower/language/java/symbol.(*transpiler).handleBodies(0xc00040a140)
			gitlab.nethead.at/symflower/symflower/language/java/symbol/symbols.go:513 +0x65
		gitlab.nethead.at/symflower/symflower/language/java/symbol.symbolsWithDependencies(0xc0004a22b8, {0x0?, 0x41aa94?, 0x13e43a0?}, 0x1)
			gitlab.nethead.at/symflower/symflower/language/java/symbol/symbols.go:486 +0x147
		gitlab.nethead.at/symflower/symflower/language/java/symbol.Symbols(0xc0004a22b8, 0x1)
			gitlab.nethead.at/symflower/symflower/language/java/symbol/symbols.go:457 +0xf2
		gitlab.nethead.at/symflower/symflower/language/java.Adapter.Symbols(...)
			gitlab.nethead.at/symflower/symflower/language/java/symbols.go:29
		gitlab.nethead.at/symflower/symflower/cmd/symflower-local/generate.(*Generator).transpileLanguage(0xc0000f4000, 0x0, 0x0, {0x220c620, 0x2e6b360})
			gitlab.nethead.at/symflower/symflower/cmd/symflower-local/generate/generate.go:136 +0x373
		gitlab.nethead.at/symflower/symflower/cmd/symflower-local/generate.(*Generator).Symbols(0xc0000f4000, 0x0, 0x0)
			gitlab.nethead.at/symflower/symflower/cmd/symflower-local/generate/generate.go:94 +0x136
		gitlab.nethead.at/symflower/symflower/cmd/symflower-local/generate.(*AnalyzeEngineDefault).UnitTests(0x2c?, 0x124bba0?, {0x21eb890?, 0xc000188870?}, {0xb0?, 0x41?, 0x4?, 0x0?}, 0x2c?, {0xc000455110, ...})
			gitlab.nethead.at/symflower/symflower/cmd/symflower-local/generate/analyze.go:153 +0x77
		gitlab.nethead.at/symflower/symflower/cmd/symflower-local/cmd.(*commandUnitTests).Execute(0xc0003968d8, {0xc000396508?, 0x735ac8579b18?, 0xc0003968d8?})
			gitlab.nethead.at/symflower/symflower/cmd/symflower-local/cmd/unit-tests.go:85 +0x2a6
		gitlab.nethead.at/symflower/symflower/cmd.ExecuteNoExit({0x21de020, 0xc000396508}, {0xc00019e000?, 0x0?, 0x0?})
			gitlab.nethead.at/symflower/symflower/cmd/execute.go:59 +0x2ad
		gitlab.nethead.at/symflower/symflower/cmd.Execute({0x21de020?, 0xc000396508?}, {0xc00019e000?, 0xc0001802e0?, 0xc000117f10?})
			gitlab.nethead.at/symflower/symflower/cmd/execute.go:17 +0x26
		gitlab.nethead.at/symflower/symflower/cmd.ExecuteWithOSArguments(...)
			gitlab.nethead.at/symflower/symflower/cmd/execute.go:78
		main.main.func1()
			gitlab.nethead.at/symflower/symflower/cmd/symflower-demo/main.go:39 +0x34
		gitlab.nethead.at/symflower/symflower/cmd/symflower-local/cmd.(*Command).WithPanicReporter(0xc0000b2060?, 0x0?)
			gitlab.nethead.at/symflower/symflower/cmd/symflower-local/cmd/cmd.go:151 +0x33
		main.main()
			gitlab.nethead.at/symflower/symflower/cmd/symflower-demo/main.go:38 +0x7f
src/org/mockito/internal/creation/cglib/ClassImposterizer.java: error: unknown function
	data: [struct(org/mockito/internal/creation/instance/Instantiator, [], [pointer(reference(java/lang/Object))], []) org/mockito/internal/creation/instance/Instantiator//getClass [] []]
src/org/mockito/internal/creation/cglib/ClassImposterizer.java: internal error: missing return statement
	data: function(variable(this, pointer(reference(org/mockito/internal/creation/cglib/ClassImposterizer))), org/mockito/internal/creation/cglib/ClassImposterizer//imposterise!af757dbcc6ab7e88a638d0f04cb56f18, [variable(interceptor, unsupported(org/mockito/cglib/proxy/MethodInterceptor)), variable(mockedType, pointer(genericInstance(reference(java/lang/Class), [reference(T)]))), variable(ancillaryTypes, variadic(array(pointer(genericInstance(reference(java/lang/Class), [wildcard(, pointer(reference(java/lang/Object)))])), primitive(int, 32, false), 0)))], [variable(, reference(T))], block([unsupported]))
src/org/mockito/internal/creation/cglib/ClassImposterizer.java: error: unknown function
	data: [pointer(genericInstance(reference(java/lang/Class), [wildcard(, pointer(reference(java/lang/Object)))])) java/lang/Class<descendant of java/lang/Object>//getSigners [] []]
src/org/mockito/internal/creation/cglib/DelegatingMockitoMethodProxy.java: error: unknown import
	data: org/mockito/cglib/proxy/MethodProxy
src/org/mockito/internal/creation/cglib/MethodInterceptorFilter.java: error: unknown import
	data: org/mockito/cglib/proxy/MethodInterceptor
src/org/mockito/internal/creation/cglib/MethodInterceptorFilter.java: error: unknown import
	data: org/mockito/cglib/proxy/MethodProxy
src/org/mockito/internal/creation/cglib/MethodInterceptorFilter.java: error: unknown import
	data: java/lang/reflect/Method
src/org/mockito/internal/creation/cglib/MethodInterceptorFilter.java: error: unknown function
	data: [struct(java/lang/System, [], [pointer(reference(java/lang/Object))], []) java/lang/System//identityHashCode [] [mock]]
src/org/mockito/internal/creation/cglib/MockitoNamingPolicy.java: error: unknown import
	data: org/mockito/cglib/core/DefaultNamingPolicy
src/org/mockito/internal/creation/cglib/SerializableMockitoMethodProxy.java: error: unknown import
	data: org/mockito/cglib/proxy/MethodProxy
src/org/mockito/internal/creation/cglib/SerializableNoOp.java: error: unknown import
	data: org/mockito/cglib/proxy/NoOp
src/org/mockito/internal/creation/cglib/SerializableNoOp.java: error: unknown import
	data: org/mockito/cglib/proxy/Callback
src/org/mockito/internal/creation/instance/ConstructorInstantiator.java: error: unknown function
	data: [<nil> paramsException [] [cls nil]]
src/org/mockito/internal/creation/instance/ConstructorInstantiator.java: error: unknown function
	data: [pointer(reference(org/mockito/internal/util/reflection/AccessibilityChanger)) org/mockito/internal/util/reflection/AccessibilityChanger//enableAccess [] [constructor]]
src/org/mockito/internal/creation/instance/ConstructorInstantiator.java: error: unknown import
	data: java/lang/reflect/Constructor
src/org/mockito/internal/creation/instance/ConstructorInstantiator.java: error: unknown type
	data: java/lang/reflect/InvocationTargetException
src/org/mockito/internal/creation/instance/ConstructorInstantiator.java: error: unknown function
	data: [<nil> noArgConstructor [] [cls]]
src/org/mockito/internal/creation/instance/ConstructorInstantiator.java: error: unknown function
	data: [<nil> withParams [] [cls select(this, outerClassInstance)]]
src/org/mockito/internal/creation/instance/ConstructorInstantiator.java: error: unknown function
	data: [genericInstance(reference(java/lang/Class), [wildcard(, pointer(reference(java/lang/Object)))]) java/lang/Class<descendant of java/lang/Object>//isInstance [] [index(params, i)]]
src/org/mockito/internal/creation/instance/ConstructorInstantiator.java: error: unknown function
	data: [pointer(genericInstance(reference(java/lang/Class), [reference(T)])) java/lang/Class<T>//getDeclaredConstructor [] []]
src/org/mockito/internal/creation/instance/ConstructorInstantiator.java: error: unknown type
	data: SuppressWarnings
src/org/mockito/internal/creation/instance/ConstructorInstantiator.java: error: unknown function
	data: [pointer(genericInstance(reference(java/lang/Class), [reference(T)])) java/lang/Class<T>//getDeclaredConstructors [] []]
src/org/mockito/internal/creation/instance/ConstructorInstantiator.java: error: unknown function
	data: [<nil> paramsException [] [cls e]]
src/org/mockito/internal/creation/instance/ObjenesisInstantiator.java: error: unknown import
	data: org/objenesis/ObjenesisStd
src/org/mockito/internal/creation/settings/CreationSettings.java: error: unknown type
	data: SuppressWarnings
src/org/mockito/internal/creation/settings/CreationSettings.java: error: unknown import
	data: java/util/LinkedHashSet
src/org/mockito/internal/creation/settings/CreationSettings.java: error: unknown import
	data: java/util/Set
src/org/mockito/internal/creation/util/SearchingClassLoader.java: error: unknown function
	data: [pointer(genericInstance(reference(java/lang/Class), [wildcard(, pointer(reference(java/lang/Object)))])) java/lang/Class<descendant of java/lang/Object>//getClassLoader [] []]
src/org/mockito/internal/creation/util/SearchingClassLoader.java: error: unknown type
	data: ClassLoader
src/org/mockito/internal/creation/util/SearchingClassLoader.java: error: call is ambiguous
	data: [[function(<nil>, org/mockito/internal/creation/util/SearchingClassLoader//combineLoadersOf!3f2fac1b5a4ebc1cef3bb7b20e4d6055, [variable(classes, variadic(array(pointer(genericInstance(reference(java/lang/Class), [wildcard(, pointer(reference(java/lang/Object)))])), primitive(int, 32, false), 0)))], [variable(, unsupported(ClassLoader))], block([return([unsupported])])) function(<nil>, org/mockito/internal/creation/util/SearchingClassLoader//combineLoadersOf!4d9b385600abe785dda1311bd62dd6d8, [variable(first, pointer(genericInstance(reference(java/lang/Class), [wildcard(, pointer(reference(java/lang/Object)))]))), variable(others, variadic(array(pointer(genericInstance(reference(java/lang/Class), [wildcard(, pointer(reference(java/lang/Object)))])), primitive(int, 32, false), 0)))], [variable(, unsupported(ClassLoader))], block([unsupported]))] [index(classes, 0) classes]]
src/org/mockito/internal/creation/util/SearchingClassLoader.java: error: unknown function
	data: [pointer(genericInstance(reference(java/lang/Class), [wildcard(, pointer(reference(java/lang/Object)))])) java/lang/Class<descendant of java/lang/Object>//getClassLoader [] []]
src/org/mockito/internal/creation/util/SearchingClassLoader.java: error: unknown function
	data: [genericInstance(reference(java/lang/Class), [pointer(reference(java/lang/Object))]) java/lang/Class<java/lang/Object>//getClassLoader [] []]
src/org/mockito/internal/creation/util/SearchingClassLoader.java: error: unknown function
	data: [<nil> currentThread [] []]
src/org/mockito/internal/creation/util/SearchingClassLoader.java: error: unknown identifier
	data: loaders
src/org/mockito/internal/creation/util/SearchingClassLoader.java: error: unknown import
	data: java/lang/Thread
src/org/mockito/internal/debugging/LocationImpl.java: error: unknown type
	data: StackTraceElement
src/org/mockito/internal/debugging/LocationImpl.java: error: unknown function
	data: [struct(java/lang/Throwable, [], [pointer(reference(java/lang/Object))], [reference(java/io/Serializable)]) java/lang/Throwable//getStackTrace [] []]
src/org/mockito/internal/debugging/MockitoDebuggerImpl.java: error: unknown import
	data: java/util/Arrays/asList
src/org/mockito/internal/debugging/MockitoDebuggerImpl.java: error: unknown function
	data: [<nil> asList [] [mocks]]
src/org/mockito/internal/debugging/MockitoDebuggerImpl.java: error: unknown function
	data: [<nil> asList [] [mocks]]
src/org/mockito/internal/debugging/VerboseMockInvocationLogger.java: error: unknown function
	data: [struct(java/lang/Throwable, [], [pointer(reference(java/lang/Object))], [reference(java/io/Serializable)]) java/lang/Throwable//getClass [] []]
src/org/mockito/internal/debugging/VerboseMockInvocationLogger.java: error: unknown function
	data: [struct(java/lang/Object, [], [], []) java/lang/Object//getClass [] []]
src/org/mockito/internal/debugging/VerboseMockInvocationLogger.java: error: unknown identifier
	data: type
src/org/mockito/internal/debugging/WarningsCollector.java: error: unknown import
	data: java/util/LinkedList
src/org/mockito/internal/debugging/WarningsCollector.java: error: unknown type
	data: SuppressWarnings
src/org/mockito/internal/debugging/WarningsFinder.java: error: unknown type
	data: SuppressWarnings
src/org/mockito/internal/debugging/WarningsFinder.java: error: unknown import
	data: java/util/LinkedList
src/org/mockito/internal/exceptions/stacktrace/ConditionalStackTraceFilter.java: error: unknown type
	data: StackTraceElement
src/org/mockito/internal/exceptions/stacktrace/ConditionalStackTraceFilter.java: error: unknown function
	data: [pointer(reference(java/lang/Throwable)) java/lang/Throwable//getStackTrace [] []]
src/org/mockito/internal/exceptions/stacktrace/ConditionalStackTraceFilter.java: error: unknown function
	data: [pointer(reference(java/lang/Throwable)) java/lang/Throwable//setStackTrace [] [filtered]]
src/org/mockito/internal/exceptions/stacktrace/DefaultStackTraceCleaner.java: error: unknown type
	data: StackTraceElement
src/org/mockito/internal/exceptions/stacktrace/StackTraceFilter.java: error: unknown import
	data: java/util/Arrays
src/org/mockito/internal/exceptions/stacktrace/StackTraceFilter.java: error: unknown import
	data: java/util/LinkedList
src/org/mockito/internal/exceptions/stacktrace/StackTraceFilter.java: error: unknown type
	data: StackTraceElement
src/org/mockito/internal/handler/MockHandlerImpl.java: error: unknown type
	data: SuppressWarnings
src/org/mockito/internal/handler/NullResultGuardian.java: error: unknown function
	data: [pointer(genericInstance(reference(java/lang/Class), [wildcard(, pointer(reference(java/lang/Object)))])) java/lang/Class<descendant of java/lang/Object>//isPrimitive [] []]
src/org/mockito/internal/handler/NullResultGuardian.java: error: error: unresolved type
	data: reference(T)
	child error: (error) Internal error: unknown type:
		"T"
		Stacktrace: goroutine 1 [running]:
		gitlab.nethead.at/symflower/symflower/model/errors.NewInternalError({0x21de060, 0x2d25a00}, {0x12473e0, 0xc0026c1790})
			gitlab.nethead.at/symflower/symflower/model/errors/error.go:852 +0x4e
		gitlab.nethead.at/symflower/symflower/model/errors.NewProblemWithErrorSeverity(...)
			gitlab.nethead.at/symflower/symflower/model/errors/problem.go:321
		gitlab.nethead.at/symflower/symflower/model/ast.(*Scope).GetType(0xc003e05df8?, {0x2221c60, 0x1})
			gitlab.nethead.at/symflower/symflower/model/ast/scope.go:986 +0x85
		gitlab.nethead.at/symflower/symflower/model/ast.resolve(0xc0004be3c0, {0x2205848?, 0xc001134020}, 0xe0)
			gitlab.nethead.at/symflower/symflower/model/ast/type-resolve.go:362 +0x78
		gitlab.nethead.at/symflower/symflower/model/ast.ResolveWithPointers(...)
			gitlab.nethead.at/symflower/symflower/model/ast/type-resolve.go:326
		gitlab.nethead.at/symflower/symflower/model/ast.(*TypeGenericInstance).IsCompatibleType(0xc0010f7800, 0xc0004be3c0, {0x2205728?, 0xc003689e60?})
			gitlab.nethead.at/symflower/symflower/model/ast/type.go:3369 +0x230
		gitlab.nethead.at/symflower/symflower/language/java/symbol.(*transpiler).checkFunctionApplicability(0xc00040a140, 0xc001601100, {0x22058d8?, 0xc0015accc0?}, {0x0?, 0xc000fb2488?, 0x1b?}, {0xc0026c16c0, 0x1, 0x1})
			gitlab.nethead.at/symflower/symflower/language/java/symbol/overloading.go:406 +0x66b
		gitlab.nethead.at/symflower/symflower/language/java/symbol.(*transpiler).matchOverloadingFunction(0xc00040a140, {0xc0026c1720, 0x2, 0x2}, {0x22058d8, 0xc0015accc0}, {0x0, 0x0, 0x0}, {0xc0026c16c0, ...})
			gitlab.nethead.at/symflower/symflower/language/java/symbol/overloading.go:451 +0x217
		gitlab.nethead.at/symflower/symflower/language/java/symbol.(*transpiler).getFunction(0xc00040a140, {0x22058d8, 0xc0015accc0}, {0xc003864e80, 0x3a}, {0x0, 0x0, 0x0}, {0xc0026c16c0, 0x1, ...})
			gitlab.nethead.at/symflower/symflower/language/java/symbol/overloading.go:224 +0xd2
		gitlab.nethead.at/symflower/symflower/language/java/symbol.(*transpiler).handleMethodCallResolveOverloads(0xc00040a140, {0xc003864e80, 0x3a}, {0x22058d8?, 0xc0015accc0?}, {0x0?, 0x2205728?, 0xc00084ed00?}, {0xc0026c16c0, 0x1, ...})
			gitlab.nethead.at/symflower/symflower/language/java/symbol/handle.go:5426 +0x87
		gitlab.nethead.at/symflower/symflower/language/java/symbol.(*transpiler).handleMethodCallReceiver(0xc00040a140, {0xc000b17886, 0x9}, {0x22058d8, 0xc0015accc0}, {0x0, 0x0, 0x0}, {0xc0026c16c0, 0x1, ...})
			gitlab.nethead.at/symflower/symflower/language/java/symbol/handle.go:5421 +0x1ae
		gitlab.nethead.at/symflower/symflower/language/java/symbol.(*transpiler).handleExpressionMethodCall(0xc00040a140, 0xc0014afc80, 0xc000e0e240)
			gitlab.nethead.at/symflower/symflower/language/java/symbol/handle.go:5526 +0xbe5
		gitlab.nethead.at/symflower/symflower/language/java/symbol.(*transpiler).handleExpression(0xc00040a140, 0xc0014afc80, {0x21f7d38, 0xc000e0e240})
			gitlab.nethead.at/symflower/symflower/language/java/symbol/handle.go:6903 +0x785
		gitlab.nethead.at/symflower/symflower/language/java/symbol.(*transpiler).handleStatementReturn(0xc00040a140, 0xc0014afc80, 0xc0004c5e00)
			gitlab.nethead.at/symflower/symflower/language/java/symbol/handle.go:4352 +0x7c
		gitlab.nethead.at/symflower/symflower/language/java/symbol.(*transpiler).handleStatement(0xc00040a140, 0xc0014afc80, {0x21f74a0, 0xc0004c5e00})
			gitlab.nethead.at/symflower/symflower/language/java/symbol/handle.go:4423 +0x745
		gitlab.nethead.at/symflower/symflower/language/java/symbol.(*transpiler).handleStatements(0xc00040a140, 0xc0014afc80, {0xc000ae6b80, 0x1, 0x41aa01?})
			gitlab.nethead.at/symflower/symflower/language/java/symbol/handle.go:3731 +0x85
		gitlab.nethead.at/symflower/symflower/language/java/symbol.(*transpiler).handleBlock.func1()
			gitlab.nethead.at/symflower/symflower/language/java/symbol/handle.go:3712 +0x45
		gitlab.nethead.at/symflower/symflower/model/ast.(*Scope).Scoped(0xc0004be3c0, 0xc003e069a8)
			gitlab.nethead.at/symflower/symflower/model/ast/scope.go:297 +0x162
		gitlab.nethead.at/symflower/symflower/language/java/symbol.(*transpiler).handleBlock(0xc00040a140, 0xc0014afc80, 0xc000978ea0)
			gitlab.nethead.at/symflower/symflower/language/java/symbol/handle.go:3711 +0x9e
		gitlab.nethead.at/symflower/symflower/language/java/symbol.(*transpiler).handleStatement(0xc00040a140, 0xc0014afc80, {0x21f7028, 0xc000978ea0})
			gitlab.nethead.at/symflower/symflower/language/java/symbol/handle.go:4403 +0x4b6
		gitlab.nethead.at/symflower/symflower/language/java/symbol.(*transpiler).handleStatementIf(0xc00040a140, 0xc0014afc80, 0xc00082f360)
			gitlab.nethead.at/symflower/symflower/language/java/symbol/handle.go:4303 +0x65
		gitlab.nethead.at/symflower/symflower/language/java/symbol.(*transpiler).handleStatement(0xc00040a140, 0xc0014afc80, {0x21f7340, 0xc00082f360})
			gitlab.nethead.at/symflower/symflower/language/java/symbol/handle.go:4421 +0x645
		gitlab.nethead.at/symflower/symflower/language/java/symbol.(*transpiler).handleStatements(0xc00040a140, 0xc0014afc80, {0xc0009153b0, 0x3, 0xc0004be3c0?})
			gitlab.nethead.at/symflower/symflower/language/java/symbol/handle.go:3731 +0x85
		gitlab.nethead.at/symflower/symflower/language/java/symbol.(*transpiler).handleBlock.func1()
			gitlab.nethead.at/symflower/symflower/language/java/symbol/handle.go:3712 +0x45
		gitlab.nethead.at/symflower/symflower/model/ast.(*Scope).Scoped(0xc0004be3c0, 0xc003e06d50)
			gitlab.nethead.at/symflower/symflower/model/ast/scope.go:297 +0x162
		gitlab.nethead.at/symflower/symflower/language/java/symbol.(*transpiler).handleBlock(0xc00040a140, 0xc0014afc80, 0xc000978f30)
			gitlab.nethead.at/symflower/symflower/language/java/symbol/handle.go:3711 +0x9e
		gitlab.nethead.at/symflower/symflower/language/java/symbol.(*transpiler).handleMethodDeclarationBody.(*transpiler).handleScopedBlockStatement.func2()
			gitlab.nethead.at/symflower/symflower/language/java/symbol/handle.go:2716 +0x205
		gitlab.nethead.at/symflower/symflower/model/ast.(*Scope).Scoped(0xc0004be3c0, 0xc003e07160)
			gitlab.nethead.at/symflower/symflower/model/ast/scope.go:297 +0x162
		gitlab.nethead.at/symflower/symflower/language/java/symbol.(*transpiler).handleScopedBlockStatement(...)
			gitlab.nethead.at/symflower/symflower/language/java/symbol/handle.go:2693
		gitlab.nethead.at/symflower/symflower/language/java/symbol.(*transpiler).handleMethodDeclarationBody(0xc00040a140, 0xc0014afc80, {0x2208170, 0xc0014fad80}, 0xc00151d100, 0x0)
			gitlab.nethead.at/symflower/symflower/language/java/symbol/handle.go:2523 +0x61b
		gitlab.nethead.at/symflower/symflower/language/java/symbol.(*transpiler).handleClassAndInterfaceDeclarationBodies(0xc00040a140, 0xc0014afc80, 0xc0014fad80)
			gitlab.nethead.at/symflower/symflower/language/java/symbol/handle.go:1534 +0x2f7
		gitlab.nethead.at/symflower/symflower/language/java/symbol.(*transpiler).handleClassDeclarationBodies(0xc00040a140, 0xc0014afc80, 0xc0014fad80)
			gitlab.nethead.at/symflower/symflower/language/java/symbol/handle.go:1419 +0x106
		gitlab.nethead.at/symflower/symflower/language/java/symbol.(*transpiler).handleBodies.func1(0xc0014afc80, {0x2207578, 0xc0014fad80})
			gitlab.nethead.at/symflower/symflower/language/java/symbol/symbols.go:532 +0x1ff
		gitlab.nethead.at/symflower/symflower/language/java/symbol.(*transpiler).walkSubDeclarations(0xc00040a140, 0xc0014afc80, 0xc003e07760, 0xc0015020c0, 0xc0014f9740, {0x2207578, 0xc0014fad80})
			gitlab.nethead.at/symflower/symflower/language/java/symbol/symbols.go:869 +0x1ee
		gitlab.nethead.at/symflower/symflower/language/java/symbol.(*transpiler).walkFile(0xc00040a140, 0x1, 0x2088c58, 0xc003e07760, 0xc0015020c0, 0xc0014f9740)
			gitlab.nethead.at/symflower/symflower/language/java/symbol/symbols.go:625 +0x3c5
		gitlab.nethead.at/symflower/symflower/language/java/symbol.(*transpiler).walkPackage(0xc00040a140, 0x1, 0x2088c58, 0xc003e07760, 0xc0015020c0)
			gitlab.nethead.at/symflower/symflower/language/java/symbol/symbols.go:583 +0x225
		gitlab.nethead.at/symflower/symflower/language/java/symbol.(*transpiler).walkFilesAndDeclarations(0xc00040a140, 0x1, 0x2088c58, 0xc003e07760)
			gitlab.nethead.at/symflower/symflower/language/java/symbol/symbols.go:566 +0xa5
		gitlab.nethead.at/symflower/symflower/language/java/symbol.(*transpiler).handleBodies(0xc00040a140)
			gitlab.nethead.at/symflower/symflower/language/java/symbol/symbols.go:513 +0x65
		gitlab.nethead.at/symflower/symflower/language/java/symbol.symbolsWithDependencies(0xc0004a22b8, {0x0?, 0x41aa94?, 0x13e43a0?}, 0x1)
			gitlab.nethead.at/symflower/symflower/language/java/symbol/symbols.go:486 +0x147
		gitlab.nethead.at/symflower/symflower/language/java/symbol.Symbols(0xc0004a22b8, 0x1)
			gitlab.nethead.at/symflower/symflower/language/java/symbol/symbols.go:457 +0xf2
		gitlab.nethead.at/symflower/symflower/language/java.Adapter.Symbols(...)
			gitlab.nethead.at/symflower/symflower/language/java/symbols.go:29
		gitlab.nethead.at/symflower/symflower/cmd/symflower-local/generate.(*Generator).transpileLanguage(0xc0000f4000, 0x0, 0x0, {0x220c620, 0x2e6b360})
			gitlab.nethead.at/symflower/symflower/cmd/symflower-local/generate/generate.go:136 +0x373
		gitlab.nethead.at/symflower/symflower/cmd/symflower-local/generate.(*Generator).Symbols(0xc0000f4000, 0x0, 0x0)
			gitlab.nethead.at/symflower/symflower/cmd/symflower-local/generate/generate.go:94 +0x136
		gitlab.nethead.at/symflower/symflower/cmd/symflower-local/generate.(*AnalyzeEngineDefault).UnitTests(0x2c?, 0x124bba0?, {0x21eb890?, 0xc000188870?}, {0xb0?, 0x41?, 0x4?, 0x0?}, 0x2c?, {0xc000455110, ...})
			gitlab.nethead.at/symflower/symflower/cmd/symflower-local/generate/analyze.go:153 +0x77
		gitlab.nethead.at/symflower/symflower/cmd/symflower-local/cmd.(*commandUnitTests).Execute(0xc0003968d8, {0xc000396508?, 0x735ac8579b18?, 0xc0003968d8?})
			gitlab.nethead.at/symflower/symflower/cmd/symflower-local/cmd/unit-tests.go:85 +0x2a6
		gitlab.nethead.at/symflower/symflower/cmd.ExecuteNoExit({0x21de020, 0xc000396508}, {0xc00019e000?, 0x0?, 0x0?})
			gitlab.nethead.at/symflower/symflower/cmd/execute.go:59 +0x2ad
		gitlab.nethead.at/symflower/symflower/cmd.Execute({0x21de020?, 0xc000396508?}, {0xc00019e000?, 0xc0001802e0?, 0xc000117f10?})
			gitlab.nethead.at/symflower/symflower/cmd/execute.go:17 +0x26
		gitlab.nethead.at/symflower/symflower/cmd.ExecuteWithOSArguments(...)
			gitlab.nethead.at/symflower/symflower/cmd/execute.go:78
		main.main.func1()
			gitlab.nethead.at/symflower/symflower/cmd/symflower-demo/main.go:39 +0x34
		gitlab.nethead.at/symflower/symflower/cmd/symflower-local/cmd.(*Command).WithPanicReporter(0xc0000b2060?, 0x0?)
			gitlab.nethead.at/symflower/symflower/cmd/symflower-local/cmd/cmd.go:151 +0x33
		main.main()
			gitlab.nethead.at/symflower/symflower/cmd/symflower-demo/main.go:38 +0x7f
src/org/mockito/internal/handler/NullResultGuardian.java: error: unknown function
	data: [genericInstance(reference(org/mockito/internal/InternalMockHandler), []) org/mockito/internal/InternalMockHandler<java/lang/Object>//setAnswersForStubbing [] [answers]]
src/org/mockito/internal/invocation/ArgumentsComparator.java: error: unknown import
	data: org/hamcrest/Matcher
src/org/mockito/internal/invocation/ArgumentsComparator.java: error: unknown type
	data: SuppressWarnings
src/org/mockito/internal/invocation/ArgumentsComparator.java: error: unknown function
	data: [struct(java/lang/Object, [], [], []) java/lang/Object//getClass [] []]
src/org/mockito/internal/invocation/ArgumentsProcessor.java: error: unknown function
	data: [<nil> java/util/ArrayList//ArrayList [unsupported(org/hamcrest/Matcher)] [len(ensure_not_nil(arguments))]]
src/org/mockito/internal/invocation/ArgumentsProcessor.java: error: unknown function
	data: [pointer(reference(java/lang/Object)) java/lang/Object//getClass [] []]
src/org/mockito/internal/invocation/ArgumentsProcessor.java: error: unknown function
	data: [pointer(genericInstance(reference(java/util/List), [unsupported(org/hamcrest/Matcher)])) java/util/List<org/hamcrest/Matcher>//add [] [call(org/mockito/internal/matchers/Equals//Equals!4fb2deccef7826b7659de223ac40b91d, [arg])]]
src/org/mockito/internal/invocation/ArgumentsProcessor.java: error: unknown import
	data: org/hamcrest/Matcher
src/org/mockito/internal/invocation/ArgumentsProcessor.java: error: unknown function
	data: [struct(java/lang/System, [], [pointer(reference(java/lang/Object))], []) java/lang/System//arraycopy [] [args 0 newArgs 0 nonVarArgsCount]]
src/org/mockito/internal/invocation/ArgumentsProcessor.java: error: unknown function
	data: [struct(java/lang/System, [], [pointer(reference(java/lang/Object))], []) java/lang/System//arraycopy [] [varArgs 0 newArgs nonVarArgsCount varArgsCount]]
src/org/mockito/internal/invocation/ArgumentsProcessor.java: error: unknown function
	data: [pointer(genericInstance(reference(java/util/List), [unsupported(org/hamcrest/Matcher)])) java/util/List<org/hamcrest/Matcher>//add [] [call(org/mockito/internal/matchers/ArrayEquals//ArrayEquals!4fb2deccef7826b7659de223ac40b91d, [arg])]]
src/org/mockito/internal/invocation/ArgumentsProcessor.java: error: unknown function
	data: [struct(java/lang/Object, [], [], []) java/lang/Object//getClass [] []]
src/org/mockito/internal/invocation/InvocationImpl.java: error: unknown import
	data: java/lang/reflect/Method
src/org/mockito/internal/invocation/InvocationImpl.java: error: unknown import
	data: java/util/Arrays
src/org/mockito/internal/invocation/InvocationImpl.java: error: unknown type
	data: SuppressWarnings
src/org/mockito/internal/invocation/InvocationImpl.java: error: unknown function
	data: [pointer(reference(org/mockito/internal/invocation/InvocationImpl)) org/mockito/internal/invocation/InvocationImpl//getClass [] []]
src/org/mockito/internal/invocation/InvocationImpl.java: error: unknown function
	data: [pointer(reference(java/lang/Object)) java/lang/Object//getClass [] []]
src/org/mockito/internal/invocation/InvocationMatcher.java: error: unknown identifier
	data: out
src/org/mockito/internal/invocation/InvocationMatcher.java: error: unknown import
	data: java/lang/reflect/Array
src/org/mockito/internal/invocation/InvocationMatcher.java: error: unknown import
	data: java/lang/reflect/Method
src/org/mockito/internal/invocation/InvocationMatcher.java: error: unknown import
	data: java/util/Collections
src/org/mockito/internal/invocation/InvocationMatcher.java: error: unknown type
	data: SuppressWarnings
src/org/mockito/internal/invocation/InvocationMatcher.java: error: unknown import
	data: org/hamcrest/Matcher
src/org/mockito/internal/invocation/InvocationMatcher.java: error: unknown import
	data: java/util/LinkedList
src/org/mockito/internal/invocation/InvocationMatcher.java: error: unknown function
	data: [struct(java/lang/Object, [], [], []) java/lang/Object//getClass [] []]
src/org/mockito/internal/invocation/InvocationsFinder.java: error: unknown import
	data: java/util/LinkedList
src/org/mockito/internal/invocation/MatchersBinder.java: error: unknown import
	data: org/hamcrest/Matcher
src/org/mockito/internal/invocation/MatchersBinder.java: error: unknown type
	data: SuppressWarnings
src/org/mockito/internal/invocation/MockitoMethod.java: error: unknown import
	data: java/lang/reflect/Method
src/org/mockito/internal/invocation/SerializableMethod.java: error: unknown import
	data: java/lang/reflect/Method
src/org/mockito/internal/invocation/SerializableMethod.java: error: unknown import
	data: java/lang/reflect/Modifier
src/org/mockito/internal/invocation/SerializableMethod.java: error: unknown import
	data: java/util/Arrays
src/org/mockito/internal/invocation/SerializableMethod.java: error: unknown function
	data: [genericInstance(reference(java/lang/Class), [wildcard(, pointer(reference(java/lang/Object)))]) java/lang/Class<descendant of java/lang/Object>//getDeclaredMethod [] [select(this, methodName) select(this, parameterTypes)]]
src/org/mockito/internal/invocation/SerializableMethod.java: error: unknown function
	data: [<nil> getClass [] []]
src/org/mockito/internal/invocation/SerializableMethod.java: error: unknown function
	data: [pointer(reference(java/lang/Object)) java/lang/Object//getClass [] []]
src/org/mockito/internal/invocation/UnusedStubsFinder.java: error: unknown type
	data: LinkedList
src/org/mockito/internal/invocation/finder/AllInvocationsFinder.java: error: unknown type
	data: Set
src/org/mockito/internal/invocation/finder/AllInvocationsFinder.java: error: unknown type
	data: TreeSet
src/org/mockito/internal/invocation/finder/AllInvocationsFinder.java: error: unknown type
	data: LinkedList
src/org/mockito/internal/junit/FriendlyExceptionMaker.java: error: unknown function
	data: [struct(java/lang/Class, [], [pointer(reference(java/lang/Object))], []) java/lang/Class//forName [] ["org.mockito.exceptions.verification.junit.ArgumentsAreDifferent"]]
src/org/mockito/internal/junit/FriendlyExceptionMaker.java: error: unknown function
	data: [pointer(genericInstance(reference(java/lang/Class), [wildcard(, pointer(reference(java/lang/Object)))])) java/lang/Class<descendant of java/lang/Object>//getConstructors [] []]
src/org/mockito/internal/junit/JUnitDetecter.java: error: unknown function
	data: [struct(java/lang/Class, [], [pointer(reference(java/lang/Object))], []) java/lang/Class//forName [] ["junit.framework.ComparisonFailure"]]
src/org/mockito/internal/junit/JUnitRule.java: error: unknown import
	data: org/junit/runners/model/Statement
src/org/mockito/internal/listeners/CollectCreatedMocks.java: error: unknown type
	data: SuppressWarnings
src/org/mockito/internal/listeners/MockingStartedListener.java: error: unknown type
	data: SuppressWarnings
src/org/mockito/internal/listeners/NotifiedMethodInvocationReport.java: error: unknown function
	data: [<nil> getClass [] []]
src/org/mockito/internal/listeners/NotifiedMethodInvocationReport.java: error: unknown function
	data: [pointer(reference(java/lang/Object)) java/lang/Object//getClass [] []]
src/org/mockito/internal/matchers/And.java: error: unknown import
	data: org/hamcrest/Description
src/org/mockito/internal/matchers/And.java: error: unknown import
	data: org/hamcrest/Matcher
src/org/mockito/internal/matchers/And.java: error: unknown type
	data: SuppressWarnings
src/org/mockito/internal/matchers/Any.java: error: unknown import
	data: org/hamcrest/Description
src/org/mockito/internal/matchers/Any.java: error: unknown type
	data: SuppressWarnings
src/org/mockito/internal/matchers/AnyVararg.java: error: unknown import
	data: org/hamcrest/Matcher
src/org/mockito/internal/matchers/AnyVararg.java: error: unknown type
	data: SuppressWarnings
src/org/mockito/internal/matchers/ArrayEquals.java: error: unknown import
	data: org/hamcrest/Description
src/org/mockito/internal/matchers/ArrayEquals.java: error: unknown function
	data: [struct(java/lang/Object, [], [], []) java/lang/Object//getClass [] []]
src/org/mockito/internal/matchers/ArrayEquals.java: error: unknown import
	data: java/lang/reflect/Array
src/org/mockito/internal/matchers/ArrayEquals.java: error: unknown import
	data: java/util/Arrays
src/org/mockito/internal/matchers/CapturingMatcher.java: error: unknown type
	data: SuppressWarnings
src/org/mockito/internal/matchers/CapturingMatcher.java: error: unknown import
	data: org/hamcrest/Description
src/org/mockito/internal/matchers/CapturingMatcher.java: error: unknown import
	data: java/util/LinkedList
src/org/mockito/internal/matchers/CompareTo.java: error: unknown import
	data: org/hamcrest/Description
src/org/mockito/internal/matchers/CompareTo.java: error: unknown type
	data: SuppressWarnings
src/org/mockito/internal/matchers/Contains.java: error: unknown import
	data: org/hamcrest/Description
src/org/mockito/internal/matchers/Contains.java: error: unknown function
	data: [struct(java/lang/String, [], [pointer(reference(java/lang/Object))], [reference(java/lang/CharSequence)]) java/lang/String//contains [] [select(this, substring)]]
src/org/mockito/internal/matchers/ContainsExtraTypeInformation.java: error: unknown import
	data: org/hamcrest/SelfDescribing
src/org/mockito/internal/matchers/EndsWith.java: error: unknown import
	data: org/hamcrest/Description
src/org/mockito/internal/matchers/Equality.java: error: unknown import
	data: java/lang/reflect/Array
src/org/mockito/internal/matchers/Equality.java: error: unknown function
	data: [pointer(reference(java/lang/Object)) java/lang/Object//getClass [] []]
src/org/mockito/internal/matchers/Equals.java: error: unknown import
	data: org/hamcrest/Description
src/org/mockito/internal/matchers/Equals.java: error: unknown import
	data: org/hamcrest/SelfDescribing
src/org/mockito/internal/matchers/Equals.java: error: unknown function
	data: [pointer(reference(java/lang/Object)) java/lang/Object//getClass [] []]
src/org/mockito/internal/matchers/Equals.java: error: unknown function
	data: [struct(java/lang/Object, [], [], []) java/lang/Object//getClass [] []]
src/org/mockito/internal/matchers/EqualsWithDelta.java: error: unknown import
	data: org/hamcrest/Description
src/org/mockito/internal/matchers/EqualsWithDelta.java: error: unknown function
	data: [struct(java/lang/Number, [], [pointer(reference(java/lang/Object))], [reference(java/io/Serializable)]) java/lang/Number//doubleValue [] []]
src/org/mockito/internal/matchers/EqualsWithDelta.java: error: unknown function
	data: [pointer(reference(java/lang/Number)) java/lang/Number//doubleValue [] []]
src/org/mockito/internal/matchers/Find.java: error: unknown import
	data: java/util/regex/Pattern
src/org/mockito/internal/matchers/Find.java: error: unknown import
	data: org/hamcrest/Description
src/org/mockito/internal/matchers/InstanceOf.java: error: unknown import
	data: org/hamcrest/Description
src/org/mockito/internal/matchers/InstanceOf.java: error: unknown function
	data: [pointer(reference(java/lang/Object)) java/lang/Object//getClass [] []]
src/org/mockito/internal/matchers/InstanceOf.java: error: unknown function
	data: [genericInstance(reference(java/lang/Class), [wildcard(, pointer(reference(java/lang/Object)))]) java/lang/Class<descendant of java/lang/Object>//isAssignableFrom [] [unsupported]]
src/org/mockito/internal/matchers/LocalizedMatcher.java: error: unknown import
	data: org/hamcrest/SelfDescribing
src/org/mockito/internal/matchers/LocalizedMatcher.java: error: unknown type
	data: SuppressWarnings
src/org/mockito/internal/matchers/LocalizedMatcher.java: error: unknown import
	data: org/hamcrest/Description
src/org/mockito/internal/matchers/LocalizedMatcher.java: error: unknown import
	data: org/hamcrest/Matcher
src/org/mockito/internal/matchers/MatcherDecorator.java: error: unknown import
	data: org/hamcrest/Matcher
src/org/mockito/internal/matchers/MatcherDecorator.java: error: unknown type
	data: SuppressWarnings
src/org/mockito/internal/matchers/MatchersPrinter.java: error: unknown import
	data: java/util/LinkedList
src/org/mockito/internal/matchers/MatchersPrinter.java: error: unknown import
	data: org/hamcrest/Description
src/org/mockito/internal/matchers/MatchersPrinter.java: error: unknown import
	data: org/hamcrest/Matcher
src/org/mockito/internal/matchers/MatchersPrinter.java: error: unknown import
	data: org/hamcrest/SelfDescribing
src/org/mockito/internal/matchers/MatchersPrinter.java: error: unknown import
	data: org/hamcrest/StringDescription
src/org/mockito/internal/matchers/MatchersPrinter.java: error: unknown type
	data: SuppressWarnings
src/org/mockito/internal/matchers/Matches.java: error: unknown import
	data: org/hamcrest/Description
src/org/mockito/internal/matchers/Not.java: error: unknown import
	data: org/hamcrest/Matcher
src/org/mockito/internal/matchers/Not.java: error: unknown type
	data: SuppressWarnings
src/org/mockito/internal/matchers/Not.java: error: unknown import
	data: org/hamcrest/Description
src/org/mockito/internal/matchers/NotNull.java: error: unknown import
	data: org/hamcrest/Description
src/org/mockito/internal/matchers/Null.java: error: unknown import
	data: org/hamcrest/Description
src/org/mockito/internal/matchers/Or.java: error: unknown import
	data: org/hamcrest/Description
src/org/mockito/internal/matchers/Or.java: error: unknown import
	data: org/hamcrest/Matcher
src/org/mockito/internal/matchers/Or.java: error: unknown type
	data: SuppressWarnings
src/org/mockito/internal/matchers/Same.java: error: unknown import
	data: org/hamcrest/Description
src/org/mockito/internal/matchers/StartsWith.java: error: unknown import
	data: org/hamcrest/Description
src/org/mockito/internal/matchers/VarargCapturingMatcher.java: internal error: expression does not have the same type as the targeted index type
	data: make(array(pointer(reference(java/lang/Object)), primitive(int, 32, false), 0), unsupported)
src/org/mockito/internal/matchers/VarargCapturingMatcher.java: error: unknown import
	data: org/hamcrest/Description
src/org/mockito/internal/matchers/VarargCapturingMatcher.java: error: unknown import
	data: java/lang/reflect/Array
src/org/mockito/internal/matchers/VarargCapturingMatcher.java: error: unknown import
	data: java/util/Collections
src/org/mockito/internal/matchers/VarargCapturingMatcher.java: error: unknown type
	data: SuppressWarnings
src/org/mockito/internal/matchers/VarargCapturingMatcher.java: error: unknown function
	data: [pointer(reference(java/lang/Object)) java/lang/Object//getClass [] []]
src/org/mockito/internal/matchers/VarargCapturingMatcher.java: error: unknown import
	data: java/util/Arrays
src/org/mockito/internal/matchers/VarargCapturingMatcher.java: error: unknown import
	data: java/util/LinkedList
src/org/mockito/internal/matchers/apachecommons/EqualsBuilder.java: error: unknown import
	data: java/lang/reflect/Field
src/org/mockito/internal/matchers/apachecommons/EqualsBuilder.java: error: unknown function
	data: [pointer(genericInstance(reference(java/lang/Class), [])) java/lang/Class<java/lang/Object>//isInstance [] [rhs]]
src/org/mockito/internal/matchers/apachecommons/EqualsBuilder.java: error: unknown function
	data: [pointer(reference(java/lang/Object)) java/lang/Object//getClass [] []]
src/org/mockito/internal/matchers/apachecommons/EqualsBuilder.java: error: unknown function
	data: [pointer(genericInstance(reference(java/lang/Class), [])) java/lang/Class<java/lang/Object>//getSuperclass [] []]
src/org/mockito/internal/matchers/apachecommons/EqualsBuilder.java: error: unknown function
	data: [pointer(genericInstance(reference(java/lang/Class), [])) java/lang/Class<java/lang/Object>//isInstance [] [rhs]]
src/org/mockito/internal/matchers/apachecommons/EqualsBuilder.java: error: unknown import
	data: java/lang/reflect/Modifier
src/org/mockito/internal/matchers/apachecommons/EqualsBuilder.java: error: unknown import
	data: java/util/Arrays
src/org/mockito/internal/matchers/apachecommons/EqualsBuilder.java: error: unknown type
	data: InternalError
src/org/mockito/internal/matchers/apachecommons/EqualsBuilder.java: error: unknown function
	data: [pointer(genericInstance(reference(java/lang/Class), [])) java/lang/Class<java/lang/Object>//isArray [] []]
src/org/mockito/internal/matchers/apachecommons/EqualsBuilder.java: error: unknown import
	data: java/lang/reflect/AccessibleObject
src/org/mockito/internal/matchers/apachecommons/EqualsBuilder.java: error: unknown function
	data: [pointer(genericInstance(reference(java/lang/Class), [])) java/lang/Class<java/lang/Object>//getDeclaredFields [] []]
src/org/mockito/internal/matchers/apachecommons/EqualsBuilder.java: internal error: type does not support nil values
	data: unsupported(java/math/BigDecimal)
src/org/mockito/internal/matchers/apachecommons/EqualsBuilder.java: error: unknown type
	data: SuppressWarnings
src/org/mockito/internal/matchers/apachecommons/EqualsBuilder.java: error: unknown import
	data: java/util/Collections
src/org/mockito/internal/matchers/apachecommons/EqualsBuilder.java: error: unknown function
	data: [pointer(genericInstance(reference(java/lang/Class), [])) java/lang/Class<java/lang/Object>//isInstance [] [lhs]]
src/org/mockito/internal/matchers/apachecommons/EqualsBuilder.java: error: unknown type
	data: java/math/BigDecimal
src/org/mockito/internal/matchers/apachecommons/EqualsBuilder.java: error: unknown function
	data: [pointer(genericInstance(reference(java/lang/Class), [])) java/lang/Class<java/lang/Object>//isInstance [] [lhs]]
src/org/mockito/internal/matchers/apachecommons/ReflectionEquals.java: error: unknown import
	data: org/hamcrest/Description
src/org/mockito/internal/progress/ArgumentMatcherStorage.java: error: unknown import
	data: org/hamcrest/Matcher
src/org/mockito/internal/progress/ArgumentMatcherStorage.java: error: unknown type
	data: SuppressWarnings
src/org/mockito/internal/progress/ArgumentMatcherStorageImpl.java: error: unknown import
	data: java/util/Collections
src/org/mockito/internal/progress/ArgumentMatcherStorageImpl.java: error: unknown function
	data: [<nil> org/mockito/internal/matchers/LocalizedMatcher//LocalizedMatcher [] [not]]
src/org/mockito/internal/progress/ArgumentMatcherStorageImpl.java: error: unknown function
	data: [pointer(genericInstance(reference(java/util/List), [unsupported(org/hamcrest/Matcher)])) java/util/List<org/hamcrest/Matcher>//addAll [] [unsupported]]
src/org/mockito/internal/progress/ArgumentMatcherStorageImpl.java: error: unknown function
	data: [<nil> java/util/ArrayList//ArrayList [pointer(reference(org/mockito/internal/matchers/LocalizedMatcher))] [select(this, matcherStack)]]
src/org/mockito/internal/progress/ArgumentMatcherStorageImpl.java: error: unknown import
	data: java/util/LinkedList
src/org/mockito/internal/progress/ArgumentMatcherStorageImpl.java: error: unknown import
	data: java/util/Stack
src/org/mockito/internal/progress/ArgumentMatcherStorageImpl.java: error: unknown type
	data: SuppressWarnings
src/org/mockito/internal/progress/ArgumentMatcherStorageImpl.java: error: unknown function
	data: [<nil> java/util/ArrayList//ArrayList [pointer(reference(org/mockito/internal/matchers/LocalizedMatcher))] [select(this, matcherStack)]]
src/org/mockito/internal/progress/ArgumentMatcherStorageImpl.java: error: unknown function
	data: [<nil> org/mockito/internal/matchers/LocalizedMatcher//LocalizedMatcher [] [and]]
src/org/mockito/internal/progress/ArgumentMatcherStorageImpl.java: error: unknown function
	data: [<nil> org/mockito/internal/matchers/LocalizedMatcher//LocalizedMatcher [] [or]]
src/org/mockito/internal/progress/ArgumentMatcherStorageImpl.java: error: unknown function
	data: [<nil> java/util/ArrayList//ArrayList [pointer(reference(org/mockito/internal/matchers/LocalizedMatcher))] [select(this, matcherStack)]]
src/org/mockito/internal/progress/ArgumentMatcherStorageImpl.java: error: unknown import
	data: org/hamcrest/Matcher
src/org/mockito/internal/progress/HandyReturnValues.java: error: unknown type
	data: Set
src/org/mockito/internal/progress/HandyReturnValues.java: error: unknown function
	data: [<nil> defaultValueForPrimitiveOrWrapper [] [clazz]]
src/org/mockito/internal/progress/HandyReturnValues.java: error: unknown type
	data: HashMap
src/org/mockito/internal/progress/HandyReturnValues.java: error: unknown type
	data: LinkedList
src/org/mockito/internal/progress/HandyReturnValues.java: error: unknown type
	data: HashSet
src/org/mockito/internal/progress/HandyReturnValues.java: error: unknown type
	data: SuppressWarnings
src/org/mockito/internal/progress/MockingProgress.java: error: unknown type
	data: SuppressWarnings
src/org/mockito/internal/progress/MockingProgressImpl.java: error: unknown type
	data: SuppressWarnings
src/org/mockito/internal/progress/ThreadSafeMockingProgress.java: error: unknown type
	data: ThreadLocal
src/org/mockito/internal/progress/ThreadSafeMockingProgress.java: error: unknown type
	data: SuppressWarnings
src/org/mockito/internal/reporting/PrintSettings.java: error: unknown import
	data: java/util/Arrays
src/org/mockito/internal/reporting/PrintSettings.java: error: unknown import
	data: java/util/LinkedList
src/org/mockito/internal/reporting/PrintSettings.java: error: unknown import
	data: org/hamcrest/Matcher
src/org/mockito/internal/reporting/SmartPrinter.java: error: unknown function
	data: [struct(java/lang/String, [], [pointer(reference(java/lang/Object))], [reference(java/lang/CharSequence)]) java/lang/String//contains [] ["\n"]]
src/org/mockito/internal/reporting/SmartPrinter.java: error: unknown function
	data: [struct(java/lang/String, [], [pointer(reference(java/lang/Object))], [reference(java/lang/CharSequence)]) java/lang/String//contains [] ["\n"]]
src/org/mockito/internal/runners/JUnit44RunnerImpl.java: error: unknown import
	data: org/junit/runner/notification/RunNotifier
src/org/mockito/internal/runners/JUnit44RunnerImpl.java: error: unknown type
	data: SuppressWarnings
src/org/mockito/internal/runners/JUnit44RunnerImpl.java: error: unknown import
	data: org/junit/internal/runners/InitializationError
src/org/mockito/internal/runners/JUnit44RunnerImpl.java: error: unknown import
	data: org/junit/internal/runners/JUnit4ClassRunner
src/org/mockito/internal/runners/JUnit44RunnerImpl.java: error: unknown import
	data: org/junit/runner/Description
src/org/mockito/internal/runners/JUnit44RunnerImpl.java: error: unknown import
	data: org/junit/runner/manipulation/Filter
src/org/mockito/internal/runners/JUnit44RunnerImpl.java: error: unknown import
	data: org/junit/runner/manipulation/NoTestsRemainException
src/org/mockito/internal/runners/JUnit45AndHigherRunnerImpl.java: error: unknown import
	data: org/junit/runner/Description
src/org/mockito/internal/runners/JUnit45AndHigherRunnerImpl.java: error: unknown import
	data: org/junit/runner/manipulation/Filter
src/org/mockito/internal/runners/JUnit45AndHigherRunnerImpl.java: error: unknown import
	data: org/junit/runner/manipulation/NoTestsRemainException
src/org/mockito/internal/runners/JUnit45AndHigherRunnerImpl.java: error: unknown import
	data: org/junit/runners/model/FrameworkMethod
src/org/mockito/internal/runners/JUnit45AndHigherRunnerImpl.java: error: unknown import
	data: org/junit/runners/model/Statement
src/org/mockito/internal/runners/JUnit45AndHigherRunnerImpl.java: error: unknown import
	data: org/junit/runner/notification/RunNotifier
src/org/mockito/internal/runners/JUnit45AndHigherRunnerImpl.java: error: unknown import
	data: org/junit/runners/BlockJUnit4ClassRunner
src/org/mockito/internal/runners/JUnit45AndHigherRunnerImpl.java: error: unknown import
	data: org/junit/runners/model/InitializationError
src/org/mockito/internal/runners/RunnerFactory.java: error: unknown import
	data: java/lang/reflect/InvocationTargetException
src/org/mockito/internal/runners/RunnerImpl.java: error: unknown import
	data: org/junit/runner/Description
src/org/mockito/internal/runners/RunnerImpl.java: error: unknown import
	data: org/junit/runner/manipulation/Filterable
src/org/mockito/internal/runners/RunnerImpl.java: error: unknown import
	data: org/junit/runner/notification/RunNotifier
src/org/mockito/internal/runners/util/FrameworkUsageValidator.java: error: unknown import
	data: org/junit/runner/Description
src/org/mockito/internal/runners/util/FrameworkUsageValidator.java: error: unknown import
	data: org/junit/runner/notification/Failure
src/org/mockito/internal/runners/util/FrameworkUsageValidator.java: error: unknown import
	data: org/junit/runner/notification/RunListener
src/org/mockito/internal/runners/util/FrameworkUsageValidator.java: error: unknown import
	data: org/junit/runner/notification/RunNotifier
src/org/mockito/internal/runners/util/RunnerProvider.java: error: unknown import
	data: java/lang/reflect/Constructor
src/org/mockito/internal/runners/util/RunnerProvider.java: error: unknown import
	data: java/lang/reflect/InvocationTargetException
src/org/mockito/internal/runners/util/RunnerProvider.java: error: unknown function
	data: [struct(java/lang/Class, [], [pointer(reference(java/lang/Object))], []) java/lang/Class//forName [] ["org.junit.runners.BlockJUnit4ClassRunner"]]
src/org/mockito/internal/runners/util/RunnerProvider.java: error: unknown function
	data: [struct(java/lang/Class, [], [pointer(reference(java/lang/Object))], []) java/lang/Class//forName [] [runnerClassName]]
src/org/mockito/internal/runners/util/RunnerProvider.java: error: unknown function
	data: [genericInstance(reference(java/lang/Class), [pointer(reference(java/lang/Object))]) java/lang/Class<java/lang/Object>//getClass [] []]
src/org/mockito/internal/runners/util/RunnerProvider.java: error: unknown function
	data: [pointer(genericInstance(reference(java/lang/Class), [wildcard(, pointer(reference(java/lang/Object)))])) java/lang/Class<descendant of java/lang/Object>//getConstructor [] [unsupported]]
src/org/mockito/internal/runners/util/TestMethodsFinder.java: error: unknown import
	data: org/junit/Test
src/org/mockito/internal/runners/util/TestMethodsFinder.java: error: unknown import
	data: java/lang/reflect/Method
src/org/mockito/internal/runners/util/TestMethodsFinder.java: error: unknown function
	data: [pointer(genericInstance(reference(java/lang/Class), [wildcard(, pointer(reference(java/lang/Object)))])) java/lang/Class<descendant of java/lang/Object>//getMethods [] []]
src/org/mockito/internal/stubbing/BaseStubbing.java: error: unknown function
	data: [<nil> org/mockito/internal/stubbing/answers/Returns//Returns [] [value]]
src/org/mockito/internal/stubbing/BaseStubbing.java: internal error: not all elements have the same type
	data: [pointer(genericInstance(reference(org/mockito/internal/stubbing/BaseStubbing), [genericParameter(T, [pointer(reference(java/lang/Object))])])) pointer(genericInstance(reference(org/mockito/stubbing/DeprecatedOngoingStubbing), [genericParameter(T, [pointer(reference(java/lang/Object))])]))]
src/org/mockito/internal/stubbing/BaseStubbing.java: error: unknown function
	data: [<nil> org/mockito/internal/stubbing/answers/Returns//Returns [] [value]]
src/org/mockito/internal/stubbing/BaseStubbing.java: internal error: not all elements have the same type
	data: [pointer(genericInstance(reference(org/mockito/internal/stubbing/BaseStubbing), [genericParameter(T, [pointer(reference(java/lang/Object))])])) pointer(genericInstance(reference(org/mockito/stubbing/OngoingStubbing), [genericParameter(T, [pointer(reference(java/lang/Object))])]))]
src/org/mockito/internal/stubbing/ConsecutiveStubbing.java: error: unknown function
	data: [struct(org/mockito/internal/stubbing/InvocationContainerImpl, [], [pointer(reference(java/lang/Object))], [reference(org/mockito/internal/stubbing/InvocationContainer), reference(java/io/Serializable)]) org/mockito/internal/stubbing/InvocationContainerImpl//addConsecutiveAnswer [] [answer]]
src/org/mockito/internal/stubbing/ConsecutiveStubbing.java: error: unknown function
	data: [struct(org/mockito/internal/stubbing/InvocationContainerImpl, [], [pointer(reference(java/lang/Object))], [reference(org/mockito/internal/stubbing/InvocationContainer), reference(java/io/Serializable)]) org/mockito/internal/stubbing/InvocationContainerImpl//addConsecutiveAnswer [] [answer]]
src/org/mockito/internal/stubbing/InvocationContainerImpl.java: internal error: not all elements have the same type
	data: conditional(call(select(ensure_not_nil(mockSettings), isStubOnly!d41d8cd98f00b204e9800998ecf8427e), []), [call(org/mockito/internal/verification/SingleRegisteredInvocation//SingleRegisteredInvocation!d41d8cd98f00b204e9800998ecf8427e, []), call(org/mockito/internal/verification/DefaultRegisteredInvocations//DefaultRegisteredInvocations!d41d8cd98f00b204e9800998ecf8427e, [])])
src/org/mockito/internal/stubbing/InvocationContainerImpl.java: error: unknown import
	data: java/util/LinkedList
src/org/mockito/internal/stubbing/InvocationContainerImpl.java: error: unknown type
	data: SuppressWarnings
src/org/mockito/internal/stubbing/InvocationContainerImpl.java: error: unknown function
	data: [genericInstance(reference(java/util/List), [pointer(genericInstance(reference(org/mockito/stubbing/Answer), []))]) java/util/List<org/mockito/stubbing/Answer<java/lang/Object>>//addAll [] [answers]]
src/org/mockito/internal/stubbing/OngoingStubbingImpl.java: error: unknown function
	data: [struct(org/mockito/internal/stubbing/InvocationContainerImpl, [], [pointer(reference(java/lang/Object))], [reference(org/mockito/internal/stubbing/InvocationContainer), reference(java/io/Serializable)]) org/mockito/internal/stubbing/InvocationContainerImpl//addAnswer [] [answer]]
src/org/mockito/internal/stubbing/OngoingStubbingImpl.java: error: unknown function
	data: [struct(org/mockito/internal/stubbing/InvocationContainerImpl, [], [pointer(reference(java/lang/Object))], [reference(org/mockito/internal/stubbing/InvocationContainer), reference(java/io/Serializable)]) org/mockito/internal/stubbing/InvocationContainerImpl//addAnswer [] [answer]]
src/org/mockito/internal/stubbing/StubbedInvocationMatcher.java: error: unknown import
	data: java/util/Queue
src/org/mockito/internal/stubbing/StubbedInvocationMatcher.java: error: unknown import
	data: java/util/concurrent/ConcurrentLinkedQueue
src/org/mockito/internal/stubbing/StubbedInvocationMatcher.java: error: unknown type
	data: SuppressWarnings
src/org/mockito/internal/stubbing/StubberImpl.java: error: unknown function
	data: [pointer(reference(org/mockito/internal/util/MockUtil)) org/mockito/internal/util/MockUtil//getMockHandler [] [mock]]
src/org/mockito/internal/stubbing/StubberImpl.java: error: unknown import
	data: java/util/LinkedList
src/org/mockito/internal/stubbing/StubberImpl.java: error: unknown type
	data: SuppressWarnings
src/org/mockito/internal/stubbing/StubberImpl.java: error: unknown function
	data: [pointer(reference(org/mockito/internal/util/MockUtil)) org/mockito/internal/util/MockUtil//isMock [] [mock]]
src/org/mockito/internal/stubbing/VoidMethodStubbableImpl.java: error: unknown function
	data: [struct(org/mockito/internal/stubbing/InvocationContainerImpl, [], [pointer(reference(java/lang/Object))], [reference(org/mockito/internal/stubbing/InvocationContainer), reference(java/io/Serializable)]) org/mockito/internal/stubbing/InvocationContainerImpl//addAnswerForVoidMethod [] [answer]]
src/org/mockito/internal/stubbing/answers/AnswerReturnValuesAdapter.java: error: unknown type
	data: SuppressWarnings
src/org/mockito/internal/stubbing/answers/AnswersValidator.java: error: unknown function
	data: [pointer(reference(org/mockito/internal/stubbing/answers/MethodInfo)) org/mockito/internal/stubbing/answers/MethodInfo//isValidReturnType [] [call(select(ensure_not_nil(answer), getReturnType!d41d8cd98f00b204e9800998ecf8427e), [])]]
src/org/mockito/internal/stubbing/answers/CallsRealMethods.java: error: unknown import
	data: java/lang/reflect/Modifier
src/org/mockito/internal/stubbing/answers/ClonesArguments.java: error: unknown import
	data: org/objenesis/ObjenesisHelper
src/org/mockito/internal/stubbing/answers/ClonesArguments.java: error: unknown function
	data: [pointer(reference(java/lang/Object)) java/lang/Object//getClass [] []]
src/org/mockito/internal/stubbing/answers/MethodInfo.java: error: unknown function
	data: [pointer(genericInstance(reference(java/lang/Class), [wildcard(, pointer(reference(java/lang/Object)))])) java/lang/Class<descendant of java/lang/Object>//isAssignableFrom [] [throwableClass]]
src/org/mockito/internal/stubbing/answers/MethodInfo.java: error: unknown function
	data: [pointer(genericInstance(reference(java/lang/Class), [])) java/lang/Class<java/lang/Object>//isPrimitive [] []]
src/org/mockito/internal/stubbing/answers/MethodInfo.java: error: unknown field
	data: [this struct(org/mockito/internal/stubbing/answers/MethodInfo, [], [pointer(reference(java/lang/Object))], [reference(org/mockito/internal/invocation/AbstractAwareMethod)]) Void]
src/org/mockito/internal/stubbing/answers/MethodInfo.java: error: unknown import
	data: java/lang/reflect/Method
src/org/mockito/internal/stubbing/answers/MethodInfo.java: error: unknown import
	data: java/lang/reflect/Modifier
src/org/mockito/internal/stubbing/answers/MethodInfo.java: error: unknown function
	data: [pointer(reference(java/lang/Throwable)) java/lang/Throwable//getClass [] []]
src/org/mockito/internal/stubbing/answers/Returns.java: error: unknown function
	data: [struct(java/lang/Object, [], [], []) java/lang/Object//getClass [] []]
src/org/mockito/internal/stubbing/answers/ReturnsArgumentAt.java: error: unknown function
	data: [genericInstance(reference(java/lang/Class), [wildcard(, pointer(reference(java/lang/Object)))]) java/lang/Class<descendant of java/lang/Object>//getComponentType [] []]
src/org/mockito/internal/stubbing/answers/ReturnsElementsOf.java: error: unknown import
	data: java/util/LinkedList
src/org/mockito/internal/stubbing/answers/ThrowsException.java: error: unknown function
	data: [struct(java/lang/Throwable, [], [pointer(reference(java/lang/Object))], [reference(java/io/Serializable)]) java/lang/Throwable//fillInStackTrace [] []]
src/org/mockito/internal/stubbing/answers/ThrowsExceptionClass.java: error: unknown function
	data: [pointer(reference(java/lang/Throwable)) java/lang/Throwable//fillInStackTrace [] []]
src/org/mockito/internal/stubbing/answers/ThrowsExceptionClass.java: error: unknown import
	data: org/objenesis/ObjenesisHelper
src/org/mockito/internal/stubbing/defaultanswers/ForwardsInvocations.java: error: unknown import
	data: java/lang/reflect/InvocationTargetException
src/org/mockito/internal/stubbing/defaultanswers/ForwardsInvocations.java: error: unknown import
	data: java/lang/reflect/Method
src/org/mockito/internal/stubbing/defaultanswers/ForwardsInvocations.java: error: unknown function
	data: [struct(java/lang/Object, [], [], []) java/lang/Object//getClass [] []]
src/org/mockito/internal/stubbing/defaultanswers/ForwardsInvocations.java: error: unknown function
	data: [pointer(genericInstance(reference(java/lang/Class), [wildcard(, pointer(reference(java/lang/Object)))])) java/lang/Class<descendant of java/lang/Object>//isAssignableFrom [] [subType]]
src/org/mockito/internal/stubbing/defaultanswers/ReturnsDeepStubs.java: error: unknown function
	data: [struct(org/mockito/internal/util/reflection/GenericMetadataSupport, [], [pointer(reference(java/lang/Object))], []) org/mockito/internal/util/reflection/GenericMetadataSupport//inferFrom [] [call(select(ensure_not_nil(mockSettings), getTypeToMock!d41d8cd98f00b204e9800998ecf8427e), [])]]
src/org/mockito/internal/stubbing/defaultanswers/ReturnsDeepStubs.java: error: error: unresolved type
	data: reference(T)
	child error: (error) Internal error: unknown type:
		"T"
		Stacktrace: goroutine 1 [running]:
		gitlab.nethead.at/symflower/symflower/model/errors.NewInternalError({0x21de060, 0x2d25a00}, {0x12473e0, 0xc002d11190})
			gitlab.nethead.at/symflower/symflower/model/errors/error.go:852 +0x4e
		gitlab.nethead.at/symflower/symflower/model/errors.NewProblemWithErrorSeverity(...)
			gitlab.nethead.at/symflower/symflower/model/errors/problem.go:321
		gitlab.nethead.at/symflower/symflower/model/ast.(*Scope).GetType(0xc0044061a0?, {0x2221c60, 0x1})
			gitlab.nethead.at/symflower/symflower/model/ast/scope.go:986 +0x85
		gitlab.nethead.at/symflower/symflower/model/ast.resolve(0xc0004be3c0, {0x2205848?, 0xc000cd4e20}, 0xe0)
			gitlab.nethead.at/symflower/symflower/model/ast/type-resolve.go:362 +0x78
		gitlab.nethead.at/symflower/symflower/model/ast.ResolveWithPointers(...)
			gitlab.nethead.at/symflower/symflower/model/ast/type-resolve.go:326
		gitlab.nethead.at/symflower/symflower/model/ast.(*TypeGenericInstance).IsCompatibleType(0xc000d36880, 0xc0004be3c0, {0x2205728?, 0xc001461e80?})
			gitlab.nethead.at/symflower/symflower/model/ast/type.go:3369 +0x230
		gitlab.nethead.at/symflower/symflower/language/java/symbol.(*transpiler).checkFunctionApplicability(0xc00040a140, 0xc0012c3300, {0x22058d8?, 0xc0012378c0?}, {0x0?, 0xc000fb2488?, 0x16?}, {0xc0027778a0, 0x2, 0x2})
			gitlab.nethead.at/symflower/symflower/language/java/symbol/overloading.go:406 +0x66b
		gitlab.nethead.at/symflower/symflower/language/java/symbol.(*transpiler).matchOverloadingFunction(0xc00040a140, {0xc000a2b7a8, 0x1, 0x1}, {0x22058d8, 0xc0012378c0}, {0x0, 0x0, 0x0}, {0xc0027778a0, ...})
			gitlab.nethead.at/symflower/symflower/language/java/symbol/overloading.go:451 +0x217
		gitlab.nethead.at/symflower/symflower/language/java/symbol.(*transpiler).getFunction(0xc00040a140, {0x22058d8, 0xc0012378c0}, {0xc003ce7c50, 0x26}, {0x0, 0x0, 0x0}, {0xc0027778a0, 0x2, ...})
			gitlab.nethead.at/symflower/symflower/language/java/symbol/overloading.go:224 +0xd2
		gitlab.nethead.at/symflower/symflower/language/java/symbol.(*transpiler).handleMethodCallResolveOverloads(0xc00040a140, {0xc003ce7c50, 0x26}, {0x22058d8?, 0xc0012378c0?}, {0x0?, 0x2205728?, 0xc0010ec900?}, {0xc0027778a0, 0x2, ...})
			gitlab.nethead.at/symflower/symflower/language/java/symbol/handle.go:5426 +0x87
		gitlab.nethead.at/symflower/symflower/language/java/symbol.(*transpiler).handleMethodCallReceiver(0xc00040a140, {0xc000f5ed8c, 0x4}, {0x22058d8, 0xc0012378c0}, {0x0, 0x0, 0x0}, {0xc0027778a0, 0x2, ...})
			gitlab.nethead.at/symflower/symflower/language/java/symbol/handle.go:5421 +0x1ae
		gitlab.nethead.at/symflower/symflower/language/java/symbol.(*transpiler).handleExpressionMethodCall(0xc00040a140, 0xc0016cdd70, 0xc000ffb5c0)
			gitlab.nethead.at/symflower/symflower/language/java/symbol/handle.go:5526 +0xbe5
		gitlab.nethead.at/symflower/symflower/language/java/symbol.(*transpiler).handleExpression(0xc00040a140, 0xc0016cdd70, {0x21f7d38, 0xc000ffb5c0})
			gitlab.nethead.at/symflower/symflower/language/java/symbol/handle.go:6903 +0x785
		gitlab.nethead.at/symflower/symflower/language/java/symbol.(*transpiler).handleStatementReturn(0xc00040a140, 0xc0016cdd70, 0xc000ffe800)
			gitlab.nethead.at/symflower/symflower/language/java/symbol/handle.go:4352 +0x7c
		gitlab.nethead.at/symflower/symflower/language/java/symbol.(*transpiler).handleStatement(0xc00040a140, 0xc0016cdd70, {0x21f74a0, 0xc000ffe800})
			gitlab.nethead.at/symflower/symflower/language/java/symbol/handle.go:4423 +0x745
		gitlab.nethead.at/symflower/symflower/language/java/symbol.(*transpiler).handleStatements(0xc00040a140, 0xc0016cdd70, {0xc000e81800, 0x2, 0xc0004be3c0?})
			gitlab.nethead.at/symflower/symflower/language/java/symbol/handle.go:3731 +0x85
		gitlab.nethead.at/symflower/symflower/language/java/symbol.(*transpiler).handleBlock.func1()
			gitlab.nethead.at/symflower/symflower/language/java/symbol/handle.go:3712 +0x45
		gitlab.nethead.at/symflower/symflower/model/ast.(*Scope).Scoped(0xc0004be3c0, 0xc004406d50)
			gitlab.nethead.at/symflower/symflower/model/ast/scope.go:297 +0x162
		gitlab.nethead.at/symflower/symflower/language/java/symbol.(*transpiler).handleBlock(0xc00040a140, 0xc0016cdd70, 0xc000ff8d80)
			gitlab.nethead.at/symflower/symflower/language/java/symbol/handle.go:3711 +0x9e
		gitlab.nethead.at/symflower/symflower/language/java/symbol.(*transpiler).handleMethodDeclarationBody.(*transpiler).handleScopedBlockStatement.func2()
			gitlab.nethead.at/symflower/symflower/language/java/symbol/handle.go:2716 +0x205
		gitlab.nethead.at/symflower/symflower/model/ast.(*Scope).Scoped(0xc0004be3c0, 0xc004407160)
			gitlab.nethead.at/symflower/symflower/model/ast/scope.go:297 +0x162
		gitlab.nethead.at/symflower/symflower/language/java/symbol.(*transpiler).handleScopedBlockStatement(...)
			gitlab.nethead.at/symflower/symflower/language/java/symbol/handle.go:2693
		gitlab.nethead.at/symflower/symflower/language/java/symbol.(*transpiler).handleMethodDeclarationBody(0xc00040a140, 0xc0016cdd70, {0x2208170, 0xc0016c38c0}, 0xc0016ec300, 0x0)
			gitlab.nethead.at/symflower/symflower/language/java/symbol/handle.go:2523 +0x61b
		gitlab.nethead.at/symflower/symflower/language/java/symbol.(*transpiler).handleClassAndInterfaceDeclarationBodies(0xc00040a140, 0xc0016cdd70, 0xc0016c38c0)
			gitlab.nethead.at/symflower/symflower/language/java/symbol/handle.go:1534 +0x2f7
		gitlab.nethead.at/symflower/symflower/language/java/symbol.(*transpiler).handleClassDeclarationBodies(0xc00040a140, 0xc0016cdd70, 0xc0016c38c0)
			gitlab.nethead.at/symflower/symflower/language/java/symbol/handle.go:1419 +0x106
		gitlab.nethead.at/symflower/symflower/language/java/symbol.(*transpiler).handleBodies.func1(0xc0016cdd70, {0x2207578, 0xc0016c38c0})
			gitlab.nethead.at/symflower/symflower/language/java/symbol/symbols.go:532 +0x1ff
		gitlab.nethead.at/symflower/symflower/language/java/symbol.(*transpiler).walkSubDeclarations(0xc00040a140, 0xc0016cdd70, 0xc004407760, 0xc0016d49c0, 0xc0016e8180, {0x2207578, 0xc0016c38c0})
			gitlab.nethead.at/symflower/symflower/language/java/symbol/symbols.go:869 +0x1ee
		gitlab.nethead.at/symflower/symflower/language/java/symbol.(*transpiler).walkFile(0xc00040a140, 0x1, 0x2088c58, 0xc004407760, 0xc0016d49c0, 0xc0016e8180)
			gitlab.nethead.at/symflower/symflower/language/java/symbol/symbols.go:625 +0x3c5
		gitlab.nethead.at/symflower/symflower/language/java/symbol.(*transpiler).walkPackage(0xc00040a140, 0x1, 0x2088c58, 0xc004407760, 0xc0016d49c0)
			gitlab.nethead.at/symflower/symflower/language/java/symbol/symbols.go:583 +0x225
		gitlab.nethead.at/symflower/symflower/language/java/symbol.(*transpiler).walkFilesAndDeclarations(0xc00040a140, 0x1, 0x2088c58, 0xc004407760)
			gitlab.nethead.at/symflower/symflower/language/java/symbol/symbols.go:566 +0xa5
		gitlab.nethead.at/symflower/symflower/language/java/symbol.(*transpiler).handleBodies(0xc00040a140)
			gitlab.nethead.at/symflower/symflower/language/java/symbol/symbols.go:513 +0x65
		gitlab.nethead.at/symflower/symflower/language/java/symbol.symbolsWithDependencies(0xc0004a22b8, {0x0?, 0x41aa94?, 0x13e43a0?}, 0x1)
			gitlab.nethead.at/symflower/symflower/language/java/symbol/symbols.go:486 +0x147
		gitlab.nethead.at/symflower/symflower/language/java/symbol.Symbols(0xc0004a22b8, 0x1)
			gitlab.nethead.at/symflower/symflower/language/java/symbol/symbols.go:457 +0xf2
		gitlab.nethead.at/symflower/symflower/language/java.Adapter.Symbols(...)
			gitlab.nethead.at/symflower/symflower/language/java/symbols.go:29
		gitlab.nethead.at/symflower/symflower/cmd/symflower-local/generate.(*Generator).transpileLanguage(0xc0000f4000, 0x0, 0x0, {0x220c620, 0x2e6b360})
			gitlab.nethead.at/symflower/symflower/cmd/symflower-local/generate/generate.go:136 +0x373
		gitlab.nethead.at/symflower/symflower/cmd/symflower-local/generate.(*Generator).Symbols(0xc0000f4000, 0x0, 0x0)
			gitlab.nethead.at/symflower/symflower/cmd/symflower-local/generate/generate.go:94 +0x136
		gitlab.nethead.at/symflower/symflower/cmd/symflower-local/generate.(*AnalyzeEngineDefault).UnitTests(0x2c?, 0x124bba0?, {0x21eb890?, 0xc000188870?}, {0xb0?, 0x41?, 0x4?, 0x0?}, 0x2c?, {0xc000455110, ...})
			gitlab.nethead.at/symflower/symflower/cmd/symflower-local/generate/analyze.go:153 +0x77
		gitlab.nethead.at/symflower/symflower/cmd/symflower-local/cmd.(*commandUnitTests).Execute(0xc0003968d8, {0xc000396508?, 0x735ac8579b18?, 0xc0003968d8?})
			gitlab.nethead.at/symflower/symflower/cmd/symflower-local/cmd/unit-tests.go:85 +0x2a6
		gitlab.nethead.at/symflower/symflower/cmd.ExecuteNoExit({0x21de020, 0xc000396508}, {0xc00019e000?, 0x0?, 0x0?})
			gitlab.nethead.at/symflower/symflower/cmd/execute.go:59 +0x2ad
		gitlab.nethead.at/symflower/symflower/cmd.Execute({0x21de020?, 0xc000396508?}, {0xc00019e000?, 0xc0001802e0?, 0xc000117f10?})
			gitlab.nethead.at/symflower/symflower/cmd/execute.go:17 +0x26
		gitlab.nethead.at/symflower/symflower/cmd.ExecuteWithOSArguments(...)
			gitlab.nethead.at/symflower/symflower/cmd/execute.go:78
		main.main.func1()
			gitlab.nethead.at/symflower/symflower/cmd/symflower-demo/main.go:39 +0x34
		gitlab.nethead.at/symflower/symflower/cmd/symflower-local/cmd.(*Command).WithPanicReporter(0xc0000b2060?, 0x0?)
			gitlab.nethead.at/symflower/symflower/cmd/symflower-local/cmd/cmd.go:151 +0x33
		main.main()
			gitlab.nethead.at/symflower/symflower/cmd/symflower-demo/main.go:38 +0x7f
src/org/mockito/internal/stubbing/defaultanswers/ReturnsEmptyValues.java: error: unknown import
	data: java/util/LinkedHashMap
src/org/mockito/internal/stubbing/defaultanswers/ReturnsEmptyValues.java: error: unknown import
	data: java/util/LinkedHashSet
src/org/mockito/internal/stubbing/defaultanswers/ReturnsEmptyValues.java: error: unknown import
	data: java/util/SortedMap
src/org/mockito/internal/stubbing/defaultanswers/ReturnsEmptyValues.java: error: unknown import
	data: java/util/SortedSet
src/org/mockito/internal/stubbing/defaultanswers/ReturnsEmptyValues.java: error: error: unresolved type
	data: reference(T)
	child error: (error) Internal error: unknown type:
		"T"
		Stacktrace: goroutine 1 [running]:
		gitlab.nethead.at/symflower/symflower/model/errors.NewInternalError({0x21de060, 0x2d25a00}, {0x12473e0, 0xc001dbdbb0})
			gitlab.nethead.at/symflower/symflower/model/errors/error.go:852 +0x4e
		gitlab.nethead.at/symflower/symflower/model/errors.NewProblemWithErrorSeverity(...)
			gitlab.nethead.at/symflower/symflower/model/errors/problem.go:321
		gitlab.nethead.at/symflower/symflower/model/ast.(*Scope).GetType(0xc004405df8?, {0x2221c60, 0x1})
			gitlab.nethead.at/symflower/symflower/model/ast/scope.go:986 +0x85
		gitlab.nethead.at/symflower/symflower/model/ast.resolve(0xc0004be3c0, {0x2205848?, 0xc001fede20}, 0xe0)
			gitlab.nethead.at/symflower/symflower/model/ast/type-resolve.go:362 +0x78
		gitlab.nethead.at/symflower/symflower/model/ast.ResolveWithPointers(...)
			gitlab.nethead.at/symflower/symflower/model/ast/type-resolve.go:326
		gitlab.nethead.at/symflower/symflower/model/ast.(*TypeGenericInstance).IsCompatibleType(0xc0019fcd80, 0xc0004be3c0, {0x2205728?, 0xc0032f9800?})
			gitlab.nethead.at/symflower/symflower/model/ast/type.go:3369 +0x230
		gitlab.nethead.at/symflower/symflower/language/java/symbol.(*transpiler).checkFunctionApplicability(0xc00040a140, 0xc001702800, {0x22058d8?, 0xc0016f4b40?}, {0x0?, 0xc000fb2488?, 0x33?}, {0xc001dbdb00, 0x1, 0x1})
			gitlab.nethead.at/symflower/symflower/language/java/symbol/overloading.go:406 +0x66b
		gitlab.nethead.at/symflower/symflower/language/java/symbol.(*transpiler).matchOverloadingFunction(0xc00040a140, {0xc000c38e18, 0x1, 0x1}, {0x22058d8, 0xc0016f4b40}, {0x0, 0x0, 0x0}, {0xc001dbdb00, ...})
			gitlab.nethead.at/symflower/symflower/language/java/symbol/overloading.go:451 +0x217
		gitlab.nethead.at/symflower/symflower/language/java/symbol.(*transpiler).getFunction(0xc00040a140, {0x22058d8, 0xc0016f4b40}, {0xc0045c1a90, 0x47}, {0x0, 0x0, 0x0}, {0xc001dbdb00, 0x1, ...})
			gitlab.nethead.at/symflower/symflower/language/java/symbol/overloading.go:224 +0xd2
		gitlab.nethead.at/symflower/symflower/language/java/symbol.(*transpiler).handleMethodCallResolveOverloads(0xc00040a140, {0xc0045c1a90, 0x47}, {0x22058d8?, 0xc0016f4b40?}, {0x0?, 0xa?, 0x5?}, {0xc001dbdb00, 0x1, ...})
			gitlab.nethead.at/symflower/symflower/language/java/symbol/handle.go:5426 +0x87
		gitlab.nethead.at/symflower/symflower/language/java/symbol.(*transpiler).handleMethodCallReceiver(0xc00040a140, {0xc000ea2240, 0x21}, {0x22058d8, 0xc0016f4b40}, {0x0, 0x0, 0x0}, {0xc001dbdb00, 0x1, ...})
			gitlab.nethead.at/symflower/symflower/language/java/symbol/handle.go:5421 +0x1ae
		gitlab.nethead.at/symflower/symflower/language/java/symbol.(*transpiler).handleExpressionMethodCall(0xc00040a140, 0xc0016ee090, 0xc0010078c0)
			gitlab.nethead.at/symflower/symflower/language/java/symbol/handle.go:5526 +0xbe5
		gitlab.nethead.at/symflower/symflower/language/java/symbol.(*transpiler).handleExpression(0xc00040a140, 0xc0016ee090, {0x21f7d38, 0xc0010078c0})
			gitlab.nethead.at/symflower/symflower/language/java/symbol/handle.go:6903 +0x785
		gitlab.nethead.at/symflower/symflower/language/java/symbol.(*transpiler).handleStatementReturn(0xc00040a140, 0xc0016ee090, 0xc001045000)
			gitlab.nethead.at/symflower/symflower/language/java/symbol/handle.go:4352 +0x7c
		gitlab.nethead.at/symflower/symflower/language/java/symbol.(*transpiler).handleStatement(0xc00040a140, 0xc0016ee090, {0x21f74a0, 0xc001045000})
			gitlab.nethead.at/symflower/symflower/language/java/symbol/handle.go:4423 +0x745
		gitlab.nethead.at/symflower/symflower/language/java/symbol.(*transpiler).handleStatements(0xc00040a140, 0xc0016ee090, {0xc000cfd660, 0x1, 0x136c701?})
			gitlab.nethead.at/symflower/symflower/language/java/symbol/handle.go:3731 +0x85
		gitlab.nethead.at/symflower/symflower/language/java/symbol.(*transpiler).handleBlock.func1()
			gitlab.nethead.at/symflower/symflower/language/java/symbol/handle.go:3712 +0x45
		gitlab.nethead.at/symflower/symflower/model/ast.(*Scope).Scoped(0xc0004be3c0, 0xc0044069a8)
			gitlab.nethead.at/symflower/symflower/model/ast/scope.go:297 +0x162
		gitlab.nethead.at/symflower/symflower/language/java/symbol.(*transpiler).handleBlock(0xc00040a140, 0xc0016ee090, 0xc0010359e0)
			gitlab.nethead.at/symflower/symflower/language/java/symbol/handle.go:3711 +0x9e
		gitlab.nethead.at/symflower/symflower/language/java/symbol.(*transpiler).handleStatement(0xc00040a140, 0xc0016ee090, {0x21f7028, 0xc0010359e0})
			gitlab.nethead.at/symflower/symflower/language/java/symbol/handle.go:4403 +0x4b6
		gitlab.nethead.at/symflower/symflower/language/java/symbol.(*transpiler).handleStatementIf(0xc00040a140, 0xc0016ee090, 0xc00103afa0)
			gitlab.nethead.at/symflower/symflower/language/java/symbol/handle.go:4303 +0x65
		gitlab.nethead.at/symflower/symflower/language/java/symbol.(*transpiler).handleStatement(0xc00040a140, 0xc0016ee090, {0x21f7340, 0xc00103afa0})
			gitlab.nethead.at/symflower/symflower/language/java/symbol/handle.go:4421 +0x645
		gitlab.nethead.at/symflower/symflower/language/java/symbol.(*transpiler).handleStatements(0xc00040a140, 0xc0016ee090, {0xc000f1f0e0, 0x2, 0xc0004be3c0?})
			gitlab.nethead.at/symflower/symflower/language/java/symbol/handle.go:3731 +0x85
		gitlab.nethead.at/symflower/symflower/language/java/symbol.(*transpiler).handleBlock.func1()
			gitlab.nethead.at/symflower/symflower/language/java/symbol/handle.go:3712 +0x45
		gitlab.nethead.at/symflower/symflower/model/ast.(*Scope).Scoped(0xc0004be3c0, 0xc004406d50)
			gitlab.nethead.at/symflower/symflower/model/ast/scope.go:297 +0x162
		gitlab.nethead.at/symflower/symflower/language/java/symbol.(*transpiler).handleBlock(0xc00040a140, 0xc0016ee090, 0xc001035a70)
			gitlab.nethead.at/symflower/symflower/language/java/symbol/handle.go:3711 +0x9e
		gitlab.nethead.at/symflower/symflower/language/java/symbol.(*transpiler).handleMethodDeclarationBody.(*transpiler).handleScopedBlockStatement.func2()
			gitlab.nethead.at/symflower/symflower/language/java/symbol/handle.go:2716 +0x205
		gitlab.nethead.at/symflower/symflower/model/ast.(*Scope).Scoped(0xc0004be3c0, 0xc004407160)
			gitlab.nethead.at/symflower/symflower/model/ast/scope.go:297 +0x162
		gitlab.nethead.at/symflower/symflower/language/java/symbol.(*transpiler).handleScopedBlockStatement(...)
			gitlab.nethead.at/symflower/symflower/language/java/symbol/handle.go:2693
		gitlab.nethead.at/symflower/symflower/language/java/symbol.(*transpiler).handleMethodDeclarationBody(0xc00040a140, 0xc0016ee090, {0x2208170, 0xc0016c3c80}, 0xc0016ed800, 0x0)
			gitlab.nethead.at/symflower/symflower/language/java/symbol/handle.go:2523 +0x61b
		gitlab.nethead.at/symflower/symflower/language/java/symbol.(*transpiler).handleClassAndInterfaceDeclarationBodies(0xc00040a140, 0xc0016ee090, 0xc0016c3c80)
			gitlab.nethead.at/symflower/symflower/language/java/symbol/handle.go:1534 +0x2f7
		gitlab.nethead.at/symflower/symflower/language/java/symbol.(*transpiler).handleClassDeclarationBodies(0xc00040a140, 0xc0016ee090, 0xc0016c3c80)
			gitlab.nethead.at/symflower/symflower/language/java/symbol/handle.go:1419 +0x106
		gitlab.nethead.at/symflower/symflower/language/java/symbol.(*transpiler).handleBodies.func1(0xc0016ee090, {0x2207578, 0xc0016c3c80})
			gitlab.nethead.at/symflower/symflower/language/java/symbol/symbols.go:532 +0x1ff
		gitlab.nethead.at/symflower/symflower/language/java/symbol.(*transpiler).walkSubDeclarations(0xc00040a140, 0xc0016ee090, 0xc004407760, 0xc0016d49c0, 0xc0016e87c0, {0x2207578, 0xc0016c3c80})
			gitlab.nethead.at/symflower/symflower/language/java/symbol/symbols.go:869 +0x1ee
		gitlab.nethead.at/symflower/symflower/language/java/symbol.(*transpiler).walkFile(0xc00040a140, 0x1, 0x2088c58, 0xc004407760, 0xc0016d49c0, 0xc0016e87c0)
			gitlab.nethead.at/symflower/symflower/language/java/symbol/symbols.go:625 +0x3c5
		gitlab.nethead.at/symflower/symflower/language/java/symbol.(*transpiler).walkPackage(0xc00040a140, 0x1, 0x2088c58, 0xc004407760, 0xc0016d49c0)
			gitlab.nethead.at/symflower/symflower/language/java/symbol/symbols.go:583 +0x225
		gitlab.nethead.at/symflower/symflower/language/java/symbol.(*transpiler).walkFilesAndDeclarations(0xc00040a140, 0x1, 0x2088c58, 0xc004407760)
			gitlab.nethead.at/symflower/symflower/language/java/symbol/symbols.go:566 +0xa5
		gitlab.nethead.at/symflower/symflower/language/java/symbol.(*transpiler).handleBodies(0xc00040a140)
			gitlab.nethead.at/symflower/symflower/language/java/symbol/symbols.go:513 +0x65
		gitlab.nethead.at/symflower/symflower/language/java/symbol.symbolsWithDependencies(0xc0004a22b8, {0x0?, 0x41aa94?, 0x13e43a0?}, 0x1)
			gitlab.nethead.at/symflower/symflower/language/java/symbol/symbols.go:486 +0x147
		gitlab.nethead.at/symflower/symflower/language/java/symbol.Symbols(0xc0004a22b8, 0x1)
			gitlab.nethead.at/symflower/symflower/language/java/symbol/symbols.go:457 +0xf2
		gitlab.nethead.at/symflower/symflower/language/java.Adapter.Symbols(...)
			gitlab.nethead.at/symflower/symflower/language/java/symbols.go:29
		gitlab.nethead.at/symflower/symflower/cmd/symflower-local/generate.(*Generator).transpileLanguage(0xc0000f4000, 0x0, 0x0, {0x220c620, 0x2e6b360})
			gitlab.nethead.at/symflower/symflower/cmd/symflower-local/generate/generate.go:136 +0x373
		gitlab.nethead.at/symflower/symflower/cmd/symflower-local/generate.(*Generator).Symbols(0xc0000f4000, 0x0, 0x0)
			gitlab.nethead.at/symflower/symflower/cmd/symflower-local/generate/generate.go:94 +0x136
		gitlab.nethead.at/symflower/symflower/cmd/symflower-local/generate.(*AnalyzeEngineDefault).UnitTests(0x2c?, 0x124bba0?, {0x21eb890?, 0xc000188870?}, {0xb0?, 0x41?, 0x4?, 0x0?}, 0x2c?, {0xc000455110, ...})
			gitlab.nethead.at/symflower/symflower/cmd/symflower-local/generate/analyze.go:153 +0x77
		gitlab.nethead.at/symflower/symflower/cmd/symflower-local/cmd.(*commandUnitTests).Execute(0xc0003968d8, {0xc000396508?, 0x735ac8579b18?, 0xc0003968d8?})
			gitlab.nethead.at/symflower/symflower/cmd/symflower-local/cmd/unit-tests.go:85 +0x2a6
		gitlab.nethead.at/symflower/symflower/cmd.ExecuteNoExit({0x21de020, 0xc000396508}, {0xc00019e000?, 0x0?, 0x0?})
			gitlab.nethead.at/symflower/symflower/cmd/execute.go:59 +0x2ad
		gitlab.nethead.at/symflower/symflower/cmd.Execute({0x21de020?, 0xc000396508?}, {0xc00019e000?, 0xc0001802e0?, 0xc000117f10?})
			gitlab.nethead.at/symflower/symflower/cmd/execute.go:17 +0x26
		gitlab.nethead.at/symflower/symflower/cmd.ExecuteWithOSArguments(...)
			gitlab.nethead.at/symflower/symflower/cmd/execute.go:78
		main.main.func1()
			gitlab.nethead.at/symflower/symflower/cmd/symflower-demo/main.go:39 +0x34
		gitlab.nethead.at/symflower/symflower/cmd/symflower-local/cmd.(*Command).WithPanicReporter(0xc0000b2060?, 0x0?)
			gitlab.nethead.at/symflower/symflower/cmd/symflower-local/cmd/cmd.go:151 +0x33
		main.main()
			gitlab.nethead.at/symflower/symflower/cmd/symflower-demo/main.go:38 +0x7f
src/org/mockito/internal/stubbing/defaultanswers/ReturnsEmptyValues.java: error: unknown import
	data: java/util/HashSet
src/org/mockito/internal/stubbing/defaultanswers/ReturnsEmptyValues.java: error: unknown import
	data: java/util/Set
src/org/mockito/internal/stubbing/defaultanswers/ReturnsEmptyValues.java: error: unknown import
	data: java/util/TreeSet
src/org/mockito/internal/stubbing/defaultanswers/ReturnsEmptyValues.java: error: unknown import
	data: java/util/HashMap
src/org/mockito/internal/stubbing/defaultanswers/ReturnsEmptyValues.java: error: unknown import
	data: java/util/LinkedList
src/org/mockito/internal/stubbing/defaultanswers/ReturnsEmptyValues.java: error: unknown import
	data: java/util/TreeMap
src/org/mockito/internal/stubbing/defaultanswers/ReturnsMocks.java: error: error: unresolved type
	data: reference(T)
	child error: (error) Internal error: unknown type:
		"T"
		Stacktrace: goroutine 1 [running]:
		gitlab.nethead.at/symflower/symflower/model/errors.NewInternalError({0x21de060, 0x2d25a00}, {0x12473e0, 0xc0014ecbd0})
			gitlab.nethead.at/symflower/symflower/model/errors/error.go:852 +0x4e
		gitlab.nethead.at/symflower/symflower/model/errors.NewProblemWithErrorSeverity(...)
			gitlab.nethead.at/symflower/symflower/model/errors/problem.go:321
		gitlab.nethead.at/symflower/symflower/model/ast.(*Scope).GetType(0xc0044061a0?, {0x2221c60, 0x1})
			gitlab.nethead.at/symflower/symflower/model/ast/scope.go:986 +0x85
		gitlab.nethead.at/symflower/symflower/model/ast.resolve(0xc0004be3c0, {0x2205848?, 0xc000cd4e20}, 0xe0)
			gitlab.nethead.at/symflower/symflower/model/ast/type-resolve.go:362 +0x78
		gitlab.nethead.at/symflower/symflower/model/ast.ResolveWithPointers(...)
			gitlab.nethead.at/symflower/symflower/model/ast/type-resolve.go:326
		gitlab.nethead.at/symflower/symflower/model/ast.(*TypeGenericInstance).IsCompatibleType(0xc000d36880, 0xc0004be3c0, {0x2205728?, 0xc0029dd820?})
			gitlab.nethead.at/symflower/symflower/model/ast/type.go:3369 +0x230
		gitlab.nethead.at/symflower/symflower/language/java/symbol.(*transpiler).checkFunctionApplicability(0xc00040a140, 0xc0012c3300, {0x22058d8?, 0xc0012378c0?}, {0x0?, 0xc000fb2488?, 0x16?}, {0xc0029dc4a0, 0x2, 0x2})
			gitlab.nethead.at/symflower/symflower/language/java/symbol/overloading.go:406 +0x66b
		gitlab.nethead.at/symflower/symflower/language/java/symbol.(*transpiler).matchOverloadingFunction(0xc00040a140, {0xc000c39610, 0x1, 0x1}, {0x22058d8, 0xc0012378c0}, {0x0, 0x0, 0x0}, {0xc0029dc4a0, ...})
			gitlab.nethead.at/symflower/symflower/language/java/symbol/overloading.go:451 +0x217
		gitlab.nethead.at/symflower/symflower/language/java/symbol.(*transpiler).getFunction(0xc00040a140, {0x22058d8, 0xc0012378c0}, {0xc002d5b5c0, 0x26}, {0x0, 0x0, 0x0}, {0xc0029dc4a0, 0x2, ...})
			gitlab.nethead.at/symflower/symflower/language/java/symbol/overloading.go:224 +0xd2
		gitlab.nethead.at/symflower/symflower/language/java/symbol.(*transpiler).handleMethodCallResolveOverloads(0xc00040a140, {0xc002d5b5c0, 0x26}, {0x22058d8?, 0xc0012378c0?}, {0x0?, 0x2205728?, 0xc0014c0640?}, {0xc0029dc4a0, 0x2, ...})
			gitlab.nethead.at/symflower/symflower/language/java/symbol/handle.go:5426 +0x87
		gitlab.nethead.at/symflower/symflower/language/java/symbol.(*transpiler).handleMethodCallReceiver(0xc00040a140, {0xc00101138c, 0x4}, {0x22058d8, 0xc0012378c0}, {0x0, 0x0, 0x0}, {0xc0029dc4a0, 0x2, ...})
			gitlab.nethead.at/symflower/symflower/language/java/symbol/handle.go:5421 +0x1ae
		gitlab.nethead.at/symflower/symflower/language/java/symbol.(*transpiler).handleExpressionMethodCall(0xc00040a140, 0xc0016ee210, 0xc001058180)
			gitlab.nethead.at/symflower/symflower/language/java/symbol/handle.go:5526 +0xbe5
		gitlab.nethead.at/symflower/symflower/language/java/symbol.(*transpiler).handleExpression(0xc00040a140, 0xc0016ee210, {0x21f7d38, 0xc001058180})
			gitlab.nethead.at/symflower/symflower/language/java/symbol/handle.go:6903 +0x785
		gitlab.nethead.at/symflower/symflower/language/java/symbol.(*transpiler).handleStatementReturn(0xc00040a140, 0xc0016ee210, 0xc001056680)
			gitlab.nethead.at/symflower/symflower/language/java/symbol/handle.go:4352 +0x7c
		gitlab.nethead.at/symflower/symflower/language/java/symbol.(*transpiler).handleStatement(0xc00040a140, 0xc0016ee210, {0x21f74a0, 0xc001056680})
			gitlab.nethead.at/symflower/symflower/language/java/symbol/handle.go:4423 +0x745
		gitlab.nethead.at/symflower/symflower/language/java/symbol.(*transpiler).handleStatements(0xc00040a140, 0xc0016ee210, {0xc000f33b60, 0x2, 0xc0004be3c0?})
			gitlab.nethead.at/symflower/symflower/language/java/symbol/handle.go:3731 +0x85
		gitlab.nethead.at/symflower/symflower/language/java/symbol.(*transpiler).handleBlock.func1()
			gitlab.nethead.at/symflower/symflower/language/java/symbol/handle.go:3712 +0x45
		gitlab.nethead.at/symflower/symflower/model/ast.(*Scope).Scoped(0xc0004be3c0, 0xc004406d50)
			gitlab.nethead.at/symflower/symflower/model/ast/scope.go:297 +0x162
		gitlab.nethead.at/symflower/symflower/language/java/symbol.(*transpiler).handleBlock(0xc00040a140, 0xc0016ee210, 0xc001052f30)
			gitlab.nethead.at/symflower/symflower/language/java/symbol/handle.go:3711 +0x9e
		gitlab.nethead.at/symflower/symflower/language/java/symbol.(*transpiler).handleMethodDeclarationBody.(*transpiler).handleScopedBlockStatement.func2()
			gitlab.nethead.at/symflower/symflower/language/java/symbol/handle.go:2716 +0x205
		gitlab.nethead.at/symflower/symflower/model/ast.(*Scope).Scoped(0xc0004be3c0, 0xc004407160)
			gitlab.nethead.at/symflower/symflower/model/ast/scope.go:297 +0x162
		gitlab.nethead.at/symflower/symflower/language/java/symbol.(*transpiler).handleScopedBlockStatement(...)
			gitlab.nethead.at/symflower/symflower/language/java/symbol/handle.go:2693
		gitlab.nethead.at/symflower/symflower/language/java/symbol.(*transpiler).handleMethodDeclarationBody(0xc00040a140, 0xc0016ee210, {0x2208170, 0xc0016c3e00}, 0xc0016edd00, 0x0)
			gitlab.nethead.at/symflower/symflower/language/java/symbol/handle.go:2523 +0x61b
		gitlab.nethead.at/symflower/symflower/language/java/symbol.(*transpiler).handleClassAndInterfaceDeclarationBodies(0xc00040a140, 0xc0016ee210, 0xc0016c3e00)
			gitlab.nethead.at/symflower/symflower/language/java/symbol/handle.go:1534 +0x2f7
		gitlab.nethead.at/symflower/symflower/language/java/symbol.(*transpiler).handleClassDeclarationBodies(0xc00040a140, 0xc0016ee210, 0xc0016c3e00)
			gitlab.nethead.at/symflower/symflower/language/java/symbol/handle.go:1419 +0x106
		gitlab.nethead.at/symflower/symflower/language/java/symbol.(*transpiler).handleBodies.func1(0xc0016ee210, {0x2207578, 0xc0016c3e00})
			gitlab.nethead.at/symflower/symflower/language/java/symbol/symbols.go:532 +0x1ff
		gitlab.nethead.at/symflower/symflower/language/java/symbol.(*transpiler).walkSubDeclarations(0xc00040a140, 0xc0016ee210, 0xc004407760, 0xc0016d49c0, 0xc0016e8a00, {0x2207578, 0xc0016c3e00})
			gitlab.nethead.at/symflower/symflower/language/java/symbol/symbols.go:869 +0x1ee
		gitlab.nethead.at/symflower/symflower/language/java/symbol.(*transpiler).walkFile(0xc00040a140, 0x1, 0x2088c58, 0xc004407760, 0xc0016d49c0, 0xc0016e8a00)
			gitlab.nethead.at/symflower/symflower/language/java/symbol/symbols.go:625 +0x3c5
		gitlab.nethead.at/symflower/symflower/language/java/symbol.(*transpiler).walkPackage(0xc00040a140, 0x1, 0x2088c58, 0xc004407760, 0xc0016d49c0)
			gitlab.nethead.at/symflower/symflower/language/java/symbol/symbols.go:583 +0x225
		gitlab.nethead.at/symflower/symflower/language/java/symbol.(*transpiler).walkFilesAndDeclarations(0xc00040a140, 0x1, 0x2088c58, 0xc004407760)
			gitlab.nethead.at/symflower/symflower/language/java/symbol/symbols.go:566 +0xa5
		gitlab.nethead.at/symflower/symflower/language/java/symbol.(*transpiler).handleBodies(0xc00040a140)
			gitlab.nethead.at/symflower/symflower/language/java/symbol/symbols.go:513 +0x65
		gitlab.nethead.at/symflower/symflower/language/java/symbol.symbolsWithDependencies(0xc0004a22b8, {0x0?, 0x41aa94?, 0x13e43a0?}, 0x1)
			gitlab.nethead.at/symflower/symflower/language/java/symbol/symbols.go:486 +0x147
		gitlab.nethead.at/symflower/symflower/language/java/symbol.Symbols(0xc0004a22b8, 0x1)
			gitlab.nethead.at/symflower/symflower/language/java/symbol/symbols.go:457 +0xf2
		gitlab.nethead.at/symflower/symflower/language/java.Adapter.Symbols(...)
			gitlab.nethead.at/symflower/symflower/language/java/symbols.go:29
		gitlab.nethead.at/symflower/symflower/cmd/symflower-local/generate.(*Generator).transpileLanguage(0xc0000f4000, 0x0, 0x0, {0x220c620, 0x2e6b360})
			gitlab.nethead.at/symflower/symflower/cmd/symflower-local/generate/generate.go:136 +0x373
		gitlab.nethead.at/symflower/symflower/cmd/symflower-local/generate.(*Generator).Symbols(0xc0000f4000, 0x0, 0x0)
			gitlab.nethead.at/symflower/symflower/cmd/symflower-local/generate/generate.go:94 +0x136
		gitlab.nethead.at/symflower/symflower/cmd/symflower-local/generate.(*AnalyzeEngineDefault).UnitTests(0x2c?, 0x124bba0?, {0x21eb890?, 0xc000188870?}, {0xb0?, 0x41?, 0x4?, 0x0?}, 0x2c?, {0xc000455110, ...})
			gitlab.nethead.at/symflower/symflower/cmd/symflower-local/generate/analyze.go:153 +0x77
		gitlab.nethead.at/symflower/symflower/cmd/symflower-local/cmd.(*commandUnitTests).Execute(0xc0003968d8, {0xc000396508?, 0x735ac8579b18?, 0xc0003968d8?})
			gitlab.nethead.at/symflower/symflower/cmd/symflower-local/cmd/unit-tests.go:85 +0x2a6
		gitlab.nethead.at/symflower/symflower/cmd.ExecuteNoExit({0x21de020, 0xc000396508}, {0xc00019e000?, 0x0?, 0x0?})
			gitlab.nethead.at/symflower/symflower/cmd/execute.go:59 +0x2ad
		gitlab.nethead.at/symflower/symflower/cmd.Execute({0x21de020?, 0xc000396508?}, {0xc00019e000?, 0xc0001802e0?, 0xc000117f10?})
			gitlab.nethead.at/symflower/symflower/cmd/execute.go:17 +0x26
		gitlab.nethead.at/symflower/symflower/cmd.ExecuteWithOSArguments(...)
			gitlab.nethead.at/symflower/symflower/cmd/execute.go:78
		main.main.func1()
			gitlab.nethead.at/symflower/symflower/cmd/symflower-demo/main.go:39 +0x34
		gitlab.nethead.at/symflower/symflower/cmd/symflower-local/cmd.(*Command).WithPanicReporter(0xc0000b2060?, 0x0?)
			gitlab.nethead.at/symflower/symflower/cmd/symflower-local/cmd/cmd.go:151 +0x33
		main.main()
			gitlab.nethead.at/symflower/symflower/cmd/symflower-demo/main.go:38 +0x7f
src/org/mockito/internal/stubbing/defaultanswers/ReturnsMoreEmptyValues.java: error: unknown import
	data: java/lang/reflect/Array
src/org/mockito/internal/stubbing/defaultanswers/ReturnsMoreEmptyValues.java: error: unknown function
	data: [pointer(genericInstance(reference(java/lang/Class), [wildcard(, pointer(reference(java/lang/Object)))])) java/lang/Class<descendant of java/lang/Object>//isArray [] []]
src/org/mockito/internal/stubbing/defaultanswers/ReturnsMoreEmptyValues.java: error: unknown function
	data: [pointer(genericInstance(reference(java/lang/Class), [wildcard(, pointer(reference(java/lang/Object)))])) java/lang/Class<descendant of java/lang/Object>//getComponentType [] []]
src/org/mockito/internal/stubbing/defaultanswers/ReturnsSmartNulls.java: error: unknown import
	data: java/lang/reflect/Modifier
src/org/mockito/internal/stubbing/defaultanswers/ReturnsSmartNulls.java: error: unknown function
	data: [pointer(genericInstance(reference(java/lang/Class), [wildcard(, pointer(reference(java/lang/Object)))])) java/lang/Class<descendant of java/lang/Object>//isPrimitive [] []]
src/org/mockito/internal/stubbing/defaultanswers/ReturnsSmartNulls.java: error: unknown function
	data: [pointer(genericInstance(reference(java/lang/Class), [wildcard(, pointer(reference(java/lang/Object)))])) java/lang/Class<descendant of java/lang/Object>//getModifiers [] []]
src/org/mockito/internal/stubbing/defaultanswers/ReturnsSmartNulls.java: error: error: unresolved type
	data: reference(T)
	child error: (error) Internal error: unknown type:
		"T"
		Stacktrace: goroutine 1 [running]:
		gitlab.nethead.at/symflower/symflower/model/errors.NewInternalError({0x21de060, 0x2d25a00}, {0x12473e0, 0xc001742c90})
			gitlab.nethead.at/symflower/symflower/model/errors/error.go:852 +0x4e
		gitlab.nethead.at/symflower/symflower/model/errors.NewProblemWithErrorSeverity(...)
			gitlab.nethead.at/symflower/symflower/model/errors/problem.go:321
		gitlab.nethead.at/symflower/symflower/model/ast.(*Scope).GetType(0xc004405df8?, {0x2221c60, 0x1})
			gitlab.nethead.at/symflower/symflower/model/ast/scope.go:986 +0x85
		gitlab.nethead.at/symflower/symflower/model/ast.resolve(0xc0004be3c0, {0x2205848?, 0xc000b97160}, 0xe0)
			gitlab.nethead.at/symflower/symflower/model/ast/type-resolve.go:362 +0x78
		gitlab.nethead.at/symflower/symflower/model/ast.ResolveWithPointers(...)
			gitlab.nethead.at/symflower/symflower/model/ast/type-resolve.go:326
		gitlab.nethead.at/symflower/symflower/model/ast.(*TypeGenericInstance).IsCompatibleType(0xc001ca35c0, 0xc0004be3c0, {0x2205728?, 0xc0029918e0?})
			gitlab.nethead.at/symflower/symflower/model/ast/type.go:3369 +0x230
		gitlab.nethead.at/symflower/symflower/language/java/symbol.(*transpiler).checkFunctionApplicability(0xc00040a140, 0xc000f84800, {0x22058d8?, 0xc000c99bc0?}, {0x0?, 0xc000fb2488?, 0x16?}, {0xc002991280, 0x2, 0x2})
			gitlab.nethead.at/symflower/symflower/language/java/symbol/overloading.go:406 +0x66b
		gitlab.nethead.at/symflower/symflower/language/java/symbol.(*transpiler).matchOverloadingFunction(0xc00040a140, {0xc00380fe40, 0x5, 0x8}, {0x22058d8, 0xc000c99bc0}, {0x0, 0x0, 0x0}, {0xc002991280, ...})
			gitlab.nethead.at/symflower/symflower/language/java/symbol/overloading.go:451 +0x217
		gitlab.nethead.at/symflower/symflower/language/java/symbol.(*transpiler).getFunction(0xc00040a140, {0x22058d8, 0xc000c99bc0}, {0xc000157220, 0x19}, {0x0, 0x0, 0x0}, {0xc002991280, 0x2, ...})
			gitlab.nethead.at/symflower/symflower/language/java/symbol/overloading.go:224 +0xd2
		gitlab.nethead.at/symflower/symflower/language/java/symbol.(*transpiler).handleMethodCallResolveOverloads(0xc00040a140, {0xc000157220, 0x19}, {0x22058d8?, 0xc000c99bc0?}, {0x0?, 0x7?, 0x5?}, {0xc002991280, 0x2, ...})
			gitlab.nethead.at/symflower/symflower/language/java/symbol/handle.go:5426 +0x87
		gitlab.nethead.at/symflower/symflower/language/java/symbol.(*transpiler).handleMethodCallReceiver(0xc00040a140, {0xc001041348, 0x4}, {0x22058d8, 0xc000c99bc0}, {0x0, 0x0, 0x0}, {0xc002991280, 0x2, ...})
			gitlab.nethead.at/symflower/symflower/language/java/symbol/handle.go:5421 +0x1ae
		gitlab.nethead.at/symflower/symflower/language/java/symbol.(*transpiler).handleExpressionMethodCall(0xc00040a140, 0xc0016ee510, 0xc001059380)
			gitlab.nethead.at/symflower/symflower/language/java/symbol/handle.go:5526 +0xbe5
		gitlab.nethead.at/symflower/symflower/language/java/symbol.(*transpiler).handleExpression(0xc00040a140, 0xc0016ee510, {0x21f7d38, 0xc001059380})
			gitlab.nethead.at/symflower/symflower/language/java/symbol/handle.go:6903 +0x785
		gitlab.nethead.at/symflower/symflower/language/java/symbol.(*transpiler).handleStatementReturn(0xc00040a140, 0xc0016ee510, 0xc0010f9b80)
			gitlab.nethead.at/symflower/symflower/language/java/symbol/handle.go:4352 +0x7c
		gitlab.nethead.at/symflower/symflower/language/java/symbol.(*transpiler).handleStatement(0xc00040a140, 0xc0016ee510, {0x21f74a0, 0xc0010f9b80})
			gitlab.nethead.at/symflower/symflower/language/java/symbol/handle.go:4423 +0x745
		gitlab.nethead.at/symflower/symflower/language/java/symbol.(*transpiler).handleStatements(0xc00040a140, 0xc0016ee510, {0xc000f93040, 0x2, 0x41aa01?})
			gitlab.nethead.at/symflower/symflower/language/java/symbol/handle.go:3731 +0x85
		gitlab.nethead.at/symflower/symflower/language/java/symbol.(*transpiler).handleBlock.func1()
			gitlab.nethead.at/symflower/symflower/language/java/symbol/handle.go:3712 +0x45
		gitlab.nethead.at/symflower/symflower/model/ast.(*Scope).Scoped(0xc0004be3c0, 0xc0044069a8)
			gitlab.nethead.at/symflower/symflower/model/ast/scope.go:297 +0x162
		gitlab.nethead.at/symflower/symflower/language/java/symbol.(*transpiler).handleBlock(0xc00040a140, 0xc0016ee510, 0xc0010fa090)
			gitlab.nethead.at/symflower/symflower/language/java/symbol/handle.go:3711 +0x9e
		gitlab.nethead.at/symflower/symflower/language/java/symbol.(*transpiler).handleStatement(0xc00040a140, 0xc0016ee510, {0x21f7028, 0xc0010fa090})
			gitlab.nethead.at/symflower/symflower/language/java/symbol/handle.go:4403 +0x4b6
		gitlab.nethead.at/symflower/symflower/language/java/symbol.(*transpiler).handleStatementIf(0xc00040a140, 0xc0016ee510, 0xc0010e6640)
			gitlab.nethead.at/symflower/symflower/language/java/symbol/handle.go:4303 +0x65
		gitlab.nethead.at/symflower/symflower/language/java/symbol.(*transpiler).handleStatement(0xc00040a140, 0xc0016ee510, {0x21f7340, 0xc0010e6640})
			gitlab.nethead.at/symflower/symflower/language/java/symbol/handle.go:4421 +0x645
		gitlab.nethead.at/symflower/symflower/language/java/symbol.(*transpiler).handleStatements(0xc00040a140, 0xc0016ee510, {0xc0010eb310, 0x5, 0xc0004be3c0?})
			gitlab.nethead.at/symflower/symflower/language/java/symbol/handle.go:3731 +0x85
		gitlab.nethead.at/symflower/symflower/language/java/symbol.(*transpiler).handleBlock.func1()
			gitlab.nethead.at/symflower/symflower/language/java/symbol/handle.go:3712 +0x45
		gitlab.nethead.at/symflower/symflower/model/ast.(*Scope).Scoped(0xc0004be3c0, 0xc004406d50)
			gitlab.nethead.at/symflower/symflower/model/ast/scope.go:297 +0x162
		gitlab.nethead.at/symflower/symflower/language/java/symbol.(*transpiler).handleBlock(0xc00040a140, 0xc0016ee510, 0xc0010fa120)
			gitlab.nethead.at/symflower/symflower/language/java/symbol/handle.go:3711 +0x9e
		gitlab.nethead.at/symflower/symflower/language/java/symbol.(*transpiler).handleMethodDeclarationBody.(*transpiler).handleScopedBlockStatement.func2()
			gitlab.nethead.at/symflower/symflower/language/java/symbol/handle.go:2716 +0x205
		gitlab.nethead.at/symflower/symflower/model/ast.(*Scope).Scoped(0xc0004be3c0, 0xc004407160)
			gitlab.nethead.at/symflower/symflower/model/ast/scope.go:297 +0x162
		gitlab.nethead.at/symflower/symflower/language/java/symbol.(*transpiler).handleScopedBlockStatement(...)
			gitlab.nethead.at/symflower/symflower/language/java/symbol/handle.go:2693
		gitlab.nethead.at/symflower/symflower/language/java/symbol.(*transpiler).handleMethodDeclarationBody(0xc00040a140, 0xc0016ee510, {0x2208170, 0xc0016f4180}, 0xc0016f2800, 0x0)
			gitlab.nethead.at/symflower/symflower/language/java/symbol/handle.go:2523 +0x61b
		gitlab.nethead.at/symflower/symflower/language/java/symbol.(*transpiler).handleClassAndInterfaceDeclarationBodies(0xc00040a140, 0xc0016ee510, 0xc0016f4180)
			gitlab.nethead.at/symflower/symflower/language/java/symbol/handle.go:1534 +0x2f7
		gitlab.nethead.at/symflower/symflower/language/java/symbol.(*transpiler).handleClassDeclarationBodies(0xc00040a140, 0xc0016ee510, 0xc0016f4180)
			gitlab.nethead.at/symflower/symflower/language/java/symbol/handle.go:1419 +0x106
		gitlab.nethead.at/symflower/symflower/language/java/symbol.(*transpiler).handleBodies.func1(0xc0016ee510, {0x2207578, 0xc0016f4180})
			gitlab.nethead.at/symflower/symflower/language/java/symbol/symbols.go:532 +0x1ff
		gitlab.nethead.at/symflower/symflower/language/java/symbol.(*transpiler).walkSubDeclarations(0xc00040a140, 0xc0016ee510, 0xc004407760, 0xc0016d49c0, 0xc0016e8e00, {0x2207578, 0xc0016f4180})
			gitlab.nethead.at/symflower/symflower/language/java/symbol/symbols.go:869 +0x1ee
		gitlab.nethead.at/symflower/symflower/language/java/symbol.(*transpiler).walkFile(0xc00040a140, 0x1, 0x2088c58, 0xc004407760, 0xc0016d49c0, 0xc0016e8e00)
			gitlab.nethead.at/symflower/symflower/language/java/symbol/symbols.go:625 +0x3c5
		gitlab.nethead.at/symflower/symflower/language/java/symbol.(*transpiler).walkPackage(0xc00040a140, 0x1, 0x2088c58, 0xc004407760, 0xc0016d49c0)
			gitlab.nethead.at/symflower/symflower/language/java/symbol/symbols.go:583 +0x225
		gitlab.nethead.at/symflower/symflower/language/java/symbol.(*transpiler).walkFilesAndDeclarations(0xc00040a140, 0x1, 0x2088c58, 0xc004407760)
			gitlab.nethead.at/symflower/symflower/language/java/symbol/symbols.go:566 +0xa5
		gitlab.nethead.at/symflower/symflower/language/java/symbol.(*transpiler).handleBodies(0xc00040a140)
			gitlab.nethead.at/symflower/symflower/language/java/symbol/symbols.go:513 +0x65
		gitlab.nethead.at/symflower/symflower/language/java/symbol.symbolsWithDependencies(0xc0004a22b8, {0x0?, 0x41aa94?, 0x13e43a0?}, 0x1)
			gitlab.nethead.at/symflower/symflower/language/java/symbol/symbols.go:486 +0x147
		gitlab.nethead.at/symflower/symflower/language/java/symbol.Symbols(0xc0004a22b8, 0x1)
			gitlab.nethead.at/symflower/symflower/language/java/symbol/symbols.go:457 +0xf2
		gitlab.nethead.at/symflower/symflower/language/java.Adapter.Symbols(...)
			gitlab.nethead.at/symflower/symflower/language/java/symbols.go:29
		gitlab.nethead.at/symflower/symflower/cmd/symflower-local/generate.(*Generator).transpileLanguage(0xc0000f4000, 0x0, 0x0, {0x220c620, 0x2e6b360})
			gitlab.nethead.at/symflower/symflower/cmd/symflower-local/generate/generate.go:136 +0x373
		gitlab.nethead.at/symflower/symflower/cmd/symflower-local/generate.(*Generator).Symbols(0xc0000f4000, 0x0, 0x0)
			gitlab.nethead.at/symflower/symflower/cmd/symflower-local/generate/generate.go:94 +0x136
		gitlab.nethead.at/symflower/symflower/cmd/symflower-local/generate.(*AnalyzeEngineDefault).UnitTests(0x2c?, 0x124bba0?, {0x21eb890?, 0xc000188870?}, {0xb0?, 0x41?, 0x4?, 0x0?}, 0x2c?, {0xc000455110, ...})
			gitlab.nethead.at/symflower/symflower/cmd/symflower-local/generate/analyze.go:153 +0x77
		gitlab.nethead.at/symflower/symflower/cmd/symflower-local/cmd.(*commandUnitTests).Execute(0xc0003968d8, {0xc000396508?, 0x735ac8579b18?, 0xc0003968d8?})
			gitlab.nethead.at/symflower/symflower/cmd/symflower-local/cmd/unit-tests.go:85 +0x2a6
		gitlab.nethead.at/symflower/symflower/cmd.ExecuteNoExit({0x21de020, 0xc000396508}, {0xc00019e000?, 0x0?, 0x0?})
			gitlab.nethead.at/symflower/symflower/cmd/execute.go:59 +0x2ad
		gitlab.nethead.at/symflower/symflower/cmd.Execute({0x21de020?, 0xc000396508?}, {0xc00019e000?, 0xc0001802e0?, 0xc000117f10?})
			gitlab.nethead.at/symflower/symflower/cmd/execute.go:17 +0x26
		gitlab.nethead.at/symflower/symflower/cmd.ExecuteWithOSArguments(...)
			gitlab.nethead.at/symflower/symflower/cmd/execute.go:78
		main.main.func1()
			gitlab.nethead.at/symflower/symflower/cmd/symflower-demo/main.go:39 +0x34
		gitlab.nethead.at/symflower/symflower/cmd/symflower-local/cmd.(*Command).WithPanicReporter(0xc0000b2060?, 0x0?)
			gitlab.nethead.at/symflower/symflower/cmd/symflower-local/cmd/cmd.go:151 +0x33
		main.main()
			gitlab.nethead.at/symflower/symflower/cmd/symflower-demo/main.go:38 +0x7f
src/org/mockito/internal/util/Checks.java: error: unknown function
	data: [<nil> checkNotNull [] [iterable checkedIterable]]
src/org/mockito/internal/util/Checks.java: error: an unsupported collection type has been used for this operation
	data: genericParameter(T, [pointer(genericInstance(reference(java/lang/Iterable), []))])
src/org/mockito/internal/util/Decamelizer.java: error: unknown import
	data: java/util/regex/Matcher
src/org/mockito/internal/util/Decamelizer.java: error: unknown import
	data: java/util/regex/Pattern
src/org/mockito/internal/util/MockCreationValidator.java: error: unknown function
	data: [pointer(reference(java/lang/Object)) java/lang/Object//getClass [] []]
src/org/mockito/internal/util/MockCreationValidator.java: error: unknown function
	data: [pointer(genericInstance(reference(java/lang/Class), [])) java/lang/Class<java/lang/Object>//isInterface [] []]
src/org/mockito/internal/util/MockCreationValidator.java: error: unknown function
	data: [genericInstance(reference(java/lang/Class), [pointer(reference(java/lang/Object))]) java/lang/Class<java/lang/Object>//isAssignableFrom [] [classToMock]]
src/org/mockito/internal/util/MockCreationValidator.java: error: unknown type
	data: SuppressWarnings
src/org/mockito/internal/util/MockNameImpl.java: error: unknown type
	data: SuppressWarnings
src/org/mockito/internal/util/MockNameImpl.java: error: unknown function
	data: [pointer(genericInstance(reference(java/lang/Class), [wildcard(, pointer(reference(java/lang/Object)))])) java/lang/Class<descendant of java/lang/Object>//getSuperclass [] []]
src/org/mockito/internal/util/MockUtil.java: error: unknown function
	data: [reference(org/mockito/plugins/MockMaker) org/mockito/plugins/MockMaker//getHandler [] [mock]]
src/org/mockito/internal/util/MockUtil.java: error: unknown import
	data: java/lang/reflect/Modifier
src/org/mockito/internal/util/MockUtil.java: error: unknown type
	data: SuppressWarnings
src/org/mockito/internal/util/MockUtil.java: error: unknown function
	data: [struct(org/mockito/internal/handler/MockHandlerFactory, [], [pointer(reference(java/lang/Object))], []) org/mockito/internal/handler/MockHandlerFactory//create [] [settings]]
src/org/mockito/internal/util/MockUtil.java: error: unknown function
	data: [struct(org/mockito/internal/util/reflection/LenientCopyTool, [], [pointer(reference(java/lang/Object))], []) org/mockito/internal/util/reflection/LenientCopyTool//copyToMock [] [spiedInstance mock]]
src/org/mockito/internal/util/MockUtil.java: error: unknown function
	data: [<nil> getMockHandler [] [mock]]
src/org/mockito/internal/util/MockUtil.java: error: unknown function
	data: [reference(org/mockito/plugins/MockMaker) org/mockito/plugins/MockMaker//resetMock [] [mock newHandler settings]]
src/org/mockito/internal/util/MockUtil.java: error: unknown function
	data: [<nil> isMockitoMock [] [mock]]
src/org/mockito/internal/util/MockUtil.java: error: unknown function
	data: [pointer(genericInstance(reference(java/lang/Class), [wildcard(, pointer(reference(java/lang/Object)))])) java/lang/Class<descendant of java/lang/Object>//isPrimitive [] []]
src/org/mockito/internal/util/MockUtil.java: error: unknown function
	data: [pointer(genericInstance(reference(java/lang/Class), [wildcard(, pointer(reference(java/lang/Object)))])) java/lang/Class<descendant of java/lang/Object>//getModifiers [] []]
src/org/mockito/internal/util/MockUtil.java: error: unknown function
	data: [reference(org/mockito/plugins/MockMaker) org/mockito/plugins/MockMaker//createMock [] [settings mockHandler]]
src/org/mockito/internal/util/MockUtil.java: error: unknown function
	data: [reference(org/mockito/plugins/MockMaker) org/mockito/plugins/MockMaker//getHandler [] [mock]]
src/org/mockito/internal/util/ObjectMethodsGuru.java: error: unknown import
	data: java/lang/reflect/Method
src/org/mockito/internal/util/ObjectMethodsGuru.java: error: unknown function
	data: [genericInstance(reference(java/lang/Class), [pointer(reference(java/lang/Object))]) java/lang/Class<java/lang/Object>//isAssignableFrom [] [unsupported]]
src/org/mockito/internal/util/Primitives.java: error: Compound error: unresolved type with &modelast.TypeReference{
		    Name: "K",
		}
			(error) Internal error: unknown type:
		"K"
		Stacktrace: goroutine 1 [running]:
		gitlab.nethead.at/symflower/symflower/model/errors.NewInternalError({0x21de060, 0x2d25a00}, {0x12473e0, 0xc0027933b0})
			gitlab.nethead.at/symflower/symflower/model/errors/error.go:852 +0x4e
		gitlab.nethead.at/symflower/symflower/model/errors.NewProblemWithErrorSeverity(...)
			gitlab.nethead.at/symflower/symflower/model/errors/problem.go:321
		gitlab.nethead.at/symflower/symflower/model/ast.(*Scope).GetType(0x0?, {0x2221c18, 0x1})
			gitlab.nethead.at/symflower/symflower/model/ast/scope.go:986 +0x85
		gitlab.nethead.at/symflower/symflower/model/ast.resolve(0xc0004be3c0, {0x2205848?, 0xc0007cf820}, 0xa0)
			gitlab.nethead.at/symflower/symflower/model/ast/type-resolve.go:362 +0x78
		gitlab.nethead.at/symflower/symflower/model/ast.ResolveReferencesAndAliases(...)
			gitlab.nethead.at/symflower/symflower/model/ast/type-resolve.go:320
		gitlab.nethead.at/symflower/symflower/model/ast.(*ExpressionCast).VerifyCast(0xc002e612c0, 0xc0004be3c0)
			gitlab.nethead.at/symflower/symflower/model/ast/expression.go:2489 +0x34
		gitlab.nethead.at/symflower/symflower/model/ast.(*ExpressionCast).Verify(0xc002e612c0, 0xc0004be3c0)
			gitlab.nethead.at/symflower/symflower/model/ast/expression.go:2693 +0x74
		gitlab.nethead.at/symflower/symflower/model/ast.WalkVerify.func2(0xc0004be3c0, {0x2203c70, 0xc002e612c0})
			gitlab.nethead.at/symflower/symflower/model/ast/walk.go:52 +0x6d
		gitlab.nethead.at/symflower/symflower/model/ast.(*ExpressionCast).Walk(0xc002e612c0, 0xc0004be3c0, 0x0, 0xc002792fe0)
			gitlab.nethead.at/symflower/symflower/model/ast/walk_gen.go:312 +0xa2
		gitlab.nethead.at/symflower/symflower/model/ast.(*Call).Walk(0xc0017ac1e0, 0xc0004be3c0, 0x0, 0xc002792fe0)
			gitlab.nethead.at/symflower/symflower/model/ast/walk_gen.go:146 +0x3d1
		gitlab.nethead.at/symflower/symflower/model/ast.(*StatementBlock).Walk(0xc003776cc0, 0xc0004be3c0, 0x0, 0xc002792fe0)
			gitlab.nethead.at/symflower/symflower/model/ast/walk_gen.go:1379 +0x36b
		gitlab.nethead.at/symflower/symflower/model/ast.(*StatementBlock).Walk(0xc00298bb30, 0xc0004be3c0, 0x0, 0xc002792fe0)
			gitlab.nethead.at/symflower/symflower/model/ast/walk_gen.go:1379 +0x36b
		gitlab.nethead.at/symflower/symflower/model/ast.(*Function).Walk(0xc001702900, 0xc0004be3c0, 0x0, 0xc002792fe0)
			gitlab.nethead.at/symflower/symflower/model/ast/walk_gen.go:900 +0x5df
		gitlab.nethead.at/symflower/symflower/model/ast.WalkVerify(0xc0004be3c0, {0x2203368, 0xc001702900})
			gitlab.nethead.at/symflower/symflower/model/ast/walk.go:46 +0x127
		gitlab.nethead.at/symflower/symflower/language/java/symbol.(*transpiler).completeFunctionAndVerify(0xc00040a140, 0xc0016ef710, 0xc001702900)
			gitlab.nethead.at/symflower/symflower/language/java/symbol/handle.go:2822 +0x272
		gitlab.nethead.at/symflower/symflower/language/java/symbol.(*transpiler).handleInitializerDeclarationBody(0xc00040a140, 0xc0016ef710, 0xc001702900, 0x0)
			gitlab.nethead.at/symflower/symflower/language/java/symbol/handle.go:2684 +0x74c
		gitlab.nethead.at/symflower/symflower/language/java/symbol.(*transpiler).handleClassAndInterfaceDeclarationBodies(0xc00040a140, 0xc0016ef710, 0xc0016f4b40)
			gitlab.nethead.at/symflower/symflower/language/java/symbol/handle.go:1532 +0x2d3
		gitlab.nethead.at/symflower/symflower/language/java/symbol.(*transpiler).handleClassDeclarationBodies(0xc00040a140, 0xc0016ef710, 0xc0016f4b40)
			gitlab.nethead.at/symflower/symflower/language/java/symbol/handle.go:1419 +0x106
		gitlab.nethead.at/symflower/symflower/language/java/symbol.(*transpiler).handleBodies.func1(0xc0016ef710, {0x2207578, 0xc0016f4b40})
			gitlab.nethead.at/symflower/symflower/language/java/symbol/symbols.go:532 +0x1ff
		gitlab.nethead.at/symflower/symflower/language/java/symbol.(*transpiler).walkSubDeclarations(0xc00040a140, 0xc0016ef710, 0xc004c87760, 0xc0016f0720, 0xc0016fc480, {0x2207578, 0xc0016f4b40})
			gitlab.nethead.at/symflower/symflower/language/java/symbol/symbols.go:869 +0x1ee
		gitlab.nethead.at/symflower/symflower/language/java/symbol.(*transpiler).walkFile(0xc00040a140, 0x1, 0x2088c58, 0xc004c87760, 0xc0016f0720, 0xc0016fc480)
			gitlab.nethead.at/symflower/symflower/language/java/symbol/symbols.go:625 +0x3c5
		gitlab.nethead.at/symflower/symflower/language/java/symbol.(*transpiler).walkPackage(0xc00040a140, 0x1, 0x2088c58, 0xc004c87760, 0xc0016f0720)
			gitlab.nethead.at/symflower/symflower/language/java/symbol/symbols.go:583 +0x225
		gitlab.nethead.at/symflower/symflower/language/java/symbol.(*transpiler).walkFilesAndDeclarations(0xc00040a140, 0x1, 0x2088c58, 0xc004c87760)
			gitlab.nethead.at/symflower/symflower/language/java/symbol/symbols.go:566 +0xa5
		gitlab.nethead.at/symflower/symflower/language/java/symbol.(*transpiler).handleBodies(0xc00040a140)
			gitlab.nethead.at/symflower/symflower/language/java/symbol/symbols.go:513 +0x65
		gitlab.nethead.at/symflower/symflower/language/java/symbol.symbolsWithDependencies(0xc0004a22b8, {0x0?, 0x41aa94?, 0x13e43a0?}, 0x1)
			gitlab.nethead.at/symflower/symflower/language/java/symbol/symbols.go:486 +0x147
		gitlab.nethead.at/symflower/symflower/language/java/symbol.Symbols(0xc0004a22b8, 0x1)
			gitlab.nethead.at/symflower/symflower/language/java/symbol/symbols.go:457 +0xf2
		gitlab.nethead.at/symflower/symflower/language/java.Adapter.Symbols(...)
			gitlab.nethead.at/symflower/symflower/language/java/symbols.go:29
		gitlab.nethead.at/symflower/symflower/cmd/symflower-local/generate.(*Generator).transpileLanguage(0xc0000f4000, 0x0, 0x0, {0x220c620, 0x2e6b360})
			gitlab.nethead.at/symflower/symflower/cmd/symflower-local/generate/generate.go:136 +0x373
		gitlab.nethead.at/symflower/symflower/cmd/symflower-local/generate.(*Generator).Symbols(0xc0000f4000, 0x0, 0x0)
			gitlab.nethead.at/symflower/symflower/cmd/symflower-local/generate/generate.go:94 +0x136
		gitlab.nethead.at/symflower/symflower/cmd/symflower-local/generate.(*AnalyzeEngineDefault).UnitTests(0x2c?, 0x124bba0?, {0x21eb890?, 0xc000188870?}, {0xb0?, 0x41?, 0x4?, 0x0?}, 0x2c?, {0xc000455110, ...})
			gitlab.nethead.at/symflower/symflower/cmd/symflower-local/generate/analyze.go:153 +0x77
		gitlab.nethead.at/symflower/symflower/cmd/symflower-local/cmd.(*commandUnitTests).Execute(0xc0003968d8, {0xc000396508?, 0x735ac8579b18?, 0xc0003968d8?})
			gitlab.nethead.at/symflower/symflower/cmd/symflower-local/cmd/unit-tests.go:85 +0x2a6
		gitlab.nethead.at/symflower/symflower/cmd.ExecuteNoExit({0x21de020, 0xc000396508}, {0xc00019e000?, 0x0?, 0x0?})
			gitlab.nethead.at/symflower/symflower/cmd/execute.go:59 +0x2ad
		gitlab.nethead.at/symflower/symflower/cmd.Execute({0x21de020?, 0xc000396508?}, {0xc00019e000?, 0xc0001802e0?, 0xc000117f10?})
			gitlab.nethead.at/symflower/symflower/cmd/execute.go:17 +0x26
		gitlab.nethead.at/symflower/symflower/cmd.ExecuteWithOSArguments(...)
			gitlab.nethead.at/symflower/symflower/cmd/execute.go:78
		main.main.func1()
			gitlab.nethead.at/symflower/symflower/cmd/symflower-demo/main.go:39 +0x34
		gitlab.nethead.at/symflower/symflower/cmd/symflower-local/cmd.(*Command).WithPanicReporter(0xc0000b2060?, 0x0?)
			gitlab.nethead.at/symflower/symflower/cmd/symflower-local/cmd/cmd.go:151 +0x33
		main.main()
			gitlab.nethead.at/symflower/symflower/cmd/symflower-demo/main.go:38 +0x7f
	
	data: cast(call(java/lang/Class//Class!e3b1fa59c6d86c11414ab72a3dd3145b, ["Boolean", "java.lang.Boolean", "Boolean"]), reference(K))
src/org/mockito/internal/util/Primitives.java: error: unknown type
	data: SuppressWarnings
src/org/mockito/internal/util/Primitives.java: error: unknown field
	data: [Boolean struct(java/lang/Boolean, [], [pointer(reference(java/lang/Object))], []) TYPE]
src/org/mockito/internal/util/Primitives.java: error: unknown function
	data: [pointer(genericInstance(reference(java/lang/Class), [reference(T)])) java/lang/Class<T>//isPrimitive [] []]
src/org/mockito/internal/util/Primitives.java: error: unknown field
	data: [Character struct(java/lang/Character, [], [pointer(reference(java/lang/Object))], []) TYPE]
src/org/mockito/internal/util/Primitives.java: error: unknown field
	data: [Long struct(java/lang/Long, [], [pointer(reference(java/lang/Object))], []) TYPE]
src/org/mockito/internal/util/Primitives.java: error: unknown field
	data: [Double struct(java/lang/Double, [], [pointer(reference(java/lang/Object))], []) TYPE]
src/org/mockito/internal/util/Primitives.java: error: unknown import
	data: java/util/HashMap
src/org/mockito/internal/util/Primitives.java: error: unknown field
	data: [Short struct(java/lang/Short, [], [pointer(reference(java/lang/Object))], []) TYPE]
src/org/mockito/internal/util/Primitives.java: error: unknown field
	data: [Integer struct(java/lang/Integer, [], [pointer(reference(java/lang/Object))], []) TYPE]
src/org/mockito/internal/util/Primitives.java: error: unknown field
	data: [Byte struct(java/lang/Byte, [], [pointer(reference(java/lang/Object))], []) TYPE]
src/org/mockito/internal/util/Primitives.java: error: unknown field
	data: [Float struct(java/lang/Float, [], [pointer(reference(java/lang/Object))], []) TYPE]
src/org/mockito/internal/util/SimpleMockitoLogger.java: error: unknown function
	data: [struct(java/lang/StringBuilder, [], [pointer(reference(java/lang/Object))], [reference(java/lang/CharSequence)]) java/lang/StringBuilder//append [] [what]]
src/org/mockito/internal/util/StringJoiner.java: error: unknown function
	data: [pointer(reference(java/lang/StringBuilder)) java/lang/StringBuilder//lastIndexOf [] ["\n"]]
src/org/mockito/internal/util/StringJoiner.java: error: unknown function
	data: [pointer(reference(java/lang/StringBuilder)) java/lang/StringBuilder//replace [] [lastBreak +(lastBreak, 1) ""]]
src/org/mockito/internal/util/Timer.java: error: unknown function
	data: [struct(java/lang/System, [], [pointer(reference(java/lang/Object))], []) java/lang/System//currentTimeMillis [] []]
src/org/mockito/internal/util/collections/ArrayUtils.java: error: unknown type
	data: SuppressWarnings
src/org/mockito/internal/util/collections/HashCodeAndEqualsMockWrapper.java: error: unknown function
	data: [struct(java/lang/System, [], [pointer(reference(java/lang/Object))], []) java/lang/System//identityHashCode [] [select(this, mockInstance)]]
src/org/mockito/internal/util/collections/HashCodeAndEqualsMockWrapper.java: error: unknown function
	data: [struct(java/lang/System, [], [pointer(reference(java/lang/Object))], []) java/lang/System//identityHashCode [] [select(this, mockInstance)]]
src/org/mockito/internal/util/collections/HashCodeAndEqualsMockWrapper.java: internal error: not all elements have the same type
	data: conditional(call(select(ensure_not_nil(mockUtil), isMock!4fb2deccef7826b7659de223ac40b91d), [select(this, mockInstance)]), [call(select(ensure_not_nil(mockUtil), getMockName!4fb2deccef7826b7659de223ac40b91d), [select(this, mockInstance)]), call(select(this, typeInstanceString!d41d8cd98f00b204e9800998ecf8427e), [])])
src/org/mockito/internal/util/collections/HashCodeAndEqualsMockWrapper.java: error: unknown function
	data: [struct(java/lang/Object, [], [], []) java/lang/Object//getClass [] []]
src/org/mockito/internal/util/collections/HashCodeAndEqualsSafeSet.java: error: not a named type
	data: array(reference(T), primitive(int, 32, false), 0)
src/org/mockito/internal/util/collections/HashCodeAndEqualsSafeSet.java: error: unknown function
	data: [<nil> unwrapTo [] [array]]
src/org/mockito/internal/util/collections/HashCodeAndEqualsSafeSet.java: internal error: not all elements have the same type
	data: conditional(>=(len(ensure_not_nil(typedArray)), call(select(this, size!d41d8cd98f00b204e9800998ecf8427e), [])), [typedArray, cast(unsupported, array(reference(T), primitive(int, 32, false), 0))])
src/org/mockito/internal/util/collections/HashCodeAndEqualsSafeSet.java: error: unknown import
	data: java/util/Set
src/org/mockito/internal/util/collections/HashCodeAndEqualsSafeSet.java: error: unknown import
	data: java/lang/reflect/Array
src/org/mockito/internal/util/collections/HashCodeAndEqualsSafeSet.java: error: unknown field
	data: [this struct(org/mockito/internal/util/collections/HashCodeAndEqualsSafeSet//@@localIterator0, [], [pointer(reference(java/lang/Object))], [pointer(genericInstance(reference(java/util/Iterator), [pointer(reference(java/lang/Object))]))]) backingHashSet]
src/org/mockito/internal/util/collections/HashCodeAndEqualsSafeSet.java: error: unknown function
	data: [<nil> newInstance [] [unsupported call(select(this, size!d41d8cd98f00b204e9800998ecf8427e), [])]]
src/org/mockito/internal/util/collections/HashCodeAndEqualsSafeSet.java: error: unknown identifier
	data: hashSet
src/org/mockito/internal/util/collections/HashCodeAndEqualsSafeSet.java: error: an unsupported collection type has been used for this operation
	data: pointer(genericInstance(reference(java/lang/Iterable), [pointer(reference(java/lang/Object))]))
src/org/mockito/internal/util/collections/HashCodeAndEqualsSafeSet.java: error: unknown import
	data: java/util/Arrays
src/org/mockito/internal/util/collections/HashCodeAndEqualsSafeSet.java: error: unknown import
	data: java/util/HashSet
src/org/mockito/internal/util/collections/IdentitySet.java: error: unknown import
	data: java/util/LinkedList
src/org/mockito/internal/util/collections/IdentitySet.java: error: unknown type
	data: SuppressWarnings
src/org/mockito/internal/util/collections/Iterables.java: error: unknown import
	data: java/util/Enumeration
src/org/mockito/internal/util/collections/Iterables.java: error: unknown import
	data: java/util/LinkedList
src/org/mockito/internal/util/collections/ListUtil.java: error: unknown import
	data: java/util/LinkedList
src/org/mockito/internal/util/collections/Sets.java: error: unknown import
	data: java/util/Set
src/org/mockito/internal/util/collections/Sets.java: error: unknown import
	data: java/util/Arrays/asList
src/org/mockito/internal/util/collections/Sets.java: error: unknown import
	data: java/util/HashSet
src/org/mockito/internal/util/collections/Sets.java: error: unknown import
	data: java/util/LinkedHashSet
src/org/mockito/internal/util/io/IOUtil.java: error: unknown import
	data: java/util/LinkedList
src/org/mockito/internal/util/io/IOUtil.java: error: unknown type
	data: File
src/org/mockito/internal/util/io/IOUtil.java: error: unknown type
	data: PrintWriter
src/org/mockito/internal/util/junit/JUnitFailureHacker.java: error: unknown function
	data: [pointer(reference(java/lang/Throwable)) java/lang/Throwable//getStackTrace [] []]
src/org/mockito/internal/util/junit/JUnitFailureHacker.java: error: unknown function
	data: [pointer(reference(org/mockito/internal/exceptions/ExceptionIncludingMockitoWarnings)) org/mockito/internal/exceptions/ExceptionIncludingMockitoWarnings//setStackTrace [] [unsupported]]
src/org/mockito/internal/util/junit/JUnitFailureHacker.java: error: unknown import
	data: org/junit/runner/notification/Failure
src/org/mockito/internal/util/reflection/AccessibilityChanger.java: error: unknown import
	data: java/lang/reflect/AccessibleObject
src/org/mockito/internal/util/reflection/BeanPropertySetter.java: error: unknown import
	data: java/lang/reflect/Field
src/org/mockito/internal/util/reflection/BeanPropertySetter.java: error: unknown import
	data: java/lang/reflect/InvocationTargetException
src/org/mockito/internal/util/reflection/BeanPropertySetter.java: error: unknown import
	data: java/lang/reflect/Method
src/org/mockito/internal/util/reflection/BeanPropertySetter.java: error: unknown import
	data: java/util/Locale
src/org/mockito/internal/util/reflection/BeanPropertySetter.java: error: unknown function
	data: [struct(java/lang/Object, [], [], []) java/lang/Object//getClass [] []]
src/org/mockito/internal/util/reflection/BeanPropertySetter.java: error: unknown function
	data: [struct(java/lang/String, [], [pointer(reference(java/lang/Object))], [reference(java/lang/CharSequence)]) java/lang/String//toUpperCase [] [unsupported]]
src/org/mockito/internal/util/reflection/Constructors.java: error: unknown import
	data: java/lang/reflect/Constructor
src/org/mockito/internal/util/reflection/Constructors.java: error: unknown function
	data: [pointer(genericInstance(reference(java/lang/Class), [wildcard(, pointer(reference(java/lang/Object)))])) java/lang/Class<descendant of java/lang/Object>//getDeclaredConstructor [] []]
src/org/mockito/internal/util/reflection/FieldCopier.java: error: unknown import
	data: java/lang/reflect/Field
src/org/mockito/internal/util/reflection/FieldInitializationReport.java: error: unknown function
	data: [struct(java/lang/Object, [], [], []) java/lang/Object//getClass [] []]
src/org/mockito/internal/util/reflection/FieldInitializer.java: error: unknown function
	data: [pointer(reference(org/mockito/internal/util/reflection/AccessibilityChanger)) org/mockito/internal/util/reflection/AccessibilityChanger//enableAccess [] [constructor]]
src/org/mockito/internal/util/reflection/FieldInitializer.java: error: unknown import
	data: java/lang/reflect/Modifier
src/org/mockito/internal/util/reflection/FieldInitializer.java: error: unknown import
	data: java/lang/reflect/Field
src/org/mockito/internal/util/reflection/FieldInitializer.java: error: unknown import
	data: java/util/Arrays
src/org/mockito/internal/util/reflection/FieldInitializer.java: error: unknown function
	data: [pointer(genericInstance(reference(java/lang/Class), [wildcard(, pointer(reference(java/lang/Object)))])) java/lang/Class<descendant of java/lang/Object>//getDeclaredConstructors [] []]
src/org/mockito/internal/util/reflection/FieldInitializer.java: error: unknown import
	data: java/lang/reflect/Constructor
src/org/mockito/internal/util/reflection/FieldInitializer.java: error: unknown import
	data: java/lang/reflect/InvocationTargetException
src/org/mockito/internal/util/reflection/FieldInitializer.java: error: unknown import
	data: java/util/Collections
src/org/mockito/internal/util/reflection/FieldInitializer.java: error: unknown function
	data: [pointer(reference(org/mockito/internal/util/reflection/AccessibilityChanger)) org/mockito/internal/util/reflection/AccessibilityChanger//enableAccess [] [constructor]]
src/org/mockito/internal/util/reflection/FieldInitializer.java: error: unknown function
	data: [pointer(reference(org/mockito/internal/util/reflection/AccessibilityChanger)) org/mockito/internal/util/reflection/AccessibilityChanger//safelyDisableAccess [] [constructor]]
src/org/mockito/internal/util/reflection/FieldInitializer.java: error: unknown function
	data: [pointer(reference(org/mockito/internal/util/reflection/AccessibilityChanger)) org/mockito/internal/util/reflection/AccessibilityChanger//safelyDisableAccess [] [constructor]]
src/org/mockito/internal/util/reflection/FieldReader.java: error: unknown import
	data: java/lang/reflect/Field
src/org/mockito/internal/util/reflection/FieldSetter.java: error: unknown import
	data: java/lang/reflect/Field
src/org/mockito/internal/util/reflection/Fields.java: error: error: unresolved type
	data: reference(T)
	child error: (error) Internal error: unknown type:
		"T"
		Stacktrace: goroutine 1 [running]:
		gitlab.nethead.at/symflower/symflower/model/errors.NewInternalError({0x21de060, 0x2d25a00}, {0x12473e0, 0xc001f1e110})
			gitlab.nethead.at/symflower/symflower/model/errors/error.go:852 +0x4e
		gitlab.nethead.at/symflower/symflower/model/errors.NewProblemWithErrorSeverity(...)
			gitlab.nethead.at/symflower/symflower/model/errors/problem.go:321
		gitlab.nethead.at/symflower/symflower/model/ast.(*Scope).GetType(0xc00455be98?, {0x2221c60, 0x1})
			gitlab.nethead.at/symflower/symflower/model/ast/scope.go:986 +0x85
		gitlab.nethead.at/symflower/symflower/model/ast.resolve(0xc0004be3c0, {0x2205848?, 0xc0014feec0}, 0xe0)
			gitlab.nethead.at/symflower/symflower/model/ast/type-resolve.go:362 +0x78
		gitlab.nethead.at/symflower/symflower/model/ast.ResolveWithPointers(...)
			gitlab.nethead.at/symflower/symflower/model/ast/type-resolve.go:326
		gitlab.nethead.at/symflower/symflower/model/ast.(*TypeGenericInstance).IsCompatibleType(0xc0019fdb40, 0xc0004be3c0, {0x2205728?, 0xc00203d2c0?})
			gitlab.nethead.at/symflower/symflower/model/ast/type.go:3369 +0x230
		gitlab.nethead.at/symflower/symflower/language/java/symbol.(*transpiler).checkFunctionApplicability(0xc00040a140, 0xc001712b00, {0x22058d8?, 0xc0016f5380?}, {0x0?, 0xc000fb2488?, 0x18?}, {0xc00203ce60, 0x2, 0x2})
			gitlab.nethead.at/symflower/symflower/language/java/symbol/overloading.go:406 +0x66b
		gitlab.nethead.at/symflower/symflower/language/java/symbol.(*transpiler).matchOverloadingFunction(0xc00040a140, {0xc0012d3b48, 0x1, 0x1}, {0x22058d8, 0xc0016f5380}, {0x0, 0x0, 0x0}, {0xc00203ce60, ...})
			gitlab.nethead.at/symflower/symflower/language/java/symbol/overloading.go:451 +0x217
		gitlab.nethead.at/symflower/symflower/language/java/symbol.(*transpiler).getFunction(0xc00040a140, {0x22058d8, 0xc0016f5380}, {0xc0012e2f80, 0x36}, {0x0, 0x0, 0x0}, {0xc00203ce60, 0x2, ...})
			gitlab.nethead.at/symflower/symflower/language/java/symbol/overloading.go:224 +0xd2
		gitlab.nethead.at/symflower/symflower/language/java/symbol.(*transpiler).handleMethodCallResolveOverloads(0xc00040a140, {0xc0012e2f80, 0x36}, {0x22058d8?, 0xc0016f5380?}, {0x0?, 0x8?, 0x5?}, {0xc00203ce60, 0x2, ...})
			gitlab.nethead.at/symflower/symflower/language/java/symbol/handle.go:5426 +0x87
		gitlab.nethead.at/symflower/symflower/language/java/symbol.(*transpiler).handleMethodCallReceiver(0xc00040a140, {0xc0014db778, 0x6}, {0x22058d8, 0xc0016f5380}, {0x0, 0x0, 0x0}, {0xc00203ce60, 0x2, ...})
			gitlab.nethead.at/symflower/symflower/language/java/symbol/handle.go:5421 +0x1ae
		gitlab.nethead.at/symflower/symflower/language/java/symbol.(*transpiler).handleExpressionMethodCall(0xc00040a140, 0xc0017220f0, 0xc00150ab40)
			gitlab.nethead.at/symflower/symflower/language/java/symbol/handle.go:5526 +0xbe5
		gitlab.nethead.at/symflower/symflower/language/java/symbol.(*transpiler).handleExpression(0xc00040a140, 0xc0017220f0, {0x21f7d38, 0xc00150ab40})
			gitlab.nethead.at/symflower/symflower/language/java/symbol/handle.go:6903 +0x785
		gitlab.nethead.at/symflower/symflower/language/java/symbol.(*transpiler).handleArguments(0xc00040a140, 0xc0017220f0, {0xc0014ff500, 0x2, 0x0?})
			gitlab.nethead.at/symflower/symflower/language/java/symbol/handle.go:5656 +0x9e
		gitlab.nethead.at/symflower/symflower/language/java/symbol.(*transpiler).handleExpressionObjectCreationExpr(0xc00040a140, 0xc0017220f0, 0xc0014ca9c0)
			gitlab.nethead.at/symflower/symflower/language/java/symbol/handle.go:6242 +0x573
		gitlab.nethead.at/symflower/symflower/language/java/symbol.(*transpiler).handleExpression(0xc00040a140, 0xc0017220f0, {0x21f7e40, 0xc0014ca9c0})
			gitlab.nethead.at/symflower/symflower/language/java/symbol/handle.go:6909 +0x385
		gitlab.nethead.at/symflower/symflower/language/java/symbol.(*transpiler).handleStatementReturn(0xc00040a140, 0xc0017220f0, 0xc001511b80)
			gitlab.nethead.at/symflower/symflower/language/java/symbol/handle.go:4352 +0x7c
		gitlab.nethead.at/symflower/symflower/language/java/symbol.(*transpiler).handleStatement(0xc00040a140, 0xc0017220f0, {0x21f74a0, 0xc001511b80})
			gitlab.nethead.at/symflower/symflower/language/java/symbol/handle.go:4423 +0x745
		gitlab.nethead.at/symflower/symflower/language/java/symbol.(*transpiler).handleStatements(0xc00040a140, 0xc0017220f0, {0xc0014ecfd0, 0x1, 0xc0004be3c0?})
			gitlab.nethead.at/symflower/symflower/language/java/symbol/handle.go:3731 +0x85
		gitlab.nethead.at/symflower/symflower/language/java/symbol.(*transpiler).handleBlock.func1()
			gitlab.nethead.at/symflower/symflower/language/java/symbol/handle.go:3712 +0x45
		gitlab.nethead.at/symflower/symflower/model/ast.(*Scope).Scoped(0xc0004be3c0, 0xc00455cc98)
			gitlab.nethead.at/symflower/symflower/model/ast/scope.go:297 +0x162
		gitlab.nethead.at/symflower/symflower/language/java/symbol.(*transpiler).handleBlock(0xc00040a140, 0xc0017220f0, 0xc001514090)
			gitlab.nethead.at/symflower/symflower/language/java/symbol/handle.go:3711 +0x9e
		gitlab.nethead.at/symflower/symflower/language/java/symbol.(*transpiler).handleMethodDeclarationBody.(*transpiler).handleScopedBlockStatement.func2()
			gitlab.nethead.at/symflower/symflower/language/java/symbol/handle.go:2716 +0x205
		gitlab.nethead.at/symflower/symflower/model/ast.(*Scope).Scoped(0xc0004be3c0, 0xc00455d0a8)
			gitlab.nethead.at/symflower/symflower/model/ast/scope.go:297 +0x162
		gitlab.nethead.at/symflower/symflower/language/java/symbol.(*transpiler).handleScopedBlockStatement(...)
			gitlab.nethead.at/symflower/symflower/language/java/symbol/handle.go:2693
		gitlab.nethead.at/symflower/symflower/language/java/symbol.(*transpiler).handleMethodDeclarationBody(0xc00040a140, 0xc0017220f0, {0x2208170, 0xc0017203c0}, 0xc001724200, 0x0)
			gitlab.nethead.at/symflower/symflower/language/java/symbol/handle.go:2523 +0x61b
		gitlab.nethead.at/symflower/symflower/language/java/symbol.(*transpiler).handleClassAndInterfaceDeclarationBodies(0xc00040a140, 0xc0017220f0, 0xc0017203c0)
			gitlab.nethead.at/symflower/symflower/language/java/symbol/handle.go:1534 +0x2f7
		gitlab.nethead.at/symflower/symflower/language/java/symbol.(*transpiler).handleClassDeclarationBodies(0xc00040a140, 0xc0017220f0, 0xc0017203c0)
			gitlab.nethead.at/symflower/symflower/language/java/symbol/handle.go:1419 +0x106
		gitlab.nethead.at/symflower/symflower/language/java/symbol.(*transpiler).handleBodies.func1(0xc0017220f0, {0x2207578, 0xc0017203c0})
			gitlab.nethead.at/symflower/symflower/language/java/symbol/symbols.go:532 +0x1ff
		gitlab.nethead.at/symflower/symflower/language/java/symbol.(*transpiler).walkSubDeclarations(0xc00040a140, 0xc0017220f0, 0xc00455d760, 0xc001714900, 0xc001717a00, {0x2207578, 0xc0017203c0})
			gitlab.nethead.at/symflower/symflower/language/java/symbol/symbols.go:869 +0x1ee
		gitlab.nethead.at/symflower/symflower/language/java/symbol.(*transpiler).walkSubDeclarations(0xc00040a140, 0xc0017220f0, 0xc00455d760, 0xc001714900, 0xc001717a00, {0x2207578, 0xc001720300})
			gitlab.nethead.at/symflower/symflower/language/java/symbol/symbols.go:880 +0x3b6
		gitlab.nethead.at/symflower/symflower/language/java/symbol.(*transpiler).walkFile(0xc00040a140, 0x1, 0x2088c58, 0xc00455d760, 0xc001714900, 0xc001717a00)
			gitlab.nethead.at/symflower/symflower/language/java/symbol/symbols.go:625 +0x3c5
		gitlab.nethead.at/symflower/symflower/language/java/symbol.(*transpiler).walkPackage(0xc00040a140, 0x1, 0x2088c58, 0xc00455d760, 0xc001714900)
			gitlab.nethead.at/symflower/symflower/language/java/symbol/symbols.go:583 +0x225
		gitlab.nethead.at/symflower/symflower/language/java/symbol.(*transpiler).walkFilesAndDeclarations(0xc00040a140, 0x1, 0x2088c58, 0xc00455d760)
			gitlab.nethead.at/symflower/symflower/language/java/symbol/symbols.go:566 +0xa5
		gitlab.nethead.at/symflower/symflower/language/java/symbol.(*transpiler).handleBodies(0xc00040a140)
			gitlab.nethead.at/symflower/symflower/language/java/symbol/symbols.go:513 +0x65
		gitlab.nethead.at/symflower/symflower/language/java/symbol.symbolsWithDependencies(0xc0004a22b8, {0x0?, 0x41aa94?, 0x13e43a0?}, 0x1)
			gitlab.nethead.at/symflower/symflower/language/java/symbol/symbols.go:486 +0x147
		gitlab.nethead.at/symflower/symflower/language/java/symbol.Symbols(0xc0004a22b8, 0x1)
			gitlab.nethead.at/symflower/symflower/language/java/symbol/symbols.go:457 +0xf2
		gitlab.nethead.at/symflower/symflower/language/java.Adapter.Symbols(...)
			gitlab.nethead.at/symflower/symflower/language/java/symbols.go:29
		gitlab.nethead.at/symflower/symflower/cmd/symflower-local/generate.(*Generator).transpileLanguage(0xc0000f4000, 0x0, 0x0, {0x220c620, 0x2e6b360})
			gitlab.nethead.at/symflower/symflower/cmd/symflower-local/generate/generate.go:136 +0x373
		gitlab.nethead.at/symflower/symflower/cmd/symflower-local/generate.(*Generator).Symbols(0xc0000f4000, 0x0, 0x0)
			gitlab.nethead.at/symflower/symflower/cmd/symflower-local/generate/generate.go:94 +0x136
		gitlab.nethead.at/symflower/symflower/cmd/symflower-local/generate.(*AnalyzeEngineDefault).UnitTests(0x2c?, 0x124bba0?, {0x21eb890?, 0xc000188870?}, {0xb0?, 0x41?, 0x4?, 0x0?}, 0x2c?, {0xc000455110, ...})
			gitlab.nethead.at/symflower/symflower/cmd/symflower-local/generate/analyze.go:153 +0x77
		gitlab.nethead.at/symflower/symflower/cmd/symflower-local/cmd.(*commandUnitTests).Execute(0xc0003968d8, {0xc000396508?, 0x735ac8579b18?, 0xc0003968d8?})
			gitlab.nethead.at/symflower/symflower/cmd/symflower-local/cmd/unit-tests.go:85 +0x2a6
		gitlab.nethead.at/symflower/symflower/cmd.ExecuteNoExit({0x21de020, 0xc000396508}, {0xc00019e000?, 0x0?, 0x0?})
			gitlab.nethead.at/symflower/symflower/cmd/execute.go:59 +0x2ad
		gitlab.nethead.at/symflower/symflower/cmd.Execute({0x21de020?, 0xc000396508?}, {0xc00019e000?, 0xc0001802e0?, 0xc000117f10?})
			gitlab.nethead.at/symflower/symflower/cmd/execute.go:17 +0x26
		gitlab.nethead.at/symflower/symflower/cmd.ExecuteWithOSArguments(...)
			gitlab.nethead.at/symflower/symflower/cmd/execute.go:78
		main.main.func1()
			gitlab.nethead.at/symflower/symflower/cmd/symflower-demo/main.go:39 +0x34
		gitlab.nethead.at/symflower/symflower/cmd/symflower-local/cmd.(*Command).WithPanicReporter(0xc0000b2060?, 0x0?)
			gitlab.nethead.at/symflower/symflower/cmd/symflower-local/cmd/cmd.go:151 +0x33
		main.main()
			gitlab.nethead.at/symflower/symflower/cmd/symflower-demo/main.go:38 +0x7f
src/org/mockito/internal/util/reflection/Fields.java: error: unknown function
	data: [pointer(genericInstance(reference(java/util/List), [pointer(reference(org/mockito/internal/util/reflection/InstanceField))])) java/util/List<org/mockito/internal/util/reflection/InstanceField>//addAll [] [unsupported]]
src/org/mockito/internal/util/reflection/Fields.java: error: unknown function
	data: [<nil> java/util/ArrayList//ArrayList [pointer(reference(org/mockito/internal/util/reflection/InstanceField))] [select(this, instanceFields)]]
src/org/mockito/internal/util/reflection/Fields.java: error: unknown function
	data: [<nil> java/util/ArrayList//ArrayList [pointer(reference(java/lang/Object))] [call(select(ensure_not_nil(select(this, instanceFields)), size!d41d8cd98f00b204e9800998ecf8427e), [])]]
src/org/mockito/internal/util/reflection/Fields.java: error: unknown function
	data: [<nil> java/util/ArrayList//ArrayList [pointer(reference(java/lang/String))] [call(select(ensure_not_nil(select(this, instanceFields)), size!d41d8cd98f00b204e9800998ecf8427e), [])]]
src/org/mockito/internal/util/reflection/Fields.java: error: unknown import
	data: java/lang/reflect/Field
src/org/mockito/internal/util/reflection/Fields.java: error: unknown function
	data: [pointer(reference(java/lang/Object)) java/lang/Object//getClass [] []]
src/org/mockito/internal/util/reflection/Fields.java: error: unknown function
	data: [pointer(genericInstance(reference(java/lang/Class), [wildcard(, pointer(reference(java/lang/Object)))])) java/lang/Class<descendant of java/lang/Object>//getDeclaredFields [] []]
src/org/mockito/internal/util/reflection/Fields.java: error: unknown function
	data: [pointer(genericInstance(reference(java/lang/Class), [wildcard(, pointer(reference(java/lang/Object)))])) java/lang/Class<descendant of java/lang/Object>//getSuperclass [] []]
src/org/mockito/internal/util/reflection/Fields.java: error: unknown function
	data: [pointer(genericInstance(reference(java/util/List), [pointer(reference(org/mockito/internal/util/reflection/InstanceField))])) java/util/List<org/mockito/internal/util/reflection/InstanceField>//addAll [] [unsupported]]
src/org/mockito/internal/util/reflection/Fields.java: error: unknown function
	data: [struct(org/mockito/internal/util/Checks, [], [pointer(reference(java/lang/Object))], []) org/mockito/internal/util/Checks//checkNotNull [] [annotations "Provide at least one annotation class"]]
src/org/mockito/internal/util/reflection/Fields.java: error: unknown identifier
	data: this
src/org/mockito/internal/util/reflection/GenericMaster.java: error: unknown import
	data: java/lang/reflect/Field
src/org/mockito/internal/util/reflection/GenericMaster.java: error: unknown import
	data: java/lang/reflect/ParameterizedType
src/org/mockito/internal/util/reflection/GenericMaster.java: error: unknown import
	data: java/lang/reflect/Type
src/org/mockito/internal/util/reflection/GenericMaster.java: error: unknown type
	data: SuppressWarnings
src/org/mockito/internal/util/reflection/GenericMaster.java: internal error: type does not support nil values
	data: unsupported(java/lang/reflect/ParameterizedType)
src/org/mockito/internal/util/reflection/GenericMetadataSupport.java: internal error: type does not support nil values
	data: unsupported(ParameterizedType)
src/org/mockito/internal/util/reflection/GenericMetadataSupport.java: error: unknown field
	data: [this struct(org/mockito/internal/util/reflection/GenericMetadataSupport//TypeVariableReturnType, [], [pointer(reference(org/mockito/internal/util/reflection/GenericMetadataSupport))], []) Collections]
src/org/mockito/internal/util/reflection/GenericMetadataSupport.java: error: unknown function
	data: [pointer(reference(java/lang/Object)) java/lang/Object//getClass [] []]
src/org/mockito/internal/util/reflection/GenericMetadataSupport.java: error: unknown field
	data: [this struct(org/mockito/internal/util/reflection/GenericMetadataSupport, [], [pointer(reference(java/lang/Object))], []) Collections]
src/org/mockito/internal/util/reflection/GenericMetadataSupport.java: internal error: type does not support nil values
	data: unsupported(ParameterizedType)
src/org/mockito/internal/util/reflection/GenericMetadataSupport.java: error: unknown type
	data: Type
src/org/mockito/internal/util/reflection/GenericMetadataSupport.java: error: unknown function
	data: [genericInstance(reference(java/lang/Class), [wildcard(, pointer(reference(java/lang/Object)))]) java/lang/Class<descendant of java/lang/Object>//getTypeParameters [] []]
src/org/mockito/internal/util/reflection/GenericMetadataSupport.java: error: unknown field
	data: [this struct(org/mockito/internal/util/reflection/GenericMetadataSupport//TypeVariableReturnType, [], [pointer(reference(org/mockito/internal/util/reflection/GenericMetadataSupport))], []) Arrays]
src/org/mockito/internal/util/reflection/GenericMetadataSupport.java: error: unknown type
	data: Method
src/org/mockito/internal/util/reflection/GenericMetadataSupport.java: error: unknown type
	data: ParameterizedType
src/org/mockito/internal/util/reflection/GenericMetadataSupport.java: internal error: type does not support nil values
	data: unsupported(ParameterizedType)
src/org/mockito/internal/util/reflection/GenericMetadataSupport.java: internal error: expression does not have the same type as the targeted index type
	data: make(array(unsupported(Type), primitive(int, 32, false), 0), -(unsupported, 1))
src/org/mockito/internal/util/reflection/GenericMetadataSupport.java: error: unknown import
	data: java/lang/reflect
src/org/mockito/internal/util/reflection/GenericMetadataSupport.java: error: unknown identifier
	data: actualTypeArguments
src/org/mockito/internal/util/reflection/GenericMetadataSupport.java: error: unknown function
	data: [<nil> getClass [] []]
src/org/mockito/internal/util/reflection/GenericMetadataSupport.java: error: unknown type
	data: HashMap
src/org/mockito/internal/util/reflection/GenericMetadataSupport.java: internal error: type does not support nil values
	data: unsupported(TypeVariable)
src/org/mockito/internal/util/reflection/GenericMetadataSupport.java: error: unknown type
	data: TypeVariable
src/org/mockito/internal/util/reflection/GenericMetadataSupport.java: error: unknown function
	data: [genericInstance(reference(java/lang/Class), [wildcard(, pointer(reference(java/lang/Object)))]) java/lang/Class<descendant of java/lang/Object>//getTypeParameters [] []]
src/org/mockito/internal/util/reflection/GenericMetadataSupport.java: internal error: type does not support nil values
	data: unsupported(TypeVariable)
src/org/mockito/internal/util/reflection/GenericMetadataSupport.java: error: unknown function
	data: [pointer(genericInstance(reference(java/lang/Class), [wildcard(, pointer(reference(java/lang/Object)))])) java/lang/Class<descendant of java/lang/Object>//getGenericSuperclass [] []]
src/org/mockito/internal/util/reflection/GenericMetadataSupport.java: error: unknown function
	data: [pointer(genericInstance(reference(java/lang/Class), [wildcard(, pointer(reference(java/lang/Object)))])) java/lang/Class<descendant of java/lang/Object>//getGenericInterfaces [] []]
src/org/mockito/internal/util/reflection/GenericMetadataSupport.java: internal error: type does not support nil values
	data: unsupported(ParameterizedType)
src/org/mockito/internal/util/reflection/GenericMetadataSupport.java: internal error: type does not support nil values
	data: unsupported(ParameterizedType)
src/org/mockito/internal/util/reflection/GenericMetadataSupport.java: error: unknown type
	data: LinkedHashMap
src/org/mockito/internal/util/reflection/GenericMetadataSupport.java: error: unknown function
	data: [pointer(genericInstance(reference(java/lang/Class), [wildcard(, pointer(reference(java/lang/Object)))])) java/lang/Class<descendant of java/lang/Object>//getTypeParameters [] []]
src/org/mockito/internal/util/reflection/GenericMetadataSupport.java: internal error: type does not support nil values
	data: unsupported(ParameterizedType)
src/org/mockito/internal/util/reflection/GenericMetadataSupport.java: error: an unsupported collection type has been used for this operation
	data: genericInstance(unsupported(List), [unsupported(Type)])
src/org/mockito/internal/util/reflection/GenericMetadataSupport.java: internal error: type does not support nil values
	data: unsupported(TypeVariable)
src/org/mockito/internal/util/reflection/GenericMetadataSupport.java: error: unknown field
	data: [this struct(org/mockito/internal/util/reflection/GenericMetadataSupport//TypeVarBoundedType, [], [pointer(reference(java/lang/Object))], [reference(org/mockito/internal/util/reflection/GenericMetadataSupport//BoundedType)]) Arrays]
src/org/mockito/internal/util/reflection/GenericMetadataSupport.java: error: unknown type
	data: WildcardType
src/org/mockito/internal/util/reflection/InstanceField.java: error: unknown import
	data: java/lang/reflect/Field
src/org/mockito/internal/util/reflection/InstanceField.java: error: unknown function
	data: [<nil> getClass [] []]
src/org/mockito/internal/util/reflection/InstanceField.java: error: unknown function
	data: [pointer(reference(java/lang/Object)) java/lang/Object//getClass [] []]
src/org/mockito/internal/util/reflection/LenientCopyTool.java: error: unknown import
	data: java/lang/reflect/Modifier
src/org/mockito/internal/util/reflection/LenientCopyTool.java: error: unknown type
	data: SuppressWarnings
src/org/mockito/internal/util/reflection/LenientCopyTool.java: error: unknown function
	data: [<nil> copyValues [] [from to fromClazz]]
src/org/mockito/internal/util/reflection/LenientCopyTool.java: error: unknown function
	data: [pointer(genericInstance(reference(java/lang/Class), [])) java/lang/Class<java/lang/Object>//getSuperclass [] []]
src/org/mockito/internal/util/reflection/LenientCopyTool.java: error: unknown function
	data: [pointer(genericInstance(reference(java/lang/Class), [])) java/lang/Class<java/lang/Object>//getDeclaredFields [] []]
src/org/mockito/internal/util/reflection/LenientCopyTool.java: error: unknown function
	data: [struct(org/mockito/internal/util/reflection/FieldCopier, [], [pointer(reference(java/lang/Object))], []) org/mockito/internal/util/reflection/FieldCopier//copyValue [] [from mock field]]
src/org/mockito/internal/util/reflection/LenientCopyTool.java: error: unknown import
	data: java/lang/reflect/Field
src/org/mockito/internal/util/reflection/LenientCopyTool.java: error: unknown function
	data: [<nil> copy [] [from mock unsupported unsupported]]
src/org/mockito/internal/util/reflection/LenientCopyTool.java: error: unknown function
	data: [<nil> copy [] [from to unsupported unsupported]]
src/org/mockito/internal/util/reflection/Whitebox.java: error: unknown function
	data: [pointer(reference(java/lang/Object)) java/lang/Object//getClass [] []]
src/org/mockito/internal/util/reflection/Whitebox.java: error: unknown function
	data: [pointer(genericInstance(reference(java/lang/Class), [wildcard(, pointer(reference(java/lang/Object)))])) java/lang/Class<descendant of java/lang/Object>//getSuperclass [] []]
src/org/mockito/internal/util/reflection/Whitebox.java: error: unknown function
	data: [pointer(genericInstance(reference(java/lang/Class), [wildcard(, pointer(reference(java/lang/Object)))])) java/lang/Class<descendant of java/lang/Object>//getDeclaredField [] [field]]
src/org/mockito/internal/util/reflection/Whitebox.java: error: unknown import
	data: java/lang/reflect/Field
src/org/mockito/internal/verification/DefaultRegisteredInvocations.java: error: unknown import
	data: java/util/LinkedList
src/org/mockito/internal/verification/NoMoreInteractions.java: error: unknown type
	data: SuppressWarnings
src/org/mockito/internal/verification/NoMoreInteractions.java: error: unknown function
	data: [struct(org/mockito/exceptions/Reporter, [], [pointer(reference(java/lang/Object))], []) org/mockito/exceptions/Reporter//noMoreInteractionsWanted [] [unverified cast(call(select(ensure_not_nil(data), getAllInvocations!d41d8cd98f00b204e9800998ecf8427e), []), pointer(genericInstance(reference(java/util/List), [])))]]
src/org/mockito/internal/verification/Only.java: error: unknown type
	data: SuppressWarnings
src/org/mockito/internal/verification/Only.java: error: unknown function
	data: [struct(org/mockito/exceptions/Reporter, [], [pointer(reference(java/lang/Object))], []) org/mockito/exceptions/Reporter//noMoreInteractionsWanted [] [unverified cast(invocations, pointer(genericInstance(reference(java/util/List), [])))]]
src/org/mockito/internal/verification/SingleRegisteredInvocation.java: error: unknown import
	data: java/util/Collections
src/org/mockito/internal/verification/VerificationOverTimeImpl.java: error: unknown field
	data: [this struct(org/mockito/internal/verification/VerificationOverTimeImpl, [], [pointer(reference(java/lang/Object))], [reference(org/mockito/verification/VerificationMode)]) Thread]
src/org/mockito/internal/verification/argumentmatching/ArgumentMatchingTool.java: error: unknown import
	data: java/util/LinkedList
src/org/mockito/internal/verification/argumentmatching/ArgumentMatchingTool.java: error: unknown import
	data: org/hamcrest/Matcher
src/org/mockito/internal/verification/argumentmatching/ArgumentMatchingTool.java: error: unknown import
	data: org/hamcrest/StringDescription
src/org/mockito/internal/verification/argumentmatching/ArgumentMatchingTool.java: error: unknown type
	data: SuppressWarnings
src/org/mockito/invocation/InvocationOnMock.java: error: unknown import
	data: java/lang/reflect/Method
src/org/mockito/junit/MockitoJUnitRule.java: error: unknown import
	data: org/junit/runners/model/FrameworkMethod
src/org/mockito/junit/MockitoJUnitRule.java: error: unknown import
	data: org/junit/runners/model/Statement
src/org/mockito/junit/MockitoJUnitRule.java: error: unknown type
	data: Deprecated
src/org/mockito/junit/MockitoJUnitRule.java: error: unknown import
	data: org/junit/rules/MethodRule
src/org/mockito/junit/MockitoRule.java: error: unknown import
	data: org/junit/rules/MethodRule
src/org/mockito/mock/MockCreationSettings.java: error: unknown import
	data: java/util/Set
src/org/mockito/runners/ConsoleSpammingMockitoJUnitRunner.java: error: unknown import
	data: org/junit/runner/manipulation/Filterable
src/org/mockito/runners/ConsoleSpammingMockitoJUnitRunner.java: error: unknown import
	data: org/junit/runner/notification/RunNotifier
src/org/mockito/runners/ConsoleSpammingMockitoJUnitRunner.java: error: unknown function
	data: [struct(org/mockito/internal/runners/RunnerImpl, [], [unsupported(org/junit/runner/manipulation/Filterable)], []) org/mockito/internal/runners/RunnerImpl//filter [] [filter]]
src/org/mockito/runners/ConsoleSpammingMockitoJUnitRunner.java: error: unknown import
	data: org/junit/runner/Runner
src/org/mockito/runners/ConsoleSpammingMockitoJUnitRunner.java: error: unknown import
	data: org/junit/runner/manipulation/Filter
src/org/mockito/runners/ConsoleSpammingMockitoJUnitRunner.java: error: unknown import
	data: org/junit/runner/manipulation/NoTestsRemainException
src/org/mockito/runners/ConsoleSpammingMockitoJUnitRunner.java: error: unknown import
	data: org/junit/runner/notification/Failure
src/org/mockito/runners/ConsoleSpammingMockitoJUnitRunner.java: error: unknown import
	data: org/junit/runner/notification/RunListener
src/org/mockito/runners/ConsoleSpammingMockitoJUnitRunner.java: error: unknown import
	data: org/junit/runners/BlockJUnit4ClassRunner
src/org/mockito/runners/ConsoleSpammingMockitoJUnitRunner.java: error: unknown import
	data: java/lang/reflect/InvocationTargetException
src/org/mockito/runners/ConsoleSpammingMockitoJUnitRunner.java: error: unknown import
	data: org/junit/runner/Description
src/org/mockito/runners/MockitoJUnit44Runner.java: error: unknown import
	data: java/lang/reflect/InvocationTargetException
src/org/mockito/runners/MockitoJUnit44Runner.java: error: unknown type
	data: Deprecated
src/org/mockito/runners/MockitoJUnitRunner.java: error: unknown import
	data: org/junit/runner/Description
src/org/mockito/runners/MockitoJUnitRunner.java: error: unknown import
	data: org/junit/runner/Runner
src/org/mockito/runners/MockitoJUnitRunner.java: error: unknown import
	data: org/junit/runner/manipulation/Filter
src/org/mockito/runners/MockitoJUnitRunner.java: error: unknown import
	data: org/junit/runner/manipulation/Filterable
src/org/mockito/runners/MockitoJUnitRunner.java: error: unknown import
	data: org/junit/runner/manipulation/NoTestsRemainException
src/org/mockito/runners/MockitoJUnitRunner.java: error: unknown import
	data: org/junit/runner/notification/RunNotifier
src/org/mockito/runners/MockitoJUnitRunner.java: error: unknown import
	data: java/lang/reflect/InvocationTargetException
src/org/mockito/runners/MockitoJUnitRunner.java: error: unknown function
	data: [struct(org/mockito/internal/runners/RunnerImpl, [], [unsupported(org/junit/runner/manipulation/Filterable)], []) org/mockito/internal/runners/RunnerImpl//filter [] [filter]]
src/org/mockito/runners/VerboseMockitoJUnitRunner.java: error: unknown import
	data: org/junit/runner/notification/Failure
src/org/mockito/runners/VerboseMockitoJUnitRunner.java: error: unknown import
	data: org/junit/runner/notification/RunListener
src/org/mockito/runners/VerboseMockitoJUnitRunner.java: error: unknown import
	data: org/junit/runner/notification/RunNotifier
src/org/mockito/runners/VerboseMockitoJUnitRunner.java: error: unknown function
	data: [struct(org/mockito/internal/runners/RunnerImpl, [], [unsupported(org/junit/runner/manipulation/Filterable)], []) org/mockito/internal/runners/RunnerImpl//filter [] [filter]]
src/org/mockito/runners/VerboseMockitoJUnitRunner.java: error: unknown import
	data: org/junit/runner/Description
src/org/mockito/runners/VerboseMockitoJUnitRunner.java: error: unknown import
	data: org/junit/runner/Runner
src/org/mockito/runners/VerboseMockitoJUnitRunner.java: error: unknown import
	data: org/junit/runner/manipulation/Filter
src/org/mockito/runners/VerboseMockitoJUnitRunner.java: error: unknown import
	data: org/junit/runner/manipulation/Filterable
src/org/mockito/runners/VerboseMockitoJUnitRunner.java: error: unknown import
	data: org/junit/runner/manipulation/NoTestsRemainException
src/org/mockito/runners/VerboseMockitoJUnitRunner.java: error: unknown import
	data: java/lang/reflect/InvocationTargetException
src/org/mockito/stubbing/Stubber.java: error: unknown type
	data: SuppressWarnings
src/org/mockito/stubbing/answers/ReturnsElementsOf.java: error: unknown type
	data: Deprecated
src/org/mockito/verification/VerificationWithTimeout.java: error: unknown type
	data: Deprecated
Found 0 Java files
Analyzed 0 out of 213 source files
Had 41 errors that block a full analysis
Generated 0 tests
Found 0 potential problems
The following issues prevent a full analysis:

* 384 cases of "unknown function"
	Description: Functions could not be resolved. This occurs due to missing dependencies,
  or if a called function is removed due to some other problem.

* 356 cases of "unknown import"
	Description: Imports could not be resolved. This is likely due to missing dependencies.

* 141 cases of "unknown type"
	Description: Types could not be resolved. This could be because of missing dependencies
  or a consequence of some other problem.

* 9 cases of "not all elements have the same type"
	Description: Arguments of a function call do not match the parameter types. This usually
  occurs if a called method is removed due to some other problem, and another
  method with the same name is selected to be called.

* 18 cases of "other issues"
	Description: Uncategorized problems.

