Analyzing workspace /home/ph7/sqa-project/workspaces/collections_27b/
Search for Java files
Load dependency stdlib:@dev
src/main/java/org/apache/commons/collections4/map/MultiValueMap.java: org.apache.commons.collections4.map.MultiValueMap.writeObject: function is private and therefore inaccessible for tests
src/main/java/org/apache/commons/collections4/map/MultiValueMap.java: org.apache.commons.collections4.map.MultiValueMap.readObject: function is private and therefore inaccessible for tests
src/main/java/org/apache/commons/collections4/map/MultiValueMap.java: org.apache.commons.collections4.map.MultiValueMap.Values.iterator: function is private and therefore inaccessible for tests
src/main/java/org/apache/commons/collections4/map/MultiValueMap.java: org.apache.commons.collections4.map.MultiValueMap.Values.size: function is private and therefore inaccessible for tests
src/main/java/org/apache/commons/collections4/map/MultiValueMap.java: org.apache.commons.collections4.map.MultiValueMap.Values.clear: function is private and therefore inaccessible for tests
src/main/java/org/apache/commons/collections4/map/MultiValueMap.java: org.apache.commons.collections4.map.MultiValueMap.ValuesIterator.ValuesIterator: function is private and therefore inaccessible for tests
src/main/java/org/apache/commons/collections4/map/MultiValueMap.java: org.apache.commons.collections4.map.MultiValueMap.ValuesIterator.remove: function is private and therefore inaccessible for tests
src/main/java/org/apache/commons/collections4/map/MultiValueMap.java: org.apache.commons.collections4.map.MultiValueMap.ValuesIterator.hasNext: function is private and therefore inaccessible for tests
src/main/java/org/apache/commons/collections4/map/MultiValueMap.java: org.apache.commons.collections4.map.MultiValueMap.ValuesIterator.next: function is private and therefore inaccessible for tests
src/main/java/org/apache/commons/collections4/map/MultiValueMap.java: org.apache.commons.collections4.map.MultiValueMap.ReflectionFactory.ReflectionFactory: function is private and therefore inaccessible for tests
src/main/java/org/apache/commons/collections4/map/MultiValueMap.java: org.apache.commons.collections4.map.MultiValueMap.ReflectionFactory.create: function is private and therefore inaccessible for tests
src/main/java/org/apache/commons/collections4/map/AbstractHashedMap.java: internal error: no supported constructor available
	data: [struct(org/apache/commons/collections4/map/AbstractHashedMap//HashIterator, [], [pointer(reference(java/lang/Object))], []) function(variable(this, pointer(reference(java/lang/Object))), java/lang/Object//@@constructor!d41d8cd98f00b204e9800998ecf8427e, [], [variable(, pointer(reference(java/lang/Object)))], block([return([this])]))]
src/main/java/org/apache/commons/collections4/map/AbstractHashedMap.java: error: unknown function
	data: [pointer(genericInstance(reference(java/util/Map//Entry), [wildcard(, pointer(reference(java/lang/Object))), wildcard(, pointer(reference(java/lang/Object)))])) java/util/Map//Entry<descendant of java/lang/Object,descendant of java/lang/Object>//getValue [] []]
src/main/java/org/apache/commons/collections4/map/AbstractHashedMap.java: error: unknown function
	data: [<nil> convertKey [] [key]]
src/main/java/org/apache/commons/collections4/map/AbstractHashedMap.java: error: unknown type
	data: SuppressWarnings
src/main/java/org/apache/commons/collections4/map/AbstractHashedMap.java: error: unknown function
	data: [pointer(genericInstance(reference(java/util/Map), [wildcard(, reference(K)), wildcard(, reference(V))])) java/util/Map<descendant of K,descendant of V>//entrySet [] []]
src/main/java/org/apache/commons/collections4/map/AbstractHashedMap.java: error: unknown function
	data: [struct(java/lang/StringBuilder, [], [pointer(reference(java/lang/Object))], [reference(java/lang/CharSequence)]) java/lang/StringBuilder//append [] [call(select(this, getKey!d41d8cd98f00b204e9800998ecf8427e), [])]]
src/main/java/org/apache/commons/collections4/map/AbstractHashedMap.java: error: unknown import
	data: org/apache/commons/collections4/IterableMap
src/main/java/org/apache/commons/collections4/map/AbstractHashedMap.java: error: unknown function
	data: [pointer(reference(java/io/ObjectOutputStream)) java/io/ObjectOutputStream//writeFloat [] [select(this, loadFactor)]]
src/main/java/org/apache/commons/collections4/map/AbstractHashedMap.java: error: error: unresolved type
	data: reference(K)
	child error: (error) Internal error: unknown type:
		"K"
		Stacktrace: goroutine 1 [running]:
		gitlab.nethead.at/symflower/symflower/model/errors.NewInternalError({0x21de060, 0x2d25a00}, {0x12473e0, 0xc002576da0})
			gitlab.nethead.at/symflower/symflower/model/errors/error.go:852 +0x4e
		gitlab.nethead.at/symflower/symflower/model/errors.NewProblemWithErrorSeverity(...)
			gitlab.nethead.at/symflower/symflower/model/errors/problem.go:321
		gitlab.nethead.at/symflower/symflower/model/ast.(*Scope).GetType(0xc000050378?, {0x2221c18, 0x1})
			gitlab.nethead.at/symflower/symflower/model/ast/scope.go:986 +0x85
		gitlab.nethead.at/symflower/symflower/model/ast.resolve(0xc0001106c0, {0x2205848?, 0xc00161adc0}, 0xe0)
			gitlab.nethead.at/symflower/symflower/model/ast/type-resolve.go:362 +0x78
		gitlab.nethead.at/symflower/symflower/model/ast.ResolveWithPointers(...)
			gitlab.nethead.at/symflower/symflower/model/ast/type-resolve.go:326
		gitlab.nethead.at/symflower/symflower/model/ast.(*TypeGenericInstance).IsCompatibleType(0xc00123d8c0, 0xc0001106c0, {0x2205728?, 0xc001dfd1c0?})
			gitlab.nethead.at/symflower/symflower/model/ast/type.go:3369 +0x230
		gitlab.nethead.at/symflower/symflower/language/java/symbol.(*transpiler).checkFunctionApplicability(0xc00013f540, 0xc00088da00, {0x2205608?, 0xc000cc6140?}, {0x0?, 0x72c05e41cf30?, 0x13fa500?}, {0xc002576c10, 0x1, 0x1})
			gitlab.nethead.at/symflower/symflower/language/java/symbol/overloading.go:406 +0x66b
		gitlab.nethead.at/symflower/symflower/language/java/symbol.(*transpiler).matchOverloadingFunction(0xc00013f540, {0xc002576d60, 0x2, 0x2}, {0x2205608, 0xc000cc6140}, {0x0, 0x0, 0x0}, {0xc002576c10, ...})
			gitlab.nethead.at/symflower/symflower/language/java/symbol/overloading.go:451 +0x217
		gitlab.nethead.at/symflower/symflower/language/java/symbol.(*transpiler).getFunction(0xc00013f540, {0x2205608, 0xc000cc6140}, {0xc001c1c300, 0x52}, {0x0, 0x0, 0x0}, {0xc002576c10, 0x1, ...})
			gitlab.nethead.at/symflower/symflower/language/java/symbol/overloading.go:224 +0xd2
		gitlab.nethead.at/symflower/symflower/language/java/symbol.(*transpiler).assignmentToConstructorCall(0xc00013f540, 0xc00050c780, {0xc000cce260, 0x2, 0x2}, {0xc002576c10, 0x1, 0x1}, {0x100041700000e, 0x100041700003a}, ...)
			gitlab.nethead.at/symflower/symflower/language/java/symbol/generate.go:126 +0x22f
		gitlab.nethead.at/symflower/symflower/language/java/symbol.(*transpiler).handleExplicitConstructorCall(0xc00013f540, 0xc000508a80, 0xc0001f8900)
			gitlab.nethead.at/symflower/symflower/language/java/symbol/handle.go:3921 +0x2bb
		gitlab.nethead.at/symflower/symflower/language/java/symbol.(*transpiler).handleStatement(0xc00013f540, 0xc000508a80, {0x21f71e0, 0xc0001f8900})
			gitlab.nethead.at/symflower/symflower/language/java/symbol/handle.go:4413 +0x6bb
		gitlab.nethead.at/symflower/symflower/language/java/symbol.(*transpiler).handleStatements(0xc00013f540, 0xc000508a80, {0xc000713360, 0x1, 0xc0001106c0?})
			gitlab.nethead.at/symflower/symflower/language/java/symbol/handle.go:3731 +0x85
		gitlab.nethead.at/symflower/symflower/language/java/symbol.(*transpiler).handleBlock.func1()
			gitlab.nethead.at/symflower/symflower/language/java/symbol/handle.go:3712 +0x45
		gitlab.nethead.at/symflower/symflower/model/ast.(*Scope).Scoped(0xc0001106c0, 0xc000050dd8)
			gitlab.nethead.at/symflower/symflower/model/ast/scope.go:297 +0x162
		gitlab.nethead.at/symflower/symflower/language/java/symbol.(*transpiler).handleBlock(0xc00013f540, 0xc000508a80, 0xc0001777a0)
			gitlab.nethead.at/symflower/symflower/language/java/symbol/handle.go:3711 +0x9e
		gitlab.nethead.at/symflower/symflower/language/java/symbol.(*transpiler).handleConstructorDeclarationBody.(*transpiler).handleScopedBlockStatement.func1()
			gitlab.nethead.at/symflower/symflower/language/java/symbol/handle.go:2716 +0x205
		gitlab.nethead.at/symflower/symflower/model/ast.(*Scope).Scoped(0xc0001106c0, 0xc0000510a0)
			gitlab.nethead.at/symflower/symflower/model/ast/scope.go:297 +0x162
		gitlab.nethead.at/symflower/symflower/language/java/symbol.(*transpiler).handleScopedBlockStatement(...)
			gitlab.nethead.at/symflower/symflower/language/java/symbol/handle.go:2693
		gitlab.nethead.at/symflower/symflower/language/java/symbol.(*transpiler).handleConstructorDeclarationBody(0xc00013f540, 0xc000508a80, 0xc00088ce00)
			gitlab.nethead.at/symflower/symflower/language/java/symbol/handle.go:1723 +0x2b1
		gitlab.nethead.at/symflower/symflower/language/java/symbol.(*transpiler).handleClassAndInterfaceDeclarationBodies(0xc00013f540, 0xc000508a80, 0xc00050c600)
			gitlab.nethead.at/symflower/symflower/language/java/symbol/handle.go:1530 +0x30e
		gitlab.nethead.at/symflower/symflower/language/java/symbol.(*transpiler).handleClassDeclarationBodies(0xc00013f540, 0xc000508a80, 0xc00050c600)
			gitlab.nethead.at/symflower/symflower/language/java/symbol/handle.go:1419 +0x106
		gitlab.nethead.at/symflower/symflower/language/java/symbol.(*transpiler).handleBodies.func1(0xc000508a80, {0x2207578, 0xc00050c600})
			gitlab.nethead.at/symflower/symflower/language/java/symbol/symbols.go:532 +0x1ff
		gitlab.nethead.at/symflower/symflower/language/java/symbol.(*transpiler).walkSubDeclarations(0xc00013f540, 0xc000508a80, 0xc000051760, 0xc0003fc900, 0xc00045c500, {0x2207578, 0xc00050c600})
			gitlab.nethead.at/symflower/symflower/language/java/symbol/symbols.go:869 +0x1ee
		gitlab.nethead.at/symflower/symflower/language/java/symbol.(*transpiler).walkSubDeclarations(0xc00013f540, 0xc000508a80, 0xc000051760, 0xc0003fc900, 0xc00045c500, {0x2207578, 0xc00050c0c0})
			gitlab.nethead.at/symflower/symflower/language/java/symbol/symbols.go:880 +0x3b6
		gitlab.nethead.at/symflower/symflower/language/java/symbol.(*transpiler).walkFile(0xc00013f540, 0x1, 0x2088c58, 0xc000051760, 0xc0003fc900, 0xc00045c500)
			gitlab.nethead.at/symflower/symflower/language/java/symbol/symbols.go:625 +0x3c5
		gitlab.nethead.at/symflower/symflower/language/java/symbol.(*transpiler).walkPackage(0xc00013f540, 0x1, 0x2088c58, 0xc000051760, 0xc0003fc900)
			gitlab.nethead.at/symflower/symflower/language/java/symbol/symbols.go:583 +0x225
		gitlab.nethead.at/symflower/symflower/language/java/symbol.(*transpiler).walkFilesAndDeclarations(0xc00013f540, 0x1, 0x2088c58, 0xc000051760)
			gitlab.nethead.at/symflower/symflower/language/java/symbol/symbols.go:566 +0xa5
		gitlab.nethead.at/symflower/symflower/language/java/symbol.(*transpiler).handleBodies(0xc00013f540)
			gitlab.nethead.at/symflower/symflower/language/java/symbol/symbols.go:513 +0x65
		gitlab.nethead.at/symflower/symflower/language/java/symbol.symbolsWithDependencies(0xc000010798, {0x0?, 0x41aa94?, 0x13e43a0?}, 0x1)
			gitlab.nethead.at/symflower/symflower/language/java/symbol/symbols.go:486 +0x147
		gitlab.nethead.at/symflower/symflower/language/java/symbol.Symbols(0xc000010798, 0x1)
			gitlab.nethead.at/symflower/symflower/language/java/symbol/symbols.go:457 +0xf2
		gitlab.nethead.at/symflower/symflower/language/java.Adapter.Symbols(...)
			gitlab.nethead.at/symflower/symflower/language/java/symbols.go:29
		gitlab.nethead.at/symflower/symflower/cmd/symflower-local/generate.(*Generator).transpileLanguage(0xc000470bd0, 0x0, 0x0, {0x220c620, 0x2e6b360})
			gitlab.nethead.at/symflower/symflower/cmd/symflower-local/generate/generate.go:136 +0x373
		gitlab.nethead.at/symflower/symflower/cmd/symflower-local/generate.(*Generator).Symbols(0xc000470bd0, 0x0, 0x0)
			gitlab.nethead.at/symflower/symflower/cmd/symflower-local/generate/generate.go:94 +0x136
		gitlab.nethead.at/symflower/symflower/cmd/symflower-local/generate.(*AnalyzeEngineDefault).UnitTests(0x30?, 0x124bba0?, {0x21eb890?, 0xc00011c8d0?}, {0x60?, 0x46?, 0x4?, 0x0?}, 0x30?, {0xc0000ff440, ...})
			gitlab.nethead.at/symflower/symflower/cmd/symflower-local/generate/analyze.go:153 +0x77
		gitlab.nethead.at/symflower/symflower/cmd/symflower-local/cmd.(*commandUnitTests).Execute(0xc0004ba3d8, {0xc0004ba008?, 0x72c05e21cb18?, 0xc0004ba3d8?})
			gitlab.nethead.at/symflower/symflower/cmd/symflower-local/cmd/unit-tests.go:85 +0x2a6
		gitlab.nethead.at/symflower/symflower/cmd.ExecuteNoExit({0x21de020, 0xc0004ba008}, {0xc00003e050?, 0x44?, 0x0?})
			gitlab.nethead.at/symflower/symflower/cmd/execute.go:59 +0x2ad
		gitlab.nethead.at/symflower/symflower/cmd.Execute({0x21de020?, 0xc0004ba008?}, {0xc00003e050?, 0xc000408000?, 0xc000051f10?})
			gitlab.nethead.at/symflower/symflower/cmd/execute.go:17 +0x26
		gitlab.nethead.at/symflower/symflower/cmd.ExecuteWithOSArguments(...)
			gitlab.nethead.at/symflower/symflower/cmd/execute.go:78
		main.main.func1()
			gitlab.nethead.at/symflower/symflower/cmd/symflower-demo/main.go:39 +0x34
		gitlab.nethead.at/symflower/symflower/cmd/symflower-local/cmd.(*Command).WithPanicReporter(0xc0000b2060?, 0x0?)
			gitlab.nethead.at/symflower/symflower/cmd/symflower-local/cmd/cmd.go:151 +0x33
		main.main()
			gitlab.nethead.at/symflower/symflower/cmd/symflower-demo/main.go:38 +0x7f
src/main/java/org/apache/commons/collections4/map/AbstractHashedMap.java: error: unknown import
	data: java/util/AbstractMap
src/main/java/org/apache/commons/collections4/map/AbstractHashedMap.java: error: unknown import
	data: java/util/ConcurrentModificationException
src/main/java/org/apache/commons/collections4/map/AbstractHashedMap.java: error: unknown import
	data: java/util/NoSuchElementException
src/main/java/org/apache/commons/collections4/map/AbstractHashedMap.java: error: unknown import
	data: org/apache/commons/collections4/iterators/EmptyIterator
src/main/java/org/apache/commons/collections4/map/AbstractHashedMap.java: error: unknown function
	data: [pointer(reference(java/io/ObjectOutputStream)) java/io/ObjectOutputStream//writeObject [] [unsupported]]
src/main/java/org/apache/commons/collections4/map/AbstractHashedMap.java: error: unknown function
	data: [pointer(reference(java/io/ObjectOutputStream)) java/io/ObjectOutputStream//writeInt [] [select(this, size)]]
src/main/java/org/apache/commons/collections4/map/AbstractHashedMap.java: error: unknown type
	data: InternalError
src/main/java/org/apache/commons/collections4/map/AbstractHashedMap.java: error: error: unresolved type
	data: reference(V)
	child error: (error) Internal error: unknown type:
		"V"
		Stacktrace: goroutine 1 [running]:
		gitlab.nethead.at/symflower/symflower/model/errors.NewInternalError({0x21de060, 0x2d25a00}, {0x12473e0, 0xc0007122a0})
			gitlab.nethead.at/symflower/symflower/model/errors/error.go:852 +0x4e
		gitlab.nethead.at/symflower/symflower/model/errors.NewProblemWithErrorSeverity(...)
			gitlab.nethead.at/symflower/symflower/model/errors/problem.go:321
		gitlab.nethead.at/symflower/symflower/model/ast.(*Scope).GetType(0xc0020b0378?, {0x2221c70, 0x1})
			gitlab.nethead.at/symflower/symflower/model/ast/scope.go:986 +0x85
		gitlab.nethead.at/symflower/symflower/model/ast.resolve(0xc0001106c0, {0x2205848?, 0xc00161ade0}, 0xe0)
			gitlab.nethead.at/symflower/symflower/model/ast/type-resolve.go:362 +0x78
		gitlab.nethead.at/symflower/symflower/model/ast.ResolveWithPointers(...)
			gitlab.nethead.at/symflower/symflower/model/ast/type-resolve.go:326
		gitlab.nethead.at/symflower/symflower/model/ast.(*TypeGenericInstance).IsCompatibleType(0xc00123d8c0, 0xc0001106c0, {0x2205728?, 0xc001a96be0?})
			gitlab.nethead.at/symflower/symflower/model/ast/type.go:3369 +0x230
		gitlab.nethead.at/symflower/symflower/language/java/symbol.(*transpiler).checkFunctionApplicability(0xc00013f540, 0xc00088da00, {0x2205608?, 0xc001a89580?}, {0x0?, 0x72c05e41c108?, 0x10?}, {0xc0007120c0, 0x1, 0x1})
			gitlab.nethead.at/symflower/symflower/language/java/symbol/overloading.go:406 +0x66b
		gitlab.nethead.at/symflower/symflower/language/java/symbol.(*transpiler).matchOverloadingFunction(0xc00013f540, {0xc0007121e0, 0x2, 0x2}, {0x2205608, 0xc001a89580}, {0x0, 0x0, 0x0}, {0xc0007120c0, ...})
			gitlab.nethead.at/symflower/symflower/language/java/symbol/overloading.go:451 +0x217
		gitlab.nethead.at/symflower/symflower/language/java/symbol.(*transpiler).getFunction(0xc00013f540, {0x2205608, 0xc001a89580}, {0xc001d34600, 0x52}, {0x0, 0x0, 0x0}, {0xc0007120c0, 0x1, ...})
			gitlab.nethead.at/symflower/symflower/language/java/symbol/overloading.go:224 +0xd2
		gitlab.nethead.at/symflower/symflower/language/java/symbol.(*transpiler).assignmentToConstructorCall(0xc00013f540, 0xc00050c780, {0xc000d77400, 0x2, 0x2}, {0xc0007120c0, 0x1, 0x1}, {0x10003ca00000e, 0x10003ca00003a}, ...)
			gitlab.nethead.at/symflower/symflower/language/java/symbol/generate.go:126 +0x22f
		gitlab.nethead.at/symflower/symflower/language/java/symbol.(*transpiler).handleExplicitConstructorCall(0xc00013f540, 0xc000508a80, 0xc0001f80c0)
			gitlab.nethead.at/symflower/symflower/language/java/symbol/handle.go:3921 +0x2bb
		gitlab.nethead.at/symflower/symflower/language/java/symbol.(*transpiler).handleStatement(0xc00013f540, 0xc000508a80, {0x21f71e0, 0xc0001f80c0})
			gitlab.nethead.at/symflower/symflower/language/java/symbol/handle.go:4413 +0x6bb
		gitlab.nethead.at/symflower/symflower/language/java/symbol.(*transpiler).handleStatements(0xc00013f540, 0xc000508a80, {0xc000713120, 0x1, 0xc0001106c0?})
			gitlab.nethead.at/symflower/symflower/language/java/symbol/handle.go:3731 +0x85
		gitlab.nethead.at/symflower/symflower/language/java/symbol.(*transpiler).handleBlock.func1()
			gitlab.nethead.at/symflower/symflower/language/java/symbol/handle.go:3712 +0x45
		gitlab.nethead.at/symflower/symflower/model/ast.(*Scope).Scoped(0xc0001106c0, 0xc0020b0dd8)
			gitlab.nethead.at/symflower/symflower/model/ast/scope.go:297 +0x162
		gitlab.nethead.at/symflower/symflower/language/java/symbol.(*transpiler).handleBlock(0xc00013f540, 0xc000508a80, 0xc000176cf0)
			gitlab.nethead.at/symflower/symflower/language/java/symbol/handle.go:3711 +0x9e
		gitlab.nethead.at/symflower/symflower/language/java/symbol.(*transpiler).handleConstructorDeclarationBody.(*transpiler).handleScopedBlockStatement.func1()
			gitlab.nethead.at/symflower/symflower/language/java/symbol/handle.go:2716 +0x205
		gitlab.nethead.at/symflower/symflower/model/ast.(*Scope).Scoped(0xc0001106c0, 0xc0020b10a0)
			gitlab.nethead.at/symflower/symflower/model/ast/scope.go:297 +0x162
		gitlab.nethead.at/symflower/symflower/language/java/symbol.(*transpiler).handleScopedBlockStatement(...)
			gitlab.nethead.at/symflower/symflower/language/java/symbol/handle.go:2693
		gitlab.nethead.at/symflower/symflower/language/java/symbol.(*transpiler).handleConstructorDeclarationBody(0xc00013f540, 0xc000508a80, 0xc00088c300)
			gitlab.nethead.at/symflower/symflower/language/java/symbol/handle.go:1723 +0x2b1
		gitlab.nethead.at/symflower/symflower/language/java/symbol.(*transpiler).handleClassAndInterfaceDeclarationBodies(0xc00013f540, 0xc000508a80, 0xc00050c480)
			gitlab.nethead.at/symflower/symflower/language/java/symbol/handle.go:1530 +0x30e
		gitlab.nethead.at/symflower/symflower/language/java/symbol.(*transpiler).handleClassDeclarationBodies(0xc00013f540, 0xc000508a80, 0xc00050c480)
			gitlab.nethead.at/symflower/symflower/language/java/symbol/handle.go:1419 +0x106
		gitlab.nethead.at/symflower/symflower/language/java/symbol.(*transpiler).handleBodies.func1(0xc000508a80, {0x2207578, 0xc00050c480})
			gitlab.nethead.at/symflower/symflower/language/java/symbol/symbols.go:532 +0x1ff
		gitlab.nethead.at/symflower/symflower/language/java/symbol.(*transpiler).walkSubDeclarations(0xc00013f540, 0xc000508a80, 0xc0020b1760, 0xc0003fc900, 0xc00045c500, {0x2207578, 0xc00050c480})
			gitlab.nethead.at/symflower/symflower/language/java/symbol/symbols.go:869 +0x1ee
		gitlab.nethead.at/symflower/symflower/language/java/symbol.(*transpiler).walkSubDeclarations(0xc00013f540, 0xc000508a80, 0xc0020b1760, 0xc0003fc900, 0xc00045c500, {0x2207578, 0xc00050c0c0})
			gitlab.nethead.at/symflower/symflower/language/java/symbol/symbols.go:880 +0x3b6
		gitlab.nethead.at/symflower/symflower/language/java/symbol.(*transpiler).walkFile(0xc00013f540, 0x1, 0x2088c58, 0xc0020b1760, 0xc0003fc900, 0xc00045c500)
			gitlab.nethead.at/symflower/symflower/language/java/symbol/symbols.go:625 +0x3c5
		gitlab.nethead.at/symflower/symflower/language/java/symbol.(*transpiler).walkPackage(0xc00013f540, 0x1, 0x2088c58, 0xc0020b1760, 0xc0003fc900)
			gitlab.nethead.at/symflower/symflower/language/java/symbol/symbols.go:583 +0x225
		gitlab.nethead.at/symflower/symflower/language/java/symbol.(*transpiler).walkFilesAndDeclarations(0xc00013f540, 0x1, 0x2088c58, 0xc0020b1760)
			gitlab.nethead.at/symflower/symflower/language/java/symbol/symbols.go:566 +0xa5
		gitlab.nethead.at/symflower/symflower/language/java/symbol.(*transpiler).handleBodies(0xc00013f540)
			gitlab.nethead.at/symflower/symflower/language/java/symbol/symbols.go:513 +0x65
		gitlab.nethead.at/symflower/symflower/language/java/symbol.symbolsWithDependencies(0xc000010798, {0x0?, 0x41aa94?, 0x13e43a0?}, 0x1)
			gitlab.nethead.at/symflower/symflower/language/java/symbol/symbols.go:486 +0x147
		gitlab.nethead.at/symflower/symflower/language/java/symbol.Symbols(0xc000010798, 0x1)
			gitlab.nethead.at/symflower/symflower/language/java/symbol/symbols.go:457 +0xf2
		gitlab.nethead.at/symflower/symflower/language/java.Adapter.Symbols(...)
			gitlab.nethead.at/symflower/symflower/language/java/symbols.go:29
		gitlab.nethead.at/symflower/symflower/cmd/symflower-local/generate.(*Generator).transpileLanguage(0xc000470bd0, 0x0, 0x0, {0x220c620, 0x2e6b360})
			gitlab.nethead.at/symflower/symflower/cmd/symflower-local/generate/generate.go:136 +0x373
		gitlab.nethead.at/symflower/symflower/cmd/symflower-local/generate.(*Generator).Symbols(0xc000470bd0, 0x0, 0x0)
			gitlab.nethead.at/symflower/symflower/cmd/symflower-local/generate/generate.go:94 +0x136
		gitlab.nethead.at/symflower/symflower/cmd/symflower-local/generate.(*AnalyzeEngineDefault).UnitTests(0x30?, 0x124bba0?, {0x21eb890?, 0xc00011c8d0?}, {0x60?, 0x46?, 0x4?, 0x0?}, 0x30?, {0xc0000ff440, ...})
			gitlab.nethead.at/symflower/symflower/cmd/symflower-local/generate/analyze.go:153 +0x77
		gitlab.nethead.at/symflower/symflower/cmd/symflower-local/cmd.(*commandUnitTests).Execute(0xc0004ba3d8, {0xc0004ba008?, 0x72c05e21cb18?, 0xc0004ba3d8?})
			gitlab.nethead.at/symflower/symflower/cmd/symflower-local/cmd/unit-tests.go:85 +0x2a6
		gitlab.nethead.at/symflower/symflower/cmd.ExecuteNoExit({0x21de020, 0xc0004ba008}, {0xc00003e050?, 0x44?, 0x0?})
			gitlab.nethead.at/symflower/symflower/cmd/execute.go:59 +0x2ad
		gitlab.nethead.at/symflower/symflower/cmd.Execute({0x21de020?, 0xc0004ba008?}, {0xc00003e050?, 0xc000408000?, 0xc000051f10?})
			gitlab.nethead.at/symflower/symflower/cmd/execute.go:17 +0x26
		gitlab.nethead.at/symflower/symflower/cmd.ExecuteWithOSArguments(...)
			gitlab.nethead.at/symflower/symflower/cmd/execute.go:78
		main.main.func1()
			gitlab.nethead.at/symflower/symflower/cmd/symflower-demo/main.go:39 +0x34
		gitlab.nethead.at/symflower/symflower/cmd/symflower-local/cmd.(*Command).WithPanicReporter(0xc0000b2060?, 0x0?)
			gitlab.nethead.at/symflower/symflower/cmd/symflower-local/cmd/cmd.go:151 +0x33
		main.main()
			gitlab.nethead.at/symflower/symflower/cmd/symflower-demo/main.go:38 +0x7f
src/main/java/org/apache/commons/collections4/map/AbstractHashedMap.java: error: unknown function
	data: [pointer(genericInstance(reference(java/util/Map//Entry), [wildcard(, pointer(reference(java/lang/Object))), wildcard(, pointer(reference(java/lang/Object)))])) java/util/Map//Entry<descendant of java/lang/Object,descendant of java/lang/Object>//getKey [] []]
src/main/java/org/apache/commons/collections4/map/AbstractHashedMap.java: error: unknown import
	data: org/apache/commons/collections4/KeyValue
src/main/java/org/apache/commons/collections4/map/AbstractHashedMap.java: error: unknown import
	data: org/apache/commons/collections4/iterators/EmptyMapIterator
src/main/java/org/apache/commons/collections4/map/AbstractHashedMap.java: error: unknown function
	data: [<nil> convertKey [] [key]]
src/main/java/org/apache/commons/collections4/map/AbstractHashedMap.java: error: unknown function
	data: [pointer(reference(java/io/ObjectInputStream)) java/io/ObjectInputStream//readObject [] []]
src/main/java/org/apache/commons/collections4/map/AbstractHashedMap.java: internal error: not all elements have the same type
	data: conditional(==(key, this), ["(this Map)", key])
src/main/java/org/apache/commons/collections4/map/AbstractHashedMap.java: error: unknown function
	data: [pointer(genericInstance(reference(java/util/Map//Entry), [wildcard(, pointer(reference(java/lang/Object))), wildcard(, pointer(reference(java/lang/Object)))])) java/util/Map//Entry<descendant of java/lang/Object,descendant of java/lang/Object>//getKey [] []]
src/main/java/org/apache/commons/collections4/map/AbstractHashedMap.java: error: unknown identifier
	data: match
src/main/java/org/apache/commons/collections4/map/AbstractHashedMap.java: error: unknown import
	data: java/util/AbstractSet
src/main/java/org/apache/commons/collections4/map/AbstractHashedMap.java: error: unknown import
	data: java/util/Set
src/main/java/org/apache/commons/collections4/map/AbstractHashedMap.java: error: unknown function
	data: [pointer(reference(java/io/ObjectOutputStream)) java/io/ObjectOutputStream//writeInt [] [len(ensure_not_nil(select(this, data)))]]
src/main/java/org/apache/commons/collections4/map/AbstractHashedMap.java: error: unknown function
	data: [pointer(reference(java/io/ObjectOutputStream)) java/io/ObjectOutputStream//writeObject [] [unsupported]]
src/main/java/org/apache/commons/collections4/map/AbstractHashedMap.java: error: unknown type
	data: Entry
src/main/java/org/apache/commons/collections4/map/AbstractHashedMap.java: error: unknown import
	data: java/util/AbstractCollection
src/main/java/org/apache/commons/collections4/map/AbstractHashedMap.java: error: unknown import
	data: org/apache/commons/collections4/MapIterator
src/main/java/org/apache/commons/collections4/map/AbstractHashedMap.java: error: unknown function
	data: [pointer(reference(java/io/ObjectInputStream)) java/io/ObjectInputStream//readFloat [] []]
src/main/java/org/apache/commons/collections4/map/AbstractHashedMap.java: error: unknown function
	data: [pointer(reference(java/io/ObjectInputStream)) java/io/ObjectInputStream//readInt [] []]
src/main/java/org/apache/commons/collections4/map/AbstractHashedMap.java: error: unknown function
	data: [pointer(genericInstance(reference(java/util/Map//Entry), [wildcard(, pointer(reference(java/lang/Object))), wildcard(, pointer(reference(java/lang/Object)))])) java/util/Map//Entry<descendant of java/lang/Object,descendant of java/lang/Object>//getKey [] []]
src/main/java/org/apache/commons/collections4/map/AbstractInputCheckedMapDecorator.java: error: unknown import
	data: java/lang/reflect/Array
src/main/java/org/apache/commons/collections4/map/AbstractInputCheckedMapDecorator.java: error: unknown function
	data: [<nil> org/apache/commons/collections4/map/AbstractInputCheckedMapDecorator//MapEntry//MapEntry [pointer(reference(java/lang/Object)) pointer(reference(java/lang/Object))] [cast(index(result, i), pointer(genericInstance(reference(java/util/Map//Entry), [reference(K), reference(V)]))) select(this, parent)]]
src/main/java/org/apache/commons/collections4/map/AbstractInputCheckedMapDecorator.java: error: unknown function
	data: [<nil> org/apache/commons/collections4/map/AbstractInputCheckedMapDecorator//MapEntry//MapEntry [pointer(reference(java/lang/Object)) pointer(reference(java/lang/Object))] [entry select(this, parent)]]
src/main/java/org/apache/commons/collections4/map/AbstractInputCheckedMapDecorator.java: error: unknown identifier
	data: array
src/main/java/org/apache/commons/collections4/map/AbstractInputCheckedMapDecorator.java: error: unknown import
	data: org/apache/commons/collections4/keyvalue/AbstractMapEntryDecorator
src/main/java/org/apache/commons/collections4/map/AbstractInputCheckedMapDecorator.java: error: unknown import
	data: org/apache/commons/collections4/set/AbstractSetDecorator
src/main/java/org/apache/commons/collections4/map/AbstractInputCheckedMapDecorator.java: error: unknown function
	data: [genericInstance(reference(java/util/Map), [reference(K), reference(V)]) java/util/Map<K,V>//entrySet [] []]
src/main/java/org/apache/commons/collections4/map/AbstractInputCheckedMapDecorator.java: error: unknown function
	data: [<nil> org/apache/commons/collections4/map/AbstractInputCheckedMapDecorator//EntrySetIterator//EntrySetIterator [pointer(reference(java/lang/Object)) pointer(reference(java/lang/Object))] [unsupported select(this, parent)]]
src/main/java/org/apache/commons/collections4/map/AbstractInputCheckedMapDecorator.java: error: unknown function
	data: [<nil> org/apache/commons/collections4/map/AbstractInputCheckedMapDecorator//MapEntry//MapEntry [pointer(reference(java/lang/Object)) pointer(reference(java/lang/Object))] [cast(index(array, i), pointer(genericInstance(reference(java/util/Map//Entry), [reference(K), reference(V)]))) select(this, parent)]]
src/main/java/org/apache/commons/collections4/map/AbstractInputCheckedMapDecorator.java: error: unknown function
	data: [<nil> getIterator [] []]
src/main/java/org/apache/commons/collections4/map/AbstractInputCheckedMapDecorator.java: error: unknown function
	data: [<nil> getMapEntry [] []]
src/main/java/org/apache/commons/collections4/map/AbstractInputCheckedMapDecorator.java: error: unknown import
	data: java/util/Set
src/main/java/org/apache/commons/collections4/map/AbstractInputCheckedMapDecorator.java: error: not a named type
	data: array(reference(T), primitive(int, 32, false), 0)
src/main/java/org/apache/commons/collections4/map/AbstractInputCheckedMapDecorator.java: error: unknown import
	data: org/apache/commons/collections4/iterators/AbstractIteratorDecorator
src/main/java/org/apache/commons/collections4/map/AbstractInputCheckedMapDecorator.java: error: unknown type
	data: SuppressWarnings
src/main/java/org/apache/commons/collections4/map/AbstractInputCheckedMapDecorator.java: error: unknown function
	data: [<nil> org/apache/commons/collections4/map/AbstractInputCheckedMapDecorator//EntrySet//EntrySet [pointer(reference(java/lang/Object)) pointer(reference(java/lang/Object))] [unsupported this]]
src/main/java/org/apache/commons/collections4/map/AbstractIterableMap.java: error: unknown import
	data: org/apache/commons/collections4/IterableMap
src/main/java/org/apache/commons/collections4/map/AbstractIterableMap.java: error: unknown import
	data: org/apache/commons/collections4/MapIterator
src/main/java/org/apache/commons/collections4/map/AbstractIterableMap.java: error: unknown function
	data: [<nil> entrySet [] []]
src/main/java/org/apache/commons/collections4/map/AbstractLinkedMap.java: internal error: no supported constructor available
	data: [struct(org/apache/commons/collections4/map/AbstractLinkedMap//LinkIterator, [], [pointer(reference(java/lang/Object))], []) function(variable(this, pointer(reference(java/lang/Object))), java/lang/Object//@@constructor!d41d8cd98f00b204e9800998ecf8427e, [], [variable(, pointer(reference(java/lang/Object)))], block([return([this])]))]
src/main/java/org/apache/commons/collections4/map/AbstractLinkedMap.java: error: unknown import
	data: java/util/NoSuchElementException
src/main/java/org/apache/commons/collections4/map/AbstractLinkedMap.java: error: unknown import
	data: org/apache/commons/collections4/ResettableIterator
src/main/java/org/apache/commons/collections4/map/AbstractLinkedMap.java: error: unknown import
	data: org/apache/commons/collections4/iterators/EmptyOrderedIterator
src/main/java/org/apache/commons/collections4/map/AbstractLinkedMap.java: error: error: unresolved type
	data: reference(V)
	child error: (error) Internal error: unknown type:
		"V"
		Stacktrace: goroutine 1 [running]:
		gitlab.nethead.at/symflower/symflower/model/errors.NewInternalError({0x21de060, 0x2d25a00}, {0x12473e0, 0xc000d8bd00})
			gitlab.nethead.at/symflower/symflower/model/errors/error.go:852 +0x4e
		gitlab.nethead.at/symflower/symflower/model/errors.NewProblemWithErrorSeverity(...)
			gitlab.nethead.at/symflower/symflower/model/errors/problem.go:321
		gitlab.nethead.at/symflower/symflower/model/ast.(*Scope).GetType(0xc001cb2378?, {0x2221c70, 0x1})
			gitlab.nethead.at/symflower/symflower/model/ast/scope.go:986 +0x85
		gitlab.nethead.at/symflower/symflower/model/ast.resolve(0xc0001106c0, {0x2205848?, 0xc001dbb460}, 0xe0)
			gitlab.nethead.at/symflower/symflower/model/ast/type-resolve.go:362 +0x78
		gitlab.nethead.at/symflower/symflower/model/ast.ResolveWithPointers(...)
			gitlab.nethead.at/symflower/symflower/model/ast/type-resolve.go:326
		gitlab.nethead.at/symflower/symflower/model/ast.(*TypeGenericInstance).IsCompatibleType(0xc000d7fec0, 0xc0001106c0, {0x2205728?, 0xc001596e40?})
			gitlab.nethead.at/symflower/symflower/model/ast/type.go:3369 +0x230
		gitlab.nethead.at/symflower/symflower/language/java/symbol.(*transpiler).checkFunctionApplicability(0xc00013f540, 0xc0008eb100, {0x2205608?, 0xc00156f880?}, {0x0?, 0x72c05e41c108?, 0x10?}, {0xc000d8b020, 0x1, 0x1})
			gitlab.nethead.at/symflower/symflower/language/java/symbol/overloading.go:406 +0x66b
		gitlab.nethead.at/symflower/symflower/language/java/symbol.(*transpiler).matchOverloadingFunction(0xc00013f540, {0xc000d8b0f0, 0x2, 0x2}, {0x2205608, 0xc00156f880}, {0x0, 0x0, 0x0}, {0xc000d8b020, ...})
			gitlab.nethead.at/symflower/symflower/language/java/symbol/overloading.go:451 +0x217
		gitlab.nethead.at/symflower/symflower/language/java/symbol.(*transpiler).getFunction(0xc00013f540, {0x2205608, 0xc00156f880}, {0xc002334000, 0x52}, {0x0, 0x0, 0x0}, {0xc000d8b020, 0x1, ...})
			gitlab.nethead.at/symflower/symflower/language/java/symbol/overloading.go:224 +0xd2
		gitlab.nethead.at/symflower/symflower/language/java/symbol.(*transpiler).assignmentToConstructorCall(0xc00013f540, 0xc00050d200, {0xc000c77ca0, 0x2, 0x2}, {0xc000d8b020, 0x1, 0x1}, {0x40001be00000e, 0x40001be00003a}, ...)
			gitlab.nethead.at/symflower/symflower/language/java/symbol/generate.go:126 +0x22f
		gitlab.nethead.at/symflower/symflower/language/java/symbol.(*transpiler).handleExplicitConstructorCall(0xc00013f540, 0xc0008de960, 0xc0007b4780)
			gitlab.nethead.at/symflower/symflower/language/java/symbol/handle.go:3921 +0x2bb
		gitlab.nethead.at/symflower/symflower/language/java/symbol.(*transpiler).handleStatement(0xc00013f540, 0xc0008de960, {0x21f71e0, 0xc0007b4780})
			gitlab.nethead.at/symflower/symflower/language/java/symbol/handle.go:4413 +0x6bb
		gitlab.nethead.at/symflower/symflower/language/java/symbol.(*transpiler).handleStatements(0xc00013f540, 0xc0008de960, {0xc00077ea40, 0x1, 0xc0001106c0?})
			gitlab.nethead.at/symflower/symflower/language/java/symbol/handle.go:3731 +0x85
		gitlab.nethead.at/symflower/symflower/language/java/symbol.(*transpiler).handleBlock.func1()
			gitlab.nethead.at/symflower/symflower/language/java/symbol/handle.go:3712 +0x45
		gitlab.nethead.at/symflower/symflower/model/ast.(*Scope).Scoped(0xc0001106c0, 0xc001cb2dd8)
			gitlab.nethead.at/symflower/symflower/model/ast/scope.go:297 +0x162
		gitlab.nethead.at/symflower/symflower/language/java/symbol.(*transpiler).handleBlock(0xc00013f540, 0xc0008de960, 0xc0007be1b0)
			gitlab.nethead.at/symflower/symflower/language/java/symbol/handle.go:3711 +0x9e
		gitlab.nethead.at/symflower/symflower/language/java/symbol.(*transpiler).handleConstructorDeclarationBody.(*transpiler).handleScopedBlockStatement.func1()
			gitlab.nethead.at/symflower/symflower/language/java/symbol/handle.go:2716 +0x205
		gitlab.nethead.at/symflower/symflower/model/ast.(*Scope).Scoped(0xc0001106c0, 0xc001cb30a0)
			gitlab.nethead.at/symflower/symflower/model/ast/scope.go:297 +0x162
		gitlab.nethead.at/symflower/symflower/language/java/symbol.(*transpiler).handleScopedBlockStatement(...)
			gitlab.nethead.at/symflower/symflower/language/java/symbol/handle.go:2693
		gitlab.nethead.at/symflower/symflower/language/java/symbol.(*transpiler).handleConstructorDeclarationBody(0xc00013f540, 0xc0008de960, 0xc0008ea500)
			gitlab.nethead.at/symflower/symflower/language/java/symbol/handle.go:1723 +0x2b1
		gitlab.nethead.at/symflower/symflower/language/java/symbol.(*transpiler).handleClassAndInterfaceDeclarationBodies(0xc00013f540, 0xc0008de960, 0xc00050cfc0)
			gitlab.nethead.at/symflower/symflower/language/java/symbol/handle.go:1530 +0x30e
		gitlab.nethead.at/symflower/symflower/language/java/symbol.(*transpiler).handleClassDeclarationBodies(0xc00013f540, 0xc0008de960, 0xc00050cfc0)
			gitlab.nethead.at/symflower/symflower/language/java/symbol/handle.go:1419 +0x106
		gitlab.nethead.at/symflower/symflower/language/java/symbol.(*transpiler).handleBodies.func1(0xc0008de960, {0x2207578, 0xc00050cfc0})
			gitlab.nethead.at/symflower/symflower/language/java/symbol/symbols.go:532 +0x1ff
		gitlab.nethead.at/symflower/symflower/language/java/symbol.(*transpiler).walkSubDeclarations(0xc00013f540, 0xc0008de960, 0xc001cb3760, 0xc0003fc900, 0xc0008e0b40, {0x2207578, 0xc00050cfc0})
			gitlab.nethead.at/symflower/symflower/language/java/symbol/symbols.go:869 +0x1ee
		gitlab.nethead.at/symflower/symflower/language/java/symbol.(*transpiler).walkSubDeclarations(0xc00013f540, 0xc0008de960, 0xc001cb3760, 0xc0003fc900, 0xc0008e0b40, {0x2207578, 0xc00050cd80})
			gitlab.nethead.at/symflower/symflower/language/java/symbol/symbols.go:880 +0x3b6
		gitlab.nethead.at/symflower/symflower/language/java/symbol.(*transpiler).walkFile(0xc00013f540, 0x1, 0x2088c58, 0xc001cb3760, 0xc0003fc900, 0xc0008e0b40)
			gitlab.nethead.at/symflower/symflower/language/java/symbol/symbols.go:625 +0x3c5
		gitlab.nethead.at/symflower/symflower/language/java/symbol.(*transpiler).walkPackage(0xc00013f540, 0x1, 0x2088c58, 0xc001cb3760, 0xc0003fc900)
			gitlab.nethead.at/symflower/symflower/language/java/symbol/symbols.go:583 +0x225
		gitlab.nethead.at/symflower/symflower/language/java/symbol.(*transpiler).walkFilesAndDeclarations(0xc00013f540, 0x1, 0x2088c58, 0xc001cb3760)
			gitlab.nethead.at/symflower/symflower/language/java/symbol/symbols.go:566 +0xa5
		gitlab.nethead.at/symflower/symflower/language/java/symbol.(*transpiler).handleBodies(0xc00013f540)
			gitlab.nethead.at/symflower/symflower/language/java/symbol/symbols.go:513 +0x65
		gitlab.nethead.at/symflower/symflower/language/java/symbol.symbolsWithDependencies(0xc000010798, {0x0?, 0x41aa94?, 0x13e43a0?}, 0x1)
			gitlab.nethead.at/symflower/symflower/language/java/symbol/symbols.go:486 +0x147
		gitlab.nethead.at/symflower/symflower/language/java/symbol.Symbols(0xc000010798, 0x1)
			gitlab.nethead.at/symflower/symflower/language/java/symbol/symbols.go:457 +0xf2
		gitlab.nethead.at/symflower/symflower/language/java.Adapter.Symbols(...)
			gitlab.nethead.at/symflower/symflower/language/java/symbols.go:29
		gitlab.nethead.at/symflower/symflower/cmd/symflower-local/generate.(*Generator).transpileLanguage(0xc000470bd0, 0x0, 0x0, {0x220c620, 0x2e6b360})
			gitlab.nethead.at/symflower/symflower/cmd/symflower-local/generate/generate.go:136 +0x373
		gitlab.nethead.at/symflower/symflower/cmd/symflower-local/generate.(*Generator).Symbols(0xc000470bd0, 0x0, 0x0)
			gitlab.nethead.at/symflower/symflower/cmd/symflower-local/generate/generate.go:94 +0x136
		gitlab.nethead.at/symflower/symflower/cmd/symflower-local/generate.(*AnalyzeEngineDefault).UnitTests(0x30?, 0x124bba0?, {0x21eb890?, 0xc00011c8d0?}, {0x60?, 0x46?, 0x4?, 0x0?}, 0x30?, {0xc0000ff440, ...})
			gitlab.nethead.at/symflower/symflower/cmd/symflower-local/generate/analyze.go:153 +0x77
		gitlab.nethead.at/symflower/symflower/cmd/symflower-local/cmd.(*commandUnitTests).Execute(0xc0004ba3d8, {0xc0004ba008?, 0x72c05e21cb18?, 0xc0004ba3d8?})
			gitlab.nethead.at/symflower/symflower/cmd/symflower-local/cmd/unit-tests.go:85 +0x2a6
		gitlab.nethead.at/symflower/symflower/cmd.ExecuteNoExit({0x21de020, 0xc0004ba008}, {0xc00003e050?, 0x44?, 0x0?})
			gitlab.nethead.at/symflower/symflower/cmd/execute.go:59 +0x2ad
		gitlab.nethead.at/symflower/symflower/cmd.Execute({0x21de020?, 0xc0004ba008?}, {0xc00003e050?, 0xc000408000?, 0xc000051f10?})
			gitlab.nethead.at/symflower/symflower/cmd/execute.go:17 +0x26
		gitlab.nethead.at/symflower/symflower/cmd.ExecuteWithOSArguments(...)
			gitlab.nethead.at/symflower/symflower/cmd/execute.go:78
		main.main.func1()
			gitlab.nethead.at/symflower/symflower/cmd/symflower-demo/main.go:39 +0x34
		gitlab.nethead.at/symflower/symflower/cmd/symflower-local/cmd.(*Command).WithPanicReporter(0xc0000b2060?, 0x0?)
			gitlab.nethead.at/symflower/symflower/cmd/symflower-local/cmd/cmd.go:151 +0x33
		main.main()
			gitlab.nethead.at/symflower/symflower/cmd/symflower-demo/main.go:38 +0x7f
src/main/java/org/apache/commons/collections4/map/AbstractLinkedMap.java: error: unknown import
	data: org/apache/commons/collections4/OrderedIterator
src/main/java/org/apache/commons/collections4/map/AbstractLinkedMap.java: error: unknown import
	data: org/apache/commons/collections4/OrderedMapIterator
src/main/java/org/apache/commons/collections4/map/AbstractLinkedMap.java: error: unknown import
	data: org/apache/commons/collections4/iterators/EmptyOrderedMapIterator
src/main/java/org/apache/commons/collections4/map/AbstractLinkedMap.java: error: unknown function
	data: [<nil> isEqualValue [] [value call(select(ensure_not_nil(entry), getValue!d41d8cd98f00b204e9800998ecf8427e), [])]]
src/main/java/org/apache/commons/collections4/map/AbstractLinkedMap.java: error: error: unresolved type
	data: reference(K)
	child error: (error) Internal error: unknown type:
		"K"
		Stacktrace: goroutine 1 [running]:
		gitlab.nethead.at/symflower/symflower/model/errors.NewInternalError({0x21de060, 0x2d25a00}, {0x12473e0, 0xc0029d67f0})
			gitlab.nethead.at/symflower/symflower/model/errors/error.go:852 +0x4e
		gitlab.nethead.at/symflower/symflower/model/errors.NewProblemWithErrorSeverity(...)
			gitlab.nethead.at/symflower/symflower/model/errors/problem.go:321
		gitlab.nethead.at/symflower/symflower/model/ast.(*Scope).GetType(0xc001cb2378?, {0x2221c18, 0x1})
			gitlab.nethead.at/symflower/symflower/model/ast/scope.go:986 +0x85
		gitlab.nethead.at/symflower/symflower/model/ast.resolve(0xc0001106c0, {0x2205848?, 0xc001dbb440}, 0xe0)
			gitlab.nethead.at/symflower/symflower/model/ast/type-resolve.go:362 +0x78
		gitlab.nethead.at/symflower/symflower/model/ast.ResolveWithPointers(...)
			gitlab.nethead.at/symflower/symflower/model/ast/type-resolve.go:326
		gitlab.nethead.at/symflower/symflower/model/ast.(*TypeGenericInstance).IsCompatibleType(0xc000d7fec0, 0xc0001106c0, {0x2205728?, 0xc000e89c80?})
			gitlab.nethead.at/symflower/symflower/model/ast/type.go:3369 +0x230
		gitlab.nethead.at/symflower/symflower/language/java/symbol.(*transpiler).checkFunctionApplicability(0xc00013f540, 0xc0008eb100, {0x2205608?, 0xc000d5ac00?}, {0x0?, 0x72c05e41c5c0?, 0x10?}, {0xc0029d6700, 0x1, 0x1})
			gitlab.nethead.at/symflower/symflower/language/java/symbol/overloading.go:406 +0x66b
		gitlab.nethead.at/symflower/symflower/language/java/symbol.(*transpiler).matchOverloadingFunction(0xc00013f540, {0xc0029d6780, 0x2, 0x2}, {0x2205608, 0xc000d5ac00}, {0x0, 0x0, 0x0}, {0xc0029d6700, ...})
			gitlab.nethead.at/symflower/symflower/language/java/symbol/overloading.go:451 +0x217
		gitlab.nethead.at/symflower/symflower/language/java/symbol.(*transpiler).getFunction(0xc00013f540, {0x2205608, 0xc000d5ac00}, {0xc001aa2600, 0x52}, {0x0, 0x0, 0x0}, {0xc0029d6700, 0x1, ...})
			gitlab.nethead.at/symflower/symflower/language/java/symbol/overloading.go:224 +0xd2
		gitlab.nethead.at/symflower/symflower/language/java/symbol.(*transpiler).assignmentToConstructorCall(0xc00013f540, 0xc00050d200, {0xc000d76260, 0x2, 0x2}, {0xc0029d6700, 0x1, 0x1}, {0x40001e100000e, 0x40001e100003a}, ...)
			gitlab.nethead.at/symflower/symflower/language/java/symbol/generate.go:126 +0x22f
		gitlab.nethead.at/symflower/symflower/language/java/symbol.(*transpiler).handleExplicitConstructorCall(0xc00013f540, 0xc0008de960, 0xc0007b4cc0)
			gitlab.nethead.at/symflower/symflower/language/java/symbol/handle.go:3921 +0x2bb
		gitlab.nethead.at/symflower/symflower/language/java/symbol.(*transpiler).handleStatement(0xc00013f540, 0xc0008de960, {0x21f71e0, 0xc0007b4cc0})
			gitlab.nethead.at/symflower/symflower/language/java/symbol/handle.go:4413 +0x6bb
		gitlab.nethead.at/symflower/symflower/language/java/symbol.(*transpiler).handleStatements(0xc00013f540, 0xc0008de960, {0xc00077eb50, 0x1, 0xc0001106c0?})
			gitlab.nethead.at/symflower/symflower/language/java/symbol/handle.go:3731 +0x85
		gitlab.nethead.at/symflower/symflower/language/java/symbol.(*transpiler).handleBlock.func1()
			gitlab.nethead.at/symflower/symflower/language/java/symbol/handle.go:3712 +0x45
		gitlab.nethead.at/symflower/symflower/model/ast.(*Scope).Scoped(0xc0001106c0, 0xc001cb2dd8)
			gitlab.nethead.at/symflower/symflower/model/ast/scope.go:297 +0x162
		gitlab.nethead.at/symflower/symflower/language/java/symbol.(*transpiler).handleBlock(0xc00013f540, 0xc0008de960, 0xc0007be6c0)
			gitlab.nethead.at/symflower/symflower/language/java/symbol/handle.go:3711 +0x9e
		gitlab.nethead.at/symflower/symflower/language/java/symbol.(*transpiler).handleConstructorDeclarationBody.(*transpiler).handleScopedBlockStatement.func1()
			gitlab.nethead.at/symflower/symflower/language/java/symbol/handle.go:2716 +0x205
		gitlab.nethead.at/symflower/symflower/model/ast.(*Scope).Scoped(0xc0001106c0, 0xc001cb30a0)
			gitlab.nethead.at/symflower/symflower/model/ast/scope.go:297 +0x162
		gitlab.nethead.at/symflower/symflower/language/java/symbol.(*transpiler).handleScopedBlockStatement(...)
			gitlab.nethead.at/symflower/symflower/language/java/symbol/handle.go:2693
		gitlab.nethead.at/symflower/symflower/language/java/symbol.(*transpiler).handleConstructorDeclarationBody(0xc00013f540, 0xc0008de960, 0xc0008eaa00)
			gitlab.nethead.at/symflower/symflower/language/java/symbol/handle.go:1723 +0x2b1
		gitlab.nethead.at/symflower/symflower/language/java/symbol.(*transpiler).handleClassAndInterfaceDeclarationBodies(0xc00013f540, 0xc0008de960, 0xc00050d080)
			gitlab.nethead.at/symflower/symflower/language/java/symbol/handle.go:1530 +0x30e
		gitlab.nethead.at/symflower/symflower/language/java/symbol.(*transpiler).handleClassDeclarationBodies(0xc00013f540, 0xc0008de960, 0xc00050d080)
			gitlab.nethead.at/symflower/symflower/language/java/symbol/handle.go:1419 +0x106
		gitlab.nethead.at/symflower/symflower/language/java/symbol.(*transpiler).handleBodies.func1(0xc0008de960, {0x2207578, 0xc00050d080})
			gitlab.nethead.at/symflower/symflower/language/java/symbol/symbols.go:532 +0x1ff
		gitlab.nethead.at/symflower/symflower/language/java/symbol.(*transpiler).walkSubDeclarations(0xc00013f540, 0xc0008de960, 0xc001cb3760, 0xc0003fc900, 0xc0008e0b40, {0x2207578, 0xc00050d080})
			gitlab.nethead.at/symflower/symflower/language/java/symbol/symbols.go:869 +0x1ee
		gitlab.nethead.at/symflower/symflower/language/java/symbol.(*transpiler).walkSubDeclarations(0xc00013f540, 0xc0008de960, 0xc001cb3760, 0xc0003fc900, 0xc0008e0b40, {0x2207578, 0xc00050cd80})
			gitlab.nethead.at/symflower/symflower/language/java/symbol/symbols.go:880 +0x3b6
		gitlab.nethead.at/symflower/symflower/language/java/symbol.(*transpiler).walkFile(0xc00013f540, 0x1, 0x2088c58, 0xc001cb3760, 0xc0003fc900, 0xc0008e0b40)
			gitlab.nethead.at/symflower/symflower/language/java/symbol/symbols.go:625 +0x3c5
		gitlab.nethead.at/symflower/symflower/language/java/symbol.(*transpiler).walkPackage(0xc00013f540, 0x1, 0x2088c58, 0xc001cb3760, 0xc0003fc900)
			gitlab.nethead.at/symflower/symflower/language/java/symbol/symbols.go:583 +0x225
		gitlab.nethead.at/symflower/symflower/language/java/symbol.(*transpiler).walkFilesAndDeclarations(0xc00013f540, 0x1, 0x2088c58, 0xc001cb3760)
			gitlab.nethead.at/symflower/symflower/language/java/symbol/symbols.go:566 +0xa5
		gitlab.nethead.at/symflower/symflower/language/java/symbol.(*transpiler).handleBodies(0xc00013f540)
			gitlab.nethead.at/symflower/symflower/language/java/symbol/symbols.go:513 +0x65
		gitlab.nethead.at/symflower/symflower/language/java/symbol.symbolsWithDependencies(0xc000010798, {0x0?, 0x41aa94?, 0x13e43a0?}, 0x1)
			gitlab.nethead.at/symflower/symflower/language/java/symbol/symbols.go:486 +0x147
		gitlab.nethead.at/symflower/symflower/language/java/symbol.Symbols(0xc000010798, 0x1)
			gitlab.nethead.at/symflower/symflower/language/java/symbol/symbols.go:457 +0xf2
		gitlab.nethead.at/symflower/symflower/language/java.Adapter.Symbols(...)
			gitlab.nethead.at/symflower/symflower/language/java/symbols.go:29
		gitlab.nethead.at/symflower/symflower/cmd/symflower-local/generate.(*Generator).transpileLanguage(0xc000470bd0, 0x0, 0x0, {0x220c620, 0x2e6b360})
			gitlab.nethead.at/symflower/symflower/cmd/symflower-local/generate/generate.go:136 +0x373
		gitlab.nethead.at/symflower/symflower/cmd/symflower-local/generate.(*Generator).Symbols(0xc000470bd0, 0x0, 0x0)
			gitlab.nethead.at/symflower/symflower/cmd/symflower-local/generate/generate.go:94 +0x136
		gitlab.nethead.at/symflower/symflower/cmd/symflower-local/generate.(*AnalyzeEngineDefault).UnitTests(0x30?, 0x124bba0?, {0x21eb890?, 0xc00011c8d0?}, {0x60?, 0x46?, 0x4?, 0x0?}, 0x30?, {0xc0000ff440, ...})
			gitlab.nethead.at/symflower/symflower/cmd/symflower-local/generate/analyze.go:153 +0x77
		gitlab.nethead.at/symflower/symflower/cmd/symflower-local/cmd.(*commandUnitTests).Execute(0xc0004ba3d8, {0xc0004ba008?, 0x72c05e21cb18?, 0xc0004ba3d8?})
			gitlab.nethead.at/symflower/symflower/cmd/symflower-local/cmd/unit-tests.go:85 +0x2a6
		gitlab.nethead.at/symflower/symflower/cmd.ExecuteNoExit({0x21de020, 0xc0004ba008}, {0xc00003e050?, 0x44?, 0x0?})
			gitlab.nethead.at/symflower/symflower/cmd/execute.go:59 +0x2ad
		gitlab.nethead.at/symflower/symflower/cmd.Execute({0x21de020?, 0xc0004ba008?}, {0xc00003e050?, 0xc000408000?, 0xc000051f10?})
			gitlab.nethead.at/symflower/symflower/cmd/execute.go:17 +0x26
		gitlab.nethead.at/symflower/symflower/cmd.ExecuteWithOSArguments(...)
			gitlab.nethead.at/symflower/symflower/cmd/execute.go:78
		main.main.func1()
			gitlab.nethead.at/symflower/symflower/cmd/symflower-demo/main.go:39 +0x34
		gitlab.nethead.at/symflower/symflower/cmd/symflower-local/cmd.(*Command).WithPanicReporter(0xc0000b2060?, 0x0?)
			gitlab.nethead.at/symflower/symflower/cmd/symflower-local/cmd/cmd.go:151 +0x33
		main.main()
			gitlab.nethead.at/symflower/symflower/cmd/symflower-demo/main.go:38 +0x7f
src/main/java/org/apache/commons/collections4/map/AbstractLinkedMap.java: error: unknown import
	data: java/util/ConcurrentModificationException
src/main/java/org/apache/commons/collections4/map/AbstractLinkedMap.java: error: unknown import
	data: org/apache/commons/collections4/OrderedMap
src/main/java/org/apache/commons/collections4/map/AbstractLinkedMap.java: error: unknown type
	data: SuppressWarnings
src/main/java/org/apache/commons/collections4/map/AbstractLinkedMap.java: error: unknown function
	data: [<nil> convertKey [] [key]]
src/main/java/org/apache/commons/collections4/map/AbstractMapDecorator.java: error: unknown import
	data: java/util/Set
src/main/java/org/apache/commons/collections4/map/AbstractMapDecorator.java: error: unknown function
	data: [genericInstance(reference(java/util/Map), [reference(K), reference(V)]) java/util/Map<K,V>//entrySet [] []]
src/main/java/org/apache/commons/collections4/map/AbstractMapDecorator.java: error: unknown function
	data: [genericInstance(reference(java/util/Map), [reference(K), reference(V)]) java/util/Map<K,V>//keySet [] []]
src/main/java/org/apache/commons/collections4/map/AbstractMapDecorator.java: error: unknown function
	data: [genericInstance(reference(java/util/Map), [reference(K), reference(V)]) java/util/Map<K,V>//putAll [] [mapToCopy]]
src/main/java/org/apache/commons/collections4/map/AbstractOrderedMapDecorator.java: error: unknown function
	data: [genericInstance(reference(org/apache/commons/collections4/map/AbstractMapDecorator), [reference(K), reference(V)]) org/apache/commons/collections4/map/AbstractMapDecorator//@@constructor [] [map]]
src/main/java/org/apache/commons/collections4/map/AbstractOrderedMapDecorator.java: error: unknown import
	data: org/apache/commons/collections4/OrderedMap
src/main/java/org/apache/commons/collections4/map/AbstractOrderedMapDecorator.java: error: unknown import
	data: org/apache/commons/collections4/OrderedMapIterator
src/main/java/org/apache/commons/collections4/map/AbstractReferenceMap.java: error: unknown import
	data: java/lang/ref/ReferenceQueue
src/main/java/org/apache/commons/collections4/map/AbstractReferenceMap.java: error: unknown function
	data: [<nil> org/apache/commons/collections4/map/AbstractReferenceMap//ReferenceKeySet//ReferenceKeySet [reference(K)] [this]]
src/main/java/org/apache/commons/collections4/map/AbstractReferenceMap.java: error: unknown function
	data: [pointer(reference(java/io/ObjectInputStream)) java/io/ObjectInputStream//readInt [] []]
src/main/java/org/apache/commons/collections4/map/AbstractReferenceMap.java: error: unknown function
	data: [<nil> java/util/ArrayList//ArrayList [reference(K)] [call(select(this, size!d41d8cd98f00b204e9800998ecf8427e), [])]]
src/main/java/org/apache/commons/collections4/map/AbstractReferenceMap.java: error: unknown type
	data: SuppressWarnings
src/main/java/org/apache/commons/collections4/map/AbstractReferenceMap.java: error: unknown import
	data: java/util/NoSuchElementException
src/main/java/org/apache/commons/collections4/map/AbstractReferenceMap.java: internal error: no supported constructor available
	data: [struct(org/apache/commons/collections4/map/AbstractReferenceMap//ReferenceBaseIterator, [], [pointer(reference(java/lang/Object))], []) function(variable(this, pointer(reference(java/lang/Object))), java/lang/Object//@@constructor!d41d8cd98f00b204e9800998ecf8427e, [], [variable(, pointer(reference(java/lang/Object)))], block([return([this])]))]
src/main/java/org/apache/commons/collections4/map/AbstractReferenceMap.java: internal error: not all elements have the same type
	data: declaration([current], [pointer(genericInstance(reference(org/apache/commons/collections4/map/AbstractHashedMap//HashEntry), [reference(K), reference(V)]))], [call(select(this, currentEntry!d41d8cd98f00b204e9800998ecf8427e), [])], Modifier(1048584))
src/main/java/org/apache/commons/collections4/map/AbstractReferenceMap.java: error: unknown function
	data: [pointer(reference(java/io/ObjectInputStream)) java/io/ObjectInputStream//readBoolean [] []]
src/main/java/org/apache/commons/collections4/map/AbstractReferenceMap.java: error: unknown function
	data: [<nil> java/util/ArrayList//ArrayList [reference(V)] [call(select(this, size!d41d8cd98f00b204e9800998ecf8427e), [])]]
src/main/java/org/apache/commons/collections4/map/AbstractReferenceMap.java: internal error: not all elements have the same type
	data: declaration([current], [pointer(genericInstance(reference(org/apache/commons/collections4/map/AbstractHashedMap//HashEntry), [reference(K), reference(V)]))], [call(select(this, currentEntry!d41d8cd98f00b204e9800998ecf8427e), [])], Modifier(1048584))
src/main/java/org/apache/commons/collections4/map/AbstractReferenceMap.java: error: unknown function
	data: [pointer(reference(java/io/ObjectOutputStream)) java/io/ObjectOutputStream//writeInt [] [select(call(org/apache/commons/collections4/map/AbstractReferenceMap//@@ReferenceStrength//@@box!cdb7a01df6c164b056513d0018a2c296, [select(this, keyType)]), value)]]
src/main/java/org/apache/commons/collections4/map/AbstractReferenceMap.java: error: unknown function
	data: [pointer(reference(java/io/ObjectOutputStream)) java/io/ObjectOutputStream//writeObject [] [unsupported]]
src/main/java/org/apache/commons/collections4/map/AbstractReferenceMap.java: error: unknown function
	data: [pointer(genericInstance(reference(java/util/Map//Entry), [wildcard(, pointer(reference(java/lang/Object))), wildcard(, pointer(reference(java/lang/Object)))])) java/util/Map//Entry<descendant of java/lang/Object,descendant of java/lang/Object>//getValue [] []]
src/main/java/org/apache/commons/collections4/map/AbstractReferenceMap.java: error: unknown import
	data: java/util/ConcurrentModificationException
src/main/java/org/apache/commons/collections4/map/AbstractReferenceMap.java: error: unknown import
	data: org/apache/commons/collections4/keyvalue/DefaultMapEntry
src/main/java/org/apache/commons/collections4/map/AbstractReferenceMap.java: error: unknown identifier
	data: entry
src/main/java/org/apache/commons/collections4/map/AbstractReferenceMap.java: error: unknown function
	data: [pointer(genericInstance(reference(java/util/Map//Entry), [wildcard(, pointer(reference(java/lang/Object))), wildcard(, pointer(reference(java/lang/Object)))])) java/util/Map//Entry<descendant of java/lang/Object,descendant of java/lang/Object>//getKey [] []]
src/main/java/org/apache/commons/collections4/map/AbstractReferenceMap.java: internal error: not all elements have the same type
	data: declaration([current], [pointer(genericInstance(reference(org/apache/commons/collections4/map/AbstractHashedMap//HashEntry), [reference(K), reference(V)]))], [call(select(this, currentEntry!d41d8cd98f00b204e9800998ecf8427e), [])], Modifier(1048584))
src/main/java/org/apache/commons/collections4/map/AbstractReferenceMap.java: error: unknown function
	data: [pointer(reference(java/io/ObjectOutputStream)) java/io/ObjectOutputStream//writeInt [] [select(call(org/apache/commons/collections4/map/AbstractReferenceMap//@@ReferenceStrength//@@box!cdb7a01df6c164b056513d0018a2c296, [select(this, valueType)]), value)]]
src/main/java/org/apache/commons/collections4/map/AbstractReferenceMap.java: error: unknown function
	data: [pointer(reference(java/io/ObjectOutputStream)) java/io/ObjectOutputStream//writeBoolean [] [select(this, purgeValues)]]
src/main/java/org/apache/commons/collections4/map/AbstractReferenceMap.java: error: unknown function
	data: [pointer(genericInstance(reference(java/util/List), [reference(K)])) java/util/List<K>//toArray [] [arr]]
src/main/java/org/apache/commons/collections4/map/AbstractReferenceMap.java: error: unknown import
	data: org/apache/commons/collections4/MapIterator
src/main/java/org/apache/commons/collections4/map/AbstractReferenceMap.java: error: unknown function
	data: [pointer(reference(java/io/ObjectInputStream)) java/io/ObjectInputStream//readObject [] []]
src/main/java/org/apache/commons/collections4/map/AbstractReferenceMap.java: error: unknown function
	data: [pointer(genericInstance(reference(java/util/ArrayList), [pointer(genericInstance(reference(java/util/Map//Entry), [reference(K), reference(V)]))])) java/util/ArrayList<java/util/Map//Entry<K,V>>//toArray [] [arr]]
src/main/java/org/apache/commons/collections4/map/AbstractReferenceMap.java: error: unknown type
	data: K
src/main/java/org/apache/commons/collections4/map/AbstractReferenceMap.java: error: unknown import
	data: java/lang/ref/Reference
src/main/java/org/apache/commons/collections4/map/AbstractReferenceMap.java: error: unknown type
	data: Entry
src/main/java/org/apache/commons/collections4/map/AbstractReferenceMap.java: error: unknown function
	data: [<nil> org/apache/commons/collections4/map/AbstractReferenceMap//ReferenceEntrySet//ReferenceEntrySet [reference(K) reference(V)] [this]]
src/main/java/org/apache/commons/collections4/map/AbstractReferenceMap.java: error: unknown import
	data: java/util/Set
src/main/java/org/apache/commons/collections4/map/AbstractReferenceMap.java: error: unknown identifier
	data: ref
src/main/java/org/apache/commons/collections4/map/AbstractReferenceMap.java: error: unknown function
	data: [pointer(reference(java/io/ObjectInputStream)) java/io/ObjectInputStream//readFloat [] []]
src/main/java/org/apache/commons/collections4/map/AbstractReferenceMap.java: error: unknown function
	data: [<nil> toReference [] [select(parent, keyType) key hashCode]]
src/main/java/org/apache/commons/collections4/map/AbstractReferenceMap.java: error: unknown function
	data: [<nil> toReference [] [select(select(this, parent), valueType) obj select(select(this, @org/apache/commons/collections4/map/AbstractHashedMap//HashEntry), hashCode)]]
src/main/java/org/apache/commons/collections4/map/AbstractReferenceMap.java: error: unknown function
	data: [pointer(reference(java/io/ObjectOutputStream)) java/io/ObjectOutputStream//writeFloat [] [select(select(this, @org/apache/commons/collections4/map/AbstractHashedMap), loadFactor)]]
src/main/java/org/apache/commons/collections4/map/AbstractReferenceMap.java: error: error: unresolved type
	data: reference(K)
	child error: (error) Internal error: unknown type:
		"K"
		Stacktrace: goroutine 1 [running]:
		gitlab.nethead.at/symflower/symflower/model/errors.NewInternalError({0x21de060, 0x2d25a00}, {0x12473e0, 0xc000940a20})
			gitlab.nethead.at/symflower/symflower/model/errors/error.go:852 +0x4e
		gitlab.nethead.at/symflower/symflower/model/errors.NewProblemWithErrorSeverity(...)
			gitlab.nethead.at/symflower/symflower/model/errors/problem.go:321
		gitlab.nethead.at/symflower/symflower/model/ast.(*Scope).GetType(0xc000ec0378?, {0x2221c18, 0x1})
			gitlab.nethead.at/symflower/symflower/model/ast/scope.go:986 +0x85
		gitlab.nethead.at/symflower/symflower/model/ast.resolve(0xc0001106c0, {0x2205848?, 0xc000ca5540}, 0xe0)
			gitlab.nethead.at/symflower/symflower/model/ast/type-resolve.go:362 +0x78
		gitlab.nethead.at/symflower/symflower/model/ast.ResolveWithPointers(...)
			gitlab.nethead.at/symflower/symflower/model/ast/type-resolve.go:326
		gitlab.nethead.at/symflower/symflower/model/ast.(*TypeGenericInstance).IsCompatibleType(0xc001222000, 0xc0001106c0, {0x2205728?, 0xc0013af140?})
			gitlab.nethead.at/symflower/symflower/model/ast/type.go:3369 +0x230
		gitlab.nethead.at/symflower/symflower/language/java/symbol.(*transpiler).checkFunctionApplicability(0xc00013f540, 0xc0008fb900, {0x2205608?, 0xc001610380?}, {0x0?, 0x72c05e41c5c0?, 0x10?}, {0xc0009407f0, 0x1, 0x1})
			gitlab.nethead.at/symflower/symflower/language/java/symbol/overloading.go:406 +0x66b
		gitlab.nethead.at/symflower/symflower/language/java/symbol.(*transpiler).matchOverloadingFunction(0xc00013f540, {0xc000940900, 0x2, 0x2}, {0x2205608, 0xc001610380}, {0x0, 0x0, 0x0}, {0xc0009407f0, ...})
			gitlab.nethead.at/symflower/symflower/language/java/symbol/overloading.go:451 +0x217
		gitlab.nethead.at/symflower/symflower/language/java/symbol.(*transpiler).getFunction(0xc00013f540, {0x2205608, 0xc001610380}, {0xc001feafc0, 0x5e}, {0x0, 0x0, 0x0}, {0xc0009407f0, 0x1, ...})
			gitlab.nethead.at/symflower/symflower/language/java/symbol/overloading.go:224 +0xd2
		gitlab.nethead.at/symflower/symflower/language/java/symbol.(*transpiler).assignmentToConstructorCall(0xc00013f540, 0xc00050d980, {0xc000878ac0, 0x2, 0x2}, {0xc0009407f0, 0x1, 0x1}, {0x700037700000e, 0x700037700003d}, ...)
			gitlab.nethead.at/symflower/symflower/language/java/symbol/generate.go:126 +0x22f
		gitlab.nethead.at/symflower/symflower/language/java/symbol.(*transpiler).handleExplicitConstructorCall(0xc00013f540, 0xc0008f0060, 0xc00062bbc0)
			gitlab.nethead.at/symflower/symflower/language/java/symbol/handle.go:3921 +0x2bb
		gitlab.nethead.at/symflower/symflower/language/java/symbol.(*transpiler).handleStatement(0xc00013f540, 0xc0008f0060, {0x21f71e0, 0xc00062bbc0})
			gitlab.nethead.at/symflower/symflower/language/java/symbol/handle.go:4413 +0x6bb
		gitlab.nethead.at/symflower/symflower/language/java/symbol.(*transpiler).handleStatements(0xc00013f540, 0xc0008f0060, {0xc00060c6b0, 0x1, 0xc0001106c0?})
			gitlab.nethead.at/symflower/symflower/language/java/symbol/handle.go:3731 +0x85
		gitlab.nethead.at/symflower/symflower/language/java/symbol.(*transpiler).handleBlock.func1()
			gitlab.nethead.at/symflower/symflower/language/java/symbol/handle.go:3712 +0x45
		gitlab.nethead.at/symflower/symflower/model/ast.(*Scope).Scoped(0xc0001106c0, 0xc000ec0dd8)
			gitlab.nethead.at/symflower/symflower/model/ast/scope.go:297 +0x162
		gitlab.nethead.at/symflower/symflower/language/java/symbol.(*transpiler).handleBlock(0xc00013f540, 0xc0008f0060, 0xc000656090)
			gitlab.nethead.at/symflower/symflower/language/java/symbol/handle.go:3711 +0x9e
		gitlab.nethead.at/symflower/symflower/language/java/symbol.(*transpiler).handleConstructorDeclarationBody.(*transpiler).handleScopedBlockStatement.func1()
			gitlab.nethead.at/symflower/symflower/language/java/symbol/handle.go:2716 +0x205
		gitlab.nethead.at/symflower/symflower/model/ast.(*Scope).Scoped(0xc0001106c0, 0xc000ec10a0)
			gitlab.nethead.at/symflower/symflower/model/ast/scope.go:297 +0x162
		gitlab.nethead.at/symflower/symflower/language/java/symbol.(*transpiler).handleScopedBlockStatement(...)
			gitlab.nethead.at/symflower/symflower/language/java/symbol/handle.go:2693
		gitlab.nethead.at/symflower/symflower/language/java/symbol.(*transpiler).handleConstructorDeclarationBody(0xc00013f540, 0xc0008f0060, 0xc0008fe700)
			gitlab.nethead.at/symflower/symflower/language/java/symbol/handle.go:1723 +0x2b1
		gitlab.nethead.at/symflower/symflower/language/java/symbol.(*transpiler).handleClassAndInterfaceDeclarationBodies(0xc00013f540, 0xc0008f0060, 0xc00050dbc0)
			gitlab.nethead.at/symflower/symflower/language/java/symbol/handle.go:1530 +0x30e
		gitlab.nethead.at/symflower/symflower/language/java/symbol.(*transpiler).handleClassDeclarationBodies(0xc00013f540, 0xc0008f0060, 0xc00050dbc0)
			gitlab.nethead.at/symflower/symflower/language/java/symbol/handle.go:1419 +0x106
		gitlab.nethead.at/symflower/symflower/language/java/symbol.(*transpiler).handleBodies.func1(0xc0008f0060, {0x2207578, 0xc00050dbc0})
			gitlab.nethead.at/symflower/symflower/language/java/symbol/symbols.go:532 +0x1ff
		gitlab.nethead.at/symflower/symflower/language/java/symbol.(*transpiler).walkSubDeclarations(0xc00013f540, 0xc0008f0060, 0xc000ec1760, 0xc0003fc900, 0xc0008ee600, {0x2207578, 0xc00050dbc0})
			gitlab.nethead.at/symflower/symflower/language/java/symbol/symbols.go:869 +0x1ee
		gitlab.nethead.at/symflower/symflower/language/java/symbol.(*transpiler).walkSubDeclarations(0xc00013f540, 0xc0008f0060, 0xc000ec1760, 0xc0003fc900, 0xc0008ee600, {0x2207578, 0xc00050d500})
			gitlab.nethead.at/symflower/symflower/language/java/symbol/symbols.go:880 +0x3b6
		gitlab.nethead.at/symflower/symflower/language/java/symbol.(*transpiler).walkFile(0xc00013f540, 0x1, 0x2088c58, 0xc000ec1760, 0xc0003fc900, 0xc0008ee600)
			gitlab.nethead.at/symflower/symflower/language/java/symbol/symbols.go:625 +0x3c5
		gitlab.nethead.at/symflower/symflower/language/java/symbol.(*transpiler).walkPackage(0xc00013f540, 0x1, 0x2088c58, 0xc000ec1760, 0xc0003fc900)
			gitlab.nethead.at/symflower/symflower/language/java/symbol/symbols.go:583 +0x225
		gitlab.nethead.at/symflower/symflower/language/java/symbol.(*transpiler).walkFilesAndDeclarations(0xc00013f540, 0x1, 0x2088c58, 0xc000ec1760)
			gitlab.nethead.at/symflower/symflower/language/java/symbol/symbols.go:566 +0xa5
		gitlab.nethead.at/symflower/symflower/language/java/symbol.(*transpiler).handleBodies(0xc00013f540)
			gitlab.nethead.at/symflower/symflower/language/java/symbol/symbols.go:513 +0x65
		gitlab.nethead.at/symflower/symflower/language/java/symbol.symbolsWithDependencies(0xc000010798, {0x0?, 0x41aa94?, 0x13e43a0?}, 0x1)
			gitlab.nethead.at/symflower/symflower/language/java/symbol/symbols.go:486 +0x147
		gitlab.nethead.at/symflower/symflower/language/java/symbol.Symbols(0xc000010798, 0x1)
			gitlab.nethead.at/symflower/symflower/language/java/symbol/symbols.go:457 +0xf2
		gitlab.nethead.at/symflower/symflower/language/java.Adapter.Symbols(...)
			gitlab.nethead.at/symflower/symflower/language/java/symbols.go:29
		gitlab.nethead.at/symflower/symflower/cmd/symflower-local/generate.(*Generator).transpileLanguage(0xc000470bd0, 0x0, 0x0, {0x220c620, 0x2e6b360})
			gitlab.nethead.at/symflower/symflower/cmd/symflower-local/generate/generate.go:136 +0x373
		gitlab.nethead.at/symflower/symflower/cmd/symflower-local/generate.(*Generator).Symbols(0xc000470bd0, 0x0, 0x0)
			gitlab.nethead.at/symflower/symflower/cmd/symflower-local/generate/generate.go:94 +0x136
		gitlab.nethead.at/symflower/symflower/cmd/symflower-local/generate.(*AnalyzeEngineDefault).UnitTests(0x30?, 0x124bba0?, {0x21eb890?, 0xc00011c8d0?}, {0x60?, 0x46?, 0x4?, 0x0?}, 0x30?, {0xc0000ff440, ...})
			gitlab.nethead.at/symflower/symflower/cmd/symflower-local/generate/analyze.go:153 +0x77
		gitlab.nethead.at/symflower/symflower/cmd/symflower-local/cmd.(*commandUnitTests).Execute(0xc0004ba3d8, {0xc0004ba008?, 0x72c05e21cb18?, 0xc0004ba3d8?})
			gitlab.nethead.at/symflower/symflower/cmd/symflower-local/cmd/unit-tests.go:85 +0x2a6
		gitlab.nethead.at/symflower/symflower/cmd.ExecuteNoExit({0x21de020, 0xc0004ba008}, {0xc00003e050?, 0x44?, 0x0?})
			gitlab.nethead.at/symflower/symflower/cmd/execute.go:59 +0x2ad
		gitlab.nethead.at/symflower/symflower/cmd.Execute({0x21de020?, 0xc0004ba008?}, {0xc00003e050?, 0xc000408000?, 0xc000051f10?})
			gitlab.nethead.at/symflower/symflower/cmd/execute.go:17 +0x26
		gitlab.nethead.at/symflower/symflower/cmd.ExecuteWithOSArguments(...)
			gitlab.nethead.at/symflower/symflower/cmd/execute.go:78
		main.main.func1()
			gitlab.nethead.at/symflower/symflower/cmd/symflower-demo/main.go:39 +0x34
		gitlab.nethead.at/symflower/symflower/cmd/symflower-local/cmd.(*Command).WithPanicReporter(0xc0000b2060?, 0x0?)
			gitlab.nethead.at/symflower/symflower/cmd/symflower-local/cmd/cmd.go:151 +0x33
		main.main()
			gitlab.nethead.at/symflower/symflower/cmd/symflower-demo/main.go:38 +0x7f
src/main/java/org/apache/commons/collections4/map/AbstractReferenceMap.java: error: unknown import
	data: java/lang/ref/SoftReference
src/main/java/org/apache/commons/collections4/map/AbstractReferenceMap.java: error: unknown function
	data: [pointer(reference(java/io/ObjectOutputStream)) java/io/ObjectOutputStream//writeObject [] [nil]]
src/main/java/org/apache/commons/collections4/map/AbstractReferenceMap.java: error: error: unresolved type
	data: reference(V)
	child error: (error) Internal error: unknown type:
		"V"
		Stacktrace: goroutine 1 [running]:
		gitlab.nethead.at/symflower/symflower/model/errors.NewInternalError({0x21de060, 0x2d25a00}, {0x12473e0, 0xc001be2f40})
			gitlab.nethead.at/symflower/symflower/model/errors/error.go:852 +0x4e
		gitlab.nethead.at/symflower/symflower/model/errors.NewProblemWithErrorSeverity(...)
			gitlab.nethead.at/symflower/symflower/model/errors/problem.go:321
		gitlab.nethead.at/symflower/symflower/model/ast.(*Scope).GetType(0xc001cb2378?, {0x2221c70, 0x1})
			gitlab.nethead.at/symflower/symflower/model/ast/scope.go:986 +0x85
		gitlab.nethead.at/symflower/symflower/model/ast.resolve(0xc0001106c0, {0x2205848?, 0xc000ca5560}, 0xe0)
			gitlab.nethead.at/symflower/symflower/model/ast/type-resolve.go:362 +0x78
		gitlab.nethead.at/symflower/symflower/model/ast.ResolveWithPointers(...)
			gitlab.nethead.at/symflower/symflower/model/ast/type-resolve.go:326
		gitlab.nethead.at/symflower/symflower/model/ast.(*TypeGenericInstance).IsCompatibleType(0xc001222000, 0xc0001106c0, {0x2205728?, 0xc00134f040?})
			gitlab.nethead.at/symflower/symflower/model/ast/type.go:3369 +0x230
		gitlab.nethead.at/symflower/symflower/language/java/symbol.(*transpiler).checkFunctionApplicability(0xc00013f540, 0xc0008fb900, {0x2205608?, 0xc0012f8980?}, {0x0?, 0x72c05e41c108?, 0x10?}, {0xc001be2ea0, 0x1, 0x1})
			gitlab.nethead.at/symflower/symflower/language/java/symbol/overloading.go:406 +0x66b
		gitlab.nethead.at/symflower/symflower/language/java/symbol.(*transpiler).matchOverloadingFunction(0xc00013f540, {0xc001be2f00, 0x2, 0x2}, {0x2205608, 0xc0012f8980}, {0x0, 0x0, 0x0}, {0xc001be2ea0, ...})
			gitlab.nethead.at/symflower/symflower/language/java/symbol/overloading.go:451 +0x217
		gitlab.nethead.at/symflower/symflower/language/java/symbol.(*transpiler).getFunction(0xc00013f540, {0x2205608, 0xc0012f8980}, {0xc001bddc80, 0x5e}, {0x0, 0x0, 0x0}, {0xc001be2ea0, 0x1, ...})
			gitlab.nethead.at/symflower/symflower/language/java/symbol/overloading.go:224 +0xd2
		gitlab.nethead.at/symflower/symflower/language/java/symbol.(*transpiler).assignmentToConstructorCall(0xc00013f540, 0xc00050d980, {0xc0005ffb80, 0x2, 0x2}, {0xc001be2ea0, 0x1, 0x1}, {0x700036800000e, 0x700036800003d}, ...)
			gitlab.nethead.at/symflower/symflower/language/java/symbol/generate.go:126 +0x22f
		gitlab.nethead.at/symflower/symflower/language/java/symbol.(*transpiler).handleExplicitConstructorCall(0xc00013f540, 0xc0008f0060, 0xc00062b980)
			gitlab.nethead.at/symflower/symflower/language/java/symbol/handle.go:3921 +0x2bb
		gitlab.nethead.at/symflower/symflower/language/java/symbol.(*transpiler).handleStatement(0xc00013f540, 0xc0008f0060, {0x21f71e0, 0xc00062b980})
			gitlab.nethead.at/symflower/symflower/language/java/symbol/handle.go:4413 +0x6bb
		gitlab.nethead.at/symflower/symflower/language/java/symbol.(*transpiler).handleStatements(0xc00013f540, 0xc0008f0060, {0xc00060c640, 0x1, 0xc0001106c0?})
			gitlab.nethead.at/symflower/symflower/language/java/symbol/handle.go:3731 +0x85
		gitlab.nethead.at/symflower/symflower/language/java/symbol.(*transpiler).handleBlock.func1()
			gitlab.nethead.at/symflower/symflower/language/java/symbol/handle.go:3712 +0x45
		gitlab.nethead.at/symflower/symflower/model/ast.(*Scope).Scoped(0xc0001106c0, 0xc001cb2dd8)
			gitlab.nethead.at/symflower/symflower/model/ast/scope.go:297 +0x162
		gitlab.nethead.at/symflower/symflower/language/java/symbol.(*transpiler).handleBlock(0xc00013f540, 0xc0008f0060, 0xc000623d40)
			gitlab.nethead.at/symflower/symflower/language/java/symbol/handle.go:3711 +0x9e
		gitlab.nethead.at/symflower/symflower/language/java/symbol.(*transpiler).handleConstructorDeclarationBody.(*transpiler).handleScopedBlockStatement.func1()
			gitlab.nethead.at/symflower/symflower/language/java/symbol/handle.go:2716 +0x205
		gitlab.nethead.at/symflower/symflower/model/ast.(*Scope).Scoped(0xc0001106c0, 0xc001cb30a0)
			gitlab.nethead.at/symflower/symflower/model/ast/scope.go:297 +0x162
		gitlab.nethead.at/symflower/symflower/language/java/symbol.(*transpiler).handleScopedBlockStatement(...)
			gitlab.nethead.at/symflower/symflower/language/java/symbol/handle.go:2693
		gitlab.nethead.at/symflower/symflower/language/java/symbol.(*transpiler).handleConstructorDeclarationBody(0xc00013f540, 0xc0008f0060, 0xc0008fe400)
			gitlab.nethead.at/symflower/symflower/language/java/symbol/handle.go:1723 +0x2b1
		gitlab.nethead.at/symflower/symflower/language/java/symbol.(*transpiler).handleClassAndInterfaceDeclarationBodies(0xc00013f540, 0xc0008f0060, 0xc00050db00)
			gitlab.nethead.at/symflower/symflower/language/java/symbol/handle.go:1530 +0x30e
		gitlab.nethead.at/symflower/symflower/language/java/symbol.(*transpiler).handleClassDeclarationBodies(0xc00013f540, 0xc0008f0060, 0xc00050db00)
			gitlab.nethead.at/symflower/symflower/language/java/symbol/handle.go:1419 +0x106
		gitlab.nethead.at/symflower/symflower/language/java/symbol.(*transpiler).handleBodies.func1(0xc0008f0060, {0x2207578, 0xc00050db00})
			gitlab.nethead.at/symflower/symflower/language/java/symbol/symbols.go:532 +0x1ff
		gitlab.nethead.at/symflower/symflower/language/java/symbol.(*transpiler).walkSubDeclarations(0xc00013f540, 0xc0008f0060, 0xc001cb3760, 0xc0003fc900, 0xc0008ee600, {0x2207578, 0xc00050db00})
			gitlab.nethead.at/symflower/symflower/language/java/symbol/symbols.go:869 +0x1ee
		gitlab.nethead.at/symflower/symflower/language/java/symbol.(*transpiler).walkSubDeclarations(0xc00013f540, 0xc0008f0060, 0xc001cb3760, 0xc0003fc900, 0xc0008ee600, {0x2207578, 0xc00050d500})
			gitlab.nethead.at/symflower/symflower/language/java/symbol/symbols.go:880 +0x3b6
		gitlab.nethead.at/symflower/symflower/language/java/symbol.(*transpiler).walkFile(0xc00013f540, 0x1, 0x2088c58, 0xc001cb3760, 0xc0003fc900, 0xc0008ee600)
			gitlab.nethead.at/symflower/symflower/language/java/symbol/symbols.go:625 +0x3c5
		gitlab.nethead.at/symflower/symflower/language/java/symbol.(*transpiler).walkPackage(0xc00013f540, 0x1, 0x2088c58, 0xc001cb3760, 0xc0003fc900)
			gitlab.nethead.at/symflower/symflower/language/java/symbol/symbols.go:583 +0x225
		gitlab.nethead.at/symflower/symflower/language/java/symbol.(*transpiler).walkFilesAndDeclarations(0xc00013f540, 0x1, 0x2088c58, 0xc001cb3760)
			gitlab.nethead.at/symflower/symflower/language/java/symbol/symbols.go:566 +0xa5
		gitlab.nethead.at/symflower/symflower/language/java/symbol.(*transpiler).handleBodies(0xc00013f540)
			gitlab.nethead.at/symflower/symflower/language/java/symbol/symbols.go:513 +0x65
		gitlab.nethead.at/symflower/symflower/language/java/symbol.symbolsWithDependencies(0xc000010798, {0x0?, 0x41aa94?, 0x13e43a0?}, 0x1)
			gitlab.nethead.at/symflower/symflower/language/java/symbol/symbols.go:486 +0x147
		gitlab.nethead.at/symflower/symflower/language/java/symbol.Symbols(0xc000010798, 0x1)
			gitlab.nethead.at/symflower/symflower/language/java/symbol/symbols.go:457 +0xf2
		gitlab.nethead.at/symflower/symflower/language/java.Adapter.Symbols(...)
			gitlab.nethead.at/symflower/symflower/language/java/symbols.go:29
		gitlab.nethead.at/symflower/symflower/cmd/symflower-local/generate.(*Generator).transpileLanguage(0xc000470bd0, 0x0, 0x0, {0x220c620, 0x2e6b360})
			gitlab.nethead.at/symflower/symflower/cmd/symflower-local/generate/generate.go:136 +0x373
		gitlab.nethead.at/symflower/symflower/cmd/symflower-local/generate.(*Generator).Symbols(0xc000470bd0, 0x0, 0x0)
			gitlab.nethead.at/symflower/symflower/cmd/symflower-local/generate/generate.go:94 +0x136
		gitlab.nethead.at/symflower/symflower/cmd/symflower-local/generate.(*AnalyzeEngineDefault).UnitTests(0x30?, 0x124bba0?, {0x21eb890?, 0xc00011c8d0?}, {0x60?, 0x46?, 0x4?, 0x0?}, 0x30?, {0xc0000ff440, ...})
			gitlab.nethead.at/symflower/symflower/cmd/symflower-local/generate/analyze.go:153 +0x77
		gitlab.nethead.at/symflower/symflower/cmd/symflower-local/cmd.(*commandUnitTests).Execute(0xc0004ba3d8, {0xc0004ba008?, 0x72c05e21cb18?, 0xc0004ba3d8?})
			gitlab.nethead.at/symflower/symflower/cmd/symflower-local/cmd/unit-tests.go:85 +0x2a6
		gitlab.nethead.at/symflower/symflower/cmd.ExecuteNoExit({0x21de020, 0xc0004ba008}, {0xc00003e050?, 0x44?, 0x0?})
			gitlab.nethead.at/symflower/symflower/cmd/execute.go:59 +0x2ad
		gitlab.nethead.at/symflower/symflower/cmd.Execute({0x21de020?, 0xc0004ba008?}, {0xc00003e050?, 0xc000408000?, 0xc000051f10?})
			gitlab.nethead.at/symflower/symflower/cmd/execute.go:17 +0x26
		gitlab.nethead.at/symflower/symflower/cmd.ExecuteWithOSArguments(...)
			gitlab.nethead.at/symflower/symflower/cmd/execute.go:78
		main.main.func1()
			gitlab.nethead.at/symflower/symflower/cmd/symflower-demo/main.go:39 +0x34
		gitlab.nethead.at/symflower/symflower/cmd/symflower-local/cmd.(*Command).WithPanicReporter(0xc0000b2060?, 0x0?)
			gitlab.nethead.at/symflower/symflower/cmd/symflower-local/cmd/cmd.go:151 +0x33
		main.main()
			gitlab.nethead.at/symflower/symflower/cmd/symflower-demo/main.go:38 +0x7f
src/main/java/org/apache/commons/collections4/map/AbstractReferenceMap.java: error: unknown function
	data: [<nil> org/apache/commons/collections4/map/AbstractReferenceMap//ReferenceValues//ReferenceValues [reference(V)] [this]]
src/main/java/org/apache/commons/collections4/map/AbstractReferenceMap.java: error: unknown function
	data: [pointer(reference(java/io/ObjectOutputStream)) java/io/ObjectOutputStream//writeInt [] [len(ensure_not_nil(select(select(this, @org/apache/commons/collections4/map/AbstractHashedMap), data)))]]
src/main/java/org/apache/commons/collections4/map/AbstractReferenceMap.java: error: unknown function
	data: [<nil> toReference [] [select(parent, valueType) value hashCode]]
src/main/java/org/apache/commons/collections4/map/AbstractReferenceMap.java: error: unknown type
	data: V
src/main/java/org/apache/commons/collections4/map/AbstractReferenceMap.java: error: unknown function
	data: [pointer(reference(java/io/ObjectOutputStream)) java/io/ObjectOutputStream//writeObject [] [unsupported]]
src/main/java/org/apache/commons/collections4/map/AbstractReferenceMap.java: error: unknown function
	data: [<nil> java/util/ArrayList//ArrayList [pointer(genericInstance(reference(java/util/Map//Entry), [reference(K), reference(V)]))] [call(select(this, size!d41d8cd98f00b204e9800998ecf8427e), [])]]
src/main/java/org/apache/commons/collections4/map/AbstractReferenceMap.java: error: unknown import
	data: java/lang/ref/WeakReference
src/main/java/org/apache/commons/collections4/map/AbstractReferenceMap.java: error: unknown function
	data: [pointer(genericInstance(reference(java/util/List), [reference(V)])) java/util/List<V>//toArray [] [arr]]
src/main/java/org/apache/commons/collections4/map/AbstractSortedMapDecorator.java: error: unknown import
	data: java/util/ListIterator
src/main/java/org/apache/commons/collections4/map/AbstractSortedMapDecorator.java: error: unknown import
	data: java/util/SortedMap
src/main/java/org/apache/commons/collections4/map/AbstractSortedMapDecorator.java: error: unknown import
	data: org/apache/commons/collections4/OrderedMapIterator
src/main/java/org/apache/commons/collections4/map/AbstractSortedMapDecorator.java: error: unknown import
	data: org/apache/commons/collections4/iterators/ListIteratorWrapper
src/main/java/org/apache/commons/collections4/map/AbstractSortedMapDecorator.java: error: unknown import
	data: java/util/Set
src/main/java/org/apache/commons/collections4/map/AbstractSortedMapDecorator.java: error: unknown import
	data: org/apache/commons/collections4/IterableSortedMap
src/main/java/org/apache/commons/collections4/map/AbstractSortedMapDecorator.java: error: unknown function
	data: [genericInstance(reference(org/apache/commons/collections4/map/AbstractMapDecorator), [reference(K), reference(V)]) org/apache/commons/collections4/map/AbstractMapDecorator//@@constructor [] [map]]
src/main/java/org/apache/commons/collections4/map/AbstractSortedMapDecorator.java: error: not a boolean type
	data: unsupported
src/main/java/org/apache/commons/collections4/map/CaseInsensitiveMap.java: error: unknown function
	data: [pointer(reference(java/io/ObjectOutputStream)) java/io/ObjectOutputStream//defaultWriteObject [] []]
src/main/java/org/apache/commons/collections4/map/CaseInsensitiveMap.java: error: unknown function
	data: [pointer(reference(java/io/ObjectInputStream)) java/io/ObjectInputStream//defaultReadObject [] []]
src/main/java/org/apache/commons/collections4/map/CompositeMap.java: error: unknown function
	data: [pointer(genericInstance(reference(java/util/Map), [reference(K), reference(V)])) java/util/Map<K,V>//keySet [] []]
src/main/java/org/apache/commons/collections4/map/CompositeMap.java: error: unknown import
	data: org/apache/commons/collections4/set/CompositeSet
src/main/java/org/apache/commons/collections4/map/CompositeMap.java: error: unknown function
	data: [genericInstance(reference(java/util/Map), [reference(K), reference(V)]) java/util/Map<K,V>//entrySet [] []]
src/main/java/org/apache/commons/collections4/map/CompositeMap.java: error: an unsupported collection type has been used for this operation
	data: genericInstance(unsupported(java/util/Set), [pointer(genericInstance(reference(java/util/Map//Entry), [reference(K), reference(V)]))])
src/main/java/org/apache/commons/collections4/map/CompositeMap.java: error: unknown import
	data: java/util/Set
src/main/java/org/apache/commons/collections4/map/CompositeMap.java: error: unknown import
	data: org/apache/commons/collections4/CollectionUtils
src/main/java/org/apache/commons/collections4/map/CompositeMap.java: error: unknown type
	data: SuppressWarnings
src/main/java/org/apache/commons/collections4/map/CompositeMap.java: error: unknown function
	data: [genericInstance(reference(org/apache/commons/collections4/map/CompositeMap), [reference(K), reference(V)]) org/apache/commons/collections4/map/CompositeMap//@@constructor [] [composite(array(pointer(genericInstance(reference(java/util/Map), [])), primitive(int, 32, false), 0), [one, two]) nil]]
src/main/java/org/apache/commons/collections4/map/CompositeMap.java: error: unknown identifier
	data: values
src/main/java/org/apache/commons/collections4/map/CompositeMap.java: error: unknown import
	data: org/apache/commons/collections4/collection/CompositeCollection
src/main/java/org/apache/commons/collections4/map/CompositeMap.java: error: unknown function
	data: [genericInstance(reference(org/apache/commons/collections4/map/CompositeMap), [reference(K), reference(V)]) org/apache/commons/collections4/map/CompositeMap//@@constructor [] [composite(array(pointer(genericInstance(reference(java/util/Map), [])), primitive(int, 32, false), 0), []) nil]]
src/main/java/org/apache/commons/collections4/map/CompositeMap.java: error: unknown function
	data: [genericInstance(reference(org/apache/commons/collections4/map/CompositeMap), [reference(K), reference(V)]) org/apache/commons/collections4/map/CompositeMap//@@constructor [] [composite(array(pointer(genericInstance(reference(java/util/Map), [])), primitive(int, 32, false), 0), [one, two]) mutator]]
src/main/java/org/apache/commons/collections4/map/CompositeMap.java: error: unknown function
	data: [genericInstance(reference(java/util/Map), [reference(K), reference(V)]) java/util/Map<K,V>//keySet [] []]
src/main/java/org/apache/commons/collections4/map/CompositeMap.java: error: unknown function
	data: [pointer(genericInstance(reference(java/util/Map), [wildcard(, pointer(reference(java/lang/Object))), wildcard(, pointer(reference(java/lang/Object)))])) java/util/Map<descendant of java/lang/Object,descendant of java/lang/Object>//entrySet [] []]
src/main/java/org/apache/commons/collections4/map/DefaultedMap.java: error: unknown function
	data: [pointer(reference(java/io/ObjectOutputStream)) java/io/ObjectOutputStream//defaultWriteObject [] []]
src/main/java/org/apache/commons/collections4/map/DefaultedMap.java: error: unknown function
	data: [pointer(reference(java/io/ObjectOutputStream)) java/io/ObjectOutputStream//writeObject [] [select(select(this, @org/apache/commons/collections4/map/AbstractMapDecorator), map)]]
src/main/java/org/apache/commons/collections4/map/DefaultedMap.java: error: unknown function
	data: [pointer(reference(java/io/ObjectInputStream)) java/io/ObjectInputStream//readObject [] []]
src/main/java/org/apache/commons/collections4/map/DefaultedMap.java: error: unknown import
	data: org/apache/commons/collections4/Factory
src/main/java/org/apache/commons/collections4/map/DefaultedMap.java: error: unknown import
	data: org/apache/commons/collections4/Transformer
src/main/java/org/apache/commons/collections4/map/DefaultedMap.java: error: unknown import
	data: org/apache/commons/collections4/functors/ConstantTransformer
src/main/java/org/apache/commons/collections4/map/DefaultedMap.java: error: unknown import
	data: org/apache/commons/collections4/functors/FactoryTransformer
src/main/java/org/apache/commons/collections4/map/DefaultedMap.java: error: unknown function
	data: [pointer(reference(java/io/ObjectInputStream)) java/io/ObjectInputStream//defaultReadObject [] []]
src/main/java/org/apache/commons/collections4/map/DefaultedMap.java: error: unknown import
	data: java/util/HashMap
src/main/java/org/apache/commons/collections4/map/DefaultedMap.java: error: unknown type
	data: SuppressWarnings
src/main/java/org/apache/commons/collections4/map/EntrySetToMapIteratorAdapter.java: error: unknown function
	data: [genericInstance(reference(java/util/Map//Entry), [reference(K), reference(V)]) java/util/Map//Entry<K,V>//getKey [] []]
src/main/java/org/apache/commons/collections4/map/EntrySetToMapIteratorAdapter.java: error: unknown function
	data: [genericInstance(reference(java/util/Map//Entry), [reference(K), reference(V)]) java/util/Map//Entry<K,V>//getValue [] []]
src/main/java/org/apache/commons/collections4/map/EntrySetToMapIteratorAdapter.java: error: unknown function
	data: [genericInstance(reference(java/util/Map//Entry), [reference(K), reference(V)]) java/util/Map//Entry<K,V>//setValue [] [value]]
src/main/java/org/apache/commons/collections4/map/EntrySetToMapIteratorAdapter.java: error: unknown import
	data: java/util/Set
src/main/java/org/apache/commons/collections4/map/EntrySetToMapIteratorAdapter.java: error: unknown import
	data: org/apache/commons/collections4/MapIterator
src/main/java/org/apache/commons/collections4/map/EntrySetToMapIteratorAdapter.java: error: unknown import
	data: org/apache/commons/collections4/ResettableIterator
src/main/java/org/apache/commons/collections4/map/FixedSizeMap.java: error: unknown import
	data: org/apache/commons/collections4/set/UnmodifiableSet
src/main/java/org/apache/commons/collections4/map/FixedSizeMap.java: error: unknown function
	data: [pointer(reference(java/io/ObjectOutputStream)) java/io/ObjectOutputStream//defaultWriteObject [] []]
src/main/java/org/apache/commons/collections4/map/FixedSizeMap.java: error: unknown function
	data: [pointer(reference(java/io/ObjectOutputStream)) java/io/ObjectOutputStream//writeObject [] [select(select(this, @org/apache/commons/collections4/map/AbstractMapDecorator), map)]]
src/main/java/org/apache/commons/collections4/map/FixedSizeMap.java: error: unknown function
	data: [pointer(genericInstance(reference(java/util/Map), [wildcard(, reference(K)), wildcard(, reference(V))])) java/util/Map<descendant of K,descendant of V>//keySet [] []]
src/main/java/org/apache/commons/collections4/map/FixedSizeMap.java: error: unknown function
	data: [genericInstance(reference(java/util/Map), [reference(K), reference(V)]) java/util/Map<K,V>//putAll [] [mapToCopy]]
src/main/java/org/apache/commons/collections4/map/FixedSizeMap.java: error: unknown import
	data: java/util/Set
src/main/java/org/apache/commons/collections4/map/FixedSizeMap.java: error: unknown import
	data: org/apache/commons/collections4/collection/UnmodifiableCollection
src/main/java/org/apache/commons/collections4/map/FixedSizeMap.java: error: unknown type
	data: SuppressWarnings
src/main/java/org/apache/commons/collections4/map/FixedSizeMap.java: error: unknown function
	data: [pointer(reference(java/io/ObjectInputStream)) java/io/ObjectInputStream//defaultReadObject [] []]
src/main/java/org/apache/commons/collections4/map/FixedSizeMap.java: error: unknown function
	data: [pointer(reference(java/io/ObjectInputStream)) java/io/ObjectInputStream//readObject [] []]
src/main/java/org/apache/commons/collections4/map/FixedSizeMap.java: error: unknown function
	data: [genericInstance(reference(java/util/Map), [reference(K), reference(V)]) java/util/Map<K,V>//containsKey [] [key]]
src/main/java/org/apache/commons/collections4/map/FixedSizeMap.java: error: unknown function
	data: [genericInstance(reference(java/util/Map), [reference(K), reference(V)]) java/util/Map<K,V>//entrySet [] []]
src/main/java/org/apache/commons/collections4/map/FixedSizeMap.java: error: unknown function
	data: [genericInstance(reference(java/util/Map), [reference(K), reference(V)]) java/util/Map<K,V>//keySet [] []]
src/main/java/org/apache/commons/collections4/map/FixedSizeMap.java: error: unknown import
	data: org/apache/commons/collections4/BoundedMap
src/main/java/org/apache/commons/collections4/map/FixedSizeSortedMap.java: error: unknown import
	data: org/apache/commons/collections4/BoundedMap
src/main/java/org/apache/commons/collections4/map/FixedSizeSortedMap.java: error: unknown import
	data: org/apache/commons/collections4/set/UnmodifiableSet
src/main/java/org/apache/commons/collections4/map/FixedSizeSortedMap.java: error: unknown function
	data: [genericInstance(reference(java/util/Map), [reference(K), reference(V)]) java/util/Map<K,V>//putAll [] [mapToCopy]]
src/main/java/org/apache/commons/collections4/map/FixedSizeSortedMap.java: error: unknown import
	data: org/apache/commons/collections4/collection/UnmodifiableCollection
src/main/java/org/apache/commons/collections4/map/FixedSizeSortedMap.java: error: unknown type
	data: SuppressWarnings
src/main/java/org/apache/commons/collections4/map/FixedSizeSortedMap.java: error: unknown function
	data: [genericInstance(reference(java/util/Map), [reference(K), reference(V)]) java/util/Map<K,V>//containsKey [] [key]]
src/main/java/org/apache/commons/collections4/map/FixedSizeSortedMap.java: error: unknown function
	data: [pointer(genericInstance(reference(java/util/Map), [wildcard(, reference(K)), wildcard(, reference(V))])) java/util/Map<descendant of K,descendant of V>//keySet [] []]
src/main/java/org/apache/commons/collections4/map/FixedSizeSortedMap.java: error: unknown function
	data: [genericInstance(reference(java/util/Map), [reference(K), reference(V)]) java/util/Map<K,V>//entrySet [] []]
src/main/java/org/apache/commons/collections4/map/FixedSizeSortedMap.java: error: unknown function
	data: [genericInstance(reference(java/util/Map), [reference(K), reference(V)]) java/util/Map<K,V>//keySet [] []]
src/main/java/org/apache/commons/collections4/map/FixedSizeSortedMap.java: error: unknown import
	data: java/util/Set
src/main/java/org/apache/commons/collections4/map/FixedSizeSortedMap.java: error: unknown import
	data: org/apache/commons/collections4/CollectionUtils
src/main/java/org/apache/commons/collections4/map/FixedSizeSortedMap.java: error: unknown function
	data: [pointer(reference(java/io/ObjectOutputStream)) java/io/ObjectOutputStream//writeObject [] [select(select(select(this, @org/apache/commons/collections4/map/AbstractSortedMapDecorator), @org/apache/commons/collections4/map/AbstractMapDecorator), map)]]
src/main/java/org/apache/commons/collections4/map/FixedSizeSortedMap.java: error: unknown function
	data: [pointer(reference(java/io/ObjectInputStream)) java/io/ObjectInputStream//readObject [] []]
src/main/java/org/apache/commons/collections4/map/FixedSizeSortedMap.java: error: unknown import
	data: java/util/SortedMap
src/main/java/org/apache/commons/collections4/map/FixedSizeSortedMap.java: error: unknown function
	data: [pointer(reference(java/io/ObjectOutputStream)) java/io/ObjectOutputStream//defaultWriteObject [] []]
src/main/java/org/apache/commons/collections4/map/FixedSizeSortedMap.java: error: unknown function
	data: [pointer(reference(java/io/ObjectInputStream)) java/io/ObjectInputStream//defaultReadObject [] []]
src/main/java/org/apache/commons/collections4/map/Flat3Map.java: error: unknown import
	data: org/apache/commons/collections4/iterators/EmptyMapIterator
src/main/java/org/apache/commons/collections4/map/Flat3Map.java: error: unknown function
	data: [pointer(reference(java/lang/Object)) java/lang/Object//equals [] [select(this, key2)]]
src/main/java/org/apache/commons/collections4/map/Flat3Map.java: error: unknown function
	data: [pointer(reference(java/lang/Object)) java/lang/Object//equals [] [select(this, key1)]]
src/main/java/org/apache/commons/collections4/map/Flat3Map.java: internal error: not all elements have the same type
	data: declaration([key], [pointer(reference(java/lang/Object))], [call(select(this, getKey!d41d8cd98f00b204e9800998ecf8427e), [])], Modifier(1048584))
src/main/java/org/apache/commons/collections4/map/Flat3Map.java: internal error: no supported constructor available
	data: [struct(org/apache/commons/collections4/map/Flat3Map//EntryIterator, [], [pointer(reference(java/lang/Object))], []) function(variable(this, pointer(reference(java/lang/Object))), java/lang/Object//@@constructor!d41d8cd98f00b204e9800998ecf8427e, [], [variable(, pointer(reference(java/lang/Object)))], block([return([this])]))]
src/main/java/org/apache/commons/collections4/map/Flat3Map.java: error: unknown function
	data: [pointer(reference(java/lang/Object)) java/lang/Object//equals [] [select(this, key3)]]
src/main/java/org/apache/commons/collections4/map/Flat3Map.java: error: unknown function
	data: [pointer(reference(java/lang/Object)) java/lang/Object//equals [] [select(this, value3)]]
src/main/java/org/apache/commons/collections4/map/Flat3Map.java: error: unknown function
	data: [pointer(reference(java/io/ObjectOutputStream)) java/io/ObjectOutputStream//writeInt [] [call(select(this, size!d41d8cd98f00b204e9800998ecf8427e), [])]]
src/main/java/org/apache/commons/collections4/map/Flat3Map.java: error: unknown function
	data: [pointer(reference(java/io/ObjectInputStream)) java/io/ObjectInputStream//readInt [] []]
src/main/java/org/apache/commons/collections4/map/Flat3Map.java: error: unknown type
	data: V
src/main/java/org/apache/commons/collections4/map/Flat3Map.java: error: unknown import
	data: java/util/Set
src/main/java/org/apache/commons/collections4/map/Flat3Map.java: error: unknown import
	data: org/apache/commons/collections4/IterableMap
src/main/java/org/apache/commons/collections4/map/Flat3Map.java: error: unknown type
	data: SuppressWarnings
src/main/java/org/apache/commons/collections4/map/Flat3Map.java: error: unknown function
	data: [pointer(reference(java/lang/Object)) java/lang/Object//equals [] [select(this, key1)]]
src/main/java/org/apache/commons/collections4/map/Flat3Map.java: error: unknown function
	data: [pointer(reference(java/io/ObjectOutputStream)) java/io/ObjectOutputStream//defaultWriteObject [] []]
src/main/java/org/apache/commons/collections4/map/Flat3Map.java: error: unknown function
	data: [pointer(genericInstance(reference(java/util/Map//Entry), [wildcard(, pointer(reference(java/lang/Object))), wildcard(, pointer(reference(java/lang/Object)))])) java/util/Map//Entry<descendant of java/lang/Object,descendant of java/lang/Object>//getKey [] []]
src/main/java/org/apache/commons/collections4/map/Flat3Map.java: error: error: unresolved type
	data: reference(V)
	child error: (error) Internal error: unknown type:
		"V"
		Stacktrace: goroutine 1 [running]:
		gitlab.nethead.at/symflower/symflower/model/errors.NewInternalError({0x21de060, 0x2d25a00}, {0x12473e0, 0xc00220e8b0})
			gitlab.nethead.at/symflower/symflower/model/errors/error.go:852 +0x4e
		gitlab.nethead.at/symflower/symflower/model/errors.NewProblemWithErrorSeverity(...)
			gitlab.nethead.at/symflower/symflower/model/errors/problem.go:321
		gitlab.nethead.at/symflower/symflower/model/ast.(*Scope).GetType(0xc001a90378?, {0x2221c70, 0x1})
			gitlab.nethead.at/symflower/symflower/model/ast/scope.go:986 +0x85
		gitlab.nethead.at/symflower/symflower/model/ast.resolve(0xc0001106c0, {0x2205848?, 0xc0020f4600}, 0xe0)
			gitlab.nethead.at/symflower/symflower/model/ast/type-resolve.go:362 +0x78
		gitlab.nethead.at/symflower/symflower/model/ast.ResolveWithPointers(...)
			gitlab.nethead.at/symflower/symflower/model/ast/type-resolve.go:326
		gitlab.nethead.at/symflower/symflower/model/ast.(*TypeGenericInstance).IsCompatibleType(0xc00116d780, 0xc0001106c0, {0x2205728?, 0xc001529d80?})
			gitlab.nethead.at/symflower/symflower/model/ast/type.go:3369 +0x230
		gitlab.nethead.at/symflower/symflower/language/java/symbol.(*transpiler).checkFunctionApplicability(0xc00013f540, 0xc000956500, {0x2205608?, 0xc002219600?}, {0x0?, 0x72c05e41d3e8?, 0x13fa500?}, {0xc00220e810, 0x1, 0x1})
			gitlab.nethead.at/symflower/symflower/language/java/symbol/overloading.go:406 +0x66b
		gitlab.nethead.at/symflower/symflower/language/java/symbol.(*transpiler).matchOverloadingFunction(0xc00013f540, {0xc00220e870, 0x2, 0x2}, {0x2205608, 0xc002219600}, {0x0, 0x0, 0x0}, {0xc00220e810, ...})
			gitlab.nethead.at/symflower/symflower/language/java/symbol/overloading.go:451 +0x217
		gitlab.nethead.at/symflower/symflower/language/java/symbol.(*transpiler).getFunction(0xc00013f540, {0x2205608, 0xc002219600}, {0xc00221a0f0, 0x4a}, {0x0, 0x0, 0x0}, {0xc00220e810, 0x1, ...})
			gitlab.nethead.at/symflower/symflower/language/java/symbol/overloading.go:224 +0xd2
		gitlab.nethead.at/symflower/symflower/language/java/symbol.(*transpiler).assignmentToConstructorCall(0xc00013f540, 0xc000904f00, {0xc0005fe700, 0x2, 0x2}, {0xc00220e810, 0x1, 0x1}, {0xf0003ef00000e, 0xf0003ef000031}, ...)
			gitlab.nethead.at/symflower/symflower/language/java/symbol/generate.go:126 +0x22f
		gitlab.nethead.at/symflower/symflower/language/java/symbol.(*transpiler).handleExplicitConstructorCall(0xc00013f540, 0xc0009133e0, 0xc000817680)
			gitlab.nethead.at/symflower/symflower/language/java/symbol/handle.go:3921 +0x2bb
		gitlab.nethead.at/symflower/symflower/language/java/symbol.(*transpiler).handleStatement(0xc00013f540, 0xc0009133e0, {0x21f71e0, 0xc000817680})
			gitlab.nethead.at/symflower/symflower/language/java/symbol/handle.go:4413 +0x6bb
		gitlab.nethead.at/symflower/symflower/language/java/symbol.(*transpiler).handleStatements(0xc00013f540, 0xc0009133e0, {0xc000838f10, 0x1, 0xc0001106c0?})
			gitlab.nethead.at/symflower/symflower/language/java/symbol/handle.go:3731 +0x85
		gitlab.nethead.at/symflower/symflower/language/java/symbol.(*transpiler).handleBlock.func1()
			gitlab.nethead.at/symflower/symflower/language/java/symbol/handle.go:3712 +0x45
		gitlab.nethead.at/symflower/symflower/model/ast.(*Scope).Scoped(0xc0001106c0, 0xc001a90dd8)
			gitlab.nethead.at/symflower/symflower/model/ast/scope.go:297 +0x162
		gitlab.nethead.at/symflower/symflower/language/java/symbol.(*transpiler).handleBlock(0xc00013f540, 0xc0009133e0, 0xc0007e99e0)
			gitlab.nethead.at/symflower/symflower/language/java/symbol/handle.go:3711 +0x9e
		gitlab.nethead.at/symflower/symflower/language/java/symbol.(*transpiler).handleConstructorDeclarationBody.(*transpiler).handleScopedBlockStatement.func1()
			gitlab.nethead.at/symflower/symflower/language/java/symbol/handle.go:2716 +0x205
		gitlab.nethead.at/symflower/symflower/model/ast.(*Scope).Scoped(0xc0001106c0, 0xc001a910a0)
			gitlab.nethead.at/symflower/symflower/model/ast/scope.go:297 +0x162
		gitlab.nethead.at/symflower/symflower/language/java/symbol.(*transpiler).handleScopedBlockStatement(...)
			gitlab.nethead.at/symflower/symflower/language/java/symbol/handle.go:2693
		gitlab.nethead.at/symflower/symflower/language/java/symbol.(*transpiler).handleConstructorDeclarationBody(0xc00013f540, 0xc0009133e0, 0xc000957400)
			gitlab.nethead.at/symflower/symflower/language/java/symbol/handle.go:1723 +0x2b1
		gitlab.nethead.at/symflower/symflower/language/java/symbol.(*transpiler).handleClassAndInterfaceDeclarationBodies(0xc00013f540, 0xc0009133e0, 0xc000905140)
			gitlab.nethead.at/symflower/symflower/language/java/symbol/handle.go:1530 +0x30e
		gitlab.nethead.at/symflower/symflower/language/java/symbol.(*transpiler).handleClassDeclarationBodies(0xc00013f540, 0xc0009133e0, 0xc000905140)
			gitlab.nethead.at/symflower/symflower/language/java/symbol/handle.go:1419 +0x106
		gitlab.nethead.at/symflower/symflower/language/java/symbol.(*transpiler).handleBodies.func1(0xc0009133e0, {0x2207578, 0xc000905140})
			gitlab.nethead.at/symflower/symflower/language/java/symbol/symbols.go:532 +0x1ff
		gitlab.nethead.at/symflower/symflower/language/java/symbol.(*transpiler).walkSubDeclarations(0xc00013f540, 0xc0009133e0, 0xc001a91760, 0xc0003fc900, 0xc00093a4c0, {0x2207578, 0xc000905140})
			gitlab.nethead.at/symflower/symflower/language/java/symbol/symbols.go:869 +0x1ee
		gitlab.nethead.at/symflower/symflower/language/java/symbol.(*transpiler).walkSubDeclarations(0xc00013f540, 0xc0009133e0, 0xc001a91760, 0xc0003fc900, 0xc00093a4c0, {0x2207578, 0xc000904c00})
			gitlab.nethead.at/symflower/symflower/language/java/symbol/symbols.go:880 +0x3b6
		gitlab.nethead.at/symflower/symflower/language/java/symbol.(*transpiler).walkFile(0xc00013f540, 0x1, 0x2088c58, 0xc001a91760, 0xc0003fc900, 0xc00093a4c0)
			gitlab.nethead.at/symflower/symflower/language/java/symbol/symbols.go:625 +0x3c5
		gitlab.nethead.at/symflower/symflower/language/java/symbol.(*transpiler).walkPackage(0xc00013f540, 0x1, 0x2088c58, 0xc001a91760, 0xc0003fc900)
			gitlab.nethead.at/symflower/symflower/language/java/symbol/symbols.go:583 +0x225
		gitlab.nethead.at/symflower/symflower/language/java/symbol.(*transpiler).walkFilesAndDeclarations(0xc00013f540, 0x1, 0x2088c58, 0xc001a91760)
			gitlab.nethead.at/symflower/symflower/language/java/symbol/symbols.go:566 +0xa5
		gitlab.nethead.at/symflower/symflower/language/java/symbol.(*transpiler).handleBodies(0xc00013f540)
			gitlab.nethead.at/symflower/symflower/language/java/symbol/symbols.go:513 +0x65
		gitlab.nethead.at/symflower/symflower/language/java/symbol.symbolsWithDependencies(0xc000010798, {0x0?, 0x41aa94?, 0x13e43a0?}, 0x1)
			gitlab.nethead.at/symflower/symflower/language/java/symbol/symbols.go:486 +0x147
		gitlab.nethead.at/symflower/symflower/language/java/symbol.Symbols(0xc000010798, 0x1)
			gitlab.nethead.at/symflower/symflower/language/java/symbol/symbols.go:457 +0xf2
		gitlab.nethead.at/symflower/symflower/language/java.Adapter.Symbols(...)
			gitlab.nethead.at/symflower/symflower/language/java/symbols.go:29
		gitlab.nethead.at/symflower/symflower/cmd/symflower-local/generate.(*Generator).transpileLanguage(0xc000470bd0, 0x0, 0x0, {0x220c620, 0x2e6b360})
			gitlab.nethead.at/symflower/symflower/cmd/symflower-local/generate/generate.go:136 +0x373
		gitlab.nethead.at/symflower/symflower/cmd/symflower-local/generate.(*Generator).Symbols(0xc000470bd0, 0x0, 0x0)
			gitlab.nethead.at/symflower/symflower/cmd/symflower-local/generate/generate.go:94 +0x136
		gitlab.nethead.at/symflower/symflower/cmd/symflower-local/generate.(*AnalyzeEngineDefault).UnitTests(0x30?, 0x124bba0?, {0x21eb890?, 0xc00011c8d0?}, {0x60?, 0x46?, 0x4?, 0x0?}, 0x30?, {0xc0000ff440, ...})
			gitlab.nethead.at/symflower/symflower/cmd/symflower-local/generate/analyze.go:153 +0x77
		gitlab.nethead.at/symflower/symflower/cmd/symflower-local/cmd.(*commandUnitTests).Execute(0xc0004ba3d8, {0xc0004ba008?, 0x72c05e21cb18?, 0xc0004ba3d8?})
			gitlab.nethead.at/symflower/symflower/cmd/symflower-local/cmd/unit-tests.go:85 +0x2a6
		gitlab.nethead.at/symflower/symflower/cmd.ExecuteNoExit({0x21de020, 0xc0004ba008}, {0xc00003e050?, 0x44?, 0x0?})
			gitlab.nethead.at/symflower/symflower/cmd/execute.go:59 +0x2ad
		gitlab.nethead.at/symflower/symflower/cmd.Execute({0x21de020?, 0xc0004ba008?}, {0xc00003e050?, 0xc000408000?, 0xc000051f10?})
			gitlab.nethead.at/symflower/symflower/cmd/execute.go:17 +0x26
		gitlab.nethead.at/symflower/symflower/cmd.ExecuteWithOSArguments(...)
			gitlab.nethead.at/symflower/symflower/cmd/execute.go:78
		main.main.func1()
			gitlab.nethead.at/symflower/symflower/cmd/symflower-demo/main.go:39 +0x34
		gitlab.nethead.at/symflower/symflower/cmd/symflower-local/cmd.(*Command).WithPanicReporter(0xc0000b2060?, 0x0?)
			gitlab.nethead.at/symflower/symflower/cmd/symflower-local/cmd/cmd.go:151 +0x33
		main.main()
			gitlab.nethead.at/symflower/symflower/cmd/symflower-demo/main.go:38 +0x7f
src/main/java/org/apache/commons/collections4/map/Flat3Map.java: error: unknown import
	data: java/util/AbstractSet
src/main/java/org/apache/commons/collections4/map/Flat3Map.java: error: unknown import
	data: org/apache/commons/collections4/ResettableIterator
src/main/java/org/apache/commons/collections4/map/Flat3Map.java: error: unknown function
	data: [pointer(genericInstance(reference(java/util/Map), [wildcard(, pointer(reference(java/lang/Object))), wildcard(, pointer(reference(java/lang/Object)))])) java/util/Map<descendant of java/lang/Object,descendant of java/lang/Object>//get [] [select(this, key1)]]
src/main/java/org/apache/commons/collections4/map/Flat3Map.java: error: unknown function
	data: [pointer(genericInstance(reference(java/util/Map//Entry), [wildcard(, pointer(reference(java/lang/Object))), wildcard(, pointer(reference(java/lang/Object)))])) java/util/Map//Entry<descendant of java/lang/Object,descendant of java/lang/Object>//getKey [] []]
src/main/java/org/apache/commons/collections4/map/Flat3Map.java: error: unknown type
	data: K
src/main/java/org/apache/commons/collections4/map/Flat3Map.java: internal error: not all elements have the same type
	data: conditional(==(select(this, key1), this), ["(this Map)", select(this, key1)])
src/main/java/org/apache/commons/collections4/map/Flat3Map.java: error: unknown import
	data: org/apache/commons/collections4/iterators/EmptyIterator
src/main/java/org/apache/commons/collections4/map/Flat3Map.java: error: unknown function
	data: [pointer(genericInstance(reference(java/util/Map), [wildcard(, pointer(reference(java/lang/Object))), wildcard(, pointer(reference(java/lang/Object)))])) java/util/Map<descendant of java/lang/Object,descendant of java/lang/Object>//containsKey [] [select(this, key1)]]
src/main/java/org/apache/commons/collections4/map/Flat3Map.java: error: unknown import
	data: org/apache/commons/collections4/MapIterator
src/main/java/org/apache/commons/collections4/map/Flat3Map.java: error: unknown function
	data: [pointer(reference(java/io/ObjectOutputStream)) java/io/ObjectOutputStream//writeObject [] [unsupported]]
src/main/java/org/apache/commons/collections4/map/Flat3Map.java: error: unknown function
	data: [pointer(reference(java/io/ObjectInputStream)) java/io/ObjectInputStream//defaultReadObject [] []]
src/main/java/org/apache/commons/collections4/map/Flat3Map.java: internal error: not all elements have the same type
	data: conditional(==(select(this, value1), this), ["(this Map)", select(this, value1)])
src/main/java/org/apache/commons/collections4/map/Flat3Map.java: error: error: unresolved type
	data: reference(K)
	child error: (error) Internal error: unknown type:
		"K"
		Stacktrace: goroutine 1 [running]:
		gitlab.nethead.at/symflower/symflower/model/errors.NewInternalError({0x21de060, 0x2d25a00}, {0x12473e0, 0xc00220e890})
			gitlab.nethead.at/symflower/symflower/model/errors/error.go:852 +0x4e
		gitlab.nethead.at/symflower/symflower/model/errors.NewProblemWithErrorSeverity(...)
			gitlab.nethead.at/symflower/symflower/model/errors/problem.go:321
		gitlab.nethead.at/symflower/symflower/model/ast.(*Scope).GetType(0xc001a90378?, {0x2221c18, 0x1})
			gitlab.nethead.at/symflower/symflower/model/ast/scope.go:986 +0x85
		gitlab.nethead.at/symflower/symflower/model/ast.resolve(0xc0001106c0, {0x2205848?, 0xc0020f45e0}, 0xe0)
			gitlab.nethead.at/symflower/symflower/model/ast/type-resolve.go:362 +0x78
		gitlab.nethead.at/symflower/symflower/model/ast.ResolveWithPointers(...)
			gitlab.nethead.at/symflower/symflower/model/ast/type-resolve.go:326
		gitlab.nethead.at/symflower/symflower/model/ast.(*TypeGenericInstance).IsCompatibleType(0xc00116d780, 0xc0001106c0, {0x2205728?, 0xc001e185a0?})
			gitlab.nethead.at/symflower/symflower/model/ast/type.go:3369 +0x230
		gitlab.nethead.at/symflower/symflower/language/java/symbol.(*transpiler).checkFunctionApplicability(0xc00013f540, 0xc000956500, {0x2205608?, 0xc00252ce00?}, {0x0?, 0x72c05e41c108?, 0x10?}, {0xc00220e7e0, 0x1, 0x1})
			gitlab.nethead.at/symflower/symflower/language/java/symbol/overloading.go:406 +0x66b
		gitlab.nethead.at/symflower/symflower/language/java/symbol.(*transpiler).matchOverloadingFunction(0xc00013f540, {0xc00220e850, 0x2, 0x2}, {0x2205608, 0xc00252ce00}, {0x0, 0x0, 0x0}, {0xc00220e7e0, ...})
			gitlab.nethead.at/symflower/symflower/language/java/symbol/overloading.go:451 +0x217
		gitlab.nethead.at/symflower/symflower/language/java/symbol.(*transpiler).getFunction(0xc00013f540, {0x2205608, 0xc00252ce00}, {0xc001d88230, 0x4a}, {0x0, 0x0, 0x0}, {0xc00220e7e0, 0x1, ...})
			gitlab.nethead.at/symflower/symflower/language/java/symbol/overloading.go:224 +0xd2
		gitlab.nethead.at/symflower/symflower/language/java/symbol.(*transpiler).assignmentToConstructorCall(0xc00013f540, 0xc000904f00, {0xc00093c900, 0x2, 0x2}, {0xc00220e7e0, 0x1, 0x1}, {0xf00043200000e, 0xf000432000031}, ...)
			gitlab.nethead.at/symflower/symflower/language/java/symbol/generate.go:126 +0x22f
		gitlab.nethead.at/symflower/symflower/language/java/symbol.(*transpiler).handleExplicitConstructorCall(0xc00013f540, 0xc0009133e0, 0xc0008340c0)
			gitlab.nethead.at/symflower/symflower/language/java/symbol/handle.go:3921 +0x2bb
		gitlab.nethead.at/symflower/symflower/language/java/symbol.(*transpiler).handleStatement(0xc00013f540, 0xc0009133e0, {0x21f71e0, 0xc0008340c0})
			gitlab.nethead.at/symflower/symflower/language/java/symbol/handle.go:4413 +0x6bb
		gitlab.nethead.at/symflower/symflower/language/java/symbol.(*transpiler).handleStatements(0xc00013f540, 0xc0009133e0, {0xc000839100, 0x1, 0xc0001106c0?})
			gitlab.nethead.at/symflower/symflower/language/java/symbol/handle.go:3731 +0x85
		gitlab.nethead.at/symflower/symflower/language/java/symbol.(*transpiler).handleBlock.func1()
			gitlab.nethead.at/symflower/symflower/language/java/symbol/handle.go:3712 +0x45
		gitlab.nethead.at/symflower/symflower/model/ast.(*Scope).Scoped(0xc0001106c0, 0xc001a90dd8)
			gitlab.nethead.at/symflower/symflower/model/ast/scope.go:297 +0x162
		gitlab.nethead.at/symflower/symflower/language/java/symbol.(*transpiler).handleBlock(0xc00013f540, 0xc0009133e0, 0xc000832480)
			gitlab.nethead.at/symflower/symflower/language/java/symbol/handle.go:3711 +0x9e
		gitlab.nethead.at/symflower/symflower/language/java/symbol.(*transpiler).handleConstructorDeclarationBody.(*transpiler).handleScopedBlockStatement.func1()
			gitlab.nethead.at/symflower/symflower/language/java/symbol/handle.go:2716 +0x205
		gitlab.nethead.at/symflower/symflower/model/ast.(*Scope).Scoped(0xc0001106c0, 0xc001a910a0)
			gitlab.nethead.at/symflower/symflower/model/ast/scope.go:297 +0x162
		gitlab.nethead.at/symflower/symflower/language/java/symbol.(*transpiler).handleScopedBlockStatement(...)
			gitlab.nethead.at/symflower/symflower/language/java/symbol/handle.go:2693
		gitlab.nethead.at/symflower/symflower/language/java/symbol.(*transpiler).handleConstructorDeclarationBody(0xc00013f540, 0xc0009133e0, 0xc000957e00)
			gitlab.nethead.at/symflower/symflower/language/java/symbol/handle.go:1723 +0x2b1
		gitlab.nethead.at/symflower/symflower/language/java/symbol.(*transpiler).handleClassAndInterfaceDeclarationBodies(0xc00013f540, 0xc0009133e0, 0xc0009052c0)
			gitlab.nethead.at/symflower/symflower/language/java/symbol/handle.go:1530 +0x30e
		gitlab.nethead.at/symflower/symflower/language/java/symbol.(*transpiler).handleClassDeclarationBodies(0xc00013f540, 0xc0009133e0, 0xc0009052c0)
			gitlab.nethead.at/symflower/symflower/language/java/symbol/handle.go:1419 +0x106
		gitlab.nethead.at/symflower/symflower/language/java/symbol.(*transpiler).handleBodies.func1(0xc0009133e0, {0x2207578, 0xc0009052c0})
			gitlab.nethead.at/symflower/symflower/language/java/symbol/symbols.go:532 +0x1ff
		gitlab.nethead.at/symflower/symflower/language/java/symbol.(*transpiler).walkSubDeclarations(0xc00013f540, 0xc0009133e0, 0xc001a91760, 0xc0003fc900, 0xc00093a4c0, {0x2207578, 0xc0009052c0})
			gitlab.nethead.at/symflower/symflower/language/java/symbol/symbols.go:869 +0x1ee
		gitlab.nethead.at/symflower/symflower/language/java/symbol.(*transpiler).walkSubDeclarations(0xc00013f540, 0xc0009133e0, 0xc001a91760, 0xc0003fc900, 0xc00093a4c0, {0x2207578, 0xc000904c00})
			gitlab.nethead.at/symflower/symflower/language/java/symbol/symbols.go:880 +0x3b6
		gitlab.nethead.at/symflower/symflower/language/java/symbol.(*transpiler).walkFile(0xc00013f540, 0x1, 0x2088c58, 0xc001a91760, 0xc0003fc900, 0xc00093a4c0)
			gitlab.nethead.at/symflower/symflower/language/java/symbol/symbols.go:625 +0x3c5
		gitlab.nethead.at/symflower/symflower/language/java/symbol.(*transpiler).walkPackage(0xc00013f540, 0x1, 0x2088c58, 0xc001a91760, 0xc0003fc900)
			gitlab.nethead.at/symflower/symflower/language/java/symbol/symbols.go:583 +0x225
		gitlab.nethead.at/symflower/symflower/language/java/symbol.(*transpiler).walkFilesAndDeclarations(0xc00013f540, 0x1, 0x2088c58, 0xc001a91760)
			gitlab.nethead.at/symflower/symflower/language/java/symbol/symbols.go:566 +0xa5
		gitlab.nethead.at/symflower/symflower/language/java/symbol.(*transpiler).handleBodies(0xc00013f540)
			gitlab.nethead.at/symflower/symflower/language/java/symbol/symbols.go:513 +0x65
		gitlab.nethead.at/symflower/symflower/language/java/symbol.symbolsWithDependencies(0xc000010798, {0x0?, 0x41aa94?, 0x13e43a0?}, 0x1)
			gitlab.nethead.at/symflower/symflower/language/java/symbol/symbols.go:486 +0x147
		gitlab.nethead.at/symflower/symflower/language/java/symbol.Symbols(0xc000010798, 0x1)
			gitlab.nethead.at/symflower/symflower/language/java/symbol/symbols.go:457 +0xf2
		gitlab.nethead.at/symflower/symflower/language/java.Adapter.Symbols(...)
			gitlab.nethead.at/symflower/symflower/language/java/symbols.go:29
		gitlab.nethead.at/symflower/symflower/cmd/symflower-local/generate.(*Generator).transpileLanguage(0xc000470bd0, 0x0, 0x0, {0x220c620, 0x2e6b360})
			gitlab.nethead.at/symflower/symflower/cmd/symflower-local/generate/generate.go:136 +0x373
		gitlab.nethead.at/symflower/symflower/cmd/symflower-local/generate.(*Generator).Symbols(0xc000470bd0, 0x0, 0x0)
			gitlab.nethead.at/symflower/symflower/cmd/symflower-local/generate/generate.go:94 +0x136
		gitlab.nethead.at/symflower/symflower/cmd/symflower-local/generate.(*AnalyzeEngineDefault).UnitTests(0x30?, 0x124bba0?, {0x21eb890?, 0xc00011c8d0?}, {0x60?, 0x46?, 0x4?, 0x0?}, 0x30?, {0xc0000ff440, ...})
			gitlab.nethead.at/symflower/symflower/cmd/symflower-local/generate/analyze.go:153 +0x77
		gitlab.nethead.at/symflower/symflower/cmd/symflower-local/cmd.(*commandUnitTests).Execute(0xc0004ba3d8, {0xc0004ba008?, 0x72c05e21cb18?, 0xc0004ba3d8?})
			gitlab.nethead.at/symflower/symflower/cmd/symflower-local/cmd/unit-tests.go:85 +0x2a6
		gitlab.nethead.at/symflower/symflower/cmd.ExecuteNoExit({0x21de020, 0xc0004ba008}, {0xc00003e050?, 0x44?, 0x0?})
			gitlab.nethead.at/symflower/symflower/cmd/execute.go:59 +0x2ad
		gitlab.nethead.at/symflower/symflower/cmd.Execute({0x21de020?, 0xc0004ba008?}, {0xc00003e050?, 0xc000408000?, 0xc000051f10?})
			gitlab.nethead.at/symflower/symflower/cmd/execute.go:17 +0x26
		gitlab.nethead.at/symflower/symflower/cmd.ExecuteWithOSArguments(...)
			gitlab.nethead.at/symflower/symflower/cmd/execute.go:78
		main.main.func1()
			gitlab.nethead.at/symflower/symflower/cmd/symflower-demo/main.go:39 +0x34
		gitlab.nethead.at/symflower/symflower/cmd/symflower-local/cmd.(*Command).WithPanicReporter(0xc0000b2060?, 0x0?)
			gitlab.nethead.at/symflower/symflower/cmd/symflower-local/cmd/cmd.go:151 +0x33
		main.main()
			gitlab.nethead.at/symflower/symflower/cmd/symflower-demo/main.go:38 +0x7f
src/main/java/org/apache/commons/collections4/map/Flat3Map.java: error: unknown function
	data: [pointer(reference(java/lang/Object)) java/lang/Object//equals [] [select(this, value1)]]
src/main/java/org/apache/commons/collections4/map/Flat3Map.java: error: unknown function
	data: [pointer(genericInstance(reference(java/util/Map), [wildcard(, pointer(reference(java/lang/Object))), wildcard(, pointer(reference(java/lang/Object)))])) java/util/Map<descendant of java/lang/Object,descendant of java/lang/Object>//get [] [select(this, key3)]]
src/main/java/org/apache/commons/collections4/map/Flat3Map.java: error: unknown function
	data: [pointer(genericInstance(reference(java/util/Map), [wildcard(, pointer(reference(java/lang/Object))), wildcard(, pointer(reference(java/lang/Object)))])) java/util/Map<descendant of java/lang/Object,descendant of java/lang/Object>//containsKey [] [select(this, key2)]]
src/main/java/org/apache/commons/collections4/map/Flat3Map.java: error: unknown function
	data: [pointer(reference(java/lang/Object)) java/lang/Object//equals [] [select(this, value2)]]
src/main/java/org/apache/commons/collections4/map/Flat3Map.java: error: unknown function
	data: [struct(java/lang/Object, [], [], []) java/lang/Object//clone [] []]
src/main/java/org/apache/commons/collections4/map/Flat3Map.java: error: unknown function
	data: [pointer(genericInstance(reference(java/util/Map), [wildcard(, pointer(reference(java/lang/Object))), wildcard(, pointer(reference(java/lang/Object)))])) java/util/Map<descendant of java/lang/Object,descendant of java/lang/Object>//get [] [select(this, key2)]]
src/main/java/org/apache/commons/collections4/map/Flat3Map.java: internal error: not all elements have the same type
	data: conditional(==(select(this, value2), this), ["(this Map)", select(this, value2)])
src/main/java/org/apache/commons/collections4/map/Flat3Map.java: error: unknown function
	data: [pointer(genericInstance(reference(java/util/Map//Entry), [wildcard(, pointer(reference(java/lang/Object))), wildcard(, pointer(reference(java/lang/Object)))])) java/util/Map//Entry<descendant of java/lang/Object,descendant of java/lang/Object>//getValue [] []]
src/main/java/org/apache/commons/collections4/map/Flat3Map.java: error: unknown import
	data: java/util/NoSuchElementException
src/main/java/org/apache/commons/collections4/map/Flat3Map.java: error: unknown function
	data: [pointer(reference(java/lang/Object)) java/lang/Object//equals [] [select(this, key1)]]
src/main/java/org/apache/commons/collections4/map/Flat3Map.java: error: unknown function
	data: [pointer(genericInstance(reference(java/util/Map), [wildcard(, reference(K)), wildcard(, reference(V))])) java/util/Map<descendant of K,descendant of V>//entrySet [] []]
src/main/java/org/apache/commons/collections4/map/Flat3Map.java: error: unknown function
	data: [pointer(reference(java/lang/Object)) java/lang/Object//equals [] [select(this, key3)]]
src/main/java/org/apache/commons/collections4/map/Flat3Map.java: error: unknown function
	data: [pointer(reference(java/lang/Object)) java/lang/Object//equals [] [select(this, key1)]]
src/main/java/org/apache/commons/collections4/map/Flat3Map.java: error: unknown function
	data: [pointer(reference(java/io/ObjectOutputStream)) java/io/ObjectOutputStream//writeObject [] [unsupported]]
src/main/java/org/apache/commons/collections4/map/Flat3Map.java: internal error: not all elements have the same type
	data: conditional(==(select(this, value3), this), ["(this Map)", select(this, value3)])
src/main/java/org/apache/commons/collections4/map/Flat3Map.java: error: unknown function
	data: [pointer(reference(java/lang/Object)) java/lang/Object//equals [] [select(this, key1)]]
src/main/java/org/apache/commons/collections4/map/Flat3Map.java: error: unknown function
	data: [pointer(genericInstance(reference(java/util/Map), [wildcard(, pointer(reference(java/lang/Object))), wildcard(, pointer(reference(java/lang/Object)))])) java/util/Map<descendant of java/lang/Object,descendant of java/lang/Object>//containsKey [] [select(this, key3)]]
src/main/java/org/apache/commons/collections4/map/Flat3Map.java: internal error: not all elements have the same type
	data: conditional(==(select(this, key3), this), ["(this Map)", select(this, key3)])
src/main/java/org/apache/commons/collections4/map/Flat3Map.java: internal error: not all elements have the same type
	data: declaration([key], [pointer(reference(java/lang/Object))], [call(select(this, getKey!d41d8cd98f00b204e9800998ecf8427e), [])], Modifier(1048584))
src/main/java/org/apache/commons/collections4/map/Flat3Map.java: error: unknown import
	data: java/util/AbstractCollection
src/main/java/org/apache/commons/collections4/map/Flat3Map.java: error: unknown function
	data: [pointer(reference(java/lang/Object)) java/lang/Object//equals [] [select(this, key3)]]
src/main/java/org/apache/commons/collections4/map/Flat3Map.java: error: unknown function
	data: [pointer(reference(java/lang/Object)) java/lang/Object//equals [] [select(this, key2)]]
src/main/java/org/apache/commons/collections4/map/Flat3Map.java: error: unknown function
	data: [pointer(reference(java/lang/Object)) java/lang/Object//equals [] [select(this, key2)]]
src/main/java/org/apache/commons/collections4/map/Flat3Map.java: error: unknown function
	data: [pointer(reference(java/io/ObjectInputStream)) java/io/ObjectInputStream//readObject [] []]
src/main/java/org/apache/commons/collections4/map/Flat3Map.java: internal error: not all elements have the same type
	data: conditional(==(select(this, key2), this), ["(this Map)", select(this, key2)])
src/main/java/org/apache/commons/collections4/map/Flat3Map.java: error: unknown function
	data: [pointer(reference(java/lang/Object)) java/lang/Object//equals [] [select(this, key2)]]
src/main/java/org/apache/commons/collections4/map/Flat3Map.java: error: unknown type
	data: InternalError
src/main/java/org/apache/commons/collections4/map/HashedMap.java: error: unknown function
	data: [pointer(reference(java/io/ObjectOutputStream)) java/io/ObjectOutputStream//defaultWriteObject [] []]
src/main/java/org/apache/commons/collections4/map/HashedMap.java: error: unknown function
	data: [pointer(reference(java/io/ObjectInputStream)) java/io/ObjectInputStream//defaultReadObject [] []]
src/main/java/org/apache/commons/collections4/map/LRUMap.java: error: unknown function
	data: [<nil> reuseEntry [] [entry hashIndex hashCode key value]]
src/main/java/org/apache/commons/collections4/map/LRUMap.java: error: unknown function
	data: [<nil> addEntry [] [entry hashIndex]]
src/main/java/org/apache/commons/collections4/map/LRUMap.java: error: unknown function
	data: [pointer(reference(java/io/ObjectOutputStream)) java/io/ObjectOutputStream//defaultWriteObject [] []]
src/main/java/org/apache/commons/collections4/map/LRUMap.java: error: unknown function
	data: [pointer(reference(java/io/ObjectInputStream)) java/io/ObjectInputStream//defaultReadObject [] []]
src/main/java/org/apache/commons/collections4/map/LRUMap.java: error: unknown function
	data: [pointer(reference(java/io/ObjectInputStream)) java/io/ObjectInputStream//readInt [] []]
src/main/java/org/apache/commons/collections4/map/LRUMap.java: error: unknown import
	data: org/apache/commons/collections4/BoundedMap
src/main/java/org/apache/commons/collections4/map/LRUMap.java: error: unknown function
	data: [<nil> removeEntry [] [entry removeIndex previous]]
src/main/java/org/apache/commons/collections4/map/LRUMap.java: error: unknown function
	data: [pointer(reference(java/io/ObjectOutputStream)) java/io/ObjectOutputStream//writeInt [] [select(this, maxSize)]]
src/main/java/org/apache/commons/collections4/map/LazyMap.java: error: unknown import
	data: org/apache/commons/collections4/Factory
src/main/java/org/apache/commons/collections4/map/LazyMap.java: error: unknown import
	data: org/apache/commons/collections4/Transformer
src/main/java/org/apache/commons/collections4/map/LazyMap.java: error: unknown function
	data: [pointer(reference(java/io/ObjectInputStream)) java/io/ObjectInputStream//readObject [] []]
src/main/java/org/apache/commons/collections4/map/LazyMap.java: error: unknown import
	data: org/apache/commons/collections4/functors/FactoryTransformer
src/main/java/org/apache/commons/collections4/map/LazyMap.java: error: unknown type
	data: SuppressWarnings
src/main/java/org/apache/commons/collections4/map/LazyMap.java: error: unknown function
	data: [pointer(reference(java/io/ObjectOutputStream)) java/io/ObjectOutputStream//defaultWriteObject [] []]
src/main/java/org/apache/commons/collections4/map/LazyMap.java: error: unknown function
	data: [pointer(reference(java/io/ObjectOutputStream)) java/io/ObjectOutputStream//writeObject [] [select(select(this, @org/apache/commons/collections4/map/AbstractMapDecorator), map)]]
src/main/java/org/apache/commons/collections4/map/LazyMap.java: error: unknown function
	data: [pointer(reference(java/io/ObjectInputStream)) java/io/ObjectInputStream//defaultReadObject [] []]
src/main/java/org/apache/commons/collections4/map/LazySortedMap.java: error: unknown function
	data: [genericInstance(reference(org/apache/commons/collections4/map/LazyMap), [reference(K), reference(V)]) org/apache/commons/collections4/map/LazyMap//@@constructor [] [map factory]]
src/main/java/org/apache/commons/collections4/map/LazySortedMap.java: internal error: no supported constructor available
	data: [struct(org/apache/commons/collections4/map/LazyMap, [], [pointer(genericInstance(reference(org/apache/commons/collections4/map/AbstractMapDecorator), [reference(K), reference(V)]))], [reference(java/io/Serializable)]) function(variable(this, pointer(genericInstance(reference(org/apache/commons/collections4/map/AbstractMapDecorator), [reference(K), reference(V)]))), org/apache/commons/collections4/map/AbstractMapDecorator//@@constructor!d41d8cd98f00b204e9800998ecf8427e, [], [variable(, pointer(genericInstance(reference(org/apache/commons/collections4/map/AbstractMapDecorator), [reference(K), reference(V)])))], block([unsupported, unsupported, return([this])]))]
src/main/java/org/apache/commons/collections4/map/LazySortedMap.java: error: unknown function
	data: [genericInstance(reference(org/apache/commons/collections4/map/LazyMap), [reference(K), reference(V)]) org/apache/commons/collections4/map/LazyMap//@@constructor [] [map factory]]
src/main/java/org/apache/commons/collections4/map/LazySortedMap.java: error: unknown import
	data: java/util/SortedMap
src/main/java/org/apache/commons/collections4/map/LazySortedMap.java: error: unknown import
	data: org/apache/commons/collections4/Factory
src/main/java/org/apache/commons/collections4/map/LazySortedMap.java: error: unknown import
	data: org/apache/commons/collections4/Transformer
src/main/java/org/apache/commons/collections4/map/LinkedMap.java: error: unknown function
	data: [pointer(reference(java/io/ObjectInputStream)) java/io/ObjectInputStream//defaultReadObject [] []]
src/main/java/org/apache/commons/collections4/map/LinkedMap.java: error: unknown import
	data: java/util/ListIterator
src/main/java/org/apache/commons/collections4/map/LinkedMap.java: error: unknown import
	data: org/apache/commons/collections4/iterators/UnmodifiableListIterator
src/main/java/org/apache/commons/collections4/map/LinkedMap.java: error: unknown function
	data: [<nil> remove [] [call(select(this, get!82a13d2b9378b45b5451d30242dc1218), [index])]]
src/main/java/org/apache/commons/collections4/map/LinkedMap.java: error: unknown import
	data: java/util/AbstractList
src/main/java/org/apache/commons/collections4/map/LinkedMap.java: error: unknown import
	data: org/apache/commons/collections4/iterators/UnmodifiableIterator
src/main/java/org/apache/commons/collections4/map/LinkedMap.java: error: unknown import
	data: org/apache/commons/collections4/list/UnmodifiableList
src/main/java/org/apache/commons/collections4/map/LinkedMap.java: error: unknown function
	data: [pointer(reference(java/io/ObjectOutputStream)) java/io/ObjectOutputStream//defaultWriteObject [] []]
src/main/java/org/apache/commons/collections4/map/ListOrderedMap.java: error: unknown function
	data: [pointer(reference(java/io/ObjectInputStream)) java/io/ObjectInputStream//readObject [] []]
src/main/java/org/apache/commons/collections4/map/ListOrderedMap.java: error: unknown function
	data: [genericInstance(reference(java/util/List), [reference(K)]) java/util/List<K>//listIterator [] []]
src/main/java/org/apache/commons/collections4/map/ListOrderedMap.java: error: unknown import
	data: java/util/AbstractSet
src/main/java/org/apache/commons/collections4/map/ListOrderedMap.java: error: unknown import
	data: org/apache/commons/collections4/OrderedMapIterator
src/main/java/org/apache/commons/collections4/map/ListOrderedMap.java: error: unknown import
	data: org/apache/commons/collections4/keyvalue/AbstractMapEntry
src/main/java/org/apache/commons/collections4/map/ListOrderedMap.java: error: unknown function
	data: [pointer(genericInstance(reference(java/util/Map), [wildcard(, reference(K)), wildcard(, reference(V))])) java/util/Map<descendant of K,descendant of V>//entrySet [] []]
src/main/java/org/apache/commons/collections4/map/ListOrderedMap.java: error: unknown function
	data: [<nil> get [] [call(select(ensure_not_nil(select(this, insertOrder)), get!82a13d2b9378b45b5451d30242dc1218), [index])]]
src/main/java/org/apache/commons/collections4/map/ListOrderedMap.java: error: unknown function
	data: [pointer(genericInstance(reference(java/util/Map), [reference(K), reference(V)])) java/util/Map<K,V>//containsKey [] [key]]
src/main/java/org/apache/commons/collections4/map/ListOrderedMap.java: error: unknown function
	data: [genericInstance(reference(java/util/Map), [reference(K), reference(V)]) java/util/Map<K,V>//remove [] [select(this, last)]]
src/main/java/org/apache/commons/collections4/map/ListOrderedMap.java: error: unknown import
	data: java/util/ListIterator
src/main/java/org/apache/commons/collections4/map/ListOrderedMap.java: error: unknown function
	data: [pointer(genericInstance(reference(java/util/Map), [wildcard(, reference(K)), wildcard(, reference(V))])) java/util/Map<descendant of K,descendant of V>//entrySet [] []]
src/main/java/org/apache/commons/collections4/map/ListOrderedMap.java: error: unknown function
	data: [<nil> getIterator [] []]
src/main/java/org/apache/commons/collections4/map/ListOrderedMap.java: error: unknown function
	data: [<nil> getKey [] []]
src/main/java/org/apache/commons/collections4/map/ListOrderedMap.java: error: unknown import
	data: org/apache/commons/collections4/list/UnmodifiableList
src/main/java/org/apache/commons/collections4/map/ListOrderedMap.java: error: unknown type
	data: SuppressWarnings
src/main/java/org/apache/commons/collections4/map/ListOrderedMap.java: error: unknown function
	data: [pointer(reference(java/io/ObjectOutputStream)) java/io/ObjectOutputStream//writeObject [] [select(select(this, @org/apache/commons/collections4/map/AbstractMapDecorator), map)]]
src/main/java/org/apache/commons/collections4/map/ListOrderedMap.java: error: an unsupported collection type has been used for this operation
	data: genericInstance(unsupported(java/util/Set), [pointer(genericInstance(reference(java/util/Map//Entry), [reference(K), reference(V)]))])
src/main/java/org/apache/commons/collections4/map/ListOrderedMap.java: error: unknown import
	data: java/util/NoSuchElementException
src/main/java/org/apache/commons/collections4/map/ListOrderedMap.java: error: unknown import
	data: java/util/Set
src/main/java/org/apache/commons/collections4/map/ListOrderedMap.java: error: unknown function
	data: [genericInstance(reference(java/util/Map), [reference(K), reference(V)]) java/util/Map<K,V>//keySet [] []]
src/main/java/org/apache/commons/collections4/map/ListOrderedMap.java: error: unknown import
	data: java/util/AbstractList
src/main/java/org/apache/commons/collections4/map/ListOrderedMap.java: error: unknown import
	data: org/apache/commons/collections4/OrderedMap
src/main/java/org/apache/commons/collections4/map/ListOrderedMap.java: error: unknown import
	data: org/apache/commons/collections4/iterators/AbstractUntypedIteratorDecorator
src/main/java/org/apache/commons/collections4/map/ListOrderedMap.java: error: unknown function
	data: [genericInstance(reference(java/util/List), [reference(K)]) java/util/List<K>//addAll [] [unsupported]]
src/main/java/org/apache/commons/collections4/map/ListOrderedMap.java: error: unknown function
	data: [pointer(reference(java/io/ObjectInputStream)) java/io/ObjectInputStream//defaultReadObject [] []]
src/main/java/org/apache/commons/collections4/map/ListOrderedMap.java: error: unknown import
	data: java/util/HashMap
src/main/java/org/apache/commons/collections4/map/ListOrderedMap.java: error: unknown import
	data: org/apache/commons/collections4/ResettableIterator
src/main/java/org/apache/commons/collections4/map/ListOrderedMap.java: error: unknown function
	data: [genericInstance(reference(java/util/Map), [reference(K), reference(V)]) java/util/Map<K,V>//containsKey [] [key]]
src/main/java/org/apache/commons/collections4/map/ListOrderedMap.java: error: unknown function
	data: [<nil> remove [] [call(select(this, get!82a13d2b9378b45b5451d30242dc1218), [index])]]
src/main/java/org/apache/commons/collections4/map/ListOrderedMap.java: error: unknown function
	data: [genericInstance(reference(java/util/Map//Entry), [reference(K), reference(V)]) java/util/Map//Entry<K,V>//getKey [] []]
src/main/java/org/apache/commons/collections4/map/ListOrderedMap.java: error: unknown function
	data: [pointer(reference(java/io/ObjectOutputStream)) java/io/ObjectOutputStream//defaultWriteObject [] []]
src/main/java/org/apache/commons/collections4/map/ListOrderedMap.java: error: unknown function
	data: [pointer(genericInstance(reference(java/util/Map), [reference(K), reference(V)])) java/util/Map<K,V>//remove [] [key]]
src/main/java/org/apache/commons/collections4/map/ListOrderedMap.java: error: unknown function
	data: [genericInstance(reference(java/util/List), [reference(K)]) java/util/List<K>//indexOf [] [key]]
src/main/java/org/apache/commons/collections4/map/MultiKeyMap.java: error: unknown function
	data: [<nil> hash [] [key1 key2]]
src/main/java/org/apache/commons/collections4/map/MultiKeyMap.java: error: unknown function
	data: [pointer(genericInstance(reference(java/util/Map), [wildcard(, genericInstance(unsupported(org/apache/commons/collections4/keyvalue/MultiKey), [wildcard(, reference(K))])), wildcard(, reference(V))])) java/util/Map<descendant of org/apache/commons/collections4/keyvalue/MultiKey<descendant of K>,descendant of V>//keySet [] []]
src/main/java/org/apache/commons/collections4/map/MultiKeyMap.java: error: unknown function
	data: [<nil> isEqualKey [] [entry key1 key2 key3 key4 key5]]
src/main/java/org/apache/commons/collections4/map/MultiKeyMap.java: error: unknown type
	data: InternalError
src/main/java/org/apache/commons/collections4/map/MultiKeyMap.java: error: unknown function
	data: [pointer(reference(java/io/ObjectInputStream)) java/io/ObjectInputStream//readObject [] []]
src/main/java/org/apache/commons/collections4/map/MultiKeyMap.java: error: unknown import
	data: org/apache/commons/collections4/keyvalue/MultiKey
src/main/java/org/apache/commons/collections4/map/MultiKeyMap.java: error: unknown function
	data: [<nil> isEqualKey [] [entry key1 key2 key3 key4]]
src/main/java/org/apache/commons/collections4/map/MultiKeyMap.java: error: unknown function
	data: [<nil> isEqualKey [] [entry key1 key2 key3]]
src/main/java/org/apache/commons/collections4/map/MultiKeyMap.java: error: unknown function
	data: [<nil> isEqualKey [] [entry key1 key2]]
src/main/java/org/apache/commons/collections4/map/MultiKeyMap.java: error: unknown function
	data: [pointer(reference(java/io/ObjectOutputStream)) java/io/ObjectOutputStream//writeObject [] [select(select(this, @org/apache/commons/collections4/map/AbstractMapDecorator), map)]]
src/main/java/org/apache/commons/collections4/map/MultiKeyMap.java: error: unknown function
	data: [pointer(reference(java/io/ObjectOutputStream)) java/io/ObjectOutputStream//defaultWriteObject [] []]
src/main/java/org/apache/commons/collections4/map/MultiKeyMap.java: error: unknown function
	data: [<nil> hash [] [key1 key2 key3]]
src/main/java/org/apache/commons/collections4/map/MultiKeyMap.java: error: unknown function
	data: [<nil> hash [] [key1 key2 key3 key4 key5]]
src/main/java/org/apache/commons/collections4/map/MultiKeyMap.java: error: unknown function
	data: [genericInstance(reference(org/apache/commons/collections4/map/AbstractMapDecorator), [genericInstance(unsupported(org/apache/commons/collections4/keyvalue/MultiKey), [wildcard(, reference(K))]), reference(V)]) org/apache/commons/collections4/map/AbstractMapDecorator<org/apache/commons/collections4/keyvalue/MultiKey<descendant of K>,V>//clone [] []]
src/main/java/org/apache/commons/collections4/map/MultiKeyMap.java: error: unknown function
	data: [pointer(reference(java/io/ObjectInputStream)) java/io/ObjectInputStream//defaultReadObject [] []]
src/main/java/org/apache/commons/collections4/map/MultiKeyMap.java: error: unknown type
	data: SuppressWarnings
src/main/java/org/apache/commons/collections4/map/MultiKeyMap.java: error: unknown function
	data: [<nil> hash [] [key1 key2 key3 key4]]
src/main/java/org/apache/commons/collections4/map/MultiKeyMap.java: error: unknown import
	data: org/apache/commons/collections4/MapIterator
src/main/java/org/apache/commons/collections4/map/MultiValueMap.java: error: unknown import
	data: java/util/Set
src/main/java/org/apache/commons/collections4/map/MultiValueMap.java: error: unknown import
	data: org/apache/commons/collections4/MultiMap
src/main/java/org/apache/commons/collections4/map/MultiValueMap.java: error: unknown import
	data: org/apache/commons/collections4/iterators/TransformIterator
src/main/java/org/apache/commons/collections4/map/MultiValueMap.java: error: unknown function
	data: [pointer(reference(java/io/ObjectInputStream)) java/io/ObjectInputStream//readObject [] []]
src/main/java/org/apache/commons/collections4/map/MultiValueMap.java: error: unknown function
	data: [pointer(genericInstance(reference(java/util/Map), [wildcard(, reference(K)), wildcard(, pointer(reference(java/lang/Object)))])) java/util/Map<descendant of K,descendant of java/lang/Object>//entrySet [] []]
src/main/java/org/apache/commons/collections4/map/MultiValueMap.java: internal error: type does not support nil values
	data: unsupported(org/apache/commons/collections4/MultiMap)
src/main/java/org/apache/commons/collections4/map/MultiValueMap.java: error: unknown import
	data: org/apache/commons/collections4/FunctorException
src/main/java/org/apache/commons/collections4/map/MultiValueMap.java: error: unknown import
	data: org/apache/commons/collections4/Transformer
src/main/java/org/apache/commons/collections4/map/MultiValueMap.java: error: unknown import
	data: org/apache/commons/collections4/iterators/IteratorChain
src/main/java/org/apache/commons/collections4/map/MultiValueMap.java: error: unknown import
	data: org/apache/commons/collections4/iterators/LazyIteratorChain
src/main/java/org/apache/commons/collections4/map/MultiValueMap.java: error: unknown function
	data: [pointer(reference(java/io/ObjectInputStream)) java/io/ObjectInputStream//defaultReadObject [] []]
src/main/java/org/apache/commons/collections4/map/MultiValueMap.java: error: unknown import
	data: java/util/AbstractCollection
src/main/java/org/apache/commons/collections4/map/MultiValueMap.java: error: unknown import
	data: java/util/HashMap
src/main/java/org/apache/commons/collections4/map/MultiValueMap.java: error: unknown type
	data: Entry
src/main/java/org/apache/commons/collections4/map/MultiValueMap.java: error: unknown function
	data: [genericInstance(reference(org/apache/commons/collections4/map/AbstractMapDecorator), [reference(K), pointer(reference(java/lang/Object))]) org/apache/commons/collections4/map/AbstractMapDecorator//@@constructor [] [cast(map, pointer(genericInstance(reference(java/util/Map), [reference(K), pointer(reference(java/lang/Object))])))]]
src/main/java/org/apache/commons/collections4/map/MultiValueMap.java: unsupported: unsupported node
	data: [==(collectionFactory, nil) genericInstance(unsupported(org/apache/commons/collections4/Factory), [genericParameter(C, [pointer(genericInstance(reference(java/util/Collection), [reference(V)]))])])]
src/main/java/org/apache/commons/collections4/map/MultiValueMap.java: error: unknown function
	data: [pointer(reference(java/io/ObjectOutputStream)) java/io/ObjectOutputStream//defaultWriteObject [] []]
src/main/java/org/apache/commons/collections4/map/MultiValueMap.java: unsupported: unsupported AST node
	data: genericInstance(unsupported(org/apache/commons/collections4/MultiMap), [wildcard(, reference(K)), reference(V)])
src/main/java/org/apache/commons/collections4/map/MultiValueMap.java: error: unknown function
	data: [genericInstance(reference(java/util/Map), [reference(K), reference(V)]) java/util/Map<K,V>//put [] [key coll]]
src/main/java/org/apache/commons/collections4/map/MultiValueMap.java: error: unknown import
	data: org/apache/commons/collections4/iterators/EmptyIterator
src/main/java/org/apache/commons/collections4/map/MultiValueMap.java: error: unknown function
	data: [<nil> org/apache/commons/collections4/map/MultiValueMap//MultiValueMap [reference(K) reference(V)] [map call(org/apache/commons/collections4/map/MultiValueMap//ReflectionFactory//ReflectionFactory!5a065a63ea68e7f2ca0df36b62fe3e49, [collectionClass])]]
src/main/java/org/apache/commons/collections4/map/MultiValueMap.java: error: an unsupported collection type has been used for this operation
	data: genericInstance(unsupported(java/util/Set), [pointer(genericInstance(reference(java/util/Map//Entry), [genericParameter(K, [pointer(reference(java/lang/Object))]), pointer(reference(java/lang/Object))]))])
src/main/java/org/apache/commons/collections4/map/MultiValueMap.java: error: unknown identifier
	data: pairs
src/main/java/org/apache/commons/collections4/map/MultiValueMap.java: unsupported: unsupported type cast
	data: [cast(value, reference(V)) genericParameter(V, [pointer(reference(java/lang/Object))])]
src/main/java/org/apache/commons/collections4/map/MultiValueMap.java: error: unknown function
	data: [<nil> org/apache/commons/collections4/map/MultiValueMap//ValuesIterator//ValuesIterator [pointer(reference(java/lang/Object)) pointer(reference(java/lang/Object))] [key]]
src/main/java/org/apache/commons/collections4/map/MultiValueMap.java: error: unknown function
	data: [<nil> java/util/ArrayList//ArrayList [reference(K)] [call(select(this, keySet!d41d8cd98f00b204e9800998ecf8427e), [])]]
src/main/java/org/apache/commons/collections4/map/MultiValueMap.java: internal error: not all elements have the same type
	data: declaration([v], [pointer(reference(java/lang/Object))], [call(select(ensure_not_nil(@@sfl_iterator), next!d41d8cd98f00b204e9800998ecf8427e), [])], Modifier(1048584))
src/main/java/org/apache/commons/collections4/map/MultiValueMap.java: error: unknown import
	data: org/apache/commons/collections4/CollectionUtils
src/main/java/org/apache/commons/collections4/map/MultiValueMap.java: error: unknown function
	data: [<nil> getCollection [] [key]]
src/main/java/org/apache/commons/collections4/map/MultiValueMap.java: error: unknown function
	data: [pointer(genericInstance(reference(java/util/Collection), [reference(V)])) java/util/Collection<V>//addAll [] [values]]
src/main/java/org/apache/commons/collections4/map/MultiValueMap.java: unsupported: unsupported AST node
	data: genericInstance(unsupported(org/apache/commons/collections4/Factory), [wildcard(, pointer(genericInstance(reference(java/util/Collection), [reference(V)])))])
src/main/java/org/apache/commons/collections4/map/MultiValueMap.java: error: unknown function
	data: [genericInstance(reference(org/apache/commons/collections4/map/MultiValueMap//ValuesIterator), [genericParameter(K, [pointer(reference(java/lang/Object))]), genericParameter(V, [pointer(reference(java/lang/Object))])]) getCollection!4fb2deccef7826b7659de223ac40b91d]
src/main/java/org/apache/commons/collections4/map/MultiValueMap.java: error: unknown function
	data: [genericInstance(reference(java/util/Map), [reference(K), reference(V)]) java/util/Map<K,V>//put [] [key coll]]
src/main/java/org/apache/commons/collections4/map/MultiValueMap.java: error: unknown type
	data: SuppressWarnings
src/main/java/org/apache/commons/collections4/map/MultiValueMap.java: error: unknown function
	data: [<nil> org/apache/commons/collections4/map/MultiValueMap//MultiValueMap [reference(K) reference(V)] [map collectionFactory]]
src/main/java/org/apache/commons/collections4/map/MultiValueMap.java: error: unknown function
	data: [pointer(reference(java/io/ObjectOutputStream)) java/io/ObjectOutputStream//writeObject [] [select(select(this, @org/apache/commons/collections4/map/AbstractMapDecorator), map)]]
src/main/java/org/apache/commons/collections4/map/MultiValueMap.java: unsupported: Internal error: encountered an unsupported type:
		&modelast.TypeUnsupported{
		    CompactFileRange: location.CompactFileRange{Start:location.NewCompactFileLocationRaw(23, 328, 57), End:location.NewCompactFileLocationRaw(23, 328, 81)},
		    Name:             "@@unsupported",
		}
		Stacktrace: goroutine 1 [running]:
		gitlab.nethead.at/symflower/symflower/model/errors.NewInternalError({0x21de060, 0x2d250a0}, {0x13c7fc0, 0xc0013c0120})
			gitlab.nethead.at/symflower/symflower/model/errors/error.go:852 +0x4e
		gitlab.nethead.at/symflower/symflower/model/ast.(*ExpressionConditional).ExpressionType(0xc0017af680, 0xc0001106c0)
			gitlab.nethead.at/symflower/symflower/model/ast/expression.go:3286 +0xd6
		gitlab.nethead.at/symflower/symflower/model/ast.ResolveExpressionType(0xc0001106c0, {0x2208c70?, 0xc0017af680?})
			gitlab.nethead.at/symflower/symflower/model/ast/type-resolve.go:533 +0x29
		gitlab.nethead.at/symflower/symflower/model/ast.ExpressionPrimitiveType(0x7610eee6b43f485d?, {0x2208c70?, 0xc0017af680?})
			gitlab.nethead.at/symflower/symflower/model/ast/type-resolve.go:562 +0x1d
		gitlab.nethead.at/symflower/symflower/model/ast.(*ExpressionCast).InferType(0xc001594ed0, 0xc0001106c0, 0x2088c68)
			gitlab.nethead.at/symflower/symflower/model/ast/expression.go:2649 +0x34
		gitlab.nethead.at/symflower/symflower/model/ast.WalkInferTypes.func2(0xc0001106c0, {0x2203c70, 0xc001594ed0})
			gitlab.nethead.at/symflower/symflower/model/ast/walk.go:23 +0x7c
		gitlab.nethead.at/symflower/symflower/model/ast.(*ExpressionCast).Walk(0xc001594ed0, 0xc0001106c0, 0x1, 0xc00115a318)
			gitlab.nethead.at/symflower/symflower/model/ast/walk_gen.go:331 +0x20e
		gitlab.nethead.at/symflower/symflower/model/ast.(*StatementReturn).Walk(0xc000f56120, 0xc0001106c0, 0x1, 0xc00115a318)
			gitlab.nethead.at/symflower/symflower/model/ast/walk_gen.go:1586 +0x175
		gitlab.nethead.at/symflower/symflower/model/ast.(*StatementBlock).Walk(0xc001594f00, 0xc0001106c0, 0x1, 0xc00115a318)
			gitlab.nethead.at/symflower/symflower/model/ast/walk_gen.go:1379 +0x36b
		gitlab.nethead.at/symflower/symflower/model/ast.WalkInferTypes(0xc0001106c0, {0x2203830, 0xc001594f00}, 0x2088c68)
			gitlab.nethead.at/symflower/symflower/model/ast/walk.go:17 +0xd9
		gitlab.nethead.at/symflower/symflower/language/java/symbol.(*transpiler).inferBodyTypes(0xc00013f540, {0x2203830, 0xc001594f00})
			gitlab.nethead.at/symflower/symflower/language/java/symbol/handle.go:2850 +0x31
		gitlab.nethead.at/symflower/symflower/language/java/symbol.(*transpiler).completeFunctionAndVerify(0xc00013f540, 0xc000979860, 0xc0009c6700)
			gitlab.nethead.at/symflower/symflower/language/java/symbol/handle.go:2777 +0x107
		gitlab.nethead.at/symflower/symflower/language/java/symbol.(*transpiler).handleMethodDeclarationBody(0xc00013f540, 0xc000979860, {0x2208170, 0xc0009903c0}, 0xc0009c6700, 0x0)
			gitlab.nethead.at/symflower/symflower/language/java/symbol/handle.go:2540 +0x7b5
		gitlab.nethead.at/symflower/symflower/language/java/symbol.(*transpiler).handleClassAndInterfaceDeclarationBodies(0xc00013f540, 0xc000979860, 0xc0009903c0)
			gitlab.nethead.at/symflower/symflower/language/java/symbol/handle.go:1534 +0x2f7
		gitlab.nethead.at/symflower/symflower/language/java/symbol.(*transpiler).handleClassDeclarationBodies(0xc00013f540, 0xc000979860, 0xc0009903c0)
			gitlab.nethead.at/symflower/symflower/language/java/symbol/handle.go:1419 +0x106
		gitlab.nethead.at/symflower/symflower/language/java/symbol.(*transpiler).handleBodies.func1(0xc000979860, {0x2207578, 0xc0009903c0})
			gitlab.nethead.at/symflower/symflower/language/java/symbol/symbols.go:532 +0x1ff
		gitlab.nethead.at/symflower/symflower/language/java/symbol.(*transpiler).walkSubDeclarations(0xc00013f540, 0xc000979860, 0xc0027af760, 0xc0003fc900, 0xc0009c2040, {0x2207578, 0xc0009903c0})
			gitlab.nethead.at/symflower/symflower/language/java/symbol/symbols.go:869 +0x1ee
		gitlab.nethead.at/symflower/symflower/language/java/symbol.(*transpiler).walkFile(0xc00013f540, 0x1, 0x2088c58, 0xc0027af760, 0xc0003fc900, 0xc0009c2040)
			gitlab.nethead.at/symflower/symflower/language/java/symbol/symbols.go:625 +0x3c5
		gitlab.nethead.at/symflower/symflower/language/java/symbol.(*transpiler).walkPackage(0xc00013f540, 0x1, 0x2088c58, 0xc0027af760, 0xc0003fc900)
			gitlab.nethead.at/symflower/symflower/language/java/symbol/symbols.go:583 +0x225
		gitlab.nethead.at/symflower/symflower/language/java/symbol.(*transpiler).walkFilesAndDeclarations(0xc00013f540, 0x1, 0x2088c58, 0xc0027af760)
			gitlab.nethead.at/symflower/symflower/language/java/symbol/symbols.go:566 +0xa5
		gitlab.nethead.at/symflower/symflower/language/java/symbol.(*transpiler).handleBodies(0xc00013f540)
			gitlab.nethead.at/symflower/symflower/language/java/symbol/symbols.go:513 +0x65
		gitlab.nethead.at/symflower/symflower/language/java/symbol.symbolsWithDependencies(0xc000010798, {0x0?, 0x41aa94?, 0x13e43a0?}, 0x1)
			gitlab.nethead.at/symflower/symflower/language/java/symbol/symbols.go:486 +0x147
		gitlab.nethead.at/symflower/symflower/language/java/symbol.Symbols(0xc000010798, 0x1)
			gitlab.nethead.at/symflower/symflower/language/java/symbol/symbols.go:457 +0xf2
		gitlab.nethead.at/symflower/symflower/language/java.Adapter.Symbols(...)
			gitlab.nethead.at/symflower/symflower/language/java/symbols.go:29
		gitlab.nethead.at/symflower/symflower/cmd/symflower-local/generate.(*Generator).transpileLanguage(0xc000470bd0, 0x0, 0x0, {0x220c620, 0x2e6b360})
			gitlab.nethead.at/symflower/symflower/cmd/symflower-local/generate/generate.go:136 +0x373
		gitlab.nethead.at/symflower/symflower/cmd/symflower-local/generate.(*Generator).Symbols(0xc000470bd0, 0x0, 0x0)
			gitlab.nethead.at/symflower/symflower/cmd/symflower-local/generate/generate.go:94 +0x136
		gitlab.nethead.at/symflower/symflower/cmd/symflower-local/generate.(*AnalyzeEngineDefault).UnitTests(0x30?, 0x124bba0?, {0x21eb890?, 0xc00011c8d0?}, {0x60?, 0x46?, 0x4?, 0x0?}, 0x30?, {0xc0000ff440, ...})
			gitlab.nethead.at/symflower/symflower/cmd/symflower-local/generate/analyze.go:153 +0x77
		gitlab.nethead.at/symflower/symflower/cmd/symflower-local/cmd.(*commandUnitTests).Execute(0xc0004ba3d8, {0xc0004ba008?, 0x72c05e21cb18?, 0xc0004ba3d8?})
			gitlab.nethead.at/symflower/symflower/cmd/symflower-local/cmd/unit-tests.go:85 +0x2a6
		gitlab.nethead.at/symflower/symflower/cmd.ExecuteNoExit({0x21de020, 0xc0004ba008}, {0xc00003e050?, 0x44?, 0x0?})
			gitlab.nethead.at/symflower/symflower/cmd/execute.go:59 +0x2ad
		gitlab.nethead.at/symflower/symflower/cmd.Execute({0x21de020?, 0xc0004ba008?}, {0xc00003e050?, 0xc000408000?, 0xc000051f10?})
			gitlab.nethead.at/symflower/symflower/cmd/execute.go:17 +0x26
		gitlab.nethead.at/symflower/symflower/cmd.ExecuteWithOSArguments(...)
			gitlab.nethead.at/symflower/symflower/cmd/execute.go:78
		main.main.func1()
			gitlab.nethead.at/symflower/symflower/cmd/symflower-demo/main.go:39 +0x34
		gitlab.nethead.at/symflower/symflower/cmd/symflower-local/cmd.(*Command).WithPanicReporter(0xc0000b2060?, 0x0?)
			gitlab.nethead.at/symflower/symflower/cmd/symflower-local/cmd/cmd.go:151 +0x33
		main.main()
			gitlab.nethead.at/symflower/symflower/cmd/symflower-demo/main.go:38 +0x7f
	
	data: cast(conditional(!=(vs, nil), [vs, unsupported]), pointer(genericInstance(reference(java/util/Collection), [pointer(reference(java/lang/Object))])))
src/main/java/org/apache/commons/collections4/map/MultiValueMap.java: internal error: not an enclosing type
	data: struct(org/apache/commons/collections4/map/MultiValueMap, [], [pointer(genericInstance(reference(org/apache/commons/collections4/map/AbstractMapDecorator), [reference(K), pointer(reference(java/lang/Object))]))], [genericInstance(unsupported(org/apache/commons/collections4/MultiMap), [reference(K), reference(V)]), reference(java/io/Serializable)])
src/main/java/org/apache/commons/collections4/map/MultiValueMap.java: error: unknown function
	data: [genericInstance(reference(java/lang/Class), [reference(T)]) java/lang/Class<T>//newInstance [] []]
src/main/java/org/apache/commons/collections4/map/MultiValueMap.java: error: unknown import
	data: org/apache/commons/collections4/Factory
src/main/java/org/apache/commons/collections4/map/MultiValueMap.java: error: unknown function
	data: [<nil> getCollection [] [key]]
src/main/java/org/apache/commons/collections4/map/MultiValueMap.java: error: unknown identifier
	data: chain
src/main/java/org/apache/commons/collections4/map/MultiValueMap.java: unsupported: unsupported implements type
	data: struct(org/apache/commons/collections4/map/MultiValueMap//ReflectionFactory, [], [pointer(reference(java/lang/Object))], [genericInstance(unsupported(org/apache/commons/collections4/Factory), [reference(T)]), reference(java/io/Serializable)])
src/main/java/org/apache/commons/collections4/map/MultiValueMap.java: error: unknown type
	data: Deprecated
src/main/java/org/apache/commons/collections4/map/MultiValueMap.java: error: unknown function
	data: [genericInstance(reference(java/util/Map), [reference(K), reference(V)]) java/util/Map<K,V>//entrySet [] []]
src/main/java/org/apache/commons/collections4/map/MultiValueMap.java: error: unknown function
	data: [<nil> org/apache/commons/collections4/map/MultiValueMap//Values//Values [pointer(reference(java/lang/Object)) pointer(reference(java/lang/Object))] []]
src/main/java/org/apache/commons/collections4/map/MultiValueMap.java: unsupported: unsupported type cast
	data: cast(call(select(ensure_not_nil(call(select(this, decorated!d41d8cd98f00b204e9800998ecf8427e), [])), get!4fb2deccef7826b7659de223ac40b91d), [key]), pointer(genericInstance(reference(java/util/Collection), [reference(V)])))
src/main/java/org/apache/commons/collections4/map/MultiValueMap.java: error: unknown function
	data: [pointer(genericInstance(reference(java/util/Collection), [reference(V)])) java/util/Collection<V>//addAll [] [values]]
src/main/java/org/apache/commons/collections4/map/PassiveExpiringMap.java: error: unknown function
	data: [genericInstance(reference(java/util/Map), [pointer(reference(java/lang/Object)), pointer(reference(java/lang/Long))]) java/util/Map<java/lang/Object,java/lang/Long>//put [] [key unsupported]]
src/main/java/org/apache/commons/collections4/map/PassiveExpiringMap.java: error: unknown import
	data: java/util/concurrent/TimeUnit
src/main/java/org/apache/commons/collections4/map/PassiveExpiringMap.java: error: unknown type
	data: Entry
src/main/java/org/apache/commons/collections4/map/PassiveExpiringMap.java: error: unknown type
	data: SuppressWarnings
src/main/java/org/apache/commons/collections4/map/PassiveExpiringMap.java: error: unknown function
	data: [genericInstance(reference(java/util/Map), [pointer(reference(java/lang/Object)), pointer(reference(java/lang/Long))]) java/util/Map<java/lang/Object,java/lang/Long>//entrySet [] []]
src/main/java/org/apache/commons/collections4/map/PassiveExpiringMap.java: error: unknown function
	data: [pointer(genericInstance(reference(java/util/Map//Entry), [pointer(reference(java/lang/Object)), pointer(reference(java/lang/Long))])) java/util/Map//Entry<java/lang/Object,java/lang/Long>//getValue [] []]
src/main/java/org/apache/commons/collections4/map/PassiveExpiringMap.java: error: unknown function
	data: [pointer(genericInstance(reference(java/util/Map//Entry), [pointer(reference(java/lang/Object)), pointer(reference(java/lang/Long))])) java/util/Map//Entry<java/lang/Object,java/lang/Long>//getKey [] []]
src/main/java/org/apache/commons/collections4/map/PassiveExpiringMap.java: error: unknown function
	data: [pointer(reference(java/io/ObjectOutputStream)) java/io/ObjectOutputStream//defaultWriteObject [] []]
src/main/java/org/apache/commons/collections4/map/PassiveExpiringMap.java: error: unknown function
	data: [struct(java/lang/System, [], [pointer(reference(java/lang/Object))], []) java/lang/System//currentTimeMillis [] []]
src/main/java/org/apache/commons/collections4/map/PassiveExpiringMap.java: error: unknown import
	data: java/util/HashMap
src/main/java/org/apache/commons/collections4/map/PassiveExpiringMap.java: error: unknown import
	data: java/util/Set
src/main/java/org/apache/commons/collections4/map/PassiveExpiringMap.java: error: unknown function
	data: [pointer(reference(java/io/ObjectInputStream)) java/io/ObjectInputStream//defaultReadObject [] []]
src/main/java/org/apache/commons/collections4/map/PassiveExpiringMap.java: error: unknown function
	data: [pointer(reference(java/io/ObjectInputStream)) java/io/ObjectInputStream//readObject [] []]
src/main/java/org/apache/commons/collections4/map/PassiveExpiringMap.java: error: unknown function
	data: [pointer(reference(java/io/ObjectOutputStream)) java/io/ObjectOutputStream//writeObject [] [select(select(this, @org/apache/commons/collections4/map/AbstractMapDecorator), map)]]
src/main/java/org/apache/commons/collections4/map/PassiveExpiringMap.java: error: unknown function
	data: [pointer(genericInstance(reference(java/util/Map), [wildcard(, reference(K)), wildcard(, reference(V))])) java/util/Map<descendant of K,descendant of V>//entrySet [] []]
src/main/java/org/apache/commons/collections4/map/PredicatedMap.java: error: unknown function
	data: [pointer(genericInstance(reference(java/util/Map), [wildcard(, reference(K)), wildcard(, reference(V))])) java/util/Map<descendant of K,descendant of V>//entrySet [] []]
src/main/java/org/apache/commons/collections4/map/PredicatedMap.java: error: unknown import
	data: org/apache/commons/collections4/Predicate
src/main/java/org/apache/commons/collections4/map/PredicatedMap.java: error: unknown function
	data: [pointer(genericInstance(reference(java/util/Map), [reference(K), reference(V)])) java/util/Map<K,V>//entrySet [] []]
src/main/java/org/apache/commons/collections4/map/PredicatedMap.java: error: unknown function
	data: [pointer(genericInstance(reference(java/util/Map//Entry), [reference(K), reference(V)])) java/util/Map//Entry<K,V>//getValue [] []]
src/main/java/org/apache/commons/collections4/map/PredicatedMap.java: error: unknown function
	data: [pointer(reference(java/io/ObjectOutputStream)) java/io/ObjectOutputStream//writeObject [] [select(select(select(this, @org/apache/commons/collections4/map/AbstractInputCheckedMapDecorator), @org/apache/commons/collections4/map/AbstractMapDecorator), map)]]
src/main/java/org/apache/commons/collections4/map/PredicatedMap.java: error: unknown function
	data: [pointer(reference(java/io/ObjectInputStream)) java/io/ObjectInputStream//defaultReadObject [] []]
src/main/java/org/apache/commons/collections4/map/PredicatedMap.java: error: unknown type
	data: SuppressWarnings
src/main/java/org/apache/commons/collections4/map/PredicatedMap.java: error: unknown function
	data: [pointer(genericInstance(reference(java/util/Map//Entry), [reference(K), reference(V)])) java/util/Map//Entry<K,V>//getKey [] []]
src/main/java/org/apache/commons/collections4/map/PredicatedMap.java: error: unknown function
	data: [pointer(reference(java/io/ObjectOutputStream)) java/io/ObjectOutputStream//defaultWriteObject [] []]
src/main/java/org/apache/commons/collections4/map/PredicatedMap.java: error: unknown function
	data: [pointer(reference(java/io/ObjectInputStream)) java/io/ObjectInputStream//readObject [] []]
src/main/java/org/apache/commons/collections4/map/PredicatedSortedMap.java: error: unknown function
	data: [genericInstance(reference(org/apache/commons/collections4/map/PredicatedMap), [reference(K), reference(V)]) org/apache/commons/collections4/map/PredicatedMap//@@constructor [] [map keyPredicate valuePredicate]]
src/main/java/org/apache/commons/collections4/map/PredicatedSortedMap.java: internal error: no supported constructor available
	data: [struct(org/apache/commons/collections4/map/PredicatedMap, [], [pointer(genericInstance(reference(org/apache/commons/collections4/map/AbstractInputCheckedMapDecorator), [reference(K), reference(V)]))], [reference(java/io/Serializable)]) function(variable(this, pointer(genericInstance(reference(org/apache/commons/collections4/map/AbstractInputCheckedMapDecorator), [reference(K), reference(V)]))), org/apache/commons/collections4/map/AbstractInputCheckedMapDecorator//@@constructor!d41d8cd98f00b204e9800998ecf8427e, [], [variable(, pointer(genericInstance(reference(org/apache/commons/collections4/map/AbstractInputCheckedMapDecorator), [reference(K), reference(V)])))], block([=(select(this, @org/apache/commons/collections4/map/AbstractMapDecorator), call(select(&(composite(genericInstance(reference(org/apache/commons/collections4/map/AbstractMapDecorator), [reference(K), reference(V)]), [])), @@constructor!d41d8cd98f00b204e9800998ecf8427e), [])), return([this])]))]
src/main/java/org/apache/commons/collections4/map/PredicatedSortedMap.java: error: unknown import
	data: java/util/SortedMap
src/main/java/org/apache/commons/collections4/map/PredicatedSortedMap.java: error: unknown import
	data: org/apache/commons/collections4/Predicate
src/main/java/org/apache/commons/collections4/map/ReferenceIdentityMap.java: error: not a boolean type
	data: unsupported
src/main/java/org/apache/commons/collections4/map/ReferenceIdentityMap.java: error: unknown function
	data: [pointer(reference(java/io/ObjectOutputStream)) java/io/ObjectOutputStream//defaultWriteObject [] []]
src/main/java/org/apache/commons/collections4/map/ReferenceIdentityMap.java: error: unknown function
	data: [pointer(reference(java/io/ObjectInputStream)) java/io/ObjectInputStream//defaultReadObject [] []]
src/main/java/org/apache/commons/collections4/map/ReferenceIdentityMap.java: error: unknown import
	data: java/lang/ref/Reference
src/main/java/org/apache/commons/collections4/map/ReferenceMap.java: error: unknown function
	data: [pointer(reference(java/io/ObjectOutputStream)) java/io/ObjectOutputStream//defaultWriteObject [] []]
src/main/java/org/apache/commons/collections4/map/ReferenceMap.java: error: unknown function
	data: [pointer(reference(java/io/ObjectInputStream)) java/io/ObjectInputStream//defaultReadObject [] []]
src/main/java/org/apache/commons/collections4/map/SingletonMap.java: error: unknown import
	data: java/util/NoSuchElementException
src/main/java/org/apache/commons/collections4/map/SingletonMap.java: error: unknown import
	data: org/apache/commons/collections4/BoundedMap
src/main/java/org/apache/commons/collections4/map/SingletonMap.java: error: unknown function
	data: [struct(java/lang/Object, [], [], []) java/lang/Object//clone [] []]
src/main/java/org/apache/commons/collections4/map/SingletonMap.java: error: unknown import
	data: java/util/Set
src/main/java/org/apache/commons/collections4/map/SingletonMap.java: error: unknown import
	data: org/apache/commons/collections4/ResettableIterator
src/main/java/org/apache/commons/collections4/map/SingletonMap.java: error: unknown function
	data: [pointer(genericInstance(reference(java/util/Map//Entry), [wildcard(, reference(K)), wildcard(, reference(V))])) java/util/Map//Entry<descendant of K,descendant of V>//getValue [] []]
src/main/java/org/apache/commons/collections4/map/SingletonMap.java: error: unknown function
	data: [pointer(reference(java/lang/Object)) java/lang/Object//equals [] [call(select(this, getKey!d41d8cd98f00b204e9800998ecf8427e), [])]]
src/main/java/org/apache/commons/collections4/map/SingletonMap.java: error: unknown function
	data: [pointer(genericInstance(reference(java/util/Map//Entry), [wildcard(, pointer(reference(java/lang/Object))), wildcard(, pointer(reference(java/lang/Object)))])) java/util/Map//Entry<descendant of java/lang/Object,descendant of java/lang/Object>//getKey [] []]
src/main/java/org/apache/commons/collections4/map/SingletonMap.java: error: unknown import
	data: java/util/AbstractSet
src/main/java/org/apache/commons/collections4/map/SingletonMap.java: error: unknown import
	data: org/apache/commons/collections4/OrderedMapIterator
src/main/java/org/apache/commons/collections4/map/SingletonMap.java: error: unknown function
	data: [<nil> isEqualKey [] [key]]
src/main/java/org/apache/commons/collections4/map/SingletonMap.java: error: unknown function
	data: [pointer(genericInstance(reference(java/util/Map), [wildcard(, pointer(reference(java/lang/Object))), wildcard(, pointer(reference(java/lang/Object)))])) java/util/Map<descendant of java/lang/Object,descendant of java/lang/Object>//entrySet [] []]
src/main/java/org/apache/commons/collections4/map/SingletonMap.java: error: unknown function
	data: [pointer(genericInstance(reference(java/util/Map//Entry), [wildcard(, reference(K)), wildcard(, reference(V))])) java/util/Map//Entry<descendant of K,descendant of V>//getKey [] []]
src/main/java/org/apache/commons/collections4/map/SingletonMap.java: error: unknown function
	data: [pointer(genericInstance(reference(java/util/Map), [wildcard(, reference(K)), wildcard(, reference(V))])) java/util/Map<descendant of K,descendant of V>//entrySet [] []]
src/main/java/org/apache/commons/collections4/map/SingletonMap.java: error: unknown type
	data: InternalError
src/main/java/org/apache/commons/collections4/map/SingletonMap.java: internal error: not all elements have the same type
	data: conditional(==(call(select(this, getKey!d41d8cd98f00b204e9800998ecf8427e), []), this), ["(this Map)", call(select(this, getKey!d41d8cd98f00b204e9800998ecf8427e), [])])
src/main/java/org/apache/commons/collections4/map/SingletonMap.java: error: unknown function
	data: [pointer(genericInstance(reference(java/util/Map//Entry), [wildcard(, reference(K)), wildcard(, reference(V))])) java/util/Map//Entry<descendant of K,descendant of V>//getKey [] []]
src/main/java/org/apache/commons/collections4/map/SingletonMap.java: error: unknown function
	data: [pointer(genericInstance(reference(java/util/Map//Entry), [wildcard(, reference(K)), wildcard(, reference(V))])) java/util/Map//Entry<descendant of K,descendant of V>//getValue [] []]
src/main/java/org/apache/commons/collections4/map/SingletonMap.java: error: unknown function
	data: [pointer(reference(java/lang/Object)) java/lang/Object//equals [] [call(select(this, getValue!d41d8cd98f00b204e9800998ecf8427e), [])]]
src/main/java/org/apache/commons/collections4/map/SingletonMap.java: error: unknown function
	data: [pointer(genericInstance(reference(java/util/Map//Entry), [wildcard(, pointer(reference(java/lang/Object))), wildcard(, pointer(reference(java/lang/Object)))])) java/util/Map//Entry<descendant of java/lang/Object,descendant of java/lang/Object>//getValue [] []]
src/main/java/org/apache/commons/collections4/map/SingletonMap.java: error: unknown import
	data: java/util/Collections
src/main/java/org/apache/commons/collections4/map/SingletonMap.java: error: unknown import
	data: org/apache/commons/collections4/keyvalue/TiedMapEntry
src/main/java/org/apache/commons/collections4/map/SingletonMap.java: error: unknown function
	data: [pointer(genericInstance(reference(java/util/Map), [wildcard(, reference(K)), wildcard(, reference(V))])) java/util/Map<descendant of K,descendant of V>//entrySet [] []]
src/main/java/org/apache/commons/collections4/map/SingletonMap.java: error: unknown import
	data: org/apache/commons/collections4/KeyValue
src/main/java/org/apache/commons/collections4/map/SingletonMap.java: error: unknown import
	data: org/apache/commons/collections4/iterators/SingletonIterator
src/main/java/org/apache/commons/collections4/map/SingletonMap.java: error: unknown function
	data: [pointer(genericInstance(reference(java/util/Map//Entry), [wildcard(, reference(K)), wildcard(, reference(V))])) java/util/Map//Entry<descendant of K,descendant of V>//getValue [] []]
src/main/java/org/apache/commons/collections4/map/SingletonMap.java: error: unknown import
	data: org/apache/commons/collections4/OrderedMap
src/main/java/org/apache/commons/collections4/map/SingletonMap.java: error: unknown type
	data: SuppressWarnings
src/main/java/org/apache/commons/collections4/map/SingletonMap.java: error: unknown function
	data: [pointer(genericInstance(reference(java/util/Map//Entry), [wildcard(, reference(K)), wildcard(, reference(V))])) java/util/Map//Entry<descendant of K,descendant of V>//getKey [] []]
src/main/java/org/apache/commons/collections4/map/StaticBucketMap.java: error: unknown function
	data: [<nil> org/apache/commons/collections4/map/StaticBucketMap//Values//Values [pointer(reference(java/lang/Object)) pointer(reference(java/lang/Object))] []]
src/main/java/org/apache/commons/collections4/map/StaticBucketMap.java: error: unknown function
	data: [pointer(genericInstance(reference(java/util/Map), [wildcard(, pointer(reference(java/lang/Object))), wildcard(, pointer(reference(java/lang/Object)))])) java/util/Map<descendant of java/lang/Object,descendant of java/lang/Object>//entrySet [] []]
src/main/java/org/apache/commons/collections4/map/StaticBucketMap.java: error: unknown import
	data: org/apache/commons/collections4/KeyValue
src/main/java/org/apache/commons/collections4/map/StaticBucketMap.java: error: unknown function
	data: [pointer(genericInstance(reference(java/util/Map//Entry), [wildcard(, pointer(reference(java/lang/Object))), wildcard(, pointer(reference(java/lang/Object)))])) java/util/Map//Entry<descendant of java/lang/Object,descendant of java/lang/Object>//getKey [] []]
src/main/java/org/apache/commons/collections4/map/StaticBucketMap.java: error: unknown function
	data: [pointer(genericInstance(reference(java/util/Map//Entry), [wildcard(, pointer(reference(java/lang/Object))), wildcard(, pointer(reference(java/lang/Object)))])) java/util/Map//Entry<descendant of java/lang/Object,descendant of java/lang/Object>//getKey [] []]
src/main/java/org/apache/commons/collections4/map/StaticBucketMap.java: error: unknown import
	data: java/util/AbstractCollection
src/main/java/org/apache/commons/collections4/map/StaticBucketMap.java: error: unknown type
	data: SuppressWarnings
src/main/java/org/apache/commons/collections4/map/StaticBucketMap.java: error: unknown function
	data: [<nil> org/apache/commons/collections4/map/StaticBucketMap//ValueIterator//ValueIterator [pointer(reference(java/lang/Object)) pointer(reference(java/lang/Object))] []]
src/main/java/org/apache/commons/collections4/map/StaticBucketMap.java: error: unknown type
	data: Runnable
src/main/java/org/apache/commons/collections4/map/StaticBucketMap.java: error: unknown function
	data: [<nil> org/apache/commons/collections4/map/StaticBucketMap//KeySet//KeySet [pointer(reference(java/lang/Object)) pointer(reference(java/lang/Object))] []]
src/main/java/org/apache/commons/collections4/map/StaticBucketMap.java: error: unknown function
	data: [<nil> getHash [] [key]]
src/main/java/org/apache/commons/collections4/map/StaticBucketMap.java: error: unknown function
	data: [pointer(genericInstance(reference(java/util/Map//Entry), [wildcard(, pointer(reference(java/lang/Object))), wildcard(, pointer(reference(java/lang/Object)))])) java/util/Map//Entry<descendant of java/lang/Object,descendant of java/lang/Object>//getValue [] []]
src/main/java/org/apache/commons/collections4/map/StaticBucketMap.java: error: unknown function
	data: [<nil> org/apache/commons/collections4/map/StaticBucketMap//KeyIterator//KeyIterator [pointer(reference(java/lang/Object)) pointer(reference(java/lang/Object))] []]
src/main/java/org/apache/commons/collections4/map/StaticBucketMap.java: error: unknown import
	data: java/util/AbstractSet
src/main/java/org/apache/commons/collections4/map/StaticBucketMap.java: error: unknown import
	data: java/util/NoSuchElementException
src/main/java/org/apache/commons/collections4/map/StaticBucketMap.java: error: unknown field
	data: [this struct(org/apache/commons/collections4/map/StaticBucketMap//BaseIterator, [], [pointer(reference(java/lang/Object))], []) buckets]
src/main/java/org/apache/commons/collections4/map/StaticBucketMap.java: internal error: not an enclosing type
	data: struct(org/apache/commons/collections4/map/StaticBucketMap, [], [pointer(genericInstance(reference(org/apache/commons/collections4/map/AbstractIterableMap), [reference(K), reference(V)]))], [])
src/main/java/org/apache/commons/collections4/map/StaticBucketMap.java: error: unknown function
	data: [<nil> org/apache/commons/collections4/map/StaticBucketMap//EntryIterator//EntryIterator [pointer(reference(java/lang/Object)) pointer(reference(java/lang/Object))] []]
src/main/java/org/apache/commons/collections4/map/StaticBucketMap.java: error: unknown import
	data: java/util/Set
src/main/java/org/apache/commons/collections4/map/StaticBucketMap.java: error: unknown function
	data: [<nil> org/apache/commons/collections4/map/StaticBucketMap//EntrySet//EntrySet [pointer(reference(java/lang/Object)) pointer(reference(java/lang/Object))] []]
src/main/java/org/apache/commons/collections4/map/StaticBucketMap.java: error: unknown function
	data: [pointer(genericInstance(reference(java/util/Map), [wildcard(, reference(K)), wildcard(, reference(V))])) java/util/Map<descendant of K,descendant of V>//entrySet [] []]
src/main/java/org/apache/commons/collections4/map/StaticBucketMap.java: error: unknown function
	data: [genericInstance(reference(java/util/Map//Entry), [reference(K), reference(V)]) java/util/Map//Entry<K,V>//getKey [] []]
src/main/java/org/apache/commons/collections4/map/StaticBucketMap.java: error: unknown function
	data: [<nil> nextEntry [] []]
src/main/java/org/apache/commons/collections4/map/StaticBucketMap.java: error: unknown function
	data: [pointer(genericInstance(reference(java/util/Map//Entry), [wildcard(, pointer(reference(java/lang/Object))), wildcard(, pointer(reference(java/lang/Object)))])) java/util/Map//Entry<descendant of java/lang/Object,descendant of java/lang/Object>//getKey [] []]
src/main/java/org/apache/commons/collections4/map/TransformedMap.java: error: unknown type
	data: SuppressWarnings
src/main/java/org/apache/commons/collections4/map/TransformedMap.java: error: unknown function
	data: [pointer(reference(java/io/ObjectOutputStream)) java/io/ObjectOutputStream//writeObject [] [select(select(select(this, @org/apache/commons/collections4/map/AbstractInputCheckedMapDecorator), @org/apache/commons/collections4/map/AbstractMapDecorator), map)]]
src/main/java/org/apache/commons/collections4/map/TransformedMap.java: error: unknown function
	data: [genericInstance(reference(java/util/Map), [reference(K), reference(V)]) java/util/Map<K,V>//putAll [] [mapToCopy]]
src/main/java/org/apache/commons/collections4/map/TransformedMap.java: error: unknown function
	data: [pointer(reference(java/io/ObjectOutputStream)) java/io/ObjectOutputStream//defaultWriteObject [] []]
src/main/java/org/apache/commons/collections4/map/TransformedMap.java: error: unknown function
	data: [pointer(reference(java/io/ObjectInputStream)) java/io/ObjectInputStream//readObject [] []]
src/main/java/org/apache/commons/collections4/map/TransformedMap.java: error: unknown function
	data: [pointer(genericInstance(reference(java/util/Map), [wildcard(, reference(K)), wildcard(, reference(V))])) java/util/Map<descendant of K,descendant of V>//entrySet [] []]
src/main/java/org/apache/commons/collections4/map/TransformedMap.java: error: unknown import
	data: org/apache/commons/collections4/Transformer
src/main/java/org/apache/commons/collections4/map/TransformedMap.java: error: unknown identifier
	data: result
src/main/java/org/apache/commons/collections4/map/TransformedMap.java: error: unknown function
	data: [genericInstance(reference(java/util/Map), [reference(K), reference(V)]) java/util/Map<K,V>//putAll [] [transformed]]
src/main/java/org/apache/commons/collections4/map/TransformedMap.java: error: unknown function
	data: [pointer(reference(java/io/ObjectInputStream)) java/io/ObjectInputStream//defaultReadObject [] []]
src/main/java/org/apache/commons/collections4/map/TransformedSortedMap.java: error: unknown import
	data: java/util/SortedMap
src/main/java/org/apache/commons/collections4/map/TransformedSortedMap.java: error: unknown import
	data: org/apache/commons/collections4/Transformer
src/main/java/org/apache/commons/collections4/map/TransformedSortedMap.java: error: unknown function
	data: [genericInstance(reference(org/apache/commons/collections4/map/TransformedMap), [reference(K), reference(V)]) org/apache/commons/collections4/map/TransformedMap//@@constructor [] [map keyTransformer valueTransformer]]
src/main/java/org/apache/commons/collections4/map/TransformedSortedMap.java: internal error: no supported constructor available
	data: [struct(org/apache/commons/collections4/map/TransformedMap, [], [pointer(genericInstance(reference(org/apache/commons/collections4/map/AbstractInputCheckedMapDecorator), [reference(K), reference(V)]))], [reference(java/io/Serializable)]) function(variable(this, pointer(genericInstance(reference(org/apache/commons/collections4/map/AbstractInputCheckedMapDecorator), [reference(K), reference(V)]))), org/apache/commons/collections4/map/AbstractInputCheckedMapDecorator//@@constructor!d41d8cd98f00b204e9800998ecf8427e, [], [variable(, pointer(genericInstance(reference(org/apache/commons/collections4/map/AbstractInputCheckedMapDecorator), [reference(K), reference(V)])))], block([=(select(this, @org/apache/commons/collections4/map/AbstractMapDecorator), call(select(&(composite(genericInstance(reference(org/apache/commons/collections4/map/AbstractMapDecorator), [reference(K), reference(V)]), [])), @@constructor!d41d8cd98f00b204e9800998ecf8427e), [])), return([this])]))]
src/main/java/org/apache/commons/collections4/map/UnmodifiableEntrySet.java: error: unknown import
	data: org/apache/commons/collections4/iterators/AbstractIteratorDecorator
src/main/java/org/apache/commons/collections4/map/UnmodifiableEntrySet.java: error: unknown function
	data: [<nil> getIterator [] []]
src/main/java/org/apache/commons/collections4/map/UnmodifiableEntrySet.java: error: unknown function
	data: [<nil> org/apache/commons/collections4/map/UnmodifiableEntrySet//UnmodifiableEntry//UnmodifiableEntry [pointer(reference(java/lang/Object)) pointer(reference(java/lang/Object))] [unsupported]]
src/main/java/org/apache/commons/collections4/map/UnmodifiableEntrySet.java: error: unknown import
	data: java/lang/reflect/Array
src/main/java/org/apache/commons/collections4/map/UnmodifiableEntrySet.java: error: unknown import
	data: org/apache/commons/collections4/keyvalue/AbstractMapEntryDecorator
src/main/java/org/apache/commons/collections4/map/UnmodifiableEntrySet.java: internal error: type does not support nil values
	data: unsupported(org/apache/commons/collections4/Unmodifiable)
src/main/java/org/apache/commons/collections4/map/UnmodifiableEntrySet.java: error: unknown function
	data: [<nil> org/apache/commons/collections4/map/UnmodifiableEntrySet//UnmodifiableEntry//UnmodifiableEntry [pointer(reference(java/lang/Object)) pointer(reference(java/lang/Object))] [cast(index(result, i), pointer(genericInstance(reference(java/util/Map//Entry), [reference(K), reference(V)])))]]
src/main/java/org/apache/commons/collections4/map/UnmodifiableEntrySet.java: error: unknown import
	data: java/util/Set
src/main/java/org/apache/commons/collections4/map/UnmodifiableEntrySet.java: error: unknown import
	data: org/apache/commons/collections4/Unmodifiable
src/main/java/org/apache/commons/collections4/map/UnmodifiableEntrySet.java: error: unknown function
	data: [<nil> org/apache/commons/collections4/map/UnmodifiableEntrySet//UnmodifiableEntrySetIterator//UnmodifiableEntrySetIterator [pointer(reference(java/lang/Object)) pointer(reference(java/lang/Object))] [unsupported]]
src/main/java/org/apache/commons/collections4/map/UnmodifiableEntrySet.java: error: not a named type
	data: array(reference(T), primitive(int, 32, false), 0)
src/main/java/org/apache/commons/collections4/map/UnmodifiableEntrySet.java: error: unknown import
	data: org/apache/commons/collections4/set/AbstractSetDecorator
src/main/java/org/apache/commons/collections4/map/UnmodifiableEntrySet.java: error: unknown type
	data: SuppressWarnings
src/main/java/org/apache/commons/collections4/map/UnmodifiableEntrySet.java: error: unknown function
	data: [<nil> decorated [] []]
src/main/java/org/apache/commons/collections4/map/UnmodifiableEntrySet.java: error: unknown function
	data: [<nil> org/apache/commons/collections4/map/UnmodifiableEntrySet//UnmodifiableEntry//UnmodifiableEntry [pointer(reference(java/lang/Object)) pointer(reference(java/lang/Object))] [cast(index(array, i), pointer(genericInstance(reference(java/util/Map//Entry), [reference(K), reference(V)])))]]
src/main/java/org/apache/commons/collections4/map/UnmodifiableEntrySet.java: error: unknown identifier
	data: array
src/main/java/org/apache/commons/collections4/map/UnmodifiableMap.java: error: unknown import
	data: org/apache/commons/collections4/Unmodifiable
src/main/java/org/apache/commons/collections4/map/UnmodifiableMap.java: error: unknown import
	data: org/apache/commons/collections4/collection/UnmodifiableCollection
src/main/java/org/apache/commons/collections4/map/UnmodifiableMap.java: error: unknown import
	data: org/apache/commons/collections4/iterators/EntrySetMapIterator
src/main/java/org/apache/commons/collections4/map/UnmodifiableMap.java: error: unknown import
	data: org/apache/commons/collections4/iterators/UnmodifiableMapIterator
src/main/java/org/apache/commons/collections4/map/UnmodifiableMap.java: error: unknown import
	data: java/util/Set
src/main/java/org/apache/commons/collections4/map/UnmodifiableMap.java: error: unknown import
	data: org/apache/commons/collections4/MapIterator
src/main/java/org/apache/commons/collections4/map/UnmodifiableMap.java: internal error: type does not support nil values
	data: unsupported(org/apache/commons/collections4/Unmodifiable)
src/main/java/org/apache/commons/collections4/map/UnmodifiableMap.java: error: unknown function
	data: [pointer(reference(java/io/ObjectInputStream)) java/io/ObjectInputStream//defaultReadObject [] []]
src/main/java/org/apache/commons/collections4/map/UnmodifiableMap.java: internal error: type does not support nil values
	data: unsupported(org/apache/commons/collections4/IterableMap)
src/main/java/org/apache/commons/collections4/map/UnmodifiableMap.java: error: unknown import
	data: org/apache/commons/collections4/IterableMap
src/main/java/org/apache/commons/collections4/map/UnmodifiableMap.java: error: unknown import
	data: org/apache/commons/collections4/set/UnmodifiableSet
src/main/java/org/apache/commons/collections4/map/UnmodifiableMap.java: error: unknown type
	data: SuppressWarnings
src/main/java/org/apache/commons/collections4/map/UnmodifiableMap.java: error: unknown function
	data: [pointer(reference(java/io/ObjectOutputStream)) java/io/ObjectOutputStream//defaultWriteObject [] []]
src/main/java/org/apache/commons/collections4/map/UnmodifiableMap.java: error: unknown function
	data: [pointer(reference(java/io/ObjectOutputStream)) java/io/ObjectOutputStream//writeObject [] [select(select(this, @org/apache/commons/collections4/map/AbstractMapDecorator), map)]]
src/main/java/org/apache/commons/collections4/map/UnmodifiableMap.java: error: unknown function
	data: [pointer(reference(java/io/ObjectInputStream)) java/io/ObjectInputStream//readObject [] []]
src/main/java/org/apache/commons/collections4/map/UnmodifiableOrderedMap.java: internal error: type does not support nil values
	data: unsupported(org/apache/commons/collections4/Unmodifiable)
src/main/java/org/apache/commons/collections4/map/UnmodifiableOrderedMap.java: error: unknown function
	data: [pointer(reference(java/io/ObjectInputStream)) java/io/ObjectInputStream//readObject [] []]
src/main/java/org/apache/commons/collections4/map/UnmodifiableOrderedMap.java: error: unknown import
	data: java/util/Set
src/main/java/org/apache/commons/collections4/map/UnmodifiableOrderedMap.java: error: unknown import
	data: org/apache/commons/collections4/Unmodifiable
src/main/java/org/apache/commons/collections4/map/UnmodifiableOrderedMap.java: error: unknown type
	data: SuppressWarnings
src/main/java/org/apache/commons/collections4/map/UnmodifiableOrderedMap.java: error: unknown function
	data: [pointer(reference(java/io/ObjectOutputStream)) java/io/ObjectOutputStream//defaultWriteObject [] []]
src/main/java/org/apache/commons/collections4/map/UnmodifiableOrderedMap.java: error: unknown function
	data: [pointer(reference(java/io/ObjectOutputStream)) java/io/ObjectOutputStream//writeObject [] [select(select(select(this, @org/apache/commons/collections4/map/AbstractOrderedMapDecorator), @org/apache/commons/collections4/map/AbstractMapDecorator), map)]]
src/main/java/org/apache/commons/collections4/map/UnmodifiableOrderedMap.java: error: unknown function
	data: [pointer(reference(java/io/ObjectInputStream)) java/io/ObjectInputStream//defaultReadObject [] []]
src/main/java/org/apache/commons/collections4/map/UnmodifiableOrderedMap.java: error: unknown import
	data: org/apache/commons/collections4/OrderedMap
src/main/java/org/apache/commons/collections4/map/UnmodifiableOrderedMap.java: error: unknown import
	data: org/apache/commons/collections4/OrderedMapIterator
src/main/java/org/apache/commons/collections4/map/UnmodifiableOrderedMap.java: error: unknown import
	data: org/apache/commons/collections4/collection/UnmodifiableCollection
src/main/java/org/apache/commons/collections4/map/UnmodifiableOrderedMap.java: error: unknown import
	data: org/apache/commons/collections4/iterators/UnmodifiableOrderedMapIterator
src/main/java/org/apache/commons/collections4/map/UnmodifiableOrderedMap.java: error: unknown import
	data: org/apache/commons/collections4/set/UnmodifiableSet
src/main/java/org/apache/commons/collections4/map/UnmodifiableSortedMap.java: error: unknown import
	data: org/apache/commons/collections4/Unmodifiable
src/main/java/org/apache/commons/collections4/map/UnmodifiableSortedMap.java: error: unknown import
	data: org/apache/commons/collections4/set/UnmodifiableSet
src/main/java/org/apache/commons/collections4/map/UnmodifiableSortedMap.java: error: unknown type
	data: SuppressWarnings
src/main/java/org/apache/commons/collections4/map/UnmodifiableSortedMap.java: internal error: type does not support nil values
	data: unsupported(org/apache/commons/collections4/Unmodifiable)
src/main/java/org/apache/commons/collections4/map/UnmodifiableSortedMap.java: error: unknown function
	data: [pointer(reference(java/io/ObjectOutputStream)) java/io/ObjectOutputStream//defaultWriteObject [] []]
src/main/java/org/apache/commons/collections4/map/UnmodifiableSortedMap.java: error: unknown function
	data: [pointer(reference(java/io/ObjectOutputStream)) java/io/ObjectOutputStream//writeObject [] [select(select(select(this, @org/apache/commons/collections4/map/AbstractSortedMapDecorator), @org/apache/commons/collections4/map/AbstractMapDecorator), map)]]
src/main/java/org/apache/commons/collections4/map/UnmodifiableSortedMap.java: error: unknown function
	data: [pointer(reference(java/io/ObjectInputStream)) java/io/ObjectInputStream//defaultReadObject [] []]
src/main/java/org/apache/commons/collections4/map/UnmodifiableSortedMap.java: error: unknown function
	data: [pointer(reference(java/io/ObjectInputStream)) java/io/ObjectInputStream//readObject [] []]
src/main/java/org/apache/commons/collections4/map/UnmodifiableSortedMap.java: error: unknown import
	data: java/util/Set
src/main/java/org/apache/commons/collections4/map/UnmodifiableSortedMap.java: error: unknown import
	data: java/util/SortedMap
src/main/java/org/apache/commons/collections4/map/UnmodifiableSortedMap.java: error: unknown import
	data: org/apache/commons/collections4/collection/UnmodifiableCollection
internal error: scope leak
	data: map[handledNode:struct(org/apache/commons/collections4/map/AbstractHashedMap, [], [genericInstance(unsupported(java/util/AbstractMap), [reference(K), reference(V)])], [genericInstance(unsupported(org/apache/commons/collections4/IterableMap), [reference(K), reference(V)])]) scopeLevelAtEntry:6 scopeLevelAtExit:11]
internal error: scope leak
	data: map[handledNode:struct(org/apache/commons/collections4/map/AbstractInputCheckedMapDecorator, [], [pointer(genericInstance(reference(org/apache/commons/collections4/map/AbstractMapDecorator), [reference(K), reference(V)]))], []) scopeLevelAtEntry:7 scopeLevelAtExit:10]
internal error: scope leak
	data: map[handledNode:struct(org/apache/commons/collections4/map/AbstractLinkedMap, [], [pointer(genericInstance(reference(org/apache/commons/collections4/map/AbstractHashedMap), [reference(K), reference(V)]))], [genericInstance(unsupported(org/apache/commons/collections4/OrderedMap), [reference(K), reference(V)])]) scopeLevelAtEntry:7 scopeLevelAtExit:13]
internal error: scope leak
	data: map[handledNode:struct(org/apache/commons/collections4/map/AbstractReferenceMap, [], [pointer(genericInstance(reference(org/apache/commons/collections4/map/AbstractHashedMap), [reference(K), reference(V)]))], []) scopeLevelAtEntry:7 scopeLevelAtExit:18]
internal error: scope leak
	data: map[handledNode:struct(org/apache/commons/collections4/map/AbstractSortedMapDecorator, [], [pointer(genericInstance(reference(org/apache/commons/collections4/map/AbstractMapDecorator), [reference(K), reference(V)]))], [genericInstance(unsupported(org/apache/commons/collections4/IterableSortedMap), [reference(K), reference(V)])]) scopeLevelAtEntry:7 scopeLevelAtExit:8]
internal error: scope leak
	data: map[handledNode:struct(org/apache/commons/collections4/map/Flat3Map, [], [pointer(reference(java/lang/Object))], [genericInstance(unsupported(org/apache/commons/collections4/IterableMap), [reference(K), reference(V)]), reference(java/io/Serializable), reference(java/lang/Cloneable)]) scopeLevelAtEntry:17 scopeLevelAtExit:21]
internal error: scope leak
	data: map[handledNode:struct(org/apache/commons/collections4/map/LinkedMap, [], [pointer(genericInstance(reference(org/apache/commons/collections4/map/AbstractLinkedMap), [reference(K), reference(V)]))], [reference(java/io/Serializable), reference(java/lang/Cloneable)]) scopeLevelAtEntry:25 scopeLevelAtExit:26]
internal error: scope leak
	data: map[handledNode:struct(org/apache/commons/collections4/map/ListOrderedMap, [], [pointer(genericInstance(reference(org/apache/commons/collections4/map/AbstractMapDecorator), [reference(K), reference(V)]))], [genericInstance(unsupported(org/apache/commons/collections4/OrderedMap), [reference(K), reference(V)]), reference(java/io/Serializable)]) scopeLevelAtEntry:27 scopeLevelAtExit:33]
internal error: scope leak
	data: map[handledNode:struct(org/apache/commons/collections4/map/MultiValueMap, [], [pointer(genericInstance(reference(org/apache/commons/collections4/map/AbstractMapDecorator), [reference(K), pointer(reference(java/lang/Object))]))], [genericInstance(unsupported(org/apache/commons/collections4/MultiMap), [reference(K), reference(V)]), reference(java/io/Serializable)]) scopeLevelAtEntry:31 scopeLevelAtExit:33]
internal error: scope leak
	data: map[handledNode:struct(org/apache/commons/collections4/map/SingletonMap, [], [pointer(reference(java/lang/Object))], [genericInstance(unsupported(org/apache/commons/collections4/OrderedMap), [reference(K), reference(V)]), genericInstance(unsupported(org/apache/commons/collections4/BoundedMap), [reference(K), reference(V)]), genericInstance(unsupported(org/apache/commons/collections4/KeyValue), [reference(K), reference(V)]), reference(java/io/Serializable), reference(java/lang/Cloneable)]) scopeLevelAtEntry:46 scopeLevelAtExit:48]
internal error: scope leak
	data: map[handledNode:struct(org/apache/commons/collections4/map/StaticBucketMap, [], [pointer(genericInstance(reference(org/apache/commons/collections4/map/AbstractIterableMap), [reference(K), reference(V)]))], []) scopeLevelAtEntry:47 scopeLevelAtExit:51]
internal error: scope leak
	data: map[handledNode:struct(org/apache/commons/collections4/map/UnmodifiableEntrySet, [], [genericInstance(unsupported(org/apache/commons/collections4/set/AbstractSetDecorator), [pointer(genericInstance(reference(java/util/Map//Entry), [reference(K), reference(V)]))])], [unsupported(org/apache/commons/collections4/Unmodifiable)]) scopeLevelAtEntry:54 scopeLevelAtExit:56]
Found 1 Java files
Found 549 problems in Java files
src/main/java/org/apache/commons/collections4/map/MultiValueMap.java: found 20 symbols
src/main/java/org/apache/commons/collections4/map/MultiValueMap.java: org.apache.commons.collections4.map.MultiValueMap.put: computing test cases
src/main/java/org/apache/commons/collections4/map/MultiValueMap.java: org.apache.commons.collections4.map.MultiValueMap.put: computed 0 unit tests
src/main/java/org/apache/commons/collections4/map/MultiValueMap.java: org.apache.commons.collections4.map.MultiValueMap.containsValue: computing test cases
src/main/java/org/apache/commons/collections4/map/MultiValueMap.java: org.apache.commons.collections4.map.MultiValueMap.containsValue: computed 0 unit tests
src/main/java/org/apache/commons/collections4/map/MultiValueMap.java: org.apache.commons.collections4.map.MultiValueMap.size: computing test cases
src/main/java/org/apache/commons/collections4/map/MultiValueMap.java: org.apache.commons.collections4.map.MultiValueMap.size: computed 0 unit tests
src/main/java/org/apache/commons/collections4/map/MultiValueMap.java: org.apache.commons.collections4.map.MultiValueMap.size: found 1 problems
src/main/java/org/apache/commons/collections4/map/MultiValueMap.java: internal error: org.apache.commons.collections4.map.MultiValueMap.size: not a struct type
	data: unsupported(org/apache/commons/collections4/Factory)
src/main/java/org/apache/commons/collections4/map/MultiValueMap.java: org.apache.commons.collections4.map.MultiValueMap.iterator: computing test cases
src/main/java/org/apache/commons/collections4/map/MultiValueMap.java: org.apache.commons.collections4.map.MultiValueMap.iterator: computed 0 unit tests
src/main/java/org/apache/commons/collections4/map/MultiValueMap.java: org.apache.commons.collections4.map.MultiValueMap.iterator: found 1 problems
src/main/java/org/apache/commons/collections4/map/MultiValueMap.java: internal error: org.apache.commons.collections4.map.MultiValueMap.iterator: not a struct type
	data: unsupported(org/apache/commons/collections4/Factory)
src/main/java/org/apache/commons/collections4/map/MultiValueMap.java: org.apache.commons.collections4.map.MultiValueMap.containsValue: computing test cases
src/main/java/org/apache/commons/collections4/map/MultiValueMap.java: org.apache.commons.collections4.map.MultiValueMap.containsValue: computed 0 unit tests
src/main/java/org/apache/commons/collections4/map/MultiValueMap.java: org.apache.commons.collections4.map.MultiValueMap.containsValue: found 1 problems
src/main/java/org/apache/commons/collections4/map/MultiValueMap.java: internal error: org.apache.commons.collections4.map.MultiValueMap.containsValue: not a struct type
	data: unsupported(org/apache/commons/collections4/Factory)
src/main/java/org/apache/commons/collections4/map/MultiValueMap.java: org.apache.commons.collections4.map.MultiValueMap.multiValueMap: computing test cases
src/main/java/org/apache/commons/collections4/map/MultiValueMap.java: org.apache.commons.collections4.map.MultiValueMap.multiValueMap: computed 0 unit tests
src/main/java/org/apache/commons/collections4/map/MultiValueMap.java: org.apache.commons.collections4.map.MultiValueMap.multiValueMap: found 0 problems
src/main/java/org/apache/commons/collections4/map/MultiValueMap.java: org.apache.commons.collections4.map.MultiValueMap.totalSize: computing test cases
src/main/java/org/apache/commons/collections4/map/MultiValueMap.java: org.apache.commons.collections4.map.MultiValueMap.totalSize: computed 0 unit tests
src/main/java/org/apache/commons/collections4/map/MultiValueMap.java: org.apache.commons.collections4.map.MultiValueMap.clear: computing test cases
src/main/java/org/apache/commons/collections4/map/MultiValueMap.java: org.apache.commons.collections4.map.MultiValueMap.clear: computed 0 unit tests
src/main/java/org/apache/commons/collections4/map/MultiValueMap.java: org.apache.commons.collections4.map.MultiValueMap.clear: found 1 problems
src/main/java/org/apache/commons/collections4/map/MultiValueMap.java: internal error: org.apache.commons.collections4.map.MultiValueMap.clear: not a struct type
	data: unsupported(org/apache/commons/collections4/Factory)
src/main/java/org/apache/commons/collections4/map/MultiValueMap.java: org.apache.commons.collections4.map.MultiValueMap.removeMapping: computing test cases
src/main/java/org/apache/commons/collections4/map/MultiValueMap.java: org.apache.commons.collections4.map.MultiValueMap.removeMapping: computed 0 unit tests
src/main/java/org/apache/commons/collections4/map/MultiValueMap.java: org.apache.commons.collections4.map.MultiValueMap.removeMapping: found 1 problems
src/main/java/org/apache/commons/collections4/map/MultiValueMap.java: internal error: org.apache.commons.collections4.map.MultiValueMap.removeMapping: not a struct type
	data: unsupported(org/apache/commons/collections4/Factory)
src/main/java/org/apache/commons/collections4/map/MultiValueMap.java: org.apache.commons.collections4.map.MultiValueMap.putAll: computing test cases
src/main/java/org/apache/commons/collections4/map/MultiValueMap.java: org.apache.commons.collections4.map.MultiValueMap.putAll: computed 0 unit tests
src/main/java/org/apache/commons/collections4/map/MultiValueMap.java: org.apache.commons.collections4.map.MultiValueMap.putAll: computing test cases
src/main/java/org/apache/commons/collections4/map/MultiValueMap.java: org.apache.commons.collections4.map.MultiValueMap.putAll: computed 0 unit tests
src/main/java/org/apache/commons/collections4/map/MultiValueMap.java: org.apache.commons.collections4.map.MultiValueMap.putAll: found 1 problems
src/main/java/org/apache/commons/collections4/map/MultiValueMap.java: internal error: org.apache.commons.collections4.map.MultiValueMap.putAll: not a struct type
	data: unsupported(org/apache/commons/collections4/Factory)
src/main/java/org/apache/commons/collections4/map/MultiValueMap.java: org.apache.commons.collections4.map.MultiValueMap.entrySet: computing test cases
src/main/java/org/apache/commons/collections4/map/MultiValueMap.java: org.apache.commons.collections4.map.MultiValueMap.entrySet: computed 0 unit tests
src/main/java/org/apache/commons/collections4/map/MultiValueMap.java: org.apache.commons.collections4.map.MultiValueMap.entrySet: found 1 problems
src/main/java/org/apache/commons/collections4/map/MultiValueMap.java: internal error: org.apache.commons.collections4.map.MultiValueMap.entrySet: not a struct type
	data: unsupported(org/apache/commons/collections4/Factory)
src/main/java/org/apache/commons/collections4/map/MultiValueMap.java: org.apache.commons.collections4.map.MultiValueMap.multiValueMap: computing test cases
src/main/java/org/apache/commons/collections4/map/MultiValueMap.java: org.apache.commons.collections4.map.MultiValueMap.multiValueMap: computed 0 unit tests
src/main/java/org/apache/commons/collections4/map/MultiValueMap.java: org.apache.commons.collections4.map.MultiValueMap.multiValueMap: found 0 problems
src/main/java/org/apache/commons/collections4/map/MultiValueMap.java: org.apache.commons.collections4.map.MultiValueMap.MultiValueMap: computing test cases
src/main/java/org/apache/commons/collections4/map/MultiValueMap.java: org.apache.commons.collections4.map.MultiValueMap.MultiValueMap: computed 0 unit tests
src/main/java/org/apache/commons/collections4/map/MultiValueMap.java: org.apache.commons.collections4.map.MultiValueMap.MultiValueMap: found 1 problems
src/main/java/org/apache/commons/collections4/map/MultiValueMap.java: internal error: org.apache.commons.collections4.map.MultiValueMap.MultiValueMap: unknown type kind
	data: unsupported
src/main/java/org/apache/commons/collections4/map/MultiValueMap.java: org.apache.commons.collections4.map.MultiValueMap.createCollection: computing test cases
src/main/java/org/apache/commons/collections4/map/MultiValueMap.java: org.apache.commons.collections4.map.MultiValueMap.createCollection: computed 0 unit tests
src/main/java/org/apache/commons/collections4/map/MultiValueMap.java: org.apache.commons.collections4.map.MultiValueMap.createCollection: found 1 problems
src/main/java/org/apache/commons/collections4/map/MultiValueMap.java: internal error: org.apache.commons.collections4.map.MultiValueMap.createCollection: not a struct type
	data: unsupported(org/apache/commons/collections4/Factory)
src/main/java/org/apache/commons/collections4/map/MultiValueMap.java: org.apache.commons.collections4.map.MultiValueMap.values: computing test cases
src/main/java/org/apache/commons/collections4/map/MultiValueMap.java: org.apache.commons.collections4.map.MultiValueMap.values: computed 0 unit tests
src/main/java/org/apache/commons/collections4/map/MultiValueMap.java: org.apache.commons.collections4.map.MultiValueMap.getCollection: computing test cases
src/main/java/org/apache/commons/collections4/map/MultiValueMap.java: org.apache.commons.collections4.map.MultiValueMap.getCollection: computed 0 unit tests
src/main/java/org/apache/commons/collections4/map/MultiValueMap.java: org.apache.commons.collections4.map.MultiValueMap.MultiValueMap: computing test cases
src/main/java/org/apache/commons/collections4/map/MultiValueMap.java: org.apache.commons.collections4.map.MultiValueMap.MultiValueMap: computed 0 unit tests
src/main/java/org/apache/commons/collections4/map/MultiValueMap.java: org.apache.commons.collections4.map.MultiValueMap.MultiValueMap: found 1 problems
src/main/java/org/apache/commons/collections4/map/MultiValueMap.java: internal error: org.apache.commons.collections4.map.MultiValueMap.MultiValueMap: unknown type kind
	data: unsupported
src/main/java/org/apache/commons/collections4/map/MultiValueMap.java: org.apache.commons.collections4.map.MultiValueMap.multiValueMap: computing test cases
src/main/java/org/apache/commons/collections4/map/MultiValueMap.java: org.apache.commons.collections4.map.MultiValueMap.multiValueMap: computed 0 unit tests
src/main/java/org/apache/commons/collections4/map/MultiValueMap.java: org.apache.commons.collections4.map.MultiValueMap.multiValueMap: found 0 problems
src/main/java/org/apache/commons/collections4/map/MultiValueMap.java: org.apache.commons.collections4.map.MultiValueMap.iterator: computing test cases
src/main/java/org/apache/commons/collections4/map/MultiValueMap.java: org.apache.commons.collections4.map.MultiValueMap.iterator: computed 0 unit tests
src/main/java/org/apache/commons/collections4/map/MultiValueMap.java: org.apache.commons.collections4.map.MultiValueMap.iterator: found 1 problems
src/main/java/org/apache/commons/collections4/map/MultiValueMap.java: internal error: org.apache.commons.collections4.map.MultiValueMap.iterator: not a struct type
	data: unsupported(org/apache/commons/collections4/Factory)
Analyzed 1 out of 36 source files
Had 17 errors that block a full analysis
Generated 0 tests
Found 0 potential problems
The following issues prevent a full analysis:

* 275 cases of "unknown function"
	Description: Functions could not be resolved. This occurs due to missing dependencies,
  or if a called function is removed due to some other problem.

* 165 cases of "unknown import"
	Description: Imports could not be resolved. This is likely due to missing dependencies.

* 46 cases of "unknown type"
	Description: Types could not be resolved. This could be because of missing dependencies
  or a consequence of some other problem.

* 14 cases of "not all elements have the same type"
	Description: Arguments of a function call do not match the parameter types. This usually
  occurs if a called method is removed due to some other problem, and another
  method with the same name is selected to be called.

* 2 cases of "unsupported type"
	Description: Types required for analysis are not supported. This can include raw generics,
  or reflection types like "java.lang.Class".

* 41 cases of "other issues"
	Description: Uncategorized problems.

