Analyzing workspace /home/ph7/sqa-project/workspaces/compress_29b/
Search for Go files
Found 0 Go files
Search for Java files
Load dependency stdlib:@dev
src/main/java/org/apache/commons/compress/archivers/Lister.java: org.apache.commons.compress.archivers.Lister.usage: function is private and therefore inaccessible for tests
src/main/java/org/apache/commons/compress/archivers/ar/ArArchiveInputStream.java: org.apache.commons.compress.archivers.ar.ArArchiveInputStream.getExtendedName: function is private and therefore inaccessible for tests
src/main/java/org/apache/commons/compress/archivers/ar/ArArchiveInputStream.java: org.apache.commons.compress.archivers.ar.ArArchiveInputStream.asLong: function is private and therefore inaccessible for tests
src/main/java/org/apache/commons/compress/archivers/ar/ArArchiveInputStream.java: org.apache.commons.compress.archivers.ar.ArArchiveInputStream.asInt: function is private and therefore inaccessible for tests
src/main/java/org/apache/commons/compress/archivers/ar/ArArchiveInputStream.java: org.apache.commons.compress.archivers.ar.ArArchiveInputStream.asInt: function is private and therefore inaccessible for tests
src/main/java/org/apache/commons/compress/archivers/ar/ArArchiveInputStream.java: org.apache.commons.compress.archivers.ar.ArArchiveInputStream.asInt: function is private and therefore inaccessible for tests
src/main/java/org/apache/commons/compress/archivers/ar/ArArchiveInputStream.java: org.apache.commons.compress.archivers.ar.ArArchiveInputStream.asInt: function is private and therefore inaccessible for tests
src/main/java/org/apache/commons/compress/archivers/ar/ArArchiveInputStream.java: org.apache.commons.compress.archivers.ar.ArArchiveInputStream.isBSDLongName: function is private and therefore inaccessible for tests
src/main/java/org/apache/commons/compress/archivers/ar/ArArchiveInputStream.java: org.apache.commons.compress.archivers.ar.ArArchiveInputStream.getBSDLongName: function is private and therefore inaccessible for tests
src/main/java/org/apache/commons/compress/archivers/ar/ArArchiveInputStream.java: org.apache.commons.compress.archivers.ar.ArArchiveInputStream.isGNUStringTable: function is private and therefore inaccessible for tests
src/main/java/org/apache/commons/compress/archivers/ar/ArArchiveInputStream.java: org.apache.commons.compress.archivers.ar.ArArchiveInputStream.readGNUStringTable: function is private and therefore inaccessible for tests
src/main/java/org/apache/commons/compress/archivers/ar/ArArchiveInputStream.java: org.apache.commons.compress.archivers.ar.ArArchiveInputStream.isGNULongName: function is private and therefore inaccessible for tests
src/main/java/org/apache/commons/compress/archivers/ar/ArArchiveOutputStream.java: org.apache.commons.compress.archivers.ar.ArArchiveOutputStream.writeArchiveHeader: function is private and therefore inaccessible for tests
src/main/java/org/apache/commons/compress/archivers/ar/ArArchiveOutputStream.java: org.apache.commons.compress.archivers.ar.ArArchiveOutputStream.fill: function is private and therefore inaccessible for tests
src/main/java/org/apache/commons/compress/archivers/ar/ArArchiveOutputStream.java: org.apache.commons.compress.archivers.ar.ArArchiveOutputStream.write: function is private and therefore inaccessible for tests
src/main/java/org/apache/commons/compress/archivers/ar/ArArchiveOutputStream.java: org.apache.commons.compress.archivers.ar.ArArchiveOutputStream.writeEntryHeader: function is private and therefore inaccessible for tests
src/main/java/org/apache/commons/compress/archivers/arj/ArjArchiveInputStream.java: org.apache.commons.compress.archivers.arj.ArjArchiveInputStream.read8: function is private and therefore inaccessible for tests
src/main/java/org/apache/commons/compress/archivers/arj/ArjArchiveInputStream.java: org.apache.commons.compress.archivers.arj.ArjArchiveInputStream.read16: function is private and therefore inaccessible for tests
src/main/java/org/apache/commons/compress/archivers/arj/ArjArchiveInputStream.java: org.apache.commons.compress.archivers.arj.ArjArchiveInputStream.read32: function is private and therefore inaccessible for tests
src/main/java/org/apache/commons/compress/archivers/arj/ArjArchiveInputStream.java: org.apache.commons.compress.archivers.arj.ArjArchiveInputStream.readString: function is private and therefore inaccessible for tests
src/main/java/org/apache/commons/compress/archivers/arj/ArjArchiveInputStream.java: org.apache.commons.compress.archivers.arj.ArjArchiveInputStream.readFully: function is private and therefore inaccessible for tests
src/main/java/org/apache/commons/compress/archivers/arj/ArjArchiveInputStream.java: org.apache.commons.compress.archivers.arj.ArjArchiveInputStream.readHeader: function is private and therefore inaccessible for tests
src/main/java/org/apache/commons/compress/archivers/arj/ArjArchiveInputStream.java: org.apache.commons.compress.archivers.arj.ArjArchiveInputStream.readMainHeader: function is private and therefore inaccessible for tests
src/main/java/org/apache/commons/compress/archivers/arj/ArjArchiveInputStream.java: org.apache.commons.compress.archivers.arj.ArjArchiveInputStream.readLocalFileHeader: function is private and therefore inaccessible for tests
src/main/java/org/apache/commons/compress/archivers/arj/ArjArchiveInputStream.java: org.apache.commons.compress.archivers.arj.ArjArchiveInputStream.readExtraData: function is private and therefore inaccessible for tests
src/main/java/org/apache/commons/compress/archivers/cpio/CpioArchiveEntry.java: org.apache.commons.compress.archivers.cpio.CpioArchiveEntry.checkNewFormat: function is private and therefore inaccessible for tests
src/main/java/org/apache/commons/compress/archivers/cpio/CpioArchiveEntry.java: org.apache.commons.compress.archivers.cpio.CpioArchiveEntry.checkOldFormat: function is private and therefore inaccessible for tests
src/main/java/org/apache/commons/compress/archivers/cpio/CpioArchiveInputStream.java: org.apache.commons.compress.archivers.cpio.CpioArchiveInputStream.closeEntry: function is private and therefore inaccessible for tests
src/main/java/org/apache/commons/compress/archivers/cpio/CpioArchiveInputStream.java: org.apache.commons.compress.archivers.cpio.CpioArchiveInputStream.ensureOpen: function is private and therefore inaccessible for tests
src/main/java/org/apache/commons/compress/archivers/cpio/CpioArchiveInputStream.java: org.apache.commons.compress.archivers.cpio.CpioArchiveInputStream.skip: function is private and therefore inaccessible for tests
src/main/java/org/apache/commons/compress/archivers/cpio/CpioArchiveInputStream.java: org.apache.commons.compress.archivers.cpio.CpioArchiveInputStream.readFully: function is private and therefore inaccessible for tests
src/main/java/org/apache/commons/compress/archivers/cpio/CpioArchiveInputStream.java: org.apache.commons.compress.archivers.cpio.CpioArchiveInputStream.readBinaryLong: function is private and therefore inaccessible for tests
src/main/java/org/apache/commons/compress/archivers/cpio/CpioArchiveInputStream.java: org.apache.commons.compress.archivers.cpio.CpioArchiveInputStream.readAsciiLong: function is private and therefore inaccessible for tests
src/main/java/org/apache/commons/compress/archivers/cpio/CpioArchiveInputStream.java: org.apache.commons.compress.archivers.cpio.CpioArchiveInputStream.readNewEntry: function is private and therefore inaccessible for tests
src/main/java/org/apache/commons/compress/archivers/cpio/CpioArchiveInputStream.java: org.apache.commons.compress.archivers.cpio.CpioArchiveInputStream.readOldAsciiEntry: function is private and therefore inaccessible for tests
src/main/java/org/apache/commons/compress/archivers/cpio/CpioArchiveInputStream.java: org.apache.commons.compress.archivers.cpio.CpioArchiveInputStream.readOldBinaryEntry: function is private and therefore inaccessible for tests
src/main/java/org/apache/commons/compress/archivers/cpio/CpioArchiveInputStream.java: org.apache.commons.compress.archivers.cpio.CpioArchiveInputStream.readCString: function is private and therefore inaccessible for tests
src/main/java/org/apache/commons/compress/archivers/cpio/CpioArchiveInputStream.java: org.apache.commons.compress.archivers.cpio.CpioArchiveInputStream.skipRemainderOfLastBlock: function is private and therefore inaccessible for tests
src/main/java/org/apache/commons/compress/archivers/cpio/CpioArchiveOutputStream.java: org.apache.commons.compress.archivers.cpio.CpioArchiveOutputStream.ensureOpen: function is private and therefore inaccessible for tests
src/main/java/org/apache/commons/compress/archivers/cpio/CpioArchiveOutputStream.java: org.apache.commons.compress.archivers.cpio.CpioArchiveOutputStream.writeHeader: function is private and therefore inaccessible for tests
src/main/java/org/apache/commons/compress/archivers/cpio/CpioArchiveOutputStream.java: org.apache.commons.compress.archivers.cpio.CpioArchiveOutputStream.writeNewEntry: function is private and therefore inaccessible for tests
src/main/java/org/apache/commons/compress/archivers/cpio/CpioArchiveOutputStream.java: org.apache.commons.compress.archivers.cpio.CpioArchiveOutputStream.writeOldAsciiEntry: function is private and therefore inaccessible for tests
src/main/java/org/apache/commons/compress/archivers/cpio/CpioArchiveOutputStream.java: org.apache.commons.compress.archivers.cpio.CpioArchiveOutputStream.writeOldBinaryEntry: function is private and therefore inaccessible for tests
src/main/java/org/apache/commons/compress/archivers/cpio/CpioArchiveOutputStream.java: org.apache.commons.compress.archivers.cpio.CpioArchiveOutputStream.pad: function is private and therefore inaccessible for tests
src/main/java/org/apache/commons/compress/archivers/cpio/CpioArchiveOutputStream.java: org.apache.commons.compress.archivers.cpio.CpioArchiveOutputStream.writeBinaryLong: function is private and therefore inaccessible for tests
src/main/java/org/apache/commons/compress/archivers/cpio/CpioArchiveOutputStream.java: org.apache.commons.compress.archivers.cpio.CpioArchiveOutputStream.writeAsciiLong: function is private and therefore inaccessible for tests
src/main/java/org/apache/commons/compress/archivers/cpio/CpioArchiveOutputStream.java: org.apache.commons.compress.archivers.cpio.CpioArchiveOutputStream.writeCString: function is private and therefore inaccessible for tests
src/main/java/org/apache/commons/compress/archivers/dump/DumpArchiveConstants.java: org.apache.commons.compress.archivers.dump.DumpArchiveConstants.DumpArchiveConstants: function is private and therefore inaccessible for tests
src/main/java/org/apache/commons/compress/archivers/dump/DumpArchiveConstants.java: org.apache.commons.compress.archivers.dump.DumpArchiveConstants.@@SEGMENT_TYPE.@@SEGMENT_TYPE: function is private and therefore inaccessible for tests
src/main/java/org/apache/commons/compress/archivers/dump/DumpArchiveConstants.java: org.apache.commons.compress.archivers.dump.DumpArchiveConstants.@@COMPRESSION_TYPE.@@COMPRESSION_TYPE: function is private and therefore inaccessible for tests
src/main/java/org/apache/commons/compress/archivers/dump/DumpArchiveEntry.java: org.apache.commons.compress.archivers.dump.DumpArchiveEntry.@@TYPE.@@TYPE: function is private and therefore inaccessible for tests
src/main/java/org/apache/commons/compress/archivers/dump/DumpArchiveEntry.java: org.apache.commons.compress.archivers.dump.DumpArchiveEntry.@@PERMISSION.@@PERMISSION: function is private and therefore inaccessible for tests
src/main/java/org/apache/commons/compress/archivers/dump/DumpArchiveInputStream.java: org.apache.commons.compress.archivers.dump.DumpArchiveInputStream.readCLRI: function is private and therefore inaccessible for tests
src/main/java/org/apache/commons/compress/archivers/dump/DumpArchiveInputStream.java: org.apache.commons.compress.archivers.dump.DumpArchiveInputStream.readBITS: function is private and therefore inaccessible for tests
src/main/java/org/apache/commons/compress/archivers/dump/DumpArchiveInputStream.java: org.apache.commons.compress.archivers.dump.DumpArchiveInputStream.readDirectoryEntry: function is private and therefore inaccessible for tests
src/main/java/org/apache/commons/compress/archivers/dump/DumpArchiveInputStream.java: org.apache.commons.compress.archivers.dump.DumpArchiveInputStream.getPath: function is private and therefore inaccessible for tests
src/main/java/org/apache/commons/compress/archivers/dump/DumpArchiveUtil.java: org.apache.commons.compress.archivers.dump.DumpArchiveUtil.DumpArchiveUtil: function is private and therefore inaccessible for tests
src/main/java/org/apache/commons/compress/archivers/dump/TapeInputStream.java: org.apache.commons.compress.archivers.dump.TapeInputStream.readBlock: function is private and therefore inaccessible for tests
src/main/java/org/apache/commons/compress/archivers/dump/TapeInputStream.java: org.apache.commons.compress.archivers.dump.TapeInputStream.readFully: function is private and therefore inaccessible for tests
src/main/java/org/apache/commons/compress/archivers/sevenz/Archive.java: org.apache.commons.compress.archivers.sevenz.Archive.lengthOf: function is private and therefore inaccessible for tests
src/main/java/org/apache/commons/compress/archivers/sevenz/Archive.java: org.apache.commons.compress.archivers.sevenz.Archive.lengthOf: function is private and therefore inaccessible for tests
src/main/java/org/apache/commons/compress/archivers/sevenz/CLI.java: org.apache.commons.compress.archivers.sevenz.CLI.usage: function is private and therefore inaccessible for tests
src/main/java/org/apache/commons/compress/archivers/sevenz/CLI.java: org.apache.commons.compress.archivers.sevenz.CLI.grabMode: function is private and therefore inaccessible for tests
src/main/java/org/apache/commons/compress/archivers/sevenz/Coders.java: org.apache.commons.compress.archivers.sevenz.Coders.DummyByteAddingInputStream.DummyByteAddingInputStream: function is private and therefore inaccessible for tests
src/main/java/org/apache/commons/compress/archivers/sevenz/Coders.java: org.apache.commons.compress.archivers.sevenz.Coders.DummyByteAddingInputStream.read: function is private and therefore inaccessible for tests
src/main/java/org/apache/commons/compress/archivers/sevenz/Coders.java: org.apache.commons.compress.archivers.sevenz.Coders.DummyByteAddingInputStream.read: function is private and therefore inaccessible for tests
src/main/java/org/apache/commons/compress/archivers/sevenz/DeltaDecoder.java: org.apache.commons.compress.archivers.sevenz.DeltaDecoder.getOptionsFromCoder: function is private and therefore inaccessible for tests
src/main/java/org/apache/commons/compress/archivers/sevenz/LZMA2Decoder.java: org.apache.commons.compress.archivers.sevenz.LZMA2Decoder.getDictSize: function is private and therefore inaccessible for tests
src/main/java/org/apache/commons/compress/archivers/sevenz/LZMA2Decoder.java: org.apache.commons.compress.archivers.sevenz.LZMA2Decoder.getDictionarySize: function is private and therefore inaccessible for tests
src/main/java/org/apache/commons/compress/archivers/sevenz/LZMA2Decoder.java: org.apache.commons.compress.archivers.sevenz.LZMA2Decoder.getOptions: function is private and therefore inaccessible for tests
src/main/java/org/apache/commons/compress/archivers/sevenz/LZMA2Decoder.java: org.apache.commons.compress.archivers.sevenz.LZMA2Decoder.numberOptionOrDefault: function is private and therefore inaccessible for tests
src/main/java/org/apache/commons/compress/archivers/sevenz/SevenZFile.java: org.apache.commons.compress.archivers.sevenz.SevenZFile.readHeaders: function is private and therefore inaccessible for tests
src/main/java/org/apache/commons/compress/archivers/sevenz/SevenZFile.java: org.apache.commons.compress.archivers.sevenz.SevenZFile.readStartHeader: function is private and therefore inaccessible for tests
src/main/java/org/apache/commons/compress/archivers/sevenz/SevenZFile.java: org.apache.commons.compress.archivers.sevenz.SevenZFile.readHeader: function is private and therefore inaccessible for tests
src/main/java/org/apache/commons/compress/archivers/sevenz/SevenZFile.java: org.apache.commons.compress.archivers.sevenz.SevenZFile.readArchiveProperties: function is private and therefore inaccessible for tests
src/main/java/org/apache/commons/compress/archivers/sevenz/SevenZFile.java: org.apache.commons.compress.archivers.sevenz.SevenZFile.readEncodedHeader: function is private and therefore inaccessible for tests
src/main/java/org/apache/commons/compress/archivers/sevenz/SevenZFile.java: org.apache.commons.compress.archivers.sevenz.SevenZFile.readStreamsInfo: function is private and therefore inaccessible for tests
src/main/java/org/apache/commons/compress/archivers/sevenz/SevenZFile.java: org.apache.commons.compress.archivers.sevenz.SevenZFile.readPackInfo: function is private and therefore inaccessible for tests
src/main/java/org/apache/commons/compress/archivers/sevenz/SevenZFile.java: org.apache.commons.compress.archivers.sevenz.SevenZFile.readUnpackInfo: function is private and therefore inaccessible for tests
src/main/java/org/apache/commons/compress/archivers/sevenz/SevenZFile.java: org.apache.commons.compress.archivers.sevenz.SevenZFile.readSubStreamsInfo: function is private and therefore inaccessible for tests
src/main/java/org/apache/commons/compress/archivers/sevenz/SevenZFile.java: org.apache.commons.compress.archivers.sevenz.SevenZFile.readFolder: function is private and therefore inaccessible for tests
src/main/java/org/apache/commons/compress/archivers/sevenz/SevenZFile.java: org.apache.commons.compress.archivers.sevenz.SevenZFile.readAllOrBits: function is private and therefore inaccessible for tests
src/main/java/org/apache/commons/compress/archivers/sevenz/SevenZFile.java: org.apache.commons.compress.archivers.sevenz.SevenZFile.readBits: function is private and therefore inaccessible for tests
src/main/java/org/apache/commons/compress/archivers/sevenz/SevenZFile.java: org.apache.commons.compress.archivers.sevenz.SevenZFile.readFilesInfo: function is private and therefore inaccessible for tests
src/main/java/org/apache/commons/compress/archivers/sevenz/SevenZFile.java: org.apache.commons.compress.archivers.sevenz.SevenZFile.calculateStreamMap: function is private and therefore inaccessible for tests
src/main/java/org/apache/commons/compress/archivers/sevenz/SevenZFile.java: org.apache.commons.compress.archivers.sevenz.SevenZFile.buildDecodingStream: function is private and therefore inaccessible for tests
src/main/java/org/apache/commons/compress/archivers/sevenz/SevenZFile.java: org.apache.commons.compress.archivers.sevenz.SevenZFile.drainPreviousEntry: function is private and therefore inaccessible for tests
src/main/java/org/apache/commons/compress/archivers/sevenz/SevenZFile.java: org.apache.commons.compress.archivers.sevenz.SevenZFile.buildDecoderStack: function is private and therefore inaccessible for tests
src/main/java/org/apache/commons/compress/archivers/sevenz/SevenZFile.java: org.apache.commons.compress.archivers.sevenz.SevenZFile.readUint64: function is private and therefore inaccessible for tests
src/main/java/org/apache/commons/compress/archivers/sevenz/SevenZFile.java: org.apache.commons.compress.archivers.sevenz.SevenZFile.skipBytesFully: function is private and therefore inaccessible for tests
src/main/java/org/apache/commons/compress/archivers/sevenz/SevenZMethod.java: org.apache.commons.compress.archivers.sevenz.@@SevenZMethod.@@SevenZMethod: function is private and therefore inaccessible for tests
src/main/java/org/apache/commons/compress/archivers/sevenz/SevenZOutputFile.java: org.apache.commons.compress.archivers.sevenz.SevenZOutputFile.getCurrentOutputStream: function is private and therefore inaccessible for tests
src/main/java/org/apache/commons/compress/archivers/sevenz/SevenZOutputFile.java: org.apache.commons.compress.archivers.sevenz.SevenZOutputFile.setupFileOutputStream: function is private and therefore inaccessible for tests
src/main/java/org/apache/commons/compress/archivers/sevenz/SevenZOutputFile.java: org.apache.commons.compress.archivers.sevenz.SevenZOutputFile.getContentMethods: function is private and therefore inaccessible for tests
src/main/java/org/apache/commons/compress/archivers/sevenz/SevenZOutputFile.java: org.apache.commons.compress.archivers.sevenz.SevenZOutputFile.writeHeader: function is private and therefore inaccessible for tests
src/main/java/org/apache/commons/compress/archivers/sevenz/SevenZOutputFile.java: org.apache.commons.compress.archivers.sevenz.SevenZOutputFile.writeStreamsInfo: function is private and therefore inaccessible for tests
src/main/java/org/apache/commons/compress/archivers/sevenz/SevenZOutputFile.java: org.apache.commons.compress.archivers.sevenz.SevenZOutputFile.writePackInfo: function is private and therefore inaccessible for tests
src/main/java/org/apache/commons/compress/archivers/sevenz/SevenZOutputFile.java: org.apache.commons.compress.archivers.sevenz.SevenZOutputFile.writeUnpackInfo: function is private and therefore inaccessible for tests
src/main/java/org/apache/commons/compress/archivers/sevenz/SevenZOutputFile.java: org.apache.commons.compress.archivers.sevenz.SevenZOutputFile.writeFolder: function is private and therefore inaccessible for tests
src/main/java/org/apache/commons/compress/archivers/sevenz/SevenZOutputFile.java: org.apache.commons.compress.archivers.sevenz.SevenZOutputFile.writeSingleCodec: function is private and therefore inaccessible for tests
src/main/java/org/apache/commons/compress/archivers/sevenz/SevenZOutputFile.java: org.apache.commons.compress.archivers.sevenz.SevenZOutputFile.writeSubStreamsInfo: function is private and therefore inaccessible for tests
src/main/java/org/apache/commons/compress/archivers/sevenz/SevenZOutputFile.java: org.apache.commons.compress.archivers.sevenz.SevenZOutputFile.writeFilesInfo: function is private and therefore inaccessible for tests
src/main/java/org/apache/commons/compress/archivers/sevenz/SevenZOutputFile.java: org.apache.commons.compress.archivers.sevenz.SevenZOutputFile.writeFileEmptyStreams: function is private and therefore inaccessible for tests
src/main/java/org/apache/commons/compress/archivers/sevenz/SevenZOutputFile.java: org.apache.commons.compress.archivers.sevenz.SevenZOutputFile.writeFileEmptyFiles: function is private and therefore inaccessible for tests
src/main/java/org/apache/commons/compress/archivers/sevenz/SevenZOutputFile.java: org.apache.commons.compress.archivers.sevenz.SevenZOutputFile.writeFileAntiItems: function is private and therefore inaccessible for tests
src/main/java/org/apache/commons/compress/archivers/sevenz/SevenZOutputFile.java: org.apache.commons.compress.archivers.sevenz.SevenZOutputFile.writeFileNames: function is private and therefore inaccessible for tests
src/main/java/org/apache/commons/compress/archivers/sevenz/SevenZOutputFile.java: org.apache.commons.compress.archivers.sevenz.SevenZOutputFile.writeFileCTimes: function is private and therefore inaccessible for tests
src/main/java/org/apache/commons/compress/archivers/sevenz/SevenZOutputFile.java: org.apache.commons.compress.archivers.sevenz.SevenZOutputFile.writeFileATimes: function is private and therefore inaccessible for tests
src/main/java/org/apache/commons/compress/archivers/sevenz/SevenZOutputFile.java: org.apache.commons.compress.archivers.sevenz.SevenZOutputFile.writeFileMTimes: function is private and therefore inaccessible for tests
src/main/java/org/apache/commons/compress/archivers/sevenz/SevenZOutputFile.java: org.apache.commons.compress.archivers.sevenz.SevenZOutputFile.writeFileWindowsAttributes: function is private and therefore inaccessible for tests
src/main/java/org/apache/commons/compress/archivers/sevenz/SevenZOutputFile.java: org.apache.commons.compress.archivers.sevenz.SevenZOutputFile.writeUint64: function is private and therefore inaccessible for tests
src/main/java/org/apache/commons/compress/archivers/sevenz/SevenZOutputFile.java: org.apache.commons.compress.archivers.sevenz.SevenZOutputFile.writeBits: function is private and therefore inaccessible for tests
src/main/java/org/apache/commons/compress/archivers/sevenz/SevenZOutputFile.java: org.apache.commons.compress.archivers.sevenz.SevenZOutputFile.reverse: function is private and therefore inaccessible for tests
src/main/java/org/apache/commons/compress/archivers/sevenz/SevenZOutputFile.java: org.apache.commons.compress.archivers.sevenz.SevenZOutputFile.OutputStreamWrapper.write: function is private and therefore inaccessible for tests
src/main/java/org/apache/commons/compress/archivers/sevenz/SevenZOutputFile.java: org.apache.commons.compress.archivers.sevenz.SevenZOutputFile.OutputStreamWrapper.write: function is private and therefore inaccessible for tests
src/main/java/org/apache/commons/compress/archivers/sevenz/SevenZOutputFile.java: org.apache.commons.compress.archivers.sevenz.SevenZOutputFile.OutputStreamWrapper.write: function is private and therefore inaccessible for tests
src/main/java/org/apache/commons/compress/archivers/sevenz/SevenZOutputFile.java: org.apache.commons.compress.archivers.sevenz.SevenZOutputFile.OutputStreamWrapper.flush: function is private and therefore inaccessible for tests
src/main/java/org/apache/commons/compress/archivers/sevenz/SevenZOutputFile.java: org.apache.commons.compress.archivers.sevenz.SevenZOutputFile.OutputStreamWrapper.close: function is private and therefore inaccessible for tests
src/main/java/org/apache/commons/compress/archivers/tar/TarArchiveEntry.java: org.apache.commons.compress.archivers.tar.TarArchiveEntry.TarArchiveEntry: function is private and therefore inaccessible for tests
src/main/java/org/apache/commons/compress/archivers/tar/TarArchiveEntry.java: org.apache.commons.compress.archivers.tar.TarArchiveEntry.writeEntryHeaderField: function is private and therefore inaccessible for tests
src/main/java/org/apache/commons/compress/archivers/tar/TarArchiveEntry.java: org.apache.commons.compress.archivers.tar.TarArchiveEntry.parseTarHeader: function is private and therefore inaccessible for tests
src/main/java/org/apache/commons/compress/archivers/tar/TarArchiveEntry.java: org.apache.commons.compress.archivers.tar.TarArchiveEntry.normalizeFileName: function is private and therefore inaccessible for tests
src/main/java/org/apache/commons/compress/archivers/tar/TarArchiveEntry.java: org.apache.commons.compress.archivers.tar.TarArchiveEntry.evaluateType: function is private and therefore inaccessible for tests
src/main/java/org/apache/commons/compress/archivers/tar/TarArchiveInputStream.java: org.apache.commons.compress.archivers.tar.TarArchiveInputStream.skipRecordPadding: function is private and therefore inaccessible for tests
src/main/java/org/apache/commons/compress/archivers/tar/TarArchiveInputStream.java: org.apache.commons.compress.archivers.tar.TarArchiveInputStream.getRecord: function is private and therefore inaccessible for tests
src/main/java/org/apache/commons/compress/archivers/tar/TarArchiveInputStream.java: org.apache.commons.compress.archivers.tar.TarArchiveInputStream.paxHeaders: function is private and therefore inaccessible for tests
src/main/java/org/apache/commons/compress/archivers/tar/TarArchiveInputStream.java: org.apache.commons.compress.archivers.tar.TarArchiveInputStream.applyPaxHeadersToCurrentEntry: function is private and therefore inaccessible for tests
src/main/java/org/apache/commons/compress/archivers/tar/TarArchiveInputStream.java: org.apache.commons.compress.archivers.tar.TarArchiveInputStream.readGNUSparse: function is private and therefore inaccessible for tests
src/main/java/org/apache/commons/compress/archivers/tar/TarArchiveInputStream.java: org.apache.commons.compress.archivers.tar.TarArchiveInputStream.tryToConsumeSecondEOFRecord: function is private and therefore inaccessible for tests
src/main/java/org/apache/commons/compress/archivers/tar/TarArchiveInputStream.java: org.apache.commons.compress.archivers.tar.TarArchiveInputStream.consumeRemainderOfLastBlock: function is private and therefore inaccessible for tests
src/main/java/org/apache/commons/compress/archivers/tar/TarArchiveOutputStream.java: org.apache.commons.compress.archivers.tar.TarArchiveOutputStream.stripTo7Bits: function is private and therefore inaccessible for tests
src/main/java/org/apache/commons/compress/archivers/tar/TarArchiveOutputStream.java: org.apache.commons.compress.archivers.tar.TarArchiveOutputStream.shouldBeReplaced: function is private and therefore inaccessible for tests
src/main/java/org/apache/commons/compress/archivers/tar/TarArchiveOutputStream.java: org.apache.commons.compress.archivers.tar.TarArchiveOutputStream.writeEOFRecord: function is private and therefore inaccessible for tests
src/main/java/org/apache/commons/compress/archivers/tar/TarArchiveOutputStream.java: org.apache.commons.compress.archivers.tar.TarArchiveOutputStream.writeRecord: function is private and therefore inaccessible for tests
src/main/java/org/apache/commons/compress/archivers/tar/TarArchiveOutputStream.java: org.apache.commons.compress.archivers.tar.TarArchiveOutputStream.writeRecord: function is private and therefore inaccessible for tests
src/main/java/org/apache/commons/compress/archivers/tar/TarArchiveOutputStream.java: org.apache.commons.compress.archivers.tar.TarArchiveOutputStream.padAsNeeded: function is private and therefore inaccessible for tests
src/main/java/org/apache/commons/compress/archivers/tar/TarArchiveOutputStream.java: org.apache.commons.compress.archivers.tar.TarArchiveOutputStream.addPaxHeadersForBigNumbers: function is private and therefore inaccessible for tests
src/main/java/org/apache/commons/compress/archivers/tar/TarArchiveOutputStream.java: org.apache.commons.compress.archivers.tar.TarArchiveOutputStream.addPaxHeaderForBigNumber: function is private and therefore inaccessible for tests
src/main/java/org/apache/commons/compress/archivers/tar/TarArchiveOutputStream.java: org.apache.commons.compress.archivers.tar.TarArchiveOutputStream.failForBigNumbers: function is private and therefore inaccessible for tests
src/main/java/org/apache/commons/compress/archivers/tar/TarArchiveOutputStream.java: org.apache.commons.compress.archivers.tar.TarArchiveOutputStream.failForBigNumber: function is private and therefore inaccessible for tests
src/main/java/org/apache/commons/compress/archivers/tar/TarArchiveOutputStream.java: org.apache.commons.compress.archivers.tar.TarArchiveOutputStream.failForBigNumberWithPosixMessage: function is private and therefore inaccessible for tests
src/main/java/org/apache/commons/compress/archivers/tar/TarArchiveOutputStream.java: org.apache.commons.compress.archivers.tar.TarArchiveOutputStream.failForBigNumber: function is private and therefore inaccessible for tests
src/main/java/org/apache/commons/compress/archivers/tar/TarArchiveOutputStream.java: org.apache.commons.compress.archivers.tar.TarArchiveOutputStream.handleLongName: function is private and therefore inaccessible for tests
src/main/java/org/apache/commons/compress/archivers/tar/TarArchiveOutputStream.java: org.apache.commons.compress.archivers.tar.TarArchiveOutputStream.transferModTime: function is private and therefore inaccessible for tests
src/main/java/org/apache/commons/compress/archivers/tar/TarUtils.java: org.apache.commons.compress.archivers.tar.TarUtils.TarUtils: function is private and therefore inaccessible for tests
src/main/java/org/apache/commons/compress/archivers/tar/TarUtils.java: org.apache.commons.compress.archivers.tar.TarUtils.parseBinaryLong: function is private and therefore inaccessible for tests
src/main/java/org/apache/commons/compress/archivers/tar/TarUtils.java: org.apache.commons.compress.archivers.tar.TarUtils.parseBinaryBigInteger: function is private and therefore inaccessible for tests
src/main/java/org/apache/commons/compress/archivers/tar/TarUtils.java: org.apache.commons.compress.archivers.tar.TarUtils.exceptionMessage: function is private and therefore inaccessible for tests
src/main/java/org/apache/commons/compress/archivers/tar/TarUtils.java: org.apache.commons.compress.archivers.tar.TarUtils.formatLongBinary: function is private and therefore inaccessible for tests
src/main/java/org/apache/commons/compress/archivers/tar/TarUtils.java: org.apache.commons.compress.archivers.tar.TarUtils.formatBigIntegerBinary: function is private and therefore inaccessible for tests
src/main/java/org/apache/commons/compress/archivers/zip/AbstractUnicodeExtraField.java: org.apache.commons.compress.archivers.zip.AbstractUnicodeExtraField.assembleData: function is private and therefore inaccessible for tests
src/main/java/org/apache/commons/compress/archivers/zip/ExplodingInputStream.java: org.apache.commons.compress.archivers.zip.ExplodingInputStream.init: function is private and therefore inaccessible for tests
src/main/java/org/apache/commons/compress/archivers/zip/ExplodingInputStream.java: org.apache.commons.compress.archivers.zip.ExplodingInputStream.fillBuffer: function is private and therefore inaccessible for tests
src/main/java/org/apache/commons/compress/archivers/zip/ExtraFieldUtils.java: org.apache.commons.compress.archivers.zip.ExtraFieldUtils.UnparseableExtraField.UnparseableExtraField: function is private and therefore inaccessible for tests
src/main/java/org/apache/commons/compress/archivers/zip/ParallelScatterZipCreator.java: org.apache.commons.compress.archivers.zip.ParallelScatterZipCreator.DefaultBackingStoreSupplier.get: function is private and therefore inaccessible for tests
src/main/java/org/apache/commons/compress/archivers/zip/ParallelScatterZipCreator.java: org.apache.commons.compress.archivers.zip.ParallelScatterZipCreator.createDeferred: function is private and therefore inaccessible for tests
src/main/java/org/apache/commons/compress/archivers/zip/ScatterZipOutputStream.java: org.apache.commons.compress.archivers.zip.ScatterZipOutputStream.CompressedEntry.CompressedEntry: function is private and therefore inaccessible for tests
src/main/java/org/apache/commons/compress/archivers/zip/ScatterZipOutputStream.java: org.apache.commons.compress.archivers.zip.ScatterZipOutputStream.CompressedEntry.transferToArchiveEntry: function is private and therefore inaccessible for tests
src/main/java/org/apache/commons/compress/archivers/zip/Simple8BitZipEncoding.java: org.apache.commons.compress.archivers.zip.Simple8BitZipEncoding.Simple8BitChar.Simple8BitChar: function is private and therefore inaccessible for tests
src/main/java/org/apache/commons/compress/archivers/zip/Simple8BitZipEncoding.java: org.apache.commons.compress.archivers.zip.Simple8BitZipEncoding.Simple8BitChar.compareTo: function is private and therefore inaccessible for tests
src/main/java/org/apache/commons/compress/archivers/zip/Simple8BitZipEncoding.java: org.apache.commons.compress.archivers.zip.Simple8BitZipEncoding.Simple8BitChar.toString: function is private and therefore inaccessible for tests
src/main/java/org/apache/commons/compress/archivers/zip/Simple8BitZipEncoding.java: org.apache.commons.compress.archivers.zip.Simple8BitZipEncoding.Simple8BitChar.equals: function is private and therefore inaccessible for tests
src/main/java/org/apache/commons/compress/archivers/zip/Simple8BitZipEncoding.java: org.apache.commons.compress.archivers.zip.Simple8BitZipEncoding.Simple8BitChar.hashCode: function is private and therefore inaccessible for tests
src/main/java/org/apache/commons/compress/archivers/zip/Simple8BitZipEncoding.java: org.apache.commons.compress.archivers.zip.Simple8BitZipEncoding.encodeHighChar: function is private and therefore inaccessible for tests
src/main/java/org/apache/commons/compress/archivers/zip/StreamCompressor.java: org.apache.commons.compress.archivers.zip.StreamCompressor.writeDeflated: function is private and therefore inaccessible for tests
src/main/java/org/apache/commons/compress/archivers/zip/StreamCompressor.java: org.apache.commons.compress.archivers.zip.StreamCompressor.deflateUntilInputIsNeeded: function is private and therefore inaccessible for tests
src/main/java/org/apache/commons/compress/archivers/zip/StreamCompressor.java: org.apache.commons.compress.archivers.zip.StreamCompressor.ScatterGatherBackingStoreCompressor.ScatterGatherBackingStoreCompressor: function is private and therefore inaccessible for tests
src/main/java/org/apache/commons/compress/archivers/zip/StreamCompressor.java: org.apache.commons.compress.archivers.zip.StreamCompressor.ScatterGatherBackingStoreCompressor.writeOut: function is private and therefore inaccessible for tests
src/main/java/org/apache/commons/compress/archivers/zip/StreamCompressor.java: org.apache.commons.compress.archivers.zip.StreamCompressor.OutputStreamCompressor.OutputStreamCompressor: function is private and therefore inaccessible for tests
src/main/java/org/apache/commons/compress/archivers/zip/StreamCompressor.java: org.apache.commons.compress.archivers.zip.StreamCompressor.OutputStreamCompressor.writeOut: function is private and therefore inaccessible for tests
src/main/java/org/apache/commons/compress/archivers/zip/StreamCompressor.java: org.apache.commons.compress.archivers.zip.StreamCompressor.DataOutputCompressor.DataOutputCompressor: function is private and therefore inaccessible for tests
src/main/java/org/apache/commons/compress/archivers/zip/StreamCompressor.java: org.apache.commons.compress.archivers.zip.StreamCompressor.DataOutputCompressor.writeOut: function is private and therefore inaccessible for tests
src/main/java/org/apache/commons/compress/archivers/zip/UnshrinkingInputStream.java: org.apache.commons.compress.archivers.zip.UnshrinkingInputStream.partialClear: function is private and therefore inaccessible for tests
src/main/java/org/apache/commons/compress/archivers/zip/UnsupportedZipFeatureException.java: org.apache.commons.compress.archivers.zip.UnsupportedZipFeatureException.Feature.Feature: function is private and therefore inaccessible for tests
src/main/java/org/apache/commons/compress/archivers/zip/X5455_ExtendedTimestamp.java: org.apache.commons.compress.archivers.zip.X5455_ExtendedTimestamp.reset: function is private and therefore inaccessible for tests
src/main/java/org/apache/commons/compress/archivers/zip/X5455_ExtendedTimestamp.java: org.apache.commons.compress.archivers.zip.X5455_ExtendedTimestamp.dateToZipLong: function is private and therefore inaccessible for tests
src/main/java/org/apache/commons/compress/archivers/zip/X7875_NewUnix.java: org.apache.commons.compress.archivers.zip.X7875_NewUnix.reset: function is private and therefore inaccessible for tests
src/main/java/org/apache/commons/compress/archivers/zip/Zip64ExtendedInformationExtraField.java: org.apache.commons.compress.archivers.zip.Zip64ExtendedInformationExtraField.addSizes: function is private and therefore inaccessible for tests
src/main/java/org/apache/commons/compress/archivers/zip/ZipArchiveEntry.java: org.apache.commons.compress.archivers.zip.ZipArchiveEntry.getParseableExtraFieldsNoCopy: function is private and therefore inaccessible for tests
src/main/java/org/apache/commons/compress/archivers/zip/ZipArchiveEntry.java: org.apache.commons.compress.archivers.zip.ZipArchiveEntry.getParseableExtraFields: function is private and therefore inaccessible for tests
src/main/java/org/apache/commons/compress/archivers/zip/ZipArchiveEntry.java: org.apache.commons.compress.archivers.zip.ZipArchiveEntry.getAllExtraFieldsNoCopy: function is private and therefore inaccessible for tests
src/main/java/org/apache/commons/compress/archivers/zip/ZipArchiveEntry.java: org.apache.commons.compress.archivers.zip.ZipArchiveEntry.copyOf: function is private and therefore inaccessible for tests
src/main/java/org/apache/commons/compress/archivers/zip/ZipArchiveEntry.java: org.apache.commons.compress.archivers.zip.ZipArchiveEntry.copyOf: function is private and therefore inaccessible for tests
src/main/java/org/apache/commons/compress/archivers/zip/ZipArchiveEntry.java: org.apache.commons.compress.archivers.zip.ZipArchiveEntry.getMergedFields: function is private and therefore inaccessible for tests
src/main/java/org/apache/commons/compress/archivers/zip/ZipArchiveEntry.java: org.apache.commons.compress.archivers.zip.ZipArchiveEntry.getUnparseableOnly: function is private and therefore inaccessible for tests
src/main/java/org/apache/commons/compress/archivers/zip/ZipArchiveEntry.java: org.apache.commons.compress.archivers.zip.ZipArchiveEntry.getAllExtraFields: function is private and therefore inaccessible for tests
src/main/java/org/apache/commons/compress/archivers/zip/ZipArchiveEntry.java: org.apache.commons.compress.archivers.zip.ZipArchiveEntry.mergeExtraFields: function is private and therefore inaccessible for tests
src/main/java/org/apache/commons/compress/archivers/zip/ZipArchiveEntryRequest.java: org.apache.commons.compress.archivers.zip.ZipArchiveEntryRequest.ZipArchiveEntryRequest: function is private and therefore inaccessible for tests
src/main/java/org/apache/commons/compress/archivers/zip/ZipArchiveInputStream.java: org.apache.commons.compress.archivers.zip.ZipArchiveInputStream.readFirstLocalFileHeader: function is private and therefore inaccessible for tests
src/main/java/org/apache/commons/compress/archivers/zip/ZipArchiveInputStream.java: org.apache.commons.compress.archivers.zip.ZipArchiveInputStream.processZip64Extra: function is private and therefore inaccessible for tests
src/main/java/org/apache/commons/compress/archivers/zip/ZipArchiveInputStream.java: org.apache.commons.compress.archivers.zip.ZipArchiveInputStream.readStored: function is private and therefore inaccessible for tests
src/main/java/org/apache/commons/compress/archivers/zip/ZipArchiveInputStream.java: org.apache.commons.compress.archivers.zip.ZipArchiveInputStream.readDeflated: function is private and therefore inaccessible for tests
src/main/java/org/apache/commons/compress/archivers/zip/ZipArchiveInputStream.java: org.apache.commons.compress.archivers.zip.ZipArchiveInputStream.readFromInflater: function is private and therefore inaccessible for tests
src/main/java/org/apache/commons/compress/archivers/zip/ZipArchiveInputStream.java: org.apache.commons.compress.archivers.zip.ZipArchiveInputStream.checksig: function is private and therefore inaccessible for tests
src/main/java/org/apache/commons/compress/archivers/zip/ZipArchiveInputStream.java: org.apache.commons.compress.archivers.zip.ZipArchiveInputStream.closeEntry: function is private and therefore inaccessible for tests
src/main/java/org/apache/commons/compress/archivers/zip/ZipArchiveInputStream.java: org.apache.commons.compress.archivers.zip.ZipArchiveInputStream.drainCurrentEntryData: function is private and therefore inaccessible for tests
src/main/java/org/apache/commons/compress/archivers/zip/ZipArchiveInputStream.java: org.apache.commons.compress.archivers.zip.ZipArchiveInputStream.getBytesInflated: function is private and therefore inaccessible for tests
src/main/java/org/apache/commons/compress/archivers/zip/ZipArchiveInputStream.java: org.apache.commons.compress.archivers.zip.ZipArchiveInputStream.fill: function is private and therefore inaccessible for tests
src/main/java/org/apache/commons/compress/archivers/zip/ZipArchiveInputStream.java: org.apache.commons.compress.archivers.zip.ZipArchiveInputStream.readFully: function is private and therefore inaccessible for tests
src/main/java/org/apache/commons/compress/archivers/zip/ZipArchiveInputStream.java: org.apache.commons.compress.archivers.zip.ZipArchiveInputStream.readDataDescriptor: function is private and therefore inaccessible for tests
src/main/java/org/apache/commons/compress/archivers/zip/ZipArchiveInputStream.java: org.apache.commons.compress.archivers.zip.ZipArchiveInputStream.supportsDataDescriptorFor: function is private and therefore inaccessible for tests
src/main/java/org/apache/commons/compress/archivers/zip/ZipArchiveInputStream.java: org.apache.commons.compress.archivers.zip.ZipArchiveInputStream.readStoredEntry: function is private and therefore inaccessible for tests
src/main/java/org/apache/commons/compress/archivers/zip/ZipArchiveInputStream.java: org.apache.commons.compress.archivers.zip.ZipArchiveInputStream.bufferContainsSignature: function is private and therefore inaccessible for tests
src/main/java/org/apache/commons/compress/archivers/zip/ZipArchiveInputStream.java: org.apache.commons.compress.archivers.zip.ZipArchiveInputStream.cacheBytesRead: function is private and therefore inaccessible for tests
src/main/java/org/apache/commons/compress/archivers/zip/ZipArchiveInputStream.java: org.apache.commons.compress.archivers.zip.ZipArchiveInputStream.pushback: function is private and therefore inaccessible for tests
src/main/java/org/apache/commons/compress/archivers/zip/ZipArchiveInputStream.java: org.apache.commons.compress.archivers.zip.ZipArchiveInputStream.skipRemainderOfArchive: function is private and therefore inaccessible for tests
src/main/java/org/apache/commons/compress/archivers/zip/ZipArchiveInputStream.java: org.apache.commons.compress.archivers.zip.ZipArchiveInputStream.findEocdRecord: function is private and therefore inaccessible for tests
src/main/java/org/apache/commons/compress/archivers/zip/ZipArchiveInputStream.java: org.apache.commons.compress.archivers.zip.ZipArchiveInputStream.realSkip: function is private and therefore inaccessible for tests
src/main/java/org/apache/commons/compress/archivers/zip/ZipArchiveInputStream.java: org.apache.commons.compress.archivers.zip.ZipArchiveInputStream.readOneByte: function is private and therefore inaccessible for tests
src/main/java/org/apache/commons/compress/archivers/zip/ZipArchiveInputStream.java: org.apache.commons.compress.archivers.zip.ZipArchiveInputStream.isFirstByteOfEocdSig: function is private and therefore inaccessible for tests
src/main/java/org/apache/commons/compress/archivers/zip/ZipArchiveInputStream.java: org.apache.commons.compress.archivers.zip.ZipArchiveInputStream.BoundedInputStream.BoundedInputStream: function is private and therefore inaccessible for tests
src/main/java/org/apache/commons/compress/archivers/zip/ZipArchiveInputStream.java: org.apache.commons.compress.archivers.zip.ZipArchiveInputStream.BoundedInputStream.read: function is private and therefore inaccessible for tests
src/main/java/org/apache/commons/compress/archivers/zip/ZipArchiveInputStream.java: org.apache.commons.compress.archivers.zip.ZipArchiveInputStream.BoundedInputStream.read: function is private and therefore inaccessible for tests
src/main/java/org/apache/commons/compress/archivers/zip/ZipArchiveInputStream.java: org.apache.commons.compress.archivers.zip.ZipArchiveInputStream.BoundedInputStream.read: function is private and therefore inaccessible for tests
src/main/java/org/apache/commons/compress/archivers/zip/ZipArchiveInputStream.java: org.apache.commons.compress.archivers.zip.ZipArchiveInputStream.BoundedInputStream.skip: function is private and therefore inaccessible for tests
src/main/java/org/apache/commons/compress/archivers/zip/ZipArchiveInputStream.java: org.apache.commons.compress.archivers.zip.ZipArchiveInputStream.BoundedInputStream.available: function is private and therefore inaccessible for tests
src/main/java/org/apache/commons/compress/archivers/zip/ZipArchiveOutputStream.java: org.apache.commons.compress.archivers.zip.ZipArchiveOutputStream.writeCentralDirectoryInChunks: function is private and therefore inaccessible for tests
src/main/java/org/apache/commons/compress/archivers/zip/ZipArchiveOutputStream.java: org.apache.commons.compress.archivers.zip.ZipArchiveOutputStream.closeCopiedEntry: function is private and therefore inaccessible for tests
src/main/java/org/apache/commons/compress/archivers/zip/ZipArchiveOutputStream.java: org.apache.commons.compress.archivers.zip.ZipArchiveOutputStream.closeEntry: function is private and therefore inaccessible for tests
src/main/java/org/apache/commons/compress/archivers/zip/ZipArchiveOutputStream.java: org.apache.commons.compress.archivers.zip.ZipArchiveOutputStream.preClose: function is private and therefore inaccessible for tests
src/main/java/org/apache/commons/compress/archivers/zip/ZipArchiveOutputStream.java: org.apache.commons.compress.archivers.zip.ZipArchiveOutputStream.flushDeflater: function is private and therefore inaccessible for tests
src/main/java/org/apache/commons/compress/archivers/zip/ZipArchiveOutputStream.java: org.apache.commons.compress.archivers.zip.ZipArchiveOutputStream.handleSizesAndCrc: function is private and therefore inaccessible for tests
src/main/java/org/apache/commons/compress/archivers/zip/ZipArchiveOutputStream.java: org.apache.commons.compress.archivers.zip.ZipArchiveOutputStream.checkIfNeedsZip64: function is private and therefore inaccessible for tests
src/main/java/org/apache/commons/compress/archivers/zip/ZipArchiveOutputStream.java: org.apache.commons.compress.archivers.zip.ZipArchiveOutputStream.isZip64Required: function is private and therefore inaccessible for tests
src/main/java/org/apache/commons/compress/archivers/zip/ZipArchiveOutputStream.java: org.apache.commons.compress.archivers.zip.ZipArchiveOutputStream.isTooLageForZip32: function is private and therefore inaccessible for tests
src/main/java/org/apache/commons/compress/archivers/zip/ZipArchiveOutputStream.java: org.apache.commons.compress.archivers.zip.ZipArchiveOutputStream.rewriteSizesAndCrc: function is private and therefore inaccessible for tests
src/main/java/org/apache/commons/compress/archivers/zip/ZipArchiveOutputStream.java: org.apache.commons.compress.archivers.zip.ZipArchiveOutputStream.putArchiveEntry: function is private and therefore inaccessible for tests
src/main/java/org/apache/commons/compress/archivers/zip/ZipArchiveOutputStream.java: org.apache.commons.compress.archivers.zip.ZipArchiveOutputStream.setDefaults: function is private and therefore inaccessible for tests
src/main/java/org/apache/commons/compress/archivers/zip/ZipArchiveOutputStream.java: org.apache.commons.compress.archivers.zip.ZipArchiveOutputStream.validateSizeInformation: function is private and therefore inaccessible for tests
src/main/java/org/apache/commons/compress/archivers/zip/ZipArchiveOutputStream.java: org.apache.commons.compress.archivers.zip.ZipArchiveOutputStream.shouldAddZip64Extra: function is private and therefore inaccessible for tests
src/main/java/org/apache/commons/compress/archivers/zip/ZipArchiveOutputStream.java: org.apache.commons.compress.archivers.zip.ZipArchiveOutputStream.writeCounted: function is private and therefore inaccessible for tests
src/main/java/org/apache/commons/compress/archivers/zip/ZipArchiveOutputStream.java: org.apache.commons.compress.archivers.zip.ZipArchiveOutputStream.copyFromZipInputStream: function is private and therefore inaccessible for tests
src/main/java/org/apache/commons/compress/archivers/zip/ZipArchiveOutputStream.java: org.apache.commons.compress.archivers.zip.ZipArchiveOutputStream.writeLocalFileHeader: function is private and therefore inaccessible for tests
src/main/java/org/apache/commons/compress/archivers/zip/ZipArchiveOutputStream.java: org.apache.commons.compress.archivers.zip.ZipArchiveOutputStream.createLocalFileHeader: function is private and therefore inaccessible for tests
src/main/java/org/apache/commons/compress/archivers/zip/ZipArchiveOutputStream.java: org.apache.commons.compress.archivers.zip.ZipArchiveOutputStream.addUnicodeExtraFields: function is private and therefore inaccessible for tests
src/main/java/org/apache/commons/compress/archivers/zip/ZipArchiveOutputStream.java: org.apache.commons.compress.archivers.zip.ZipArchiveOutputStream.createCentralFileHeader: function is private and therefore inaccessible for tests
src/main/java/org/apache/commons/compress/archivers/zip/ZipArchiveOutputStream.java: org.apache.commons.compress.archivers.zip.ZipArchiveOutputStream.createCentralFileHeader: function is private and therefore inaccessible for tests
src/main/java/org/apache/commons/compress/archivers/zip/ZipArchiveOutputStream.java: org.apache.commons.compress.archivers.zip.ZipArchiveOutputStream.handleZip64Extra: function is private and therefore inaccessible for tests
src/main/java/org/apache/commons/compress/archivers/zip/ZipArchiveOutputStream.java: org.apache.commons.compress.archivers.zip.ZipArchiveOutputStream.getGeneralPurposeBits: function is private and therefore inaccessible for tests
src/main/java/org/apache/commons/compress/archivers/zip/ZipArchiveOutputStream.java: org.apache.commons.compress.archivers.zip.ZipArchiveOutputStream.versionNeededToExtract: function is private and therefore inaccessible for tests
src/main/java/org/apache/commons/compress/archivers/zip/ZipArchiveOutputStream.java: org.apache.commons.compress.archivers.zip.ZipArchiveOutputStream.isDeflatedToOutputStream: function is private and therefore inaccessible for tests
src/main/java/org/apache/commons/compress/archivers/zip/ZipArchiveOutputStream.java: org.apache.commons.compress.archivers.zip.ZipArchiveOutputStream.getZip64Extra: function is private and therefore inaccessible for tests
src/main/java/org/apache/commons/compress/archivers/zip/ZipArchiveOutputStream.java: org.apache.commons.compress.archivers.zip.ZipArchiveOutputStream.hasZip64Extra: function is private and therefore inaccessible for tests
src/main/java/org/apache/commons/compress/archivers/zip/ZipArchiveOutputStream.java: org.apache.commons.compress.archivers.zip.ZipArchiveOutputStream.getEffectiveZip64Mode: function is private and therefore inaccessible for tests
src/main/java/org/apache/commons/compress/archivers/zip/ZipArchiveOutputStream.java: org.apache.commons.compress.archivers.zip.ZipArchiveOutputStream.getEntryEncoding: function is private and therefore inaccessible for tests
src/main/java/org/apache/commons/compress/archivers/zip/ZipArchiveOutputStream.java: org.apache.commons.compress.archivers.zip.ZipArchiveOutputStream.getName: function is private and therefore inaccessible for tests
src/main/java/org/apache/commons/compress/archivers/zip/ZipArchiveOutputStream.java: org.apache.commons.compress.archivers.zip.ZipArchiveOutputStream.UnicodeExtraFieldPolicy.UnicodeExtraFieldPolicy: function is private and therefore inaccessible for tests
src/main/java/org/apache/commons/compress/archivers/zip/ZipArchiveOutputStream.java: org.apache.commons.compress.archivers.zip.ZipArchiveOutputStream.CurrentEntry.CurrentEntry: function is private and therefore inaccessible for tests
src/main/java/org/apache/commons/compress/archivers/zip/ZipConstants.java: org.apache.commons.compress.archivers.zip.ZipConstants.ZipConstants: function is private and therefore inaccessible for tests
src/main/java/org/apache/commons/compress/archivers/zip/ZipEncodingHelper.java: org.apache.commons.compress.archivers.zip.ZipEncodingHelper.SimpleEncodingHolder.SimpleEncodingHolder: function is private and therefore inaccessible for tests
src/main/java/org/apache/commons/compress/archivers/zip/ZipEncodingHelper.java: org.apache.commons.compress.archivers.zip.ZipEncodingHelper.SimpleEncodingHolder.getEncoding: function is private and therefore inaccessible for tests
src/main/java/org/apache/commons/compress/archivers/zip/ZipFile.java: org.apache.commons.compress.archivers.zip.ZipFile.getRawInputStream: function is private and therefore inaccessible for tests
src/main/java/org/apache/commons/compress/archivers/zip/ZipFile.java: org.apache.commons.compress.archivers.zip.ZipFile.populateFromCentralDirectory: function is private and therefore inaccessible for tests
src/main/java/org/apache/commons/compress/archivers/zip/ZipFile.java: org.apache.commons.compress.archivers.zip.ZipFile.readCentralDirectoryEntry: function is private and therefore inaccessible for tests
src/main/java/org/apache/commons/compress/archivers/zip/ZipFile.java: org.apache.commons.compress.archivers.zip.ZipFile.setSizesAndOffsetFromZip64Extra: function is private and therefore inaccessible for tests
src/main/java/org/apache/commons/compress/archivers/zip/ZipFile.java: org.apache.commons.compress.archivers.zip.ZipFile.positionAtCentralDirectory: function is private and therefore inaccessible for tests
src/main/java/org/apache/commons/compress/archivers/zip/ZipFile.java: org.apache.commons.compress.archivers.zip.ZipFile.positionAtCentralDirectory64: function is private and therefore inaccessible for tests
src/main/java/org/apache/commons/compress/archivers/zip/ZipFile.java: org.apache.commons.compress.archivers.zip.ZipFile.positionAtCentralDirectory32: function is private and therefore inaccessible for tests
src/main/java/org/apache/commons/compress/archivers/zip/ZipFile.java: org.apache.commons.compress.archivers.zip.ZipFile.positionAtEndOfCentralDirectoryRecord: function is private and therefore inaccessible for tests
src/main/java/org/apache/commons/compress/archivers/zip/ZipFile.java: org.apache.commons.compress.archivers.zip.ZipFile.tryToLocateSignature: function is private and therefore inaccessible for tests
src/main/java/org/apache/commons/compress/archivers/zip/ZipFile.java: org.apache.commons.compress.archivers.zip.ZipFile.skipBytes: function is private and therefore inaccessible for tests
src/main/java/org/apache/commons/compress/archivers/zip/ZipFile.java: org.apache.commons.compress.archivers.zip.ZipFile.resolveLocalFileHeaderData: function is private and therefore inaccessible for tests
src/main/java/org/apache/commons/compress/archivers/zip/ZipFile.java: org.apache.commons.compress.archivers.zip.ZipFile.startsWithLocalFileHeader: function is private and therefore inaccessible for tests
src/main/java/org/apache/commons/compress/archivers/zip/ZipFile.java: org.apache.commons.compress.archivers.zip.ZipFile.BoundedInputStream.BoundedInputStream: function is private and therefore inaccessible for tests
src/main/java/org/apache/commons/compress/archivers/zip/ZipFile.java: org.apache.commons.compress.archivers.zip.ZipFile.BoundedInputStream.read: function is private and therefore inaccessible for tests
src/main/java/org/apache/commons/compress/archivers/zip/ZipFile.java: org.apache.commons.compress.archivers.zip.ZipFile.BoundedInputStream.read: function is private and therefore inaccessible for tests
src/main/java/org/apache/commons/compress/archivers/zip/ZipFile.java: org.apache.commons.compress.archivers.zip.ZipFile.BoundedInputStream.addDummy: function is private and therefore inaccessible for tests
src/main/java/org/apache/commons/compress/archivers/zip/ZipFile.java: org.apache.commons.compress.archivers.zip.ZipFile.NameAndComment.NameAndComment: function is private and therefore inaccessible for tests
src/main/java/org/apache/commons/compress/archivers/zip/ZipFile.java: org.apache.commons.compress.archivers.zip.ZipFile.Entry.Entry: function is private and therefore inaccessible for tests
src/main/java/org/apache/commons/compress/archivers/zip/ZipFile.java: org.apache.commons.compress.archivers.zip.ZipFile.Entry.getOffsetEntry: function is private and therefore inaccessible for tests
src/main/java/org/apache/commons/compress/archivers/zip/ZipFile.java: org.apache.commons.compress.archivers.zip.ZipFile.Entry.hashCode: function is private and therefore inaccessible for tests
src/main/java/org/apache/commons/compress/archivers/zip/ZipFile.java: org.apache.commons.compress.archivers.zip.ZipFile.Entry.equals: function is private and therefore inaccessible for tests
src/main/java/org/apache/commons/compress/archivers/zip/ZipMethod.java: org.apache.commons.compress.archivers.zip.@@ZipMethod.@@ZipMethod: function is private and therefore inaccessible for tests
src/main/java/org/apache/commons/compress/archivers/zip/ZipMethod.java: org.apache.commons.compress.archivers.zip.@@ZipMethod.@@ZipMethod: function is private and therefore inaccessible for tests
src/main/java/org/apache/commons/compress/archivers/zip/ZipUtil.java: org.apache.commons.compress.archivers.zip.ZipUtil.getUnicodeStringIfOriginalMatches: function is private and therefore inaccessible for tests
src/main/java/org/apache/commons/compress/archivers/zip/ZipUtil.java: org.apache.commons.compress.archivers.zip.ZipUtil.supportsEncryptionOf: function is private and therefore inaccessible for tests
src/main/java/org/apache/commons/compress/archivers/zip/ZipUtil.java: org.apache.commons.compress.archivers.zip.ZipUtil.supportsMethodOf: function is private and therefore inaccessible for tests
src/main/java/org/apache/commons/compress/archivers/sevenz/AES256SHA256Decoder.java: org.apache.commons.compress.archivers.sevenz.AES256SHA256Decoder.@@localInputStream0.init: function is private and therefore inaccessible for tests
src/main/java/org/apache/commons/compress/archivers/ArchiveEntry.java: error: unknown import
	data: java/util/Date
src/main/java/org/apache/commons/compress/archivers/ArchiveException.java: error: unknown function
	data: [pointer(reference(org/apache/commons/compress/archivers/ArchiveException)) org/apache/commons/compress/archivers/ArchiveException//initCause [] [cause]]
src/main/java/org/apache/commons/compress/archivers/ArchiveInputStream.java: error: unknown type
	data: Deprecated
src/main/java/org/apache/commons/compress/archivers/ArchiveOutputStream.java: error: unknown import
	data: java/io/File
src/main/java/org/apache/commons/compress/archivers/ArchiveOutputStream.java: error: unknown type
	data: Deprecated
src/main/java/org/apache/commons/compress/archivers/ArchiveStreamFactory.java: error: unknown import
	data: org/apache/commons/compress/utils/IOUtils
src/main/java/org/apache/commons/compress/archivers/ArchiveStreamFactory.java: error: unknown type
	data: Deprecated
src/main/java/org/apache/commons/compress/archivers/ArchiveStreamFactory.java: error: unknown import
	data: java/io/ByteArrayInputStream
src/main/java/org/apache/commons/compress/archivers/Lister.java: error: unknown import
	data: java/io/BufferedInputStream
src/main/java/org/apache/commons/compress/archivers/Lister.java: error: unknown import
	data: java/io/File
src/main/java/org/apache/commons/compress/archivers/ar/ArArchiveEntry.java: error: unknown function
	data: [pointer(reference(java/lang/Object)) java/lang/Object//getClass [] []]
src/main/java/org/apache/commons/compress/archivers/ar/ArArchiveEntry.java: error: unknown import
	data: java/io/File
src/main/java/org/apache/commons/compress/archivers/ar/ArArchiveEntry.java: error: unknown import
	data: java/util/Date
src/main/java/org/apache/commons/compress/archivers/ar/ArArchiveEntry.java: error: unknown function
	data: [struct(java/lang/System, [], [pointer(reference(java/lang/Object))], []) java/lang/System//currentTimeMillis [] []]
src/main/java/org/apache/commons/compress/archivers/ar/ArArchiveEntry.java: error: not a boolean type
	data: unsupported
src/main/java/org/apache/commons/compress/archivers/ar/ArArchiveEntry.java: error: unknown function
	data: [<nil> getClass [] []]
src/main/java/org/apache/commons/compress/archivers/ar/ArArchiveInputStream.java: error: unknown import
	data: org/apache/commons/compress/utils/ArchiveUtils
src/main/java/org/apache/commons/compress/archivers/ar/ArArchiveInputStream.java: error: unknown import
	data: org/apache/commons/compress/utils/IOUtils
src/main/java/org/apache/commons/compress/archivers/ar/ArArchiveInputStream.java: error: unknown import
	data: java/io/EOFException
src/main/java/org/apache/commons/compress/archivers/ar/ArArchiveOutputStream.java: error: unknown import
	data: java/io/File
src/main/java/org/apache/commons/compress/archivers/ar/ArArchiveOutputStream.java: error: unknown import
	data: org/apache/commons/compress/utils/ArchiveUtils
src/main/java/org/apache/commons/compress/archivers/ar/ArArchiveOutputStream.java: error: unknown function
	data: [pointer(reference(java/lang/String)) java/lang/String//getBytes [] ["ascii"]]
src/main/java/org/apache/commons/compress/archivers/ar/ArArchiveOutputStream.java: error: unknown function
	data: [pointer(reference(java/lang/String)) java/lang/String//contains [] [" "]]
src/main/java/org/apache/commons/compress/archivers/arj/ArjArchiveEntry.java: error: unknown import
	data: java/io/File
src/main/java/org/apache/commons/compress/archivers/arj/ArjArchiveEntry.java: error: unknown import
	data: java/util/Date
src/main/java/org/apache/commons/compress/archivers/arj/ArjArchiveEntry.java: error: unknown import
	data: java/util/regex/Matcher
src/main/java/org/apache/commons/compress/archivers/arj/ArjArchiveInputStream.java: error: unknown import
	data: org/apache/commons/compress/utils/BoundedInputStream
src/main/java/org/apache/commons/compress/archivers/arj/ArjArchiveInputStream.java: error: unknown import
	data: org/apache/commons/compress/utils/CRC32VerifyingInputStream
src/main/java/org/apache/commons/compress/archivers/arj/ArjArchiveInputStream.java: error: unknown import
	data: org/apache/commons/compress/utils/IOUtils
src/main/java/org/apache/commons/compress/archivers/arj/ArjArchiveInputStream.java: error: unknown function
	data: [pointer(genericInstance(reference(java/util/ArrayList), [array(primitive(int, 8, false), primitive(int, 32, false), 0)])) java/util/ArrayList<array(primitive(int, 32, false), primitive(int, 8, false))>//toArray [] [call(function(<nil>, , [variable(@@sfl_n0, primitive(int, 32, false))], [variable(, array(array(primitive(int, 8, false), primitive(int, 32, false), 0), primitive(int, 32, false), 0))], block([declaration([@@sfl_out], [array(array(primitive(int, 8, false), primitive(int, 32, false), 0), primitive(int, 32, false), 0)], [nil], ModifierNone), =(@@sfl_out, make(array(array(primitive(int, 8, false), primitive(int, 32, false), 0), primitive(int, 32, false), 0), @@sfl_n0)), declaration([@@sfl_i0], [primitive(int, 32, false)], [0], ModifierNone), loop(<(@@sfl_i0, @@sfl_n0), block([=(index(@@sfl_out, @@sfl_i0), nil)]), =(@@sfl_i0, +(@@sfl_i0, 1)), %!s(<nil>)), return([@@sfl_out])])), [call(select(ensure_not_nil(extendedHeaders), size!d41d8cd98f00b204e9800998ecf8427e), [])])]]
src/main/java/org/apache/commons/compress/archivers/arj/ArjArchiveInputStream.java: error: unknown import
	data: java/io/ByteArrayInputStream
src/main/java/org/apache/commons/compress/archivers/arj/ArjArchiveInputStream.java: error: unknown import
	data: java/io/ByteArrayOutputStream
src/main/java/org/apache/commons/compress/archivers/arj/ArjArchiveInputStream.java: error: unknown import
	data: java/io/DataInputStream
src/main/java/org/apache/commons/compress/archivers/arj/ArjArchiveInputStream.java: error: unknown import
	data: java/util/zip/CRC32
src/main/java/org/apache/commons/compress/archivers/arj/LocalFileHeader.java: error: unknown import
	data: java/util/Arrays
src/main/java/org/apache/commons/compress/archivers/arj/MainHeader.java: error: unknown import
	data: java/util/Arrays
src/main/java/org/apache/commons/compress/archivers/cpio/CpioArchiveEntry.java: error: unknown import
	data: java/io/File
src/main/java/org/apache/commons/compress/archivers/cpio/CpioArchiveEntry.java: error: unknown import
	data: java/util/Date
src/main/java/org/apache/commons/compress/archivers/cpio/CpioArchiveEntry.java: error: not a boolean type
	data: unsupported
src/main/java/org/apache/commons/compress/archivers/cpio/CpioArchiveEntry.java: error: unknown function
	data: [<nil> getClass [] []]
src/main/java/org/apache/commons/compress/archivers/cpio/CpioArchiveEntry.java: error: unknown function
	data: [pointer(reference(java/lang/Object)) java/lang/Object//getClass [] []]
src/main/java/org/apache/commons/compress/archivers/cpio/CpioArchiveInputStream.java: error: unknown import
	data: org/apache/commons/compress/utils/CharsetNames
src/main/java/org/apache/commons/compress/archivers/cpio/CpioArchiveInputStream.java: error: unknown import
	data: org/apache/commons/compress/utils/IOUtils
src/main/java/org/apache/commons/compress/archivers/cpio/CpioArchiveInputStream.java: error: unknown function
	data: [struct(java/lang/System, [], [pointer(reference(java/lang/Object))], []) java/lang/System//arraycopy [] [select(this, TWO_BYTES_BUF) 0 select(this, SIX_BYTES_BUF) 0 len(ensure_not_nil(select(this, TWO_BYTES_BUF)))]]
src/main/java/org/apache/commons/compress/archivers/cpio/CpioArchiveInputStream.java: error: unknown import
	data: java/io/EOFException
src/main/java/org/apache/commons/compress/archivers/cpio/CpioArchiveInputStream.java: error: unknown import
	data: org/apache/commons/compress/utils/ArchiveUtils
src/main/java/org/apache/commons/compress/archivers/cpio/CpioArchiveOutputStream.java: error: unknown import
	data: java/nio/ByteBuffer
src/main/java/org/apache/commons/compress/archivers/cpio/CpioArchiveOutputStream.java: error: unknown import
	data: java/util/HashMap
src/main/java/org/apache/commons/compress/archivers/cpio/CpioArchiveOutputStream.java: error: unknown import
	data: org/apache/commons/compress/utils/ArchiveUtils
src/main/java/org/apache/commons/compress/archivers/cpio/CpioArchiveOutputStream.java: error: unknown function
	data: [struct(java/lang/System, [], [pointer(reference(java/lang/Object))], []) java/lang/System//currentTimeMillis [] []]
src/main/java/org/apache/commons/compress/archivers/cpio/CpioArchiveOutputStream.java: error: unknown import
	data: java/io/File
src/main/java/org/apache/commons/compress/archivers/cpio/CpioArchiveOutputStream.java: error: unknown import
	data: org/apache/commons/compress/utils/CharsetNames
src/main/java/org/apache/commons/compress/archivers/cpio/CpioArchiveOutputStream.java: unsupported: unsupported AST node
	data: genericInstance(unsupported(java/util/HashMap), [pointer(reference(java/lang/String)), pointer(reference(org/apache/commons/compress/archivers/cpio/CpioArchiveEntry))])
src/main/java/org/apache/commons/compress/archivers/cpio/CpioArchiveOutputStream.java: error: unknown function
	data: [pointer(reference(java/lang/StringBuilder)) java/lang/StringBuilder//insert [] [0 "0"]]
src/main/java/org/apache/commons/compress/archivers/cpio/CpioArchiveOutputStream.java: error: unknown function
	data: [pointer(reference(java/lang/StringBuilder)) java/lang/StringBuilder//substring [] [-(call(select(ensure_not_nil(tmp), length!d41d8cd98f00b204e9800998ecf8427e), []), length)]]
src/main/java/org/apache/commons/compress/archivers/cpio/CpioUtil.java: error: unknown function
	data: [struct(java/lang/System, [], [pointer(reference(java/lang/Object))], []) java/lang/System//arraycopy [] [number 0 tmp_number 0 len(ensure_not_nil(number))]]
src/main/java/org/apache/commons/compress/archivers/dump/DumpArchiveEntry.java: error: unknown function
	data: [struct(java/lang/System, [], [pointer(reference(java/lang/Object))], []) java/lang/System//arraycopy [] [buffer 164 select(select(this, header), cdata) 0 512]]
src/main/java/org/apache/commons/compress/archivers/dump/DumpArchiveEntry.java: error: unknown import
	data: java/util/Collections
src/main/java/org/apache/commons/compress/archivers/dump/DumpArchiveEntry.java: error: unknown import
	data: java/util/Date
src/main/java/org/apache/commons/compress/archivers/dump/DumpArchiveEntry.java: error: unknown import
	data: java/util/EnumSet
src/main/java/org/apache/commons/compress/archivers/dump/DumpArchiveEntry.java: error: unknown import
	data: java/util/HashSet
src/main/java/org/apache/commons/compress/archivers/dump/DumpArchiveEntry.java: error: unknown import
	data: java/util/Set
src/main/java/org/apache/commons/compress/archivers/dump/DumpArchiveEntry.java: unsupported: unsupported AST node
	data: genericInstance(unsupported(java/util/Set), [pointer(reference(org/apache/commons/compress/archivers/dump/DumpArchiveEntry//PERMISSION))])
src/main/java/org/apache/commons/compress/archivers/dump/DumpArchiveEntry.java: error: unknown function
	data: [<nil> getClass [] []]
src/main/java/org/apache/commons/compress/archivers/dump/DumpArchiveEntry.java: error: unknown function
	data: [pointer(reference(java/lang/Object)) java/lang/Object//getClass [] []]
src/main/java/org/apache/commons/compress/archivers/dump/DumpArchiveEntry.java: error: unknown function
	data: [struct(java/lang/System, [], [pointer(reference(java/lang/Object))], []) java/lang/System//arraycopy [] [buffer 164 select(header, cdata) 0 512]]
src/main/java/org/apache/commons/compress/archivers/dump/DumpArchiveException.java: error: unknown function
	data: [<nil> initCause [] [cause]]
src/main/java/org/apache/commons/compress/archivers/dump/DumpArchiveException.java: error: unknown function
	data: [<nil> initCause [] [cause]]
src/main/java/org/apache/commons/compress/archivers/dump/DumpArchiveInputStream.java: error: unknown import
	data: java/util/Stack
src/main/java/org/apache/commons/compress/archivers/dump/DumpArchiveInputStream.java: error: unknown type
	data: Deprecated
src/main/java/org/apache/commons/compress/archivers/dump/DumpArchiveInputStream.java: unsupported: unsupported AST node
	data: genericInstance(unsupported(java/util/Queue), [pointer(reference(org/apache/commons/compress/archivers/dump/DumpArchiveEntry))])
src/main/java/org/apache/commons/compress/archivers/dump/DumpArchiveInputStream.java: unsupported: unsupported AST node
	data: genericInstance(unsupported(java/util/Stack), [pointer(reference(java/lang/String))])
src/main/java/org/apache/commons/compress/archivers/dump/DumpArchiveInputStream.java: error: unknown import
	data: java/io/EOFException
src/main/java/org/apache/commons/compress/archivers/dump/DumpArchiveInputStream.java: error: unknown import
	data: java/util/Arrays
src/main/java/org/apache/commons/compress/archivers/dump/DumpArchiveInputStream.java: error: unknown function
	data: [genericInstance(reference(java/util/Map), [pointer(reference(java/lang/Integer)), pointer(reference(org/apache/commons/compress/archivers/dump/DumpArchiveEntry))]) java/util/Map<java/lang/Integer,org/apache/commons/compress/archivers/dump/DumpArchiveEntry>//entrySet [] []]
src/main/java/org/apache/commons/compress/archivers/dump/DumpArchiveInputStream.java: error: an unsupported collection type has been used for this operation
	data: genericInstance(unsupported(java/util/Queue), [pointer(reference(org/apache/commons/compress/archivers/dump/DumpArchiveEntry))])
src/main/java/org/apache/commons/compress/archivers/dump/DumpArchiveInputStream.java: error: unknown function
	data: [struct(java/lang/System, [], [pointer(reference(java/lang/Object))], []) java/lang/System//arraycopy [] [select(this, readBuf) select(this, recordOffset) buf off sz]]
src/main/java/org/apache/commons/compress/archivers/dump/DumpArchiveInputStream.java: error: unknown import
	data: java/util/HashMap
src/main/java/org/apache/commons/compress/archivers/dump/DumpArchiveInputStream.java: error: unknown import
	data: java/util/PriorityQueue
src/main/java/org/apache/commons/compress/archivers/dump/DumpArchiveInputStream.java: error: unknown import
	data: java/util/Queue
src/main/java/org/apache/commons/compress/archivers/dump/DumpArchiveSummary.java: error: unknown import
	data: java/util/Date
src/main/java/org/apache/commons/compress/archivers/dump/DumpArchiveSummary.java: error: unknown function
	data: [<nil> getClass [] []]
src/main/java/org/apache/commons/compress/archivers/dump/DumpArchiveSummary.java: error: unknown function
	data: [pointer(reference(java/lang/Object)) java/lang/Object//getClass [] []]
src/main/java/org/apache/commons/compress/archivers/dump/DumpArchiveUtil.java: error: unknown function
	data: [struct(java/lang/System, [], [pointer(reference(java/lang/Object))], []) java/lang/System//arraycopy [] [b offset copy 0 len]]
src/main/java/org/apache/commons/compress/archivers/dump/TapeInputStream.java: error: unknown import
	data: java/util/zip/DataFormatException
src/main/java/org/apache/commons/compress/archivers/dump/TapeInputStream.java: error: unknown import
	data: java/util/zip/Inflater
src/main/java/org/apache/commons/compress/archivers/dump/TapeInputStream.java: error: unknown import
	data: org/apache/commons/compress/utils/IOUtils
src/main/java/org/apache/commons/compress/archivers/dump/TapeInputStream.java: error: unknown function
	data: [struct(java/lang/System, [], [pointer(reference(java/lang/Object))], []) java/lang/System//arraycopy [] [oldBuffer 0 select(this, blockBuffer) 0 org/apache/commons/compress/archivers/dump/TapeInputStream//recordSize]]
src/main/java/org/apache/commons/compress/archivers/dump/TapeInputStream.java: error: unknown function
	data: [struct(java/lang/System, [], [pointer(reference(java/lang/Object))], []) java/lang/System//arraycopy [] [select(this, blockBuffer) select(this, readOffset) b off n]]
src/main/java/org/apache/commons/compress/archivers/dump/TapeInputStream.java: error: unknown field
	data: [this struct(org/apache/commons/compress/archivers/dump/TapeInputStream, [], [unsupported(java/io/FilterInputStream)], []) in]
src/main/java/org/apache/commons/compress/archivers/dump/TapeInputStream.java: error: unknown field
	data: [this struct(org/apache/commons/compress/archivers/dump/TapeInputStream, [], [unsupported(java/io/FilterInputStream)], []) in]
src/main/java/org/apache/commons/compress/archivers/dump/TapeInputStream.java: error: unknown field
	data: [System struct(java/lang/System, [], [pointer(reference(java/lang/Object))], []) in]
src/main/java/org/apache/commons/compress/archivers/dump/TapeInputStream.java: error: unknown function
	data: [struct(java/lang/System, [], [pointer(reference(java/lang/Object))], []) java/lang/System//arraycopy [] [select(this, blockBuffer) select(this, readOffset) b 0 len(ensure_not_nil(b))]]
src/main/java/org/apache/commons/compress/archivers/dump/TapeInputStream.java: error: unknown field
	data: [this struct(org/apache/commons/compress/archivers/dump/TapeInputStream, [], [unsupported(java/io/FilterInputStream)], []) in]
src/main/java/org/apache/commons/compress/archivers/dump/TapeInputStream.java: error: unknown field
	data: [this struct(org/apache/commons/compress/archivers/dump/TapeInputStream, [], [unsupported(java/io/FilterInputStream)], []) in]
src/main/java/org/apache/commons/compress/archivers/dump/TapeInputStream.java: error: unknown import
	data: java/io/FilterInputStream
src/main/java/org/apache/commons/compress/archivers/dump/TapeInputStream.java: error: unknown import
	data: java/util/Arrays
src/main/java/org/apache/commons/compress/archivers/jar/JarArchiveEntry.java: error: unknown import
	data: java/util/zip/ZipException
src/main/java/org/apache/commons/compress/archivers/jar/JarArchiveEntry.java: error: unknown type
	data: Deprecated
src/main/java/org/apache/commons/compress/archivers/jar/JarArchiveEntry.java: error: unknown function
	data: [struct(java/lang/System, [], [pointer(reference(java/lang/Object))], []) java/lang/System//arraycopy [] [select(this, certificates) 0 certs 0 len(ensure_not_nil(certs))]]
src/main/java/org/apache/commons/compress/archivers/jar/JarArchiveEntry.java: error: unknown import
	data: java/security/cert/Certificate
src/main/java/org/apache/commons/compress/archivers/jar/JarArchiveEntry.java: error: unknown import
	data: java/util/jar/Attributes
src/main/java/org/apache/commons/compress/archivers/jar/JarArchiveEntry.java: error: unknown import
	data: java/util/jar/JarEntry
src/main/java/org/apache/commons/compress/archivers/jar/JarArchiveEntry.java: error: unknown import
	data: java/util/zip/ZipEntry
src/main/java/org/apache/commons/compress/archivers/sevenz/AES256SHA256Decoder.java: error: unknown import
	data: javax/crypto/spec/SecretKeySpec
src/main/java/org/apache/commons/compress/archivers/sevenz/AES256SHA256Decoder.java: error: unknown function
	data: [struct(java/lang/System, [], [pointer(reference(java/lang/Object))], []) java/lang/System//arraycopy [] [salt 0 aesKeyBytes 0 saltSize]]
src/main/java/org/apache/commons/compress/archivers/sevenz/AES256SHA256Decoder.java: internal error: no supported constructor available
	data: [struct(org/apache/commons/compress/archivers/sevenz/CoderBase, [], [pointer(reference(java/lang/Object))], []) function(variable(this, pointer(reference(java/lang/Object))), java/lang/Object//@@constructor!d41d8cd98f00b204e9800998ecf8427e, [], [variable(, pointer(reference(java/lang/Object)))], block([return([this])]))]
src/main/java/org/apache/commons/compress/archivers/sevenz/AES256SHA256Decoder.java: error: unknown import
	data: javax/crypto/SecretKey
src/main/java/org/apache/commons/compress/archivers/sevenz/AES256SHA256Decoder.java: error: unknown function
	data: [struct(java/lang/System, [], [pointer(reference(java/lang/Object))], []) java/lang/System//arraycopy [] [select(coder, properties) 2 salt 0 saltSize]]
src/main/java/org/apache/commons/compress/archivers/sevenz/AES256SHA256Decoder.java: error: unknown function
	data: [struct(java/lang/System, [], [pointer(reference(java/lang/Object))], []) java/lang/System//arraycopy [] [select(coder, properties) +(2, saltSize) iv 0 ivSize]]
src/main/java/org/apache/commons/compress/archivers/sevenz/AES256SHA256Decoder.java: error: unknown import
	data: java/security/GeneralSecurityException
src/main/java/org/apache/commons/compress/archivers/sevenz/AES256SHA256Decoder.java: error: unknown import
	data: javax/crypto/CipherInputStream
src/main/java/org/apache/commons/compress/archivers/sevenz/AES256SHA256Decoder.java: error: unknown import
	data: org/apache/commons/compress/PasswordRequiredException
src/main/java/org/apache/commons/compress/archivers/sevenz/AES256SHA256Decoder.java: internal error: not all elements have the same type
	data: primitive(int, 64, false) vs primitive(int, 32, false)
src/main/java/org/apache/commons/compress/archivers/sevenz/AES256SHA256Decoder.java: error: unknown import
	data: java/security/NoSuchAlgorithmException
src/main/java/org/apache/commons/compress/archivers/sevenz/AES256SHA256Decoder.java: error: unknown import
	data: javax/crypto/spec/IvParameterSpec
src/main/java/org/apache/commons/compress/archivers/sevenz/AES256SHA256Decoder.java: error: unknown function
	data: [struct(java/lang/System, [], [pointer(reference(java/lang/Object))], []) java/lang/System//arraycopy [] [passwordBytes 0 aesKeyBytes saltSize call(java/lang/Math//min!2ac0ebcb23011db97774191b8c6fdbe3, [len(ensure_not_nil(passwordBytes)), -(len(ensure_not_nil(aesKeyBytes)), saltSize)])]]
src/main/java/org/apache/commons/compress/archivers/sevenz/AES256SHA256Decoder.java: error: unknown function
	data: [pointer(reference(java/io/IOException)) java/io/IOException//initCause [] [noSuchAlgorithmException]]
src/main/java/org/apache/commons/compress/archivers/sevenz/AES256SHA256Decoder.java: error: unknown function
	data: [pointer(reference(java/io/IOException)) java/io/IOException//initCause [] [generalSecurityException]]
src/main/java/org/apache/commons/compress/archivers/sevenz/AES256SHA256Decoder.java: error: unknown import
	data: java/security/MessageDigest
src/main/java/org/apache/commons/compress/archivers/sevenz/AES256SHA256Decoder.java: error: unknown import
	data: javax/crypto/Cipher
src/main/java/org/apache/commons/compress/archivers/sevenz/Archive.java: error: unknown import
	data: java/util/BitSet
src/main/java/org/apache/commons/compress/archivers/sevenz/BoundedRandomAccessFileInputStream.java: error: unknown import
	data: java/io/RandomAccessFile
src/main/java/org/apache/commons/compress/archivers/sevenz/CLI.java: error: unknown function
	data: [pointer(reference(org/apache/commons/compress/archivers/sevenz/CLI//@@Mode)) org/apache/commons/compress/archivers/sevenz/CLI//@@Mode//takeAction [] [archive ae]]
src/main/java/org/apache/commons/compress/archivers/sevenz/CLI.java: error: unknown function
	data: [struct(java/lang/Enum, [], [pointer(reference(java/lang/Object))], []) java/lang/Enum//valueOf [] [unsupported call(select(ensure_not_nil(index(args, 1)), toUpperCase!d41d8cd98f00b204e9800998ecf8427e), [])]]
src/main/java/org/apache/commons/compress/archivers/sevenz/CLI.java: internal error: unknown enumerator
	data: composite(reference(org/apache/commons/compress/archivers/sevenz/CLI//Mode), ["LIST"])
src/main/java/org/apache/commons/compress/archivers/sevenz/CLI.java: unsupported: no supported constructor available
	data: struct(org/apache/commons/compress/archivers/sevenz/CLI//@@Mode, [], [pointer(genericInstance(reference(java/lang/Enum), [pointer(reference(org/apache/commons/compress/archivers/sevenz/CLI//@@Mode))]))], [])
src/main/java/org/apache/commons/compress/archivers/sevenz/CLI.java: error: unknown function
	data: [pointer(reference(org/apache/commons/compress/archivers/sevenz/CLI//@@Mode)) org/apache/commons/compress/archivers/sevenz/CLI//@@Mode//getMessage [] []]
src/main/java/org/apache/commons/compress/archivers/sevenz/CLI.java: unsupported: unsupported node
	data: enum(org/apache/commons/compress/archivers/sevenz/CLI//Mode, {})
src/main/java/org/apache/commons/compress/archivers/sevenz/CLI.java: unsupported: unsupported AST node
	data: &{0xc000871e20 <nil> [] [] 0xc000997580 [0xc00092d280] [0xc0007a78c0 0xc0007a79e0] {None [] [] None}}
src/main/java/org/apache/commons/compress/archivers/sevenz/CLI.java: error: unknown import
	data: java/io/File
src/main/java/org/apache/commons/compress/archivers/sevenz/CLI.java: error: unknown import
	data: java/io/FileOutputStream
src/main/java/org/apache/commons/compress/archivers/sevenz/CoderBase.java: error: unknown function
	data: [pointer(genericInstance(reference(java/lang/Class), [wildcard(, pointer(reference(java/lang/Object)))])) java/lang/Class<descendant of java/lang/Object>//isInstance [] [opts]]
src/main/java/org/apache/commons/compress/archivers/sevenz/Coders.java: error: unknown import
	data: java/io/FilterInputStream
src/main/java/org/apache/commons/compress/archivers/sevenz/Coders.java: error: unknown import
	data: java/util/Arrays
src/main/java/org/apache/commons/compress/archivers/sevenz/Coders.java: error: unknown import
	data: java/util/zip/Inflater
src/main/java/org/apache/commons/compress/archivers/sevenz/Coders.java: error: unknown import
	data: java/util/zip/InflaterInputStream
src/main/java/org/apache/commons/compress/archivers/sevenz/Coders.java: error: unknown import
	data: org/apache/commons/compress/compressors/bzip2/BZip2CompressorInputStream
src/main/java/org/apache/commons/compress/archivers/sevenz/Coders.java: error: unknown import
	data: org/apache/commons/compress/compressors/bzip2/BZip2CompressorOutputStream
src/main/java/org/apache/commons/compress/archivers/sevenz/Coders.java: error: unknown import
	data: org/tukaani/xz/FilterOptions
src/main/java/org/apache/commons/compress/archivers/sevenz/Coders.java: error: unknown import
	data: org/tukaani/xz/FinishableOutputStream
src/main/java/org/apache/commons/compress/archivers/sevenz/Coders.java: error: unknown import
	data: java/io/FilterOutputStream
src/main/java/org/apache/commons/compress/archivers/sevenz/Coders.java: error: unknown import
	data: java/util/HashMap
src/main/java/org/apache/commons/compress/archivers/sevenz/Coders.java: error: unknown import
	data: org/tukaani/xz/ARMOptions
src/main/java/org/apache/commons/compress/archivers/sevenz/Coders.java: error: unknown import
	data: org/tukaani/xz/FinishableWrapperOutputStream
src/main/java/org/apache/commons/compress/archivers/sevenz/Coders.java: error: unknown import
	data: org/tukaani/xz/IA64Options
src/main/java/org/apache/commons/compress/archivers/sevenz/Coders.java: error: unknown import
	data: org/tukaani/xz/LZMAInputStream
src/main/java/org/apache/commons/compress/archivers/sevenz/Coders.java: error: unknown import
	data: org/tukaani/xz/PowerPCOptions
src/main/java/org/apache/commons/compress/archivers/sevenz/Coders.java: error: unknown import
	data: org/tukaani/xz/SPARCOptions
src/main/java/org/apache/commons/compress/archivers/sevenz/Coders.java: error: unknown import
	data: java/util/zip/Deflater
src/main/java/org/apache/commons/compress/archivers/sevenz/Coders.java: error: unknown import
	data: org/tukaani/xz/X86Options
src/main/java/org/apache/commons/compress/archivers/sevenz/Coders.java: error: unknown function
	data: [pointer(reference(java/io/IOException)) java/io/IOException//initCause [] [e]]
src/main/java/org/apache/commons/compress/archivers/sevenz/Coders.java: error: unknown import
	data: java/util/zip/DeflaterOutputStream
src/main/java/org/apache/commons/compress/archivers/sevenz/Coders.java: error: unknown import
	data: org/tukaani/xz/ARMThumbOptions
src/main/java/org/apache/commons/compress/archivers/sevenz/Coders.java: internal error: no supported constructor available
	data: [struct(org/apache/commons/compress/archivers/sevenz/CoderBase, [], [pointer(reference(java/lang/Object))], []) function(variable(this, pointer(reference(java/lang/Object))), java/lang/Object//@@constructor!d41d8cd98f00b204e9800998ecf8427e, [], [variable(, pointer(reference(java/lang/Object)))], block([return([this])]))]
src/main/java/org/apache/commons/compress/archivers/sevenz/Coders.java: unsupported: unsupported type
	data: array(pointer(genericInstance(reference(java/lang/Class), [wildcard(, pointer(reference(java/lang/Object)))])), primitive(int, 32, false), 0) vs pointer(genericInstance(reference(java/lang/Class), [wildcard(, pointer(reference(java/lang/Object)))]))
src/main/java/org/apache/commons/compress/archivers/sevenz/DeltaDecoder.java: error: unknown import
	data: org/tukaani/xz/UnsupportedOptionsException
src/main/java/org/apache/commons/compress/archivers/sevenz/DeltaDecoder.java: unsupported: unsupported type
	data: array(pointer(genericInstance(reference(java/lang/Class), [wildcard(, pointer(reference(java/lang/Object)))])), primitive(int, 32, false), 0) vs pointer(genericInstance(reference(java/lang/Class), [wildcard(, pointer(reference(java/lang/Object)))]))
src/main/java/org/apache/commons/compress/archivers/sevenz/DeltaDecoder.java: error: unknown import
	data: org/tukaani/xz/DeltaOptions
src/main/java/org/apache/commons/compress/archivers/sevenz/DeltaDecoder.java: error: unknown import
	data: org/tukaani/xz/FinishableWrapperOutputStream
src/main/java/org/apache/commons/compress/archivers/sevenz/Folder.java: error: unknown import
	data: java/util/LinkedList
src/main/java/org/apache/commons/compress/archivers/sevenz/Folder.java: unsupported: unsupported AST node
	data: genericInstance(unsupported(java/util/LinkedList), [pointer(reference(org/apache/commons/compress/archivers/sevenz/Coder))])
src/main/java/org/apache/commons/compress/archivers/sevenz/Folder.java: error: unknown identifier
	data: l
src/main/java/org/apache/commons/compress/archivers/sevenz/LZMA2Decoder.java: internal error: type does not support nil values
	data: unsupported(org/tukaani/xz/LZMA2Options)
src/main/java/org/apache/commons/compress/archivers/sevenz/LZMA2Decoder.java: error: unknown import
	data: org/tukaani/xz/FinishableWrapperOutputStream
src/main/java/org/apache/commons/compress/archivers/sevenz/LZMA2Decoder.java: error: unknown import
	data: org/tukaani/xz/FinishableOutputStream
src/main/java/org/apache/commons/compress/archivers/sevenz/LZMA2Decoder.java: error: unknown import
	data: org/tukaani/xz/LZMA2InputStream
src/main/java/org/apache/commons/compress/archivers/sevenz/LZMA2Decoder.java: error: unknown import
	data: org/tukaani/xz/LZMA2Options
src/main/java/org/apache/commons/compress/archivers/sevenz/LZMA2Decoder.java: unsupported: unsupported node
	data: unsupported(org/tukaani/xz/LZMA2Options)
src/main/java/org/apache/commons/compress/archivers/sevenz/LZMA2Decoder.java: internal error: no supported constructor available
	data: [struct(org/apache/commons/compress/archivers/sevenz/CoderBase, [], [pointer(reference(java/lang/Object))], []) function(variable(this, pointer(reference(java/lang/Object))), java/lang/Object//@@constructor!d41d8cd98f00b204e9800998ecf8427e, [], [variable(, pointer(reference(java/lang/Object)))], block([return([this])]))]
src/main/java/org/apache/commons/compress/archivers/sevenz/LZMA2Decoder.java: internal error: type does not support nil values
	data: unsupported(org/tukaani/xz/LZMA2Options)
src/main/java/org/apache/commons/compress/archivers/sevenz/SevenZArchiveEntry.java: error: unknown import
	data: java/util/Calendar
src/main/java/org/apache/commons/compress/archivers/sevenz/SevenZArchiveEntry.java: error: unknown import
	data: java/util/Collections
src/main/java/org/apache/commons/compress/archivers/sevenz/SevenZArchiveEntry.java: error: unknown import
	data: java/util/Date
src/main/java/org/apache/commons/compress/archivers/sevenz/SevenZArchiveEntry.java: error: unknown import
	data: java/util/LinkedList
src/main/java/org/apache/commons/compress/archivers/sevenz/SevenZArchiveEntry.java: error: unknown import
	data: java/util/TimeZone
src/main/java/org/apache/commons/compress/archivers/sevenz/SevenZArchiveEntry.java: error: unknown type
	data: Deprecated
src/main/java/org/apache/commons/compress/archivers/sevenz/SevenZArchiveEntry.java: error: an unsupported collection type has been used for this operation
	data: pointer(genericInstance(reference(java/lang/Iterable), [wildcard(, pointer(reference(org/apache/commons/compress/archivers/sevenz/SevenZMethodConfiguration)))]))
src/main/java/org/apache/commons/compress/archivers/sevenz/SevenZFile.java: error: unknown import
	data: java/util/Arrays
src/main/java/org/apache/commons/compress/archivers/sevenz/SevenZFile.java: error: unknown import
	data: org/apache/commons/compress/utils/IOUtils
src/main/java/org/apache/commons/compress/archivers/sevenz/SevenZFile.java: error: unknown function
	data: [pointer(reference(org/apache/commons/compress/archivers/sevenz/SevenZArchiveEntry)) org/apache/commons/compress/archivers/sevenz/SevenZArchiveEntry//setContentMethods [] [methods]]
src/main/java/org/apache/commons/compress/archivers/sevenz/SevenZFile.java: error: unknown import
	data: java/io/RandomAccessFile
src/main/java/org/apache/commons/compress/archivers/sevenz/SevenZFile.java: error: unknown import
	data: java/util/LinkedList
src/main/java/org/apache/commons/compress/archivers/sevenz/SevenZFile.java: error: unknown import
	data: java/util/zip/CRC32
src/main/java/org/apache/commons/compress/archivers/sevenz/SevenZFile.java: error: unknown import
	data: java/io/ByteArrayInputStream
src/main/java/org/apache/commons/compress/archivers/sevenz/SevenZFile.java: error: unknown import
	data: java/io/DataInput
src/main/java/org/apache/commons/compress/archivers/sevenz/SevenZFile.java: error: unknown import
	data: java/io/File
src/main/java/org/apache/commons/compress/archivers/sevenz/SevenZFile.java: error: unknown import
	data: java/util/BitSet
src/main/java/org/apache/commons/compress/archivers/sevenz/SevenZFile.java: error: unknown import
	data: org/apache/commons/compress/utils/CRC32VerifyingInputStream
src/main/java/org/apache/commons/compress/archivers/sevenz/SevenZFile.java: error: unknown import
	data: java/io/DataInputStream
src/main/java/org/apache/commons/compress/archivers/sevenz/SevenZFile.java: error: unknown import
	data: org/apache/commons/compress/utils/BoundedInputStream
src/main/java/org/apache/commons/compress/archivers/sevenz/SevenZFile.java: error: unknown import
	data: org/apache/commons/compress/utils/CharsetNames
src/main/java/org/apache/commons/compress/archivers/sevenz/SevenZFile.java: unsupported: unsupported node
	data: cast('7', primitive(int, 8, false))
src/main/java/org/apache/commons/compress/archivers/sevenz/SevenZFile.java: error: unknown function
	data: [struct(java/lang/System, [], [pointer(reference(java/lang/Object))], []) java/lang/System//arraycopy [] [password 0 select(this, password) 0 len(ensure_not_nil(password))]]
src/main/java/org/apache/commons/compress/archivers/sevenz/SevenZFile.java: error: an unsupported collection type has been used for this operation
	data: pointer(genericInstance(reference(java/lang/Iterable), [pointer(reference(org/apache/commons/compress/archivers/sevenz/Coder))]))
src/main/java/org/apache/commons/compress/archivers/sevenz/SevenZMethod.java: error: unknown function
	data: [struct(java/lang/System, [], [pointer(reference(java/lang/Object))], []) java/lang/System//arraycopy [] [select(this, id) 0 copy 0 len(ensure_not_nil(select(this, id)))]]
src/main/java/org/apache/commons/compress/archivers/sevenz/SevenZMethod.java: internal error: not all elements have the same type
	data: composite(array(primitive(int, 8, false), primitive(int, 32, false), 0), [3, 3, 1, 3])
src/main/java/org/apache/commons/compress/archivers/sevenz/SevenZMethod.java: internal error: not all elements have the same type
	data: composite(array(primitive(int, 8, false), primitive(int, 32, false), 0), [3, 3, 2, 5])
src/main/java/org/apache/commons/compress/archivers/sevenz/SevenZMethod.java: internal error: not all elements have the same type
	data: composite(array(primitive(int, 8, false), primitive(int, 32, false), 0), [3, 3, 5, 1])
src/main/java/org/apache/commons/compress/archivers/sevenz/SevenZMethod.java: error: unknown import
	data: java/util/Arrays
src/main/java/org/apache/commons/compress/archivers/sevenz/SevenZMethod.java: unsupported: unsupported node
	data: enum(org/apache/commons/compress/archivers/sevenz/SevenZMethod, {AES256SHA256: nil, BCJ_ARM_FILTER: nil, BCJ_ARM_THUMB_FILTER: nil, BCJ_IA64_FILTER: nil, BCJ_PPC_FILTER: nil, BCJ_SPARC_FILTER: nil, BCJ_X86_FILTER: nil, BZIP2: nil, COPY: nil, DEFLATE: nil, DELTA_FILTER: nil, LZMA2: nil, LZMA: nil})
src/main/java/org/apache/commons/compress/archivers/sevenz/SevenZMethod.java: internal error: not all elements have the same type
	data: composite(array(primitive(int, 8, false), primitive(int, 32, false), 0), [3, 3, 4, 1])
src/main/java/org/apache/commons/compress/archivers/sevenz/SevenZMethod.java: internal error: not all elements have the same type
	data: composite(array(primitive(int, 8, false), primitive(int, 32, false), 0), [3, 3, 7, 1])
src/main/java/org/apache/commons/compress/archivers/sevenz/SevenZMethod.java: internal error: not all elements have the same type
	data: composite(array(primitive(int, 8, false), primitive(int, 32, false), 0), [3, 3, 8, 5])
src/main/java/org/apache/commons/compress/archivers/sevenz/SevenZMethod.java: internal error: not all elements have the same type
	data: composite(array(primitive(int, 8, false), primitive(int, 32, false), 0), [3])
src/main/java/org/apache/commons/compress/archivers/sevenz/SevenZMethodConfiguration.java: error: unknown function
	data: [pointer(reference(java/lang/Object)) java/lang/Object//getClass [] []]
src/main/java/org/apache/commons/compress/archivers/sevenz/SevenZOutputFile.java: error: unknown import
	data: java/util/zip/CRC32
src/main/java/org/apache/commons/compress/archivers/sevenz/SevenZOutputFile.java: error: unknown import
	data: java/util/HashMap
src/main/java/org/apache/commons/compress/archivers/sevenz/SevenZOutputFile.java: error: error: unresolved type
	data: reference(T)
	child error: (error) Internal error: unknown type:
		"T"
		Stacktrace: goroutine 1 [running]:
		gitlab.nethead.at/symflower/symflower/model/errors.NewInternalError({0x21de060, 0x2d25a00}, {0x12473e0, 0xc002eec090})
			gitlab.nethead.at/symflower/symflower/model/errors/error.go:852 +0x4e
		gitlab.nethead.at/symflower/symflower/model/errors.NewProblemWithErrorSeverity(...)
			gitlab.nethead.at/symflower/symflower/model/errors/problem.go:321
		gitlab.nethead.at/symflower/symflower/model/ast.(*Scope).GetType(0xc003606150?, {0x2221c60, 0x1})
			gitlab.nethead.at/symflower/symflower/model/ast/scope.go:986 +0x85
		gitlab.nethead.at/symflower/symflower/model/ast.resolve(0xc00012ae40, {0x2205848?, 0xc000421d80}, 0xe0)
			gitlab.nethead.at/symflower/symflower/model/ast/type-resolve.go:362 +0x78
		gitlab.nethead.at/symflower/symflower/model/ast.ResolveWithPointers(...)
			gitlab.nethead.at/symflower/symflower/model/ast/type-resolve.go:326
		gitlab.nethead.at/symflower/symflower/model/ast.(*TypeGenericInstance).IsCompatibleType(0xc001688fc0, 0xc00012ae40, {0x2205728?, 0xc000f39140?})
			gitlab.nethead.at/symflower/symflower/model/ast/type.go:3369 +0x230
		gitlab.nethead.at/symflower/symflower/language/java/symbol.(*transpiler).checkFunctionApplicability(0xc00014bb80, 0xc000479800, {0x0?, 0x0?}, {0x0?, 0x43f908?, 0xc000cf6bf9?}, {0xc002415f30, 0x1, 0x1})
			gitlab.nethead.at/symflower/symflower/language/java/symbol/overloading.go:406 +0x66b
		gitlab.nethead.at/symflower/symflower/language/java/symbol.(*transpiler).matchOverloadingFunction(0xc00014bb80, {0xc00011ca30, 0x1, 0x1}, {0x0, 0x0}, {0x0, 0x0, 0x0}, {0xc002415f30, ...})
			gitlab.nethead.at/symflower/symflower/language/java/symbol/overloading.go:451 +0x217
		gitlab.nethead.at/symflower/symflower/language/java/symbol.(*transpiler).getFunction(0xc00014bb80, {0x0, 0x0}, {0xc000cf6bf9, 0x7}, {0x0, 0x0, 0x0}, {0xc002415f30, 0x1, ...})
			gitlab.nethead.at/symflower/symflower/language/java/symbol/overloading.go:224 +0xd2
		gitlab.nethead.at/symflower/symflower/language/java/symbol.(*transpiler).handleMethodCallResolveOverloads(0xc00014bb80, {0xc000cf6bf9, 0x7}, {0x0?, 0x0?}, {0x0?, 0x3d?, 0x0?}, {0xc002415f30, 0x1, ...})
			gitlab.nethead.at/symflower/symflower/language/java/symbol/handle.go:5426 +0x87
		gitlab.nethead.at/symflower/symflower/language/java/symbol.(*transpiler).handleExpressionMethodCall(0xc00014bb80, 0xc0011bede0, 0xc000e2c540)
			gitlab.nethead.at/symflower/symflower/language/java/symbol/handle.go:5568 +0x68b
		gitlab.nethead.at/symflower/symflower/language/java/symbol.(*transpiler).handleExpression(0xc00014bb80, 0xc0011bede0, {0x21f7d38, 0xc000e2c540})
			gitlab.nethead.at/symflower/symflower/language/java/symbol/handle.go:6903 +0x785
		gitlab.nethead.at/symflower/symflower/language/java/symbol.(*transpiler).handleStatementExpressionAssign(0xc00014bb80, 0xc0011bede0, 0xc000dff5e0)
			gitlab.nethead.at/symflower/symflower/language/java/symbol/handle.go:3771 +0xe5
		gitlab.nethead.at/symflower/symflower/language/java/symbol.(*transpiler).handleStatementExpression(0xc003606b78?, 0x41aa94?, {0x21f79c8?, 0xc000dff5e0?})
			gitlab.nethead.at/symflower/symflower/language/java/symbol/handle.go:3932 +0x53
		gitlab.nethead.at/symflower/symflower/language/java/symbol.(*transpiler).handleStatement(0xc00014bb80, 0xc0011bede0, {0x21f7238, 0xc000e2f880})
			gitlab.nethead.at/symflower/symflower/language/java/symbol/handle.go:4415 +0x8aa
		gitlab.nethead.at/symflower/symflower/language/java/symbol.(*transpiler).handleStatements(0xc00014bb80, 0xc0011bede0, {0xc000e14c40, 0x1, 0xc00012ae40?})
			gitlab.nethead.at/symflower/symflower/language/java/symbol/handle.go:3731 +0x85
		gitlab.nethead.at/symflower/symflower/language/java/symbol.(*transpiler).handleBlock.func1()
			gitlab.nethead.at/symflower/symflower/language/java/symbol/handle.go:3712 +0x45
		gitlab.nethead.at/symflower/symflower/model/ast.(*Scope).Scoped(0xc00012ae40, 0xc003606d50)
			gitlab.nethead.at/symflower/symflower/model/ast/scope.go:297 +0x162
		gitlab.nethead.at/symflower/symflower/language/java/symbol.(*transpiler).handleBlock(0xc00014bb80, 0xc0011bede0, 0xc000e28630)
			gitlab.nethead.at/symflower/symflower/language/java/symbol/handle.go:3711 +0x9e
		gitlab.nethead.at/symflower/symflower/language/java/symbol.(*transpiler).handleMethodDeclarationBody.(*transpiler).handleScopedBlockStatement.func2()
			gitlab.nethead.at/symflower/symflower/language/java/symbol/handle.go:2716 +0x205
		gitlab.nethead.at/symflower/symflower/model/ast.(*Scope).Scoped(0xc00012ae40, 0xc003607160)
			gitlab.nethead.at/symflower/symflower/model/ast/scope.go:297 +0x162
		gitlab.nethead.at/symflower/symflower/language/java/symbol.(*transpiler).handleScopedBlockStatement(...)
			gitlab.nethead.at/symflower/symflower/language/java/symbol/handle.go:2693
		gitlab.nethead.at/symflower/symflower/language/java/symbol.(*transpiler).handleMethodDeclarationBody(0xc00014bb80, 0xc0011bede0, {0x2208170, 0xc002a13440}, 0xc00041f800, 0x0)
			gitlab.nethead.at/symflower/symflower/language/java/symbol/handle.go:2523 +0x61b
		gitlab.nethead.at/symflower/symflower/language/java/symbol.(*transpiler).handleClassAndInterfaceDeclarationBodies(0xc00014bb80, 0xc0011bede0, 0xc002a13440)
			gitlab.nethead.at/symflower/symflower/language/java/symbol/handle.go:1534 +0x2f7
		gitlab.nethead.at/symflower/symflower/language/java/symbol.(*transpiler).handleClassDeclarationBodies(0xc00014bb80, 0xc0011bede0, 0xc002a13440)
			gitlab.nethead.at/symflower/symflower/language/java/symbol/handle.go:1419 +0x106
		gitlab.nethead.at/symflower/symflower/language/java/symbol.(*transpiler).handleBodies.func1(0xc0011bede0, {0x2207578, 0xc002a13440})
			gitlab.nethead.at/symflower/symflower/language/java/symbol/symbols.go:532 +0x1ff
		gitlab.nethead.at/symflower/symflower/language/java/symbol.(*transpiler).walkSubDeclarations(0xc00014bb80, 0xc0011bede0, 0xc003607760, 0xc001d18240, 0xc00146c500, {0x2207578, 0xc002a13440})
			gitlab.nethead.at/symflower/symflower/language/java/symbol/symbols.go:869 +0x1ee
		gitlab.nethead.at/symflower/symflower/language/java/symbol.(*transpiler).walkFile(0xc00014bb80, 0x1, 0x2088c58, 0xc003607760, 0xc001d18240, 0xc00146c500)
			gitlab.nethead.at/symflower/symflower/language/java/symbol/symbols.go:625 +0x3c5
		gitlab.nethead.at/symflower/symflower/language/java/symbol.(*transpiler).walkPackage(0xc00014bb80, 0x1, 0x2088c58, 0xc003607760, 0xc001d18240)
			gitlab.nethead.at/symflower/symflower/language/java/symbol/symbols.go:583 +0x225
		gitlab.nethead.at/symflower/symflower/language/java/symbol.(*transpiler).walkFilesAndDeclarations(0xc00014bb80, 0x1, 0x2088c58, 0xc003607760)
			gitlab.nethead.at/symflower/symflower/language/java/symbol/symbols.go:566 +0xa5
		gitlab.nethead.at/symflower/symflower/language/java/symbol.(*transpiler).handleBodies(0xc00014bb80)
			gitlab.nethead.at/symflower/symflower/language/java/symbol/symbols.go:513 +0x65
		gitlab.nethead.at/symflower/symflower/language/java/symbol.symbolsWithDependencies(0xc000588300, {0x0?, 0x41aa94?, 0x790197885108?}, 0x1)
			gitlab.nethead.at/symflower/symflower/language/java/symbol/symbols.go:486 +0x147
		gitlab.nethead.at/symflower/symflower/language/java/symbol.Symbols(0xc000588300, 0x1)
			gitlab.nethead.at/symflower/symflower/language/java/symbol/symbols.go:457 +0xf2
		gitlab.nethead.at/symflower/symflower/language/java.Adapter.Symbols(...)
			gitlab.nethead.at/symflower/symflower/language/java/symbols.go:29
		gitlab.nethead.at/symflower/symflower/cmd/symflower-local/generate.(*Generator).transpileLanguage(0xc00059f0e0, 0x0, 0x0, {0x220c620, 0x2e6b360})
			gitlab.nethead.at/symflower/symflower/cmd/symflower-local/generate/generate.go:136 +0x373
		gitlab.nethead.at/symflower/symflower/cmd/symflower-local/generate.(*Generator).Symbols(0xc00059f0e0, 0x0, 0x0)
			gitlab.nethead.at/symflower/symflower/cmd/symflower-local/generate/generate.go:94 +0x136
		gitlab.nethead.at/symflower/symflower/cmd/symflower-local/generate.(*AnalyzeEngineDefault).UnitTests(0x2d?, 0x124bba0?, {0x21eb890?, 0xc00004c9d0?}, {0x80?, 0x47?, 0x4?, 0x0?}, 0x2d?, {0xc00059e720, ...})
			gitlab.nethead.at/symflower/symflower/cmd/symflower-local/generate/analyze.go:153 +0x77
		gitlab.nethead.at/symflower/symflower/cmd/symflower-local/cmd.(*commandUnitTests).Execute(0xc0005b48d8, {0xc0005b4508?, 0x7901505ce398?, 0xc0005b48d8?})
			gitlab.nethead.at/symflower/symflower/cmd/symflower-local/cmd/unit-tests.go:85 +0x2a6
		gitlab.nethead.at/symflower/symflower/cmd.ExecuteNoExit({0x21de020, 0xc0005b4508}, {0xc00019e000?, 0x44?, 0x0?})
			gitlab.nethead.at/symflower/symflower/cmd/execute.go:59 +0x2ad
		gitlab.nethead.at/symflower/symflower/cmd.Execute({0x21de020?, 0xc0005b4508?}, {0xc00019e000?, 0xc00011c0c0?, 0xc0004bbf10?})
			gitlab.nethead.at/symflower/symflower/cmd/execute.go:17 +0x26
		gitlab.nethead.at/symflower/symflower/cmd.ExecuteWithOSArguments(...)
			gitlab.nethead.at/symflower/symflower/cmd/execute.go:78
		main.main.func1()
			gitlab.nethead.at/symflower/symflower/cmd/symflower-demo/main.go:39 +0x34
		gitlab.nethead.at/symflower/symflower/cmd/symflower-local/cmd.(*Command).WithPanicReporter(0xc000110060?, 0x0?)
			gitlab.nethead.at/symflower/symflower/cmd/symflower-local/cmd/cmd.go:151 +0x33
		main.main()
			gitlab.nethead.at/symflower/symflower/cmd/symflower-demo/main.go:38 +0x7f
src/main/java/org/apache/commons/compress/archivers/sevenz/SevenZOutputFile.java: error: an unsupported collection type has been used for this operation
	data: pointer(genericInstance(reference(java/lang/Iterable), [wildcard(, pointer(reference(org/apache/commons/compress/archivers/sevenz/SevenZMethodConfiguration)))]))
src/main/java/org/apache/commons/compress/archivers/sevenz/SevenZOutputFile.java: error: unknown function
	data: [pointer(genericInstance(reference(java/util/ArrayList), [unsupported(org/apache/commons/compress/utils/CountingOutputStream)])) java/util/ArrayList<org/apache/commons/compress/utils/CountingOutputStream>//toArray [] [make(array(unsupported(org/apache/commons/compress/utils/CountingOutputStream), primitive(int, 32, false), 0), call(select(ensure_not_nil(moreStreams), size!d41d8cd98f00b204e9800998ecf8427e), []))]]
src/main/java/org/apache/commons/compress/archivers/sevenz/SevenZOutputFile.java: unsupported: unsupported type cast
	data: cast(|(hasAntiItems, isAnti), primitive(bool, 0, false))
src/main/java/org/apache/commons/compress/archivers/sevenz/SevenZOutputFile.java: error: unknown function
	data: [struct(java/lang/String, [], [pointer(reference(java/lang/Object))], [reference(java/lang/CharSequence)]) java/lang/String//getBytes [] ["UTF-16LE"]]
src/main/java/org/apache/commons/compress/archivers/sevenz/SevenZOutputFile.java: error: an unsupported collection type has been used for this operation
	data: pointer(genericInstance(reference(java/lang/Iterable), [genericParameter(T, [pointer(reference(java/lang/Object))])]))
src/main/java/org/apache/commons/compress/archivers/sevenz/SevenZOutputFile.java: error: unknown import
	data: java/io/DataOutputStream
src/main/java/org/apache/commons/compress/archivers/sevenz/SevenZOutputFile.java: error: unknown import
	data: java/util/Collections
src/main/java/org/apache/commons/compress/archivers/sevenz/SevenZOutputFile.java: error: unknown import
	data: java/util/Date
src/main/java/org/apache/commons/compress/archivers/sevenz/SevenZOutputFile.java: unsupported: unsupported type cast
	data: cast(|(hasEmptyFiles, !(isDir)), primitive(bool, 0, false))
src/main/java/org/apache/commons/compress/archivers/sevenz/SevenZOutputFile.java: error: not a boolean type
	data: unsupported
src/main/java/org/apache/commons/compress/archivers/sevenz/SevenZOutputFile.java: unsupported: unsupported type
	data: &{0xc000eb3f40 <nil> [] 0xc000ebe400 0xc000ebe500 << {None [] [] None}}
src/main/java/org/apache/commons/compress/archivers/sevenz/SevenZOutputFile.java: error: unknown identifier
	data: l
src/main/java/org/apache/commons/compress/archivers/sevenz/SevenZOutputFile.java: error: unknown import
	data: java/io/ByteArrayOutputStream
src/main/java/org/apache/commons/compress/archivers/sevenz/SevenZOutputFile.java: error: unknown import
	data: java/util/BitSet
src/main/java/org/apache/commons/compress/archivers/sevenz/SevenZOutputFile.java: error: unknown import
	data: org/apache/commons/compress/utils/CountingOutputStream
src/main/java/org/apache/commons/compress/archivers/sevenz/SevenZOutputFile.java: error: unknown import
	data: java/io/DataOutput
src/main/java/org/apache/commons/compress/archivers/sevenz/SevenZOutputFile.java: error: unknown import
	data: java/io/File
src/main/java/org/apache/commons/compress/archivers/sevenz/SevenZOutputFile.java: error: unknown import
	data: java/io/RandomAccessFile
src/main/java/org/apache/commons/compress/archivers/sevenz/SevenZOutputFile.java: error: unknown import
	data: java/util/LinkedList
src/main/java/org/apache/commons/compress/archivers/sevenz/SubStreamsInfo.java: error: unknown import
	data: java/util/BitSet
src/main/java/org/apache/commons/compress/archivers/tar/TarArchiveEntry.java: error: unknown function
	data: [struct(java/lang/System, [], [pointer(reference(java/lang/Object))], []) java/lang/System//getProperty [] ["os.name"]]
src/main/java/org/apache/commons/compress/archivers/tar/TarArchiveEntry.java: error: unknown import
	data: java/util/Date
src/main/java/org/apache/commons/compress/archivers/tar/TarArchiveEntry.java: error: unknown import
	data: java/util/Locale
src/main/java/org/apache/commons/compress/archivers/tar/TarArchiveEntry.java: error: unknown import
	data: org/apache/commons/compress/utils/ArchiveUtils
src/main/java/org/apache/commons/compress/archivers/tar/TarArchiveEntry.java: error: unknown function
	data: [struct(java/lang/System, [], [pointer(reference(java/lang/Object))], []) java/lang/System//getProperty [] ["user.name" ""]]
src/main/java/org/apache/commons/compress/archivers/tar/TarArchiveEntry.java: error: unknown function
	data: [<nil> getClass [] []]
src/main/java/org/apache/commons/compress/archivers/tar/TarArchiveEntry.java: error: unknown function
	data: [pointer(reference(java/lang/Object)) java/lang/Object//getClass [] []]
src/main/java/org/apache/commons/compress/archivers/tar/TarArchiveEntry.java: error: unknown function
	data: [pointer(reference(java/lang/String)) java/lang/String//contains [] ["netware"]]
src/main/java/org/apache/commons/compress/archivers/tar/TarArchiveEntry.java: error: unknown import
	data: java/io/File
src/main/java/org/apache/commons/compress/archivers/tar/TarArchiveEntry.java: unsupported: not an array type
	data: unsupported(@@unsupported)
src/main/java/org/apache/commons/compress/archivers/tar/TarArchiveEntry.java: error: unknown identifier
	data: list
src/main/java/org/apache/commons/compress/archivers/tar/TarArchiveInputStream.java: error: unknown import
	data: org/apache/commons/compress/utils/IOUtils
src/main/java/org/apache/commons/compress/archivers/tar/TarArchiveInputStream.java: error: unknown function
	data: [pointer(reference(java/io/IOException)) java/io/IOException//initCause [] [e]]
src/main/java/org/apache/commons/compress/archivers/tar/TarArchiveInputStream.java: error: unknown function
	data: [struct(java/lang/System, [], [pointer(reference(java/lang/Object))], []) java/lang/System//arraycopy [] [longNameData 0 l 0 length]]
src/main/java/org/apache/commons/compress/archivers/tar/TarArchiveInputStream.java: error: unknown function
	data: [pointer(genericInstance(reference(java/util/Map), [pointer(reference(java/lang/String)), pointer(reference(java/lang/String))])) java/util/Map<java/lang/String,java/lang/String>//entrySet [] []]
src/main/java/org/apache/commons/compress/archivers/tar/TarArchiveInputStream.java: error: unknown import
	data: java/io/ByteArrayOutputStream
src/main/java/org/apache/commons/compress/archivers/tar/TarArchiveInputStream.java: error: unknown import
	data: java/util/HashMap
src/main/java/org/apache/commons/compress/archivers/tar/TarArchiveInputStream.java: error: unknown import
	data: org/apache/commons/compress/utils/ArchiveUtils
src/main/java/org/apache/commons/compress/archivers/tar/TarArchiveInputStream.java: error: unknown import
	data: org/apache/commons/compress/utils/CharsetNames
src/main/java/org/apache/commons/compress/archivers/tar/TarArchiveOutputStream.java: error: unknown import
	data: java/io/StringWriter
src/main/java/org/apache/commons/compress/archivers/tar/TarArchiveOutputStream.java: error: unknown import
	data: java/util/Arrays
src/main/java/org/apache/commons/compress/archivers/tar/TarArchiveOutputStream.java: error: unknown import
	data: java/util/Date
src/main/java/org/apache/commons/compress/archivers/tar/TarArchiveOutputStream.java: error: unknown import
	data: org/apache/commons/compress/utils/CharsetNames
src/main/java/org/apache/commons/compress/archivers/tar/TarArchiveOutputStream.java: error: unknown function
	data: [struct(java/lang/System, [], [pointer(reference(java/lang/Object))], []) java/lang/System//arraycopy [] [select(this, assemBuf) 0 select(this, recordBuf) 0 select(this, assemLen)]]
src/main/java/org/apache/commons/compress/archivers/tar/TarArchiveOutputStream.java: error: unknown function
	data: [struct(java/lang/System, [], [pointer(reference(java/lang/Object))], []) java/lang/System//arraycopy [] [wBuf wOffset select(this, recordBuf) select(this, assemLen) aLen]]
src/main/java/org/apache/commons/compress/archivers/tar/TarArchiveOutputStream.java: error: unknown function
	data: [struct(java/lang/System, [], [pointer(reference(java/lang/Object))], []) java/lang/System//arraycopy [] [wBuf wOffset select(this, assemBuf) select(this, assemLen) numToWrite]]
src/main/java/org/apache/commons/compress/archivers/tar/TarArchiveOutputStream.java: error: unknown import
	data: java/nio/ByteBuffer
src/main/java/org/apache/commons/compress/archivers/tar/TarArchiveOutputStream.java: error: unknown import
	data: java/util/HashMap
src/main/java/org/apache/commons/compress/archivers/tar/TarArchiveOutputStream.java: error: unknown import
	data: org/apache/commons/compress/utils/CountingOutputStream
src/main/java/org/apache/commons/compress/archivers/tar/TarArchiveOutputStream.java: error: unknown type
	data: Deprecated
src/main/java/org/apache/commons/compress/archivers/tar/TarArchiveOutputStream.java: error: unknown function
	data: [struct(java/lang/System, [], [pointer(reference(java/lang/Object))], []) java/lang/System//arraycopy [] [wBuf wOffset select(this, assemBuf) select(this, assemLen) numToWrite]]
src/main/java/org/apache/commons/compress/archivers/tar/TarArchiveOutputStream.java: error: unknown function
	data: [pointer(genericInstance(reference(java/util/Map), [pointer(reference(java/lang/String)), pointer(reference(java/lang/String))])) java/util/Map<java/lang/String,java/lang/String>//entrySet [] []]
src/main/java/org/apache/commons/compress/archivers/tar/TarArchiveOutputStream.java: error: unknown import
	data: java/io/File
src/main/java/org/apache/commons/compress/archivers/tar/TarUtils.java: error: unknown function
	data: [struct(java/lang/System, [], [pointer(reference(java/lang/Object))], []) java/lang/System//arraycopy [] [buffer offset b 0 len]]
src/main/java/org/apache/commons/compress/archivers/tar/TarUtils.java: error: unknown function
	data: [struct(java/lang/System, [], [pointer(reference(java/lang/Object))], []) java/lang/System//arraycopy [] [b 0 buf off len]]
src/main/java/org/apache/commons/compress/archivers/tar/TarUtils.java: error: unknown identifier
	data: this
src/main/java/org/apache/commons/compress/archivers/tar/TarUtils.java: error: unknown import
	data: java/math/BigInteger
src/main/java/org/apache/commons/compress/archivers/tar/TarUtils.java: error: unknown import
	data: java/nio/ByteBuffer
src/main/java/org/apache/commons/compress/archivers/tar/TarUtils.java: error: unknown function
	data: [struct(java/lang/System, [], [pointer(reference(java/lang/Object))], []) java/lang/System//arraycopy [] [buffer +(offset, 1) remainder 0 -(length, 1)]]
src/main/java/org/apache/commons/compress/archivers/tar/TarUtils.java: warning: overflow of cast
src/main/java/org/apache/commons/compress/archivers/zip/AbstractUnicodeExtraField.java: error: unknown function
	data: [struct(java/lang/System, [], [pointer(reference(java/lang/Object))], []) java/lang/System//arraycopy [] [call(org/apache/commons/compress/archivers/zip/ZipLong//getBytes!feb606741437b3116f99f2412027bc86, [select(this, nameCRC32)]) 0 select(this, data) 1 4]]
src/main/java/org/apache/commons/compress/archivers/zip/AbstractUnicodeExtraField.java: error: unknown function
	data: [struct(java/lang/System, [], [pointer(reference(java/lang/Object))], []) java/lang/System//arraycopy [] [select(this, unicodeName) 0 select(this, data) 5 len(ensure_not_nil(select(this, unicodeName)))]]
src/main/java/org/apache/commons/compress/archivers/zip/AbstractUnicodeExtraField.java: error: unknown function
	data: [struct(java/lang/System, [], [pointer(reference(java/lang/Object))], []) java/lang/System//arraycopy [] [unicodeName 0 select(this, unicodeName) 0 len(ensure_not_nil(unicodeName))]]
src/main/java/org/apache/commons/compress/archivers/zip/AbstractUnicodeExtraField.java: error: unknown function
	data: [struct(java/lang/System, [], [pointer(reference(java/lang/Object))], []) java/lang/System//arraycopy [] [select(this, data) 0 b 0 len(ensure_not_nil(b))]]
src/main/java/org/apache/commons/compress/archivers/zip/AbstractUnicodeExtraField.java: error: unknown import
	data: java/io/UnsupportedEncodingException
src/main/java/org/apache/commons/compress/archivers/zip/AbstractUnicodeExtraField.java: error: unknown import
	data: java/util/zip/CRC32
src/main/java/org/apache/commons/compress/archivers/zip/AbstractUnicodeExtraField.java: error: unknown import
	data: java/util/zip/ZipException
src/main/java/org/apache/commons/compress/archivers/zip/AbstractUnicodeExtraField.java: error: unknown import
	data: org/apache/commons/compress/utils/CharsetNames
src/main/java/org/apache/commons/compress/archivers/zip/AbstractUnicodeExtraField.java: error: unknown function
	data: [struct(java/lang/System, [], [pointer(reference(java/lang/Object))], []) java/lang/System//arraycopy [] [select(this, unicodeName) 0 b 0 len(ensure_not_nil(b))]]
src/main/java/org/apache/commons/compress/archivers/zip/AbstractUnicodeExtraField.java: error: unknown function
	data: [struct(java/lang/System, [], [pointer(reference(java/lang/Object))], []) java/lang/System//arraycopy [] [buffer +(offset, 5) select(this, unicodeName) 0 -(length, 5)]]
src/main/java/org/apache/commons/compress/archivers/zip/AbstractUnicodeExtraField.java: error: unknown function
	data: [pointer(reference(java/lang/String)) java/lang/String//getBytes [] [unsupported]]
src/main/java/org/apache/commons/compress/archivers/zip/AsiExtraField.java: error: unknown import
	data: java/util/zip/ZipException
src/main/java/org/apache/commons/compress/archivers/zip/AsiExtraField.java: error: unknown function
	data: [struct(java/lang/System, [], [pointer(reference(java/lang/Object))], []) java/lang/System//arraycopy [] [call(org/apache/commons/compress/archivers/zip/ZipShort//getBytes!82a13d2b9378b45b5451d30242dc1218, [call(select(this, getMode!d41d8cd98f00b204e9800998ecf8427e), [])]) 0 data 0 2]]
src/main/java/org/apache/commons/compress/archivers/zip/AsiExtraField.java: error: unknown function
	data: [struct(java/lang/System, [], [pointer(reference(java/lang/Object))], []) java/lang/System//arraycopy [] [linkArray 0 data 10 len(ensure_not_nil(linkArray))]]
src/main/java/org/apache/commons/compress/archivers/zip/AsiExtraField.java: error: unknown function
	data: [struct(java/lang/System, [], [pointer(reference(java/lang/Object))], []) java/lang/System//arraycopy [] [data 0 result org/apache/commons/compress/archivers/zip/AsiExtraField//WORD len(ensure_not_nil(data))]]
src/main/java/org/apache/commons/compress/archivers/zip/AsiExtraField.java: error: unknown function
	data: [struct(java/lang/System, [], [pointer(reference(java/lang/Object))], []) java/lang/System//arraycopy [] [data +(offset, org/apache/commons/compress/archivers/zip/AsiExtraField//WORD) tmp 0 -(length, org/apache/commons/compress/archivers/zip/AsiExtraField//WORD)]]
src/main/java/org/apache/commons/compress/archivers/zip/AsiExtraField.java: error: unknown function
	data: [struct(java/lang/System, [], [pointer(reference(java/lang/Object))], []) java/lang/System//arraycopy [] [tmp 10 linkArray 0 len(ensure_not_nil(linkArray))]]
src/main/java/org/apache/commons/compress/archivers/zip/AsiExtraField.java: error: unknown function
	data: [struct(java/lang/Object, [], [], []) java/lang/Object//clone [] []]
src/main/java/org/apache/commons/compress/archivers/zip/AsiExtraField.java: error: unknown import
	data: java/util/zip/CRC32
src/main/java/org/apache/commons/compress/archivers/zip/AsiExtraField.java: error: unknown function
	data: [struct(java/lang/System, [], [pointer(reference(java/lang/Object))], []) java/lang/System//arraycopy [] [call(org/apache/commons/compress/archivers/zip/ZipLong//getBytes!feb606741437b3116f99f2412027bc86, [cast(len(ensure_not_nil(linkArray)), primitive(int, 64, false))]) 0 data 2 org/apache/commons/compress/archivers/zip/AsiExtraField//WORD]]
src/main/java/org/apache/commons/compress/archivers/zip/AsiExtraField.java: error: unknown function
	data: [struct(java/lang/System, [], [pointer(reference(java/lang/Object))], []) java/lang/System//arraycopy [] [call(org/apache/commons/compress/archivers/zip/ZipShort//getBytes!82a13d2b9378b45b5451d30242dc1218, [call(select(this, getUserId!d41d8cd98f00b204e9800998ecf8427e), [])]) 0 data 6 2]]
src/main/java/org/apache/commons/compress/archivers/zip/AsiExtraField.java: error: unknown function
	data: [struct(java/lang/System, [], [pointer(reference(java/lang/Object))], []) java/lang/System//arraycopy [] [call(org/apache/commons/compress/archivers/zip/ZipShort//getBytes!82a13d2b9378b45b5451d30242dc1218, [call(select(this, getGroupId!d41d8cd98f00b204e9800998ecf8427e), [])]) 0 data 8 2]]
src/main/java/org/apache/commons/compress/archivers/zip/AsiExtraField.java: error: unknown function
	data: [struct(java/lang/System, [], [pointer(reference(java/lang/Object))], []) java/lang/System//arraycopy [] [call(org/apache/commons/compress/archivers/zip/ZipLong//getBytes!feb606741437b3116f99f2412027bc86, [checksum]) 0 result 0 org/apache/commons/compress/archivers/zip/AsiExtraField//WORD]]
src/main/java/org/apache/commons/compress/archivers/zip/BinaryTree.java: error: unknown import
	data: java/io/DataInputStream
src/main/java/org/apache/commons/compress/archivers/zip/BinaryTree.java: error: unknown import
	data: java/util/Arrays
src/main/java/org/apache/commons/compress/archivers/zip/BinaryTree.java: internal error: missing return statement
	data: function(variable(this, pointer(reference(org/apache/commons/compress/archivers/zip/BinaryTree))), org/apache/commons/compress/archivers/zip/BinaryTree//read!0ecaef954ddc747b04e9ed2abf5995d0, [variable(stream, pointer(reference(org/apache/commons/compress/archivers/zip/BitStream)))], [variable(, primitive(int, 32, false))], block([unsupported]))
src/main/java/org/apache/commons/compress/archivers/zip/BitStream.java: error: unknown import
	data: java/nio/ByteOrder
src/main/java/org/apache/commons/compress/archivers/zip/BitStream.java: error: unknown function
	data: [<nil> readBits [] [1]]
src/main/java/org/apache/commons/compress/archivers/zip/BitStream.java: error: unknown function
	data: [<nil> readBits [] [n]]
src/main/java/org/apache/commons/compress/archivers/zip/BitStream.java: error: unknown function
	data: [<nil> readBits [] [8]]
src/main/java/org/apache/commons/compress/archivers/zip/BitStream.java: error: unknown import
	data: org/apache/commons/compress/utils/BitInputStream
src/main/java/org/apache/commons/compress/archivers/zip/ExtraFieldUtils.java: error: unknown function
	data: [struct(java/lang/System, [], [pointer(reference(java/lang/Object))], []) java/lang/System//arraycopy [] [local 0 result start len(ensure_not_nil(local))]]
src/main/java/org/apache/commons/compress/archivers/zip/ExtraFieldUtils.java: error: unknown function
	data: [struct(java/lang/System, [], [pointer(reference(java/lang/Object))], []) java/lang/System//arraycopy [] [call(select(ensure_not_nil(call(select(ensure_not_nil(index(data, i)), getLocalFileDataLength!d41d8cd98f00b204e9800998ecf8427e), [])), getBytes!d41d8cd98f00b204e9800998ecf8427e), []) 0 result +(start, 2) 2]]
src/main/java/org/apache/commons/compress/archivers/zip/ExtraFieldUtils.java: error: unknown function
	data: [struct(java/lang/System, [], [pointer(reference(java/lang/Object))], []) java/lang/System//arraycopy [] [local 0 result start len(ensure_not_nil(local))]]
src/main/java/org/apache/commons/compress/archivers/zip/ExtraFieldUtils.java: error: unknown function
	data: [struct(java/lang/System, [], [pointer(reference(java/lang/Object))], []) java/lang/System//arraycopy [] [call(select(ensure_not_nil(call(select(ensure_not_nil(index(data, i)), getHeaderId!d41d8cd98f00b204e9800998ecf8427e), [])), getBytes!d41d8cd98f00b204e9800998ecf8427e), []) 0 result start 2]]
src/main/java/org/apache/commons/compress/archivers/zip/ExtraFieldUtils.java: unsupported: unsupported type
	data: genericInstance(reference(java/lang/Class), [wildcard(, pointer(reference(java/lang/Object)))])
src/main/java/org/apache/commons/compress/archivers/zip/ExtraFieldUtils.java: unsupported: unsupported AST node
	data: &{0xc001273f20 <nil> [] 0xc00127ba00 0xc001271320 {None [] [] None}}
src/main/java/org/apache/commons/compress/archivers/zip/ExtraFieldUtils.java: error: unknown function
	data: [struct(java/lang/System, [], [pointer(reference(java/lang/Object))], []) java/lang/System//arraycopy [] [call(select(ensure_not_nil(call(select(ensure_not_nil(index(data, i)), getHeaderId!d41d8cd98f00b204e9800998ecf8427e), [])), getBytes!d41d8cd98f00b204e9800998ecf8427e), []) 0 result start 2]]
src/main/java/org/apache/commons/compress/archivers/zip/ExtraFieldUtils.java: error: unknown function
	data: [struct(java/lang/System, [], [pointer(reference(java/lang/Object))], []) java/lang/System//arraycopy [] [call(select(ensure_not_nil(call(select(ensure_not_nil(index(data, i)), getCentralDirectoryLength!d41d8cd98f00b204e9800998ecf8427e), [])), getBytes!d41d8cd98f00b204e9800998ecf8427e), []) 0 result +(start, 2) 2]]
src/main/java/org/apache/commons/compress/archivers/zip/ExtraFieldUtils.java: error: unknown function
	data: [struct(java/lang/System, [], [pointer(reference(java/lang/Object))], []) java/lang/System//arraycopy [] [local 0 result start len(ensure_not_nil(local))]]
src/main/java/org/apache/commons/compress/archivers/zip/ExtraFieldUtils.java: error: unknown import
	data: java/util/concurrent/ConcurrentHashMap
src/main/java/org/apache/commons/compress/archivers/zip/ExtraFieldUtils.java: error: unknown import
	data: java/util/zip/ZipException
src/main/java/org/apache/commons/compress/archivers/zip/ExtraFieldUtils.java: error: unknown function
	data: [pointer(genericInstance(reference(java/lang/Class), [wildcard(, pointer(reference(java/lang/Object)))])) java/lang/Class<descendant of java/lang/Object>//newInstance [] []]
src/main/java/org/apache/commons/compress/archivers/zip/ExtraFieldUtils.java: error: unknown function
	data: [pointer(genericInstance(reference(java/lang/Class), [wildcard(, pointer(reference(java/lang/Object)))])) java/lang/Class<descendant of java/lang/Object>//newInstance [] []]
src/main/java/org/apache/commons/compress/archivers/zip/ExtraFieldUtils.java: unsupported: unsupported type cast
	data: cast(result, array(pointer(reference(java/lang/Object)), primitive(int, 32, false), 0))
src/main/java/org/apache/commons/compress/archivers/zip/ExtraFieldUtils.java: error: unknown function
	data: [struct(java/lang/System, [], [pointer(reference(java/lang/Object))], []) java/lang/System//arraycopy [] [local 0 result start len(ensure_not_nil(local))]]
src/main/java/org/apache/commons/compress/archivers/zip/FallbackZipEncoding.java: error: unknown function
	data: [pointer(reference(java/lang/String)) java/lang/String//getBytes [] [select(this, charsetName)]]
src/main/java/org/apache/commons/compress/archivers/zip/FallbackZipEncoding.java: error: unknown function
	data: [<nil> java/lang/String//String [] [data select(this, charsetName)]]
src/main/java/org/apache/commons/compress/archivers/zip/FallbackZipEncoding.java: error: unknown import
	data: java/nio/ByteBuffer
src/main/java/org/apache/commons/compress/archivers/zip/GeneralPurposeBit.java: error: unknown function
	data: [struct(java/lang/Object, [], [], []) java/lang/Object//clone [] []]
src/main/java/org/apache/commons/compress/archivers/zip/JarMarker.java: error: unknown import
	data: java/util/zip/ZipException
src/main/java/org/apache/commons/compress/archivers/zip/NioZipEncoding.java: error: unknown function
	data: [pointer(reference(java/nio/CharBuffer)) java/nio/CharBuffer//get [] []]
src/main/java/org/apache/commons/compress/archivers/zip/NioZipEncoding.java: error: unknown import
	data: java/nio/ByteBuffer
src/main/java/org/apache/commons/compress/archivers/zip/NioZipEncoding.java: error: unknown import
	data: java/nio/charset/Charset
src/main/java/org/apache/commons/compress/archivers/zip/NioZipEncoding.java: error: unknown import
	data: java/nio/charset/CharsetEncoder
src/main/java/org/apache/commons/compress/archivers/zip/NioZipEncoding.java: error: unknown import
	data: java/nio/charset/CoderResult
src/main/java/org/apache/commons/compress/archivers/zip/NioZipEncoding.java: error: unknown import
	data: java/nio/charset/CodingErrorAction
src/main/java/org/apache/commons/compress/archivers/zip/NioZipEncoding.java: error: unknown function
	data: [struct(java/nio/CharBuffer, [], [pointer(reference(java/lang/Object))], []) java/nio/CharBuffer//wrap [] [name]]
src/main/java/org/apache/commons/compress/archivers/zip/NioZipEncoding.java: error: unknown function
	data: [pointer(reference(java/nio/CharBuffer)) java/nio/CharBuffer//remaining [] []]
src/main/java/org/apache/commons/compress/archivers/zip/ParallelScatterZipCreator.java: error: unknown import
	data: java/io/File
src/main/java/org/apache/commons/compress/archivers/zip/ParallelScatterZipCreator.java: error: unknown function
	data: [struct(java/lang/System, [], [pointer(reference(java/lang/Object))], []) java/lang/System//currentTimeMillis [] []]
src/main/java/org/apache/commons/compress/archivers/zip/ParallelScatterZipCreator.java: error: unknown field
	data: [this struct(org/apache/commons/compress/archivers/zip/ParallelScatterZipCreator, [], [pointer(reference(java/lang/Object))], []) Runtime]
src/main/java/org/apache/commons/compress/archivers/zip/ParallelScatterZipCreator.java: unsupported: unsupported AST node
	data: genericInstance(unsupported(java/util/concurrent/Future), [wildcard(, pointer(reference(java/lang/Object)))])
src/main/java/org/apache/commons/compress/archivers/zip/ParallelScatterZipCreator.java: error: unknown import
	data: org/apache/commons/compress/parallel/InputStreamSupplier
src/main/java/org/apache/commons/compress/archivers/zip/ParallelScatterZipCreator.java: error: unknown import
	data: org/apache/commons/compress/parallel/ScatterGatherBackingStore
src/main/java/org/apache/commons/compress/archivers/zip/ParallelScatterZipCreator.java: error: unknown import
	data: org/apache/commons/compress/parallel/ScatterGatherBackingStoreSupplier
src/main/java/org/apache/commons/compress/archivers/zip/ParallelScatterZipCreator.java: error: unknown import
	data: java/util/concurrent/Executors
src/main/java/org/apache/commons/compress/archivers/zip/ParallelScatterZipCreator.java: error: unknown import
	data: java/util/concurrent/TimeUnit
src/main/java/org/apache/commons/compress/archivers/zip/ParallelScatterZipCreator.java: error: unknown function
	data: [<nil> synchronizedList [] [call(java/util/ArrayList//ArrayList!d41d8cd98f00b204e9800998ecf8427e, [])]]
src/main/java/org/apache/commons/compress/archivers/zip/ParallelScatterZipCreator.java: error: unknown function
	data: [<nil> java/lang/String//internalToString [] [zipArchiveEntry]]
src/main/java/org/apache/commons/compress/archivers/zip/ParallelScatterZipCreator.java: error: unknown import
	data: org/apache/commons/compress/parallel/FileBasedScatterGatherBackingStore
src/main/java/org/apache/commons/compress/archivers/zip/ParallelScatterZipCreator.java: error: unknown import
	data: java/util/concurrent/ExecutorService
src/main/java/org/apache/commons/compress/archivers/zip/ParallelScatterZipCreator.java: error: unknown import
	data: java/util/concurrent/atomic/AtomicInteger
src/main/java/org/apache/commons/compress/archivers/zip/ParallelScatterZipCreator.java: error: unknown import
	data: java/util/zip/Deflater
src/main/java/org/apache/commons/compress/archivers/zip/ParallelScatterZipCreator.java: error: unknown import
	data: java/util/Collections/synchronizedList
src/main/java/org/apache/commons/compress/archivers/zip/ParallelScatterZipCreator.java: unsupported: unsupported type
	data: primitive(int, 32, false) vs pointer(reference(org/apache/commons/compress/archivers/zip/ZipMethod))
src/main/java/org/apache/commons/compress/archivers/zip/ParallelScatterZipCreator.java: error: unknown import
	data: java/util/concurrent/Callable
src/main/java/org/apache/commons/compress/archivers/zip/ParallelScatterZipCreator.java: error: unknown import
	data: java/util/concurrent/ExecutionException
src/main/java/org/apache/commons/compress/archivers/zip/ParallelScatterZipCreator.java: error: unknown import
	data: java/util/concurrent/Future
src/main/java/org/apache/commons/compress/archivers/zip/ParallelScatterZipCreator.java: error: unknown type
	data: ThreadLocal
src/main/java/org/apache/commons/compress/archivers/zip/ScatterZipOutputStream.java: error: an unsupported collection type has been used for this operation
	data: genericInstance(unsupported(java/util/Queue), [pointer(reference(org/apache/commons/compress/archivers/zip/ScatterZipOutputStream//CompressedEntry))])
src/main/java/org/apache/commons/compress/archivers/zip/ScatterZipOutputStream.java: error: unknown function
	data: [pointer(reference(org/apache/commons/compress/archivers/zip/ZipArchiveEntry)) org/apache/commons/compress/archivers/zip/ZipArchiveEntry//setCompressedSize [] [select(this, compressedSize)]]
src/main/java/org/apache/commons/compress/archivers/zip/ScatterZipOutputStream.java: error: unknown import
	data: org/apache/commons/compress/parallel/FileBasedScatterGatherBackingStore
src/main/java/org/apache/commons/compress/archivers/zip/ScatterZipOutputStream.java: error: unknown import
	data: org/apache/commons/compress/parallel/ScatterGatherBackingStore
src/main/java/org/apache/commons/compress/archivers/zip/ScatterZipOutputStream.java: error: unknown import
	data: java/io/File
src/main/java/org/apache/commons/compress/archivers/zip/ScatterZipOutputStream.java: error: unknown import
	data: java/util/Queue
src/main/java/org/apache/commons/compress/archivers/zip/ScatterZipOutputStream.java: error: unknown import
	data: java/util/concurrent/ConcurrentLinkedQueue
src/main/java/org/apache/commons/compress/archivers/zip/ScatterZipOutputStream.java: error: unknown function
	data: [pointer(reference(org/apache/commons/compress/archivers/zip/ZipArchiveEntry)) org/apache/commons/compress/archivers/zip/ZipArchiveEntry//setCrc [] [select(this, crc)]]
src/main/java/org/apache/commons/compress/archivers/zip/ScatterZipOutputStream.java: error: unknown import
	data: org/apache/commons/compress/utils/BoundedInputStream
src/main/java/org/apache/commons/compress/archivers/zip/ScatterZipOutputStream.java: error: unknown import
	data: java/util/zip/Deflater
src/main/java/org/apache/commons/compress/archivers/zip/ScatterZipOutputStream.java: unsupported: unsupported AST node
	data: genericInstance(unsupported(java/util/Queue), [pointer(reference(org/apache/commons/compress/archivers/zip/ScatterZipOutputStream//CompressedEntry))])
src/main/java/org/apache/commons/compress/archivers/zip/Simple8BitZipEncoding.java: error: unknown import
	data: java/util/Collections
src/main/java/org/apache/commons/compress/archivers/zip/Simple8BitZipEncoding.java: error: not a named type
	data: array(primitive(char, 16, true), primitive(int, 32, false), 0)
src/main/java/org/apache/commons/compress/archivers/zip/Simple8BitZipEncoding.java: error: unknown function
	data: [<nil> java/util/ArrayList//ArrayList [pointer(reference(org/apache/commons/compress/archivers/zip/Simple8BitZipEncoding//Simple8BitChar))] [len(ensure_not_nil(select(this, highChars)))]]
src/main/java/org/apache/commons/compress/archivers/zip/Simple8BitZipEncoding.java: error: unknown import
	data: java/nio/ByteBuffer
src/main/java/org/apache/commons/compress/archivers/zip/StreamCompressor.java: error: unknown field
	data: [ZipArchiveEntry struct(org/apache/commons/compress/archivers/zip/ZipArchiveEntry, [], [unsupported(java/util/zip/ZipEntry)], [reference(org/apache/commons/compress/archivers/ArchiveEntry)]) DEFLATED]
src/main/java/org/apache/commons/compress/archivers/zip/StreamCompressor.java: internal error: no supported constructor available
	data: [struct(org/apache/commons/compress/archivers/zip/StreamCompressor, [], [pointer(reference(java/lang/Object))], [reference(java/io/Closeable)]) function(variable(this, pointer(reference(java/lang/Object))), java/lang/Object//@@constructor!d41d8cd98f00b204e9800998ecf8427e, [], [variable(, pointer(reference(java/lang/Object)))], block([return([this])]))]
src/main/java/org/apache/commons/compress/archivers/zip/StreamCompressor.java: internal error: no supported constructor available
	data: [struct(org/apache/commons/compress/archivers/zip/StreamCompressor, [], [pointer(reference(java/lang/Object))], [reference(java/io/Closeable)]) function(variable(this, pointer(reference(java/lang/Object))), java/lang/Object//@@constructor!d41d8cd98f00b204e9800998ecf8427e, [], [variable(, pointer(reference(java/lang/Object)))], block([return([this])]))]
src/main/java/org/apache/commons/compress/archivers/zip/StreamCompressor.java: error: unknown import
	data: org/apache/commons/compress/parallel/ScatterGatherBackingStore
src/main/java/org/apache/commons/compress/archivers/zip/StreamCompressor.java: error: unknown import
	data: java/io/DataOutput
src/main/java/org/apache/commons/compress/archivers/zip/StreamCompressor.java: error: unknown import
	data: java/util/zip/CRC32
src/main/java/org/apache/commons/compress/archivers/zip/StreamCompressor.java: error: unknown field
	data: [ZipArchiveEntry struct(org/apache/commons/compress/archivers/zip/ZipArchiveEntry, [], [unsupported(java/util/zip/ZipEntry)], [reference(org/apache/commons/compress/archivers/ArchiveEntry)]) DEFLATED]
src/main/java/org/apache/commons/compress/archivers/zip/StreamCompressor.java: internal error: no supported constructor available
	data: [struct(org/apache/commons/compress/archivers/zip/StreamCompressor, [], [pointer(reference(java/lang/Object))], [reference(java/io/Closeable)]) function(variable(this, pointer(reference(java/lang/Object))), java/lang/Object//@@constructor!d41d8cd98f00b204e9800998ecf8427e, [], [variable(, pointer(reference(java/lang/Object)))], block([return([this])]))]
src/main/java/org/apache/commons/compress/archivers/zip/StreamCompressor.java: error: unknown import
	data: java/util/zip/Deflater
src/main/java/org/apache/commons/compress/archivers/zip/UnparseableExtraFieldData.java: error: unknown function
	data: [struct(java/lang/System, [], [pointer(reference(java/lang/Object))], []) java/lang/System//arraycopy [] [buffer offset select(this, localFileData) 0 length]]
src/main/java/org/apache/commons/compress/archivers/zip/UnparseableExtraFieldData.java: error: unknown function
	data: [struct(java/lang/System, [], [pointer(reference(java/lang/Object))], []) java/lang/System//arraycopy [] [buffer offset select(this, centralDirectoryData) 0 length]]
src/main/java/org/apache/commons/compress/archivers/zip/UnrecognizedExtraField.java: error: unknown function
	data: [struct(java/lang/System, [], [pointer(reference(java/lang/Object))], []) java/lang/System//arraycopy [] [data offset tmp 0 length]]
src/main/java/org/apache/commons/compress/archivers/zip/UnrecognizedExtraField.java: error: unknown function
	data: [struct(java/lang/System, [], [pointer(reference(java/lang/Object))], []) java/lang/System//arraycopy [] [data offset tmp 0 length]]
src/main/java/org/apache/commons/compress/archivers/zip/UnshrinkingInputStream.java: error: unknown field
	data: [this struct(org/apache/commons/compress/archivers/zip/UnshrinkingInputStream, [], [unsupported(org/apache/commons/compress/compressors/lzw/LZWInputStream)], []) codeSize]
src/main/java/org/apache/commons/compress/archivers/zip/UnshrinkingInputStream.java: error: unknown function
	data: [<nil> setClearCode [] [unsupported]]
src/main/java/org/apache/commons/compress/archivers/zip/UnshrinkingInputStream.java: error: unknown function
	data: [<nil> initializeTables [] [org/apache/commons/compress/archivers/zip/UnshrinkingInputStream//MAX_CODE_SIZE]]
src/main/java/org/apache/commons/compress/archivers/zip/UnshrinkingInputStream.java: error: illegal operator
	data: x++(unsupported)
src/main/java/org/apache/commons/compress/archivers/zip/UnshrinkingInputStream.java: unsupported: unsupported index operator
	data: unsupported(@@unsupported)
src/main/java/org/apache/commons/compress/archivers/zip/UnshrinkingInputStream.java: error: unknown function
	data: [<nil> readNextCode [] []]
src/main/java/org/apache/commons/compress/archivers/zip/UnshrinkingInputStream.java: error: unknown field
	data: [this struct(org/apache/commons/compress/archivers/zip/UnshrinkingInputStream, [], [unsupported(org/apache/commons/compress/compressors/lzw/LZWInputStream)], []) tableSize]
src/main/java/org/apache/commons/compress/archivers/zip/UnshrinkingInputStream.java: error: unknown import
	data: java/nio/ByteOrder
src/main/java/org/apache/commons/compress/archivers/zip/UnshrinkingInputStream.java: error: unknown field
	data: [this struct(org/apache/commons/compress/archivers/zip/UnshrinkingInputStream, [], [unsupported(org/apache/commons/compress/compressors/lzw/LZWInputStream)], []) codeSize]
src/main/java/org/apache/commons/compress/archivers/zip/UnshrinkingInputStream.java: error: unknown field
	data: [this struct(org/apache/commons/compress/archivers/zip/UnshrinkingInputStream, [], [unsupported(org/apache/commons/compress/compressors/lzw/LZWInputStream)], []) prefixes]
src/main/java/org/apache/commons/compress/archivers/zip/UnshrinkingInputStream.java: error: unknown import
	data: org/apache/commons/compress/compressors/lzw/LZWInputStream
src/main/java/org/apache/commons/compress/archivers/zip/UnshrinkingInputStream.java: error: unknown field
	data: [this struct(org/apache/commons/compress/archivers/zip/UnshrinkingInputStream, [], [unsupported(org/apache/commons/compress/compressors/lzw/LZWInputStream)], []) tableSize]
src/main/java/org/apache/commons/compress/archivers/zip/UnshrinkingInputStream.java: unsupported: unsupported index operator
	data: unsupported(@@unsupported)
src/main/java/org/apache/commons/compress/archivers/zip/UnshrinkingInputStream.java: error: unknown field
	data: [this struct(org/apache/commons/compress/archivers/zip/UnshrinkingInputStream, [], [unsupported(org/apache/commons/compress/compressors/lzw/LZWInputStream)], []) clearCode]
src/main/java/org/apache/commons/compress/archivers/zip/UnshrinkingInputStream.java: error: illegal operator
	data: x++(unsupported)
src/main/java/org/apache/commons/compress/archivers/zip/UnshrinkingInputStream.java: error: unknown function
	data: [<nil> addRepeatOfPreviousCode [] []]
src/main/java/org/apache/commons/compress/archivers/zip/UnshrinkingInputStream.java: error: unknown function
	data: [<nil> expandCodeToOutputStack [] [effectiveCode addedUnfinishedEntry]]
src/main/java/org/apache/commons/compress/archivers/zip/UnshrinkingInputStream.java: error: unknown field
	data: [this struct(org/apache/commons/compress/archivers/zip/UnshrinkingInputStream, [], [unsupported(org/apache/commons/compress/compressors/lzw/LZWInputStream)], []) prefixes]
src/main/java/org/apache/commons/compress/archivers/zip/UnshrinkingInputStream.java: error: unknown field
	data: [this struct(org/apache/commons/compress/archivers/zip/UnshrinkingInputStream, [], [unsupported(org/apache/commons/compress/compressors/lzw/LZWInputStream)], []) tableSize]
src/main/java/org/apache/commons/compress/archivers/zip/UnshrinkingInputStream.java: error: unknown field
	data: [this struct(org/apache/commons/compress/archivers/zip/UnshrinkingInputStream, [], [unsupported(org/apache/commons/compress/compressors/lzw/LZWInputStream)], []) clearCode]
src/main/java/org/apache/commons/compress/archivers/zip/UnshrinkingInputStream.java: internal error: expression does not have the same type as the targeted index type
	data: make(array(primitive(bool, 0, false), primitive(int, 32, false), 0), unsupported)
src/main/java/org/apache/commons/compress/archivers/zip/UnshrinkingInputStream.java: error: unknown function
	data: [<nil> addEntry [] [previousCode character org/apache/commons/compress/archivers/zip/UnshrinkingInputStream//MAX_TABLE_SIZE]]
src/main/java/org/apache/commons/compress/archivers/zip/UnshrinkingInputStream.java: unsupported: unsupported index operator
	data: unsupported(@@unsupported)
src/main/java/org/apache/commons/compress/archivers/zip/UnshrinkingInputStream.java: error: unknown field
	data: [this struct(org/apache/commons/compress/archivers/zip/UnshrinkingInputStream, [], [unsupported(org/apache/commons/compress/compressors/lzw/LZWInputStream)], []) clearCode]
src/main/java/org/apache/commons/compress/archivers/zip/UnsupportedZipFeatureException.java: error: unknown import
	data: java/util/zip/ZipException
src/main/java/org/apache/commons/compress/archivers/zip/X5455_ExtendedTimestamp.java: error: unknown function
	data: [struct(java/lang/Object, [], [], []) java/lang/Object//clone [] []]
src/main/java/org/apache/commons/compress/archivers/zip/X5455_ExtendedTimestamp.java: error: unknown import
	data: java/util/Date
src/main/java/org/apache/commons/compress/archivers/zip/X5455_ExtendedTimestamp.java: error: unknown import
	data: java/util/zip/ZipException
src/main/java/org/apache/commons/compress/archivers/zip/X5455_ExtendedTimestamp.java: error: unknown function
	data: [struct(java/lang/System, [], [pointer(reference(java/lang/Object))], []) java/lang/System//arraycopy [] [call(select(ensure_not_nil(select(this, modifyTime)), getBytes!d41d8cd98f00b204e9800998ecf8427e), []) 0 data pos 4]]
src/main/java/org/apache/commons/compress/archivers/zip/X5455_ExtendedTimestamp.java: error: unknown function
	data: [struct(java/lang/System, [], [pointer(reference(java/lang/Object))], []) java/lang/System//arraycopy [] [call(select(ensure_not_nil(select(this, accessTime)), getBytes!d41d8cd98f00b204e9800998ecf8427e), []) 0 data pos 4]]
src/main/java/org/apache/commons/compress/archivers/zip/X5455_ExtendedTimestamp.java: error: unknown function
	data: [struct(java/lang/System, [], [pointer(reference(java/lang/Object))], []) java/lang/System//arraycopy [] [call(select(ensure_not_nil(select(this, createTime)), getBytes!d41d8cd98f00b204e9800998ecf8427e), []) 0 data pos 4]]
src/main/java/org/apache/commons/compress/archivers/zip/X5455_ExtendedTimestamp.java: error: unknown function
	data: [struct(java/lang/System, [], [pointer(reference(java/lang/Object))], []) java/lang/System//arraycopy [] [localData 0 centralData 0 len(ensure_not_nil(centralData))]]
src/main/java/org/apache/commons/compress/archivers/zip/X7875_NewUnix.java: error: unknown function
	data: [struct(java/lang/System, [], [pointer(reference(java/lang/Object))], []) java/lang/System//arraycopy [] [data offset gidBytes 0 gidSize]]
src/main/java/org/apache/commons/compress/archivers/zip/X7875_NewUnix.java: error: unknown function
	data: [struct(java/lang/Object, [], [], []) java/lang/Object//clone [] []]
src/main/java/org/apache/commons/compress/archivers/zip/X7875_NewUnix.java: error: unknown function
	data: [struct(java/lang/System, [], [pointer(reference(java/lang/Object))], []) java/lang/System//arraycopy [] [array pos trimmedArray startPos -(len(ensure_not_nil(trimmedArray)), startPos)]]
src/main/java/org/apache/commons/compress/archivers/zip/X7875_NewUnix.java: error: unknown import
	data: java/math/BigInteger
src/main/java/org/apache/commons/compress/archivers/zip/X7875_NewUnix.java: error: unknown import
	data: java/util/zip/ZipException
src/main/java/org/apache/commons/compress/archivers/zip/X7875_NewUnix.java: error: unknown function
	data: [struct(java/lang/System, [], [pointer(reference(java/lang/Object))], []) java/lang/System//arraycopy [] [uidBytes 0 data pos len(ensure_not_nil(uidBytes))]]
src/main/java/org/apache/commons/compress/archivers/zip/X7875_NewUnix.java: error: unknown function
	data: [struct(java/lang/System, [], [pointer(reference(java/lang/Object))], []) java/lang/System//arraycopy [] [gidBytes 0 data pos len(ensure_not_nil(gidBytes))]]
src/main/java/org/apache/commons/compress/archivers/zip/X7875_NewUnix.java: error: unknown function
	data: [struct(java/lang/System, [], [pointer(reference(java/lang/Object))], []) java/lang/System//arraycopy [] [data offset uidBytes 0 uidSize]]
src/main/java/org/apache/commons/compress/archivers/zip/Zip64ExtendedInformationExtraField.java: error: unknown function
	data: [struct(java/lang/System, [], [pointer(reference(java/lang/Object))], []) java/lang/System//arraycopy [] [call(select(ensure_not_nil(select(this, relativeHeaderOffset)), getBytes!d41d8cd98f00b204e9800998ecf8427e), []) 0 data off org/apache/commons/compress/archivers/zip/ZipConstants//DWORD]]
src/main/java/org/apache/commons/compress/archivers/zip/Zip64ExtendedInformationExtraField.java: error: unknown function
	data: [struct(java/lang/System, [], [pointer(reference(java/lang/Object))], []) java/lang/System//arraycopy [] [call(select(ensure_not_nil(select(this, diskStart)), getBytes!d41d8cd98f00b204e9800998ecf8427e), []) 0 data off org/apache/commons/compress/archivers/zip/ZipConstants//WORD]]
src/main/java/org/apache/commons/compress/archivers/zip/Zip64ExtendedInformationExtraField.java: error: unknown function
	data: [struct(java/lang/System, [], [pointer(reference(java/lang/Object))], []) java/lang/System//arraycopy [] [buffer offset select(this, rawCentralDirectoryData) 0 length]]
src/main/java/org/apache/commons/compress/archivers/zip/Zip64ExtendedInformationExtraField.java: error: unknown function
	data: [struct(java/lang/System, [], [pointer(reference(java/lang/Object))], []) java/lang/System//arraycopy [] [call(select(ensure_not_nil(select(this, size)), getBytes!d41d8cd98f00b204e9800998ecf8427e), []) 0 data 0 org/apache/commons/compress/archivers/zip/ZipConstants//DWORD]]
src/main/java/org/apache/commons/compress/archivers/zip/Zip64ExtendedInformationExtraField.java: error: unknown function
	data: [struct(java/lang/System, [], [pointer(reference(java/lang/Object))], []) java/lang/System//arraycopy [] [call(select(ensure_not_nil(select(this, compressedSize)), getBytes!d41d8cd98f00b204e9800998ecf8427e), []) 0 data off org/apache/commons/compress/archivers/zip/ZipConstants//DWORD]]
src/main/java/org/apache/commons/compress/archivers/zip/Zip64ExtendedInformationExtraField.java: error: unknown import
	data: java/util/zip/ZipException
src/main/java/org/apache/commons/compress/archivers/zip/Zip64RequiredException.java: error: unknown import
	data: java/util/zip/ZipException
src/main/java/org/apache/commons/compress/archivers/zip/ZipArchiveEntry.java: unsupported: unsupported type
	data: reference(org/apache/commons/compress/archivers/zip/ZipExtraField) vs pointer(reference(org/apache/commons/compress/archivers/zip/UnparseableExtraFieldData))
src/main/java/org/apache/commons/compress/archivers/zip/ZipArchiveEntry.java: error: unknown function
	data: [pointer(reference(java/lang/String)) java/lang/String//contains [] ["/"]]
src/main/java/org/apache/commons/compress/archivers/zip/ZipArchiveEntry.java: error: unknown function
	data: [<nil> setTime [] [unsupported]]
src/main/java/org/apache/commons/compress/archivers/zip/ZipArchiveEntry.java: unsupported: unsupported type
	data: ==(parseableExtraFields, select(this, extraFields))
src/main/java/org/apache/commons/compress/archivers/zip/ZipArchiveEntry.java: error: unknown function
	data: [struct(java/lang/System, [], [pointer(reference(java/lang/Object))], []) java/lang/System//arraycopy [] [select(this, rawName) 0 b 0 len(ensure_not_nil(select(this, rawName)))]]
src/main/java/org/apache/commons/compress/archivers/zip/ZipArchiveEntry.java: error: unknown function
	data: [<nil> getCompressedSize [] []]
src/main/java/org/apache/commons/compress/archivers/zip/ZipArchiveEntry.java: error: unknown import
	data: java/util/zip/ZipException
src/main/java/org/apache/commons/compress/archivers/zip/ZipArchiveEntry.java: error: unknown type
	data: java/util/zip/ZipEntry
src/main/java/org/apache/commons/compress/archivers/zip/ZipArchiveEntry.java: error: unknown function
	data: [<nil> getExtra [] []]
src/main/java/org/apache/commons/compress/archivers/zip/ZipArchiveEntry.java: error: unknown function
	data: [<nil> getComment [] []]
src/main/java/org/apache/commons/compress/archivers/zip/ZipArchiveEntry.java: error: unknown import
	data: java/io/File
src/main/java/org/apache/commons/compress/archivers/zip/ZipArchiveEntry.java: unsupported: unsupported type
	data: pointer(reference(java/lang/Object)) vs pointer(reference(org/apache/commons/compress/archivers/zip/ZipArchiveEntry))
src/main/java/org/apache/commons/compress/archivers/zip/ZipArchiveEntry.java: unsupported: unsupported type
	data: array(reference(org/apache/commons/compress/archivers/zip/ZipExtraField), primitive(int, 32, false), 0) vs array(pointer(reference(java/lang/Object)), primitive(int, 32, false), 0)
src/main/java/org/apache/commons/compress/archivers/zip/ZipArchiveEntry.java: error: unknown function
	data: [struct(java/lang/System, [], [pointer(reference(java/lang/Object))], []) java/lang/System//arraycopy [] [src 0 cpy 0 call(java/lang/Math//min!2ac0ebcb23011db97774191b8c6fdbe3, [len(ensure_not_nil(src)), length])]]
src/main/java/org/apache/commons/compress/archivers/zip/ZipArchiveEntry.java: error: unknown function
	data: [struct(java/lang/System, [], [pointer(reference(java/lang/Object))], []) java/lang/System//arraycopy [] [copy 0 select(this, extraFields) 1 -(len(ensure_not_nil(select(this, extraFields))), 1)]]
src/main/java/org/apache/commons/compress/archivers/zip/ZipArchiveEntry.java: error: unknown function
	data: [pointer(reference(org/apache/commons/compress/archivers/zip/ZipArchiveEntry)) org/apache/commons/compress/archivers/zip/ZipArchiveEntry//getCrc [] []]
src/main/java/org/apache/commons/compress/archivers/zip/ZipArchiveEntry.java: error: unknown import
	data: java/util/Arrays
src/main/java/org/apache/commons/compress/archivers/zip/ZipArchiveEntry.java: error: unknown type
	data: java/util/NoSuchElementException
src/main/java/org/apache/commons/compress/archivers/zip/ZipArchiveEntry.java: error: unknown function
	data: [pointer(reference(java/lang/Object)) java/lang/Object//getClass [] []]
src/main/java/org/apache/commons/compress/archivers/zip/ZipArchiveEntry.java: error: unknown function
	data: [pointer(reference(org/apache/commons/compress/archivers/zip/ZipArchiveEntry)) org/apache/commons/compress/archivers/zip/ZipArchiveEntry//getComment [] []]
src/main/java/org/apache/commons/compress/archivers/zip/ZipArchiveEntry.java: unsupported: unsupported type
	data: primitive(int, 32, false) vs pointer(reference(org/apache/commons/compress/archivers/zip/ZipMethod))
src/main/java/org/apache/commons/compress/archivers/zip/ZipArchiveEntry.java: unsupported: unsupported type
	data: ==(allExtraFieldsNoCopy, select(this, extraFields))
src/main/java/org/apache/commons/compress/archivers/zip/ZipArchiveEntry.java: error: unknown import
	data: java/util/Date
src/main/java/org/apache/commons/compress/archivers/zip/ZipArchiveEntry.java: error: unknown function
	data: [<nil> getClass [] []]
src/main/java/org/apache/commons/compress/archivers/zip/ZipArchiveEntry.java: error: unknown function
	data: [<nil> getTime [] []]
src/main/java/org/apache/commons/compress/archivers/zip/ZipArchiveEntry.java: error: unknown function
	data: [pointer(reference(org/apache/commons/compress/archivers/zip/ZipArchiveEntry)) org/apache/commons/compress/archivers/zip/ZipArchiveEntry//getTime [] []]
src/main/java/org/apache/commons/compress/archivers/zip/ZipArchiveEntry.java: error: unknown function
	data: [<nil> getCrc [] []]
src/main/java/org/apache/commons/compress/archivers/zip/ZipArchiveEntry.java: error: unknown function
	data: [pointer(reference(org/apache/commons/compress/archivers/zip/ZipArchiveEntry)) org/apache/commons/compress/archivers/zip/ZipArchiveEntry//getCompressedSize [] []]
src/main/java/org/apache/commons/compress/archivers/zip/ZipArchiveEntry.java: unsupported: unsupported type
	data: pointer(reference(org/apache/commons/compress/archivers/zip/ZipArchiveEntry)) vs pointer(reference(java/lang/Object))
src/main/java/org/apache/commons/compress/archivers/zip/ZipArchiveEntryRequest.java: error: unknown import
	data: org/apache/commons/compress/parallel/InputStreamSupplier
src/main/java/org/apache/commons/compress/archivers/zip/ZipArchiveInputStream.java: unsupported: unsupported index operator
	data: unsupported(@@unsupported)
src/main/java/org/apache/commons/compress/archivers/zip/ZipArchiveInputStream.java: unsupported: unsupported index operator
	data: unsupported(@@unsupported)
src/main/java/org/apache/commons/compress/archivers/zip/ZipArchiveInputStream.java: error: unknown import
	data: java/util/zip/CRC32
src/main/java/org/apache/commons/compress/archivers/zip/ZipArchiveInputStream.java: error: unknown import
	data: java/util/zip/Inflater
src/main/java/org/apache/commons/compress/archivers/zip/ZipArchiveInputStream.java: error: unknown import
	data: java/util/zip/ZipException
src/main/java/org/apache/commons/compress/archivers/zip/ZipArchiveInputStream.java: error: unknown function
	data: [struct(org/apache/commons/compress/archivers/zip/ZipArchiveEntry, [], [unsupported(java/util/zip/ZipEntry)], [reference(org/apache/commons/compress/archivers/ArchiveEntry)]) org/apache/commons/compress/archivers/zip/ZipArchiveEntry//setTime [] [time]]
src/main/java/org/apache/commons/compress/archivers/zip/ZipArchiveInputStream.java: unsupported: unsupported index operator
	data: unsupported(@@unsupported)
src/main/java/org/apache/commons/compress/archivers/zip/ZipArchiveInputStream.java: error: unknown import
	data: java/io/PushbackInputStream
src/main/java/org/apache/commons/compress/archivers/zip/ZipArchiveInputStream.java: error: unknown function
	data: [struct(org/apache/commons/compress/archivers/zip/ZipArchiveEntry, [], [unsupported(java/util/zip/ZipEntry)], [reference(org/apache/commons/compress/archivers/ArchiveEntry)]) org/apache/commons/compress/archivers/zip/ZipArchiveEntry//getCompressedSize [] []]
src/main/java/org/apache/commons/compress/archivers/zip/ZipArchiveInputStream.java: error: unknown function
	data: [struct(java/lang/System, [], [pointer(reference(java/lang/Object))], []) java/lang/System//arraycopy [] [lfh 4 lfh 0 -(org/apache/commons/compress/archivers/zip/ZipArchiveInputStream//LFH_LEN, 4)]]
src/main/java/org/apache/commons/compress/archivers/zip/ZipArchiveInputStream.java: error: unknown function
	data: [struct(org/apache/commons/compress/archivers/zip/ZipArchiveEntry, [], [unsupported(java/util/zip/ZipEntry)], [reference(org/apache/commons/compress/archivers/ArchiveEntry)]) org/apache/commons/compress/archivers/zip/ZipArchiveEntry//setCompressedSize [] [call(org/apache/commons/compress/archivers/zip/ZipLong//getValue!2dcfcbf77da22bb3290a2dcf338b4c85, [select(this, TWO_DWORD_BUF)])]]
src/main/java/org/apache/commons/compress/archivers/zip/ZipArchiveInputStream.java: error: unknown function
	data: [struct(org/apache/commons/compress/archivers/zip/ZipArchiveEntry, [], [unsupported(java/util/zip/ZipEntry)], [reference(org/apache/commons/compress/archivers/ArchiveEntry)]) org/apache/commons/compress/archivers/zip/ZipArchiveEntry//setCompressedSize [] [call(org/apache/commons/compress/archivers/zip/ZipEightByteInteger//getLongValue!2dcfcbf77da22bb3290a2dcf338b4c85, [select(this, TWO_DWORD_BUF)])]]
src/main/java/org/apache/commons/compress/archivers/zip/ZipArchiveInputStream.java: unsupported: unsupported index operator
	data: unsupported(@@unsupported)
src/main/java/org/apache/commons/compress/archivers/zip/ZipArchiveInputStream.java: error: unknown import
	data: java/io/EOFException
src/main/java/org/apache/commons/compress/archivers/zip/ZipArchiveInputStream.java: error: unknown import
	data: java/nio/ByteBuffer
src/main/java/org/apache/commons/compress/archivers/zip/ZipArchiveInputStream.java: error: unknown import
	data: java/util/zip/DataFormatException
src/main/java/org/apache/commons/compress/archivers/zip/ZipArchiveInputStream.java: error: unknown import
	data: org/apache/commons/compress/utils/IOUtils
src/main/java/org/apache/commons/compress/archivers/zip/ZipArchiveInputStream.java: error: unknown function
	data: [struct(java/lang/System, [], [pointer(reference(java/lang/Object))], []) java/lang/System//arraycopy [] [missedLfhBytes 0 lfh -(org/apache/commons/compress/archivers/zip/ZipArchiveInputStream//LFH_LEN, 4) 4]]
src/main/java/org/apache/commons/compress/archivers/zip/ZipArchiveInputStream.java: error: unknown function
	data: [struct(org/apache/commons/compress/archivers/zip/ZipArchiveEntry, [], [unsupported(java/util/zip/ZipEntry)], [reference(org/apache/commons/compress/archivers/ArchiveEntry)]) org/apache/commons/compress/archivers/zip/ZipArchiveEntry//setCompressedSize [] [call(select(ensure_not_nil(call(select(ensure_not_nil(z64), getCompressedSize!d41d8cd98f00b204e9800998ecf8427e), [])), getLongValue!d41d8cd98f00b204e9800998ecf8427e), [])]]
src/main/java/org/apache/commons/compress/archivers/zip/ZipArchiveInputStream.java: unsupported: unsupported index operator
	data: unsupported(@@unsupported)
src/main/java/org/apache/commons/compress/archivers/zip/ZipArchiveInputStream.java: error: unknown function
	data: [struct(org/apache/commons/compress/archivers/zip/ZipArchiveEntry, [], [unsupported(java/util/zip/ZipEntry)], [reference(org/apache/commons/compress/archivers/ArchiveEntry)]) org/apache/commons/compress/archivers/zip/ZipArchiveEntry//setCrc [] [call(select(ensure_not_nil(val), getValue!d41d8cd98f00b204e9800998ecf8427e), [])]]
src/main/java/org/apache/commons/compress/archivers/zip/ZipArchiveInputStream.java: unsupported: unsupported index operator
	data: unsupported(@@unsupported)
src/main/java/org/apache/commons/compress/archivers/zip/ZipArchiveInputStream.java: unsupported: unsupported index operator
	data: unsupported(@@unsupported)
src/main/java/org/apache/commons/compress/archivers/zip/ZipArchiveInputStream.java: error: unknown function
	data: [struct(org/apache/commons/compress/archivers/zip/ZipArchiveEntry, [], [unsupported(java/util/zip/ZipEntry)], [reference(org/apache/commons/compress/archivers/ArchiveEntry)]) org/apache/commons/compress/archivers/zip/ZipArchiveEntry//setCompressedSize [] [call(select(ensure_not_nil(cSize), getValue!d41d8cd98f00b204e9800998ecf8427e), [])]]
src/main/java/org/apache/commons/compress/archivers/zip/ZipArchiveInputStream.java: error: unknown import
	data: java/io/ByteArrayInputStream
src/main/java/org/apache/commons/compress/archivers/zip/ZipArchiveInputStream.java: error: unknown import
	data: java/io/ByteArrayOutputStream
src/main/java/org/apache/commons/compress/archivers/zip/ZipArchiveInputStream.java: error: unknown function
	data: [struct(org/apache/commons/compress/archivers/zip/ZipArchiveEntry, [], [unsupported(java/util/zip/ZipEntry)], [reference(org/apache/commons/compress/archivers/ArchiveEntry)]) org/apache/commons/compress/archivers/zip/ZipArchiveEntry//setCrc [] [call(org/apache/commons/compress/archivers/zip/ZipLong//getValue!b88fafa2b0b36aed4d82151230ff9ae6, [select(this, LFH_BUF), off])]]
src/main/java/org/apache/commons/compress/archivers/zip/ZipArchiveInputStream.java: error: unknown import
	data: java/util/zip/ZipEntry
src/main/java/org/apache/commons/compress/archivers/zip/ZipArchiveInputStream.java: unsupported: unsupported index operator
	data: unsupported(@@unsupported)
src/main/java/org/apache/commons/compress/archivers/zip/ZipArchiveOutputStream.java: error: unknown function
	data: [struct(java/lang/System, [], [pointer(reference(java/lang/Object))], []) java/lang/System//arraycopy [] [org/apache/commons/compress/archivers/zip/ZipArchiveOutputStream//LFH_SIG 0 buf org/apache/commons/compress/archivers/zip/ZipArchiveOutputStream//LFH_SIG_OFFSET org/apache/commons/compress/archivers/zip/ZipConstants//WORD]]
src/main/java/org/apache/commons/compress/archivers/zip/ZipArchiveOutputStream.java: error: unknown import
	data: java/util/LinkedList
src/main/java/org/apache/commons/compress/archivers/zip/ZipArchiveOutputStream.java: error: unknown import
	data: java/util/zip/ZipException
src/main/java/org/apache/commons/compress/archivers/zip/ZipArchiveOutputStream.java: error: unknown field
	data: [this struct(org/apache/commons/compress/archivers/zip/ZipArchiveOutputStream, [], [pointer(reference(org/apache/commons/compress/archivers/ArchiveOutputStream))], []) java]
src/main/java/org/apache/commons/compress/archivers/zip/ZipArchiveOutputStream.java: error: unknown function
	data: [struct(org/apache/commons/compress/archivers/zip/ZipArchiveEntry, [], [unsupported(java/util/zip/ZipEntry)], [reference(org/apache/commons/compress/archivers/ArchiveEntry)]) org/apache/commons/compress/archivers/zip/ZipArchiveEntry//getCompressedSize [] []]
src/main/java/org/apache/commons/compress/archivers/zip/ZipArchiveOutputStream.java: error: unknown function
	data: [struct(java/lang/System, [], [pointer(reference(java/lang/Object))], []) java/lang/System//arraycopy [] [org/apache/commons/compress/archivers/zip/ZipArchiveOutputStream//LZERO 0 buf org/apache/commons/compress/archivers/zip/ZipArchiveOutputStream//LFH_ORIGINAL_SIZE_OFFSET org/apache/commons/compress/archivers/zip/ZipConstants//WORD]]
src/main/java/org/apache/commons/compress/archivers/zip/ZipArchiveOutputStream.java: error: unknown import
	data: java/nio/ByteBuffer
src/main/java/org/apache/commons/compress/archivers/zip/ZipArchiveOutputStream.java: error: unknown import
	data: java/util/zip/Deflater
src/main/java/org/apache/commons/compress/archivers/zip/ZipArchiveOutputStream.java: error: unknown function
	data: [pointer(reference(org/apache/commons/compress/archivers/zip/ZipArchiveEntry)) org/apache/commons/compress/archivers/zip/ZipArchiveEntry//getCrc [] []]
src/main/java/org/apache/commons/compress/archivers/zip/ZipArchiveOutputStream.java: error: unknown function
	data: [struct(java/lang/System, [], [pointer(reference(java/lang/Object))], []) java/lang/System//currentTimeMillis [] []]
src/main/java/org/apache/commons/compress/archivers/zip/ZipArchiveOutputStream.java: error: unknown field
	data: [this struct(org/apache/commons/compress/archivers/zip/ZipArchiveOutputStream, [], [pointer(reference(org/apache/commons/compress/archivers/ArchiveOutputStream))], []) java]
src/main/java/org/apache/commons/compress/archivers/zip/ZipArchiveOutputStream.java: error: unknown import
	data: java/io/FileOutputStream
src/main/java/org/apache/commons/compress/archivers/zip/ZipArchiveOutputStream.java: error: unknown import
	data: java/io/RandomAccessFile
src/main/java/org/apache/commons/compress/archivers/zip/ZipArchiveOutputStream.java: error: unknown function
	data: [pointer(reference(org/apache/commons/compress/archivers/zip/ZipArchiveEntry)) org/apache/commons/compress/archivers/zip/ZipArchiveEntry//getTime [] []]
src/main/java/org/apache/commons/compress/archivers/zip/ZipArchiveOutputStream.java: error: unknown function
	data: [struct(java/lang/System, [], [pointer(reference(java/lang/Object))], []) java/lang/System//arraycopy [] [extra 0 buf +(org/apache/commons/compress/archivers/zip/ZipArchiveOutputStream//LFH_FILENAME_OFFSET, nameLen) len(ensure_not_nil(extra))]]
src/main/java/org/apache/commons/compress/archivers/zip/ZipArchiveOutputStream.java: error: unknown function
	data: [struct(java/lang/System, [], [pointer(reference(java/lang/Object))], []) java/lang/System//arraycopy [] [org/apache/commons/compress/archivers/zip/ZipArchiveOutputStream//ZERO 0 buf org/apache/commons/compress/archivers/zip/ZipArchiveOutputStream//CFH_DISK_NUMBER_OFFSET org/apache/commons/compress/archivers/zip/ZipConstants//SHORT]]
src/main/java/org/apache/commons/compress/archivers/zip/ZipArchiveOutputStream.java: error: unknown function
	data: [pointer(reference(org/apache/commons/compress/archivers/zip/ZipArchiveEntry)) org/apache/commons/compress/archivers/zip/ZipArchiveEntry//getCompressedSize [] []]
src/main/java/org/apache/commons/compress/archivers/zip/ZipArchiveOutputStream.java: error: unknown function
	data: [struct(org/apache/commons/compress/archivers/zip/ZipArchiveEntry, [], [unsupported(java/util/zip/ZipEntry)], [reference(org/apache/commons/compress/archivers/ArchiveEntry)]) org/apache/commons/compress/archivers/zip/ZipArchiveEntry//setCompressedSize [] [bytesWritten]]
src/main/java/org/apache/commons/compress/archivers/zip/ZipArchiveOutputStream.java: error: unknown function
	data: [genericInstance(reference(java/util/Map), [pointer(reference(org/apache/commons/compress/archivers/zip/ZipArchiveEntry)), pointer(reference(java/lang/Long))]) java/util/Map<org/apache/commons/compress/archivers/zip/ZipArchiveEntry,java/lang/Long>//get [] [ze]]
src/main/java/org/apache/commons/compress/archivers/zip/ZipArchiveOutputStream.java: error: unknown function
	data: [pointer(reference(org/apache/commons/compress/archivers/zip/ZipArchiveEntry)) org/apache/commons/compress/archivers/zip/ZipArchiveEntry//setTime [] [unsupported]]
src/main/java/org/apache/commons/compress/archivers/zip/ZipArchiveOutputStream.java: error: unknown function
	data: [struct(org/apache/commons/compress/archivers/zip/ZipArchiveEntry, [], [unsupported(java/util/zip/ZipEntry)], [reference(org/apache/commons/compress/archivers/ArchiveEntry)]) org/apache/commons/compress/archivers/zip/ZipArchiveEntry//setCompressedSize [] [call(select(ensure_not_nil(select(select(this, entry), entry)), getSize!d41d8cd98f00b204e9800998ecf8427e), [])]]
src/main/java/org/apache/commons/compress/archivers/zip/ZipArchiveOutputStream.java: error: unknown import
	data: java/util/Calendar
src/main/java/org/apache/commons/compress/archivers/zip/ZipArchiveOutputStream.java: error: unknown import
	data: java/util/HashMap
src/main/java/org/apache/commons/compress/archivers/zip/ZipArchiveOutputStream.java: error: unknown function
	data: [struct(org/apache/commons/compress/archivers/zip/ZipArchiveEntry, [], [unsupported(java/util/zip/ZipEntry)], [reference(org/apache/commons/compress/archivers/ArchiveEntry)]) org/apache/commons/compress/archivers/zip/ZipArchiveEntry//setCrc [] [crc]]
src/main/java/org/apache/commons/compress/archivers/zip/ZipArchiveOutputStream.java: error: unknown function
	data: [struct(org/apache/commons/compress/archivers/zip/ZipArchiveEntry, [], [unsupported(java/util/zip/ZipEntry)], [reference(org/apache/commons/compress/archivers/ArchiveEntry)]) org/apache/commons/compress/archivers/zip/ZipArchiveEntry//setCompressedSize [] [bytesWritten]]
src/main/java/org/apache/commons/compress/archivers/zip/ZipArchiveOutputStream.java: error: unknown function
	data: [struct(java/lang/System, [], [pointer(reference(java/lang/Object))], []) java/lang/System//arraycopy [] [org/apache/commons/compress/archivers/zip/ZipArchiveOutputStream//LZERO 0 buf org/apache/commons/compress/archivers/zip/ZipArchiveOutputStream//LFH_COMPRESSED_SIZE_OFFSET org/apache/commons/compress/archivers/zip/ZipConstants//WORD]]
src/main/java/org/apache/commons/compress/archivers/zip/ZipArchiveOutputStream.java: error: unknown function
	data: [struct(org/apache/commons/compress/archivers/zip/ZipArchiveEntry, [], [unsupported(java/util/zip/ZipEntry)], [reference(org/apache/commons/compress/archivers/ArchiveEntry)]) org/apache/commons/compress/archivers/zip/ZipArchiveEntry//getCrc [] []]
src/main/java/org/apache/commons/compress/archivers/zip/ZipArchiveOutputStream.java: error: unknown function
	data: [pointer(reference(org/apache/commons/compress/archivers/zip/ZipArchiveEntry)) org/apache/commons/compress/archivers/zip/ZipArchiveEntry//getComment [] []]
src/main/java/org/apache/commons/compress/archivers/zip/ZipArchiveOutputStream.java: error: unknown function
	data: [struct(java/lang/System, [], [pointer(reference(java/lang/Object))], []) java/lang/System//arraycopy [] [extra 0 buf extraStart len(ensure_not_nil(extra))]]
src/main/java/org/apache/commons/compress/archivers/zip/ZipArchiveOutputStream.java: error: unknown field
	data: [this struct(org/apache/commons/compress/archivers/zip/ZipArchiveOutputStream, [], [pointer(reference(org/apache/commons/compress/archivers/ArchiveOutputStream))], []) java]
src/main/java/org/apache/commons/compress/archivers/zip/ZipArchiveOutputStream.java: error: unknown import
	data: java/io/ByteArrayOutputStream
src/main/java/org/apache/commons/compress/archivers/zip/ZipArchiveOutputStream.java: error: unknown function
	data: [struct(org/apache/commons/compress/archivers/zip/ZipArchiveEntry, [], [unsupported(java/util/zip/ZipEntry)], [reference(org/apache/commons/compress/archivers/ArchiveEntry)]) org/apache/commons/compress/archivers/zip/ZipArchiveEntry//setCrc [] [crc]]
src/main/java/org/apache/commons/compress/archivers/zip/ZipArchiveOutputStream.java: error: unknown function
	data: [struct(java/lang/System, [], [pointer(reference(java/lang/Object))], []) java/lang/System//arraycopy [] [org/apache/commons/compress/archivers/zip/ZipArchiveOutputStream//LZERO 0 buf org/apache/commons/compress/archivers/zip/ZipArchiveOutputStream//LFH_CRC_OFFSET org/apache/commons/compress/archivers/zip/ZipConstants//WORD]]
src/main/java/org/apache/commons/compress/archivers/zip/ZipArchiveOutputStream.java: error: unknown function
	data: [struct(java/lang/System, [], [pointer(reference(java/lang/Object))], []) java/lang/System//arraycopy [] [org/apache/commons/compress/archivers/zip/ZipArchiveOutputStream//CFH_SIG 0 buf org/apache/commons/compress/archivers/zip/ZipArchiveOutputStream//CFH_SIG_OFFSET org/apache/commons/compress/archivers/zip/ZipConstants//WORD]]
src/main/java/org/apache/commons/compress/archivers/zip/ZipArchiveOutputStream.java: error: unknown import
	data: java/io/File
src/main/java/org/apache/commons/compress/archivers/zip/ZipArchiveOutputStream.java: error: unknown import
	data: org/apache/commons/compress/utils/IOUtils
src/main/java/org/apache/commons/compress/archivers/zip/ZipEightByteInteger.java: error: unknown import
	data: java/math/BigInteger
src/main/java/org/apache/commons/compress/archivers/zip/ZipEightByteInteger.java: warning: overflow of cast
src/main/java/org/apache/commons/compress/archivers/zip/ZipEncoding.java: error: unknown import
	data: java/nio/ByteBuffer
src/main/java/org/apache/commons/compress/archivers/zip/ZipEncodingHelper.java: error: unknown import
	data: java/nio/ByteBuffer
src/main/java/org/apache/commons/compress/archivers/zip/ZipEncodingHelper.java: error: unknown import
	data: java/nio/charset/Charset
src/main/java/org/apache/commons/compress/archivers/zip/ZipEncodingHelper.java: error: unknown import
	data: java/nio/charset/UnsupportedCharsetException
src/main/java/org/apache/commons/compress/archivers/zip/ZipEncodingHelper.java: error: unknown import
	data: java/util/Collections
src/main/java/org/apache/commons/compress/archivers/zip/ZipEncodingHelper.java: error: unknown import
	data: java/util/HashMap
src/main/java/org/apache/commons/compress/archivers/zip/ZipEncodingHelper.java: error: unknown import
	data: org/apache/commons/compress/utils/Charsets
src/main/java/org/apache/commons/compress/archivers/zip/ZipEncodingHelper.java: error: unknown function
	data: [struct(java/lang/System, [], [pointer(reference(java/lang/Object))], []) java/lang/System//getProperty [] ["file.encoding"]]
src/main/java/org/apache/commons/compress/archivers/zip/ZipExtraField.java: error: unknown import
	data: java/util/zip/ZipException
src/main/java/org/apache/commons/compress/archivers/zip/ZipFile.java: error: unknown function
	data: [pointer(reference(org/apache/commons/compress/archivers/zip/ZipFile//Entry)) org/apache/commons/compress/archivers/zip/ZipFile//Entry//setTime [] [time]]
src/main/java/org/apache/commons/compress/archivers/zip/ZipFile.java: error: unknown import
	data: java/util/zip/InflaterInputStream
src/main/java/org/apache/commons/compress/archivers/zip/ZipFile.java: error: unknown import
	data: java/util/Collections
src/main/java/org/apache/commons/compress/archivers/zip/ZipFile.java: error: unknown import
	data: java/util/LinkedList
src/main/java/org/apache/commons/compress/archivers/zip/ZipFile.java: unsupported: unsupported AST node
	data: genericInstance(unsupported(java/util/LinkedList), [pointer(reference(org/apache/commons/compress/archivers/zip/ZipArchiveEntry))])
src/main/java/org/apache/commons/compress/archivers/zip/ZipFile.java: internal error: not all elements have the same type
	data: [function(<nil>, org/apache/commons/compress/archivers/zip/UnshrinkingInputStream//UnshrinkingInputStream!56db1467142e508511a168a2d9f1bdde, [variable(inputStream, pointer(reference(java/io/InputStream)))], [variable(, pointer(reference(org/apache/commons/compress/archivers/zip/UnshrinkingInputStream)))], block([declaration([this], [pointer(reference(org/apache/commons/compress/archivers/zip/UnshrinkingInputStream))], [new(pointer(reference(org/apache/commons/compress/archivers/zip/UnshrinkingInputStream)))], ModifierNone), =(this, call(select(this, @@constructor!56db1467142e508511a168a2d9f1bdde), [inputStream])), return([this])])) return([call(org/apache/commons/compress/archivers/zip/UnshrinkingInputStream//UnshrinkingInputStream!56db1467142e508511a168a2d9f1bdde, [cast(bis, pointer(reference(java/io/InputStream)))])])]
src/main/java/org/apache/commons/compress/archivers/zip/ZipFile.java: error: unknown function
	data: [pointer(reference(org/apache/commons/compress/archivers/zip/ZipArchiveEntry)) org/apache/commons/compress/archivers/zip/ZipArchiveEntry//getCompressedSize [] []]
src/main/java/org/apache/commons/compress/archivers/zip/ZipFile.java: error: unknown function
	data: [<nil> readCentralDirectoryEntry [] [noUTF8Flag]]
src/main/java/org/apache/commons/compress/archivers/zip/ZipFile.java: error: unknown import
	data: org/apache/commons/compress/utils/IOUtils
src/main/java/org/apache/commons/compress/archivers/zip/ZipFile.java: error: unknown import
	data: java/io/EOFException
src/main/java/org/apache/commons/compress/archivers/zip/ZipFile.java: error: unknown import
	data: java/io/File
src/main/java/org/apache/commons/compress/archivers/zip/ZipFile.java: error: unknown import
	data: java/util/zip/Inflater
src/main/java/org/apache/commons/compress/archivers/zip/ZipFile.java: internal error: not all elements have the same type
	data: declaration([entriesOfThatName], [pointer(genericInstance(reference(java/util/List), [pointer(reference(org/apache/commons/compress/archivers/zip/ZipArchiveEntry))]))], [call(select(ensure_not_nil(select(this, nameMap)), get!4fb2deccef7826b7659de223ac40b91d), [cast(name, pointer(reference(java/lang/Object)))])], ModifierVisibilityPublic)
src/main/java/org/apache/commons/compress/archivers/zip/ZipFile.java: unsupported: unsupported AST node
	data: genericInstance(unsupported(java/util/Enumeration), [pointer(reference(org/apache/commons/compress/archivers/zip/ZipArchiveEntry))])
src/main/java/org/apache/commons/compress/archivers/zip/ZipFile.java: unsupported: unsupported AST node
	data: genericInstance(unsupported(java/util/LinkedList), [pointer(reference(org/apache/commons/compress/archivers/zip/ZipArchiveEntry))])
src/main/java/org/apache/commons/compress/archivers/zip/ZipFile.java: error: unknown import
	data: java/util/HashMap
src/main/java/org/apache/commons/compress/archivers/zip/ZipFile.java: internal error: missing return statement
	data: function(variable(this, pointer(reference(org/apache/commons/compress/archivers/zip/ZipFile))), org/apache/commons/compress/archivers/zip/ZipFile//getUnixSymlink!bfe9507ed4db5264eb68f8e3e4d28890, [variable(entry, pointer(reference(org/apache/commons/compress/archivers/zip/ZipArchiveEntry)))], [variable(, pointer(reference(java/lang/String)))], block([unsupported]))
src/main/java/org/apache/commons/compress/archivers/zip/ZipFile.java: error: unknown function
	data: [struct(java/lang/Object, [], [], []) java/lang/Object//finalize [] []]
src/main/java/org/apache/commons/compress/archivers/zip/ZipFile.java: error: unknown identifier
	data: noUTF8Flag
src/main/java/org/apache/commons/compress/archivers/zip/ZipFile.java: error: unknown function
	data: [pointer(reference(org/apache/commons/compress/archivers/zip/ZipFile//Entry)) org/apache/commons/compress/archivers/zip/ZipFile//Entry//setCompressedSize [] [call(org/apache/commons/compress/archivers/zip/ZipLong//getValue!b88fafa2b0b36aed4d82151230ff9ae6, [select(this, CFH_BUF), off])]]
src/main/java/org/apache/commons/compress/archivers/zip/ZipFile.java: error: unknown import
	data: java/io/BufferedInputStream
src/main/java/org/apache/commons/compress/archivers/zip/ZipFile.java: error: unknown import
	data: java/io/RandomAccessFile
src/main/java/org/apache/commons/compress/archivers/zip/ZipFile.java: error: unknown import
	data: java/util/Enumeration
src/main/java/org/apache/commons/compress/archivers/zip/ZipFile.java: unsupported: unsupported AST node
	data: &{0xc000f05ae0 <nil> [] 0xc000f1f780 0xc000f1a3f0 {None [] [] None}}
src/main/java/org/apache/commons/compress/archivers/zip/ZipFile.java: unsupported: unsupported AST node
	data: &{0xc000f30420 <nil> [] 0xc000f2d880 0xc000f1aab0 {None [] [] None}}
src/main/java/org/apache/commons/compress/archivers/zip/ZipFile.java: unsupported: not an array type
	data: unsupported(@@unsupported)
src/main/java/org/apache/commons/compress/archivers/zip/ZipFile.java: unsupported: unsupported AST node
	data: genericInstance(unsupported(java/util/LinkedList), [pointer(reference(org/apache/commons/compress/archivers/zip/ZipArchiveEntry))])
src/main/java/org/apache/commons/compress/archivers/zip/ZipFile.java: error: unknown function
	data: [pointer(reference(org/apache/commons/compress/archivers/zip/ZipFile//Entry)) org/apache/commons/compress/archivers/zip/ZipFile//Entry//setCrc [] [call(org/apache/commons/compress/archivers/zip/ZipLong//getValue!b88fafa2b0b36aed4d82151230ff9ae6, [select(this, CFH_BUF), off])]]
src/main/java/org/apache/commons/compress/archivers/zip/ZipFile.java: error: unknown function
	data: [pointer(genericInstance(reference(java/util/Map), [pointer(reference(org/apache/commons/compress/archivers/zip/ZipArchiveEntry)), pointer(reference(org/apache/commons/compress/archivers/zip/ZipFile//NameAndComment))])) java/util/Map<org/apache/commons/compress/archivers/zip/ZipArchiveEntry,org/apache/commons/compress/archivers/zip/ZipFile//NameAndComment>//get [] [ze]]
src/main/java/org/apache/commons/compress/archivers/zip/ZipFile.java: error: unknown import
	data: java/util/zip/ZipException
src/main/java/org/apache/commons/compress/archivers/zip/ZipFile.java: error: unknown function
	data: [genericInstance(reference(java/util/List), [pointer(reference(org/apache/commons/compress/archivers/zip/ZipArchiveEntry))]) java/util/List<org/apache/commons/compress/archivers/zip/ZipArchiveEntry>//toArray [] [make(array(pointer(reference(org/apache/commons/compress/archivers/zip/ZipArchiveEntry)), primitive(int, 32, false), 0), call(select(ensure_not_nil(select(this, entries)), size!d41d8cd98f00b204e9800998ecf8427e), []))]]
src/main/java/org/apache/commons/compress/archivers/zip/ZipFile.java: unsupported: not an array type
	data: unsupported(@@unsupported)
src/main/java/org/apache/commons/compress/archivers/zip/ZipFile.java: error: unknown function
	data: [pointer(reference(org/apache/commons/compress/archivers/zip/ZipFile//Entry)) org/apache/commons/compress/archivers/zip/ZipFile//Entry//setComment [] [call(select(ensure_not_nil(entryEncoding), decode!2dcfcbf77da22bb3290a2dcf338b4c85), [comment])]]
src/main/java/org/apache/commons/compress/archivers/zip/ZipFile.java: error: unknown function
	data: [pointer(genericInstance(reference(java/util/Map), [pointer(reference(org/apache/commons/compress/archivers/zip/ZipArchiveEntry)), pointer(reference(org/apache/commons/compress/archivers/zip/ZipFile//NameAndComment))])) java/util/Map<org/apache/commons/compress/archivers/zip/ZipArchiveEntry,org/apache/commons/compress/archivers/zip/ZipFile//NameAndComment>//containsKey [] [ze]]
src/main/java/org/apache/commons/compress/archivers/zip/ZipFile.java: error: unknown import
	data: java/util/Arrays
src/main/java/org/apache/commons/compress/archivers/zip/ZipFile.java: error: unknown function
	data: [pointer(reference(org/apache/commons/compress/archivers/zip/ZipArchiveEntry)) org/apache/commons/compress/archivers/zip/ZipArchiveEntry//setCompressedSize [] [call(select(ensure_not_nil(call(select(ensure_not_nil(z64), getCompressedSize!d41d8cd98f00b204e9800998ecf8427e), [])), getLongValue!d41d8cd98f00b204e9800998ecf8427e), [])]]
src/main/java/org/apache/commons/compress/archivers/zip/ZipFile.java: unsupported: unsupported node
	data: [==(entriesOfThatName, nil) genericInstance(unsupported(java/util/LinkedList), [pointer(struct(org/apache/commons/compress/archivers/zip/ZipArchiveEntry, [], [unsupported(java/util/zip/ZipEntry)], [reference(org/apache/commons/compress/archivers/ArchiveEntry)]))])]
src/main/java/org/apache/commons/compress/archivers/zip/ZipLong.java: error: unknown function
	data: [struct(java/lang/Object, [], [], []) java/lang/Object//clone [] []]
src/main/java/org/apache/commons/compress/archivers/zip/ZipMethod.java: error: unknown import
	data: java/util/Collections
src/main/java/org/apache/commons/compress/archivers/zip/ZipMethod.java: error: unknown import
	data: java/util/HashMap
src/main/java/org/apache/commons/compress/archivers/zip/ZipMethod.java: error: unknown import
	data: java/util/zip/ZipEntry
src/main/java/org/apache/commons/compress/archivers/zip/ZipMethod.java: error: unknown function
	data: [struct(org/apache/commons/compress/archivers/zip/@@ZipMethod, [], [pointer(genericInstance(reference(java/lang/Enum), [pointer(reference(org/apache/commons/compress/archivers/zip/@@ZipMethod))]))], []) org/apache/commons/compress/archivers/zip/@@ZipMethod//@@constructor [] [org/apache/commons/compress/archivers/zip/@@ZipMethod//UNKNOWN_CODE]]
src/main/java/org/apache/commons/compress/archivers/zip/ZipMethod.java: unsupported: encountered an unsupported type
	data: unsupported(@@unsupported)
src/main/java/org/apache/commons/compress/archivers/zip/ZipShort.java: error: unknown function
	data: [struct(java/lang/Object, [], [], []) java/lang/Object//clone [] []]
src/main/java/org/apache/commons/compress/archivers/zip/ZipUtil.java: error: unknown import
	data: java/util/Calendar
src/main/java/org/apache/commons/compress/archivers/zip/ZipUtil.java: error: unknown import
	data: java/util/Date
src/main/java/org/apache/commons/compress/archivers/zip/ZipUtil.java: error: unknown import
	data: java/util/zip/CRC32
src/main/java/org/apache/commons/compress/archivers/zip/ZipUtil.java: unsupported: unsupported type
	data: &{0xc00112e6c0 <nil> [] 0xc001128a80 0xc001132000 << {None [] [] None}}
src/main/java/org/apache/commons/compress/archivers/zip/ZipUtil.java: error: unknown function
	data: [struct(java/lang/System, [], [pointer(reference(java/lang/Object))], []) java/lang/System//arraycopy [] [from 0 to 0 len(ensure_not_nil(to))]]
src/main/java/org/apache/commons/compress/archivers/zip/ZipUtil.java: error: unknown import
	data: java/util/zip/ZipEntry
src/main/java/org/apache/commons/compress/archivers/zip/ZipUtil.java: error: unknown function
	data: [struct(java/lang/System, [], [pointer(reference(java/lang/Object))], []) java/lang/System//arraycopy [] [org/apache/commons/compress/archivers/zip/ZipUtil//DOS_TIME_MIN 0 buf offset len(ensure_not_nil(org/apache/commons/compress/archivers/zip/ZipUtil//DOS_TIME_MIN))]]
src/main/java/org/apache/commons/compress/archivers/zip/ZipUtil.java: unsupported: unsupported type
	data: &{0xc00112e7e0 <nil> [] 0xc001128b40 0xc001132400 << {None [] [] None}}
src/main/java/org/apache/commons/compress/archivers/zip/ZipUtil.java: unsupported: unsupported type
	data: &{0xc00112e900 <nil> [] 0xc001128c00 0xc001132800 << {None [] [] None}}
src/main/java/org/apache/commons/compress/archivers/zip/ZipUtil.java: unsupported: unsupported type
	data: &{0xc00112ea20 <nil> [] 0xc001128cc0 0xc001132c00 >> {None [] [] None}}
src/main/java/org/apache/commons/compress/archivers/zip/ZipUtil.java: error: unknown function
	data: [pointer(reference(org/apache/commons/compress/archivers/zip/ZipArchiveEntry)) org/apache/commons/compress/archivers/zip/ZipArchiveEntry//setComment [] [newComment]]
src/main/java/org/apache/commons/compress/archivers/zip/ZipUtil.java: error: unknown function
	data: [struct(java/lang/System, [], [pointer(reference(java/lang/Object))], []) java/lang/System//arraycopy [] [from 0 to offset len(ensure_not_nil(from))]]
src/main/java/org/apache/commons/compress/archivers/zip/ZipUtil.java: error: unknown import
	data: java/math/BigInteger
Found 103 Java files
Found 587 problems in Java files
src/main/java/org/apache/commons/compress/archivers/ar/ArArchiveOutputStream.java: found 8 symbols
src/main/java/org/apache/commons/compress/archivers/arj/ArjArchiveInputStream.java: found 9 symbols
src/main/java/org/apache/commons/compress/archivers/dump/DumpArchiveConstants.java: found 2 symbols
src/main/java/org/apache/commons/compress/archivers/zip/AsiExtraField.java: found 21 symbols
src/main/java/org/apache/commons/compress/archivers/zip/UnicodePathExtraField.java: found 4 symbols
src/main/java/org/apache/commons/compress/archivers/zip/UnrecognizedExtraField.java: found 10 symbols
src/main/java/org/apache/commons/compress/archivers/zip/Zip64Mode.java: found 0 symbols
src/main/java/org/apache/commons/compress/archivers/dump/DumpArchiveSummary.java: found 30 symbols
src/main/java/org/apache/commons/compress/archivers/dump/InvalidFormatException.java: found 3 symbols
src/main/java/org/apache/commons/compress/archivers/sevenz/AES256SHA256Decoder.java: found 1 symbols
src/main/java/org/apache/commons/compress/archivers/sevenz/DeltaDecoder.java: found 5 symbols
src/main/java/org/apache/commons/compress/archivers/zip/ExtraFieldUtils.java: found 8 symbols
src/main/java/org/apache/commons/compress/archivers/dump/UnrecognizedFormatException.java: found 1 symbols
src/main/java/org/apache/commons/compress/archivers/sevenz/SevenZOutputFile.java: found 11 symbols
src/main/java/org/apache/commons/compress/archivers/sevenz/StartHeader.java: found 0 symbols
src/main/java/org/apache/commons/compress/archivers/tar/TarArchiveInputStream.java: found 26 symbols
src/main/java/org/apache/commons/compress/archivers/zip/GeneralPurposeBit.java: found 17 symbols
src/main/java/org/apache/commons/compress/archivers/zip/UnparseableExtraFieldData.java: found 7 symbols
src/main/java/org/apache/commons/compress/archivers/zip/UnsupportedZipFeatureException.java: found 6 symbols
src/main/java/org/apache/commons/compress/archivers/zip/ZipArchiveEntryPredicate.java: found 1 symbols
src/main/java/org/apache/commons/compress/archivers/ArchiveException.java: found 2 symbols
src/main/java/org/apache/commons/compress/archivers/ar/ArArchiveInputStream.java: found 6 symbols
src/main/java/org/apache/commons/compress/archivers/dump/Dirent.java: found 6 symbols
src/main/java/org/apache/commons/compress/archivers/dump/DumpArchiveUtil.java: found 7 symbols
src/main/java/org/apache/commons/compress/archivers/sevenz/CoderBase.java: found 7 symbols
src/main/java/org/apache/commons/compress/archivers/sevenz/NID.java: found 0 symbols
src/main/java/org/apache/commons/compress/archivers/zip/AbstractUnicodeExtraField.java: found 13 symbols
src/main/java/org/apache/commons/compress/archivers/zip/Simple8BitZipEncoding.java: found 7 symbols
src/main/java/org/apache/commons/compress/archivers/zip/UnicodeCommentExtraField.java: found 4 symbols
src/main/java/org/apache/commons/compress/archivers/ArchiveStreamFactory.java: found 7 symbols
src/main/java/org/apache/commons/compress/archivers/dump/UnsupportedCompressionAlgorithmException.java: found 2 symbols
src/main/java/org/apache/commons/compress/archivers/tar/TarConstants.java: found 0 symbols
src/main/java/org/apache/commons/compress/archivers/zip/ScatterZipOutputStream.java: found 6 symbols
src/main/java/org/apache/commons/compress/archivers/zip/ZipArchiveEntryRequest.java: found 4 symbols
src/main/java/org/apache/commons/compress/archivers/zip/ZipEightByteInteger.java: found 16 symbols
src/main/java/org/apache/commons/compress/archivers/sevenz/CLI.java: found 1 symbols
src/main/java/org/apache/commons/compress/archivers/sevenz/SevenZMethod.java: found 2 symbols
src/main/java/org/apache/commons/compress/archivers/zip/BinaryTree.java: found 4 symbols
src/main/java/org/apache/commons/compress/archivers/zip/CircularBuffer.java: found 5 symbols
src/main/java/org/apache/commons/compress/archivers/zip/ScatterStatistics.java: found 4 symbols
src/main/java/org/apache/commons/compress/archivers/zip/UnixStat.java: found 0 symbols
src/main/java/org/apache/commons/compress/archivers/zip/ZipEncodingHelper.java: found 4 symbols
src/main/java/org/apache/commons/compress/archivers/cpio/CpioArchiveOutputStream.java: found 11 symbols
src/main/java/org/apache/commons/compress/archivers/zip/ParallelScatterZipCreator.java: found 8 symbols
src/main/java/org/apache/commons/compress/archivers/zip/StreamCompressor.java: found 19 symbols
src/main/java/org/apache/commons/compress/archivers/dump/ShortFileException.java: found 1 symbols
src/main/java/org/apache/commons/compress/archivers/ArchiveOutputStream.java: found 10 symbols
src/main/java/org/apache/commons/compress/archivers/arj/LocalFileHeader.java: found 1 symbols
src/main/java/org/apache/commons/compress/archivers/cpio/CpioArchiveEntry.java: found 53 symbols
src/main/java/org/apache/commons/compress/archivers/cpio/CpioUtil.java: found 3 symbols
src/main/java/org/apache/commons/compress/archivers/dump/DumpArchiveInputStream.java: found 10 symbols
src/main/java/org/apache/commons/compress/archivers/zip/ZipConstants.java: found 0 symbols
src/main/java/org/apache/commons/compress/archivers/sevenz/LZMA2Decoder.java: found 5 symbols
src/main/java/org/apache/commons/compress/archivers/StreamingNotSupportedException.java: found 2 symbols
src/main/java/org/apache/commons/compress/archivers/jar/JarArchiveOutputStream.java: found 3 symbols
src/main/java/org/apache/commons/compress/archivers/sevenz/BoundedRandomAccessFileInputStream.java: found 4 symbols
src/main/java/org/apache/commons/compress/archivers/zip/ExplodingInputStream.java: found 2 symbols
src/main/java/org/apache/commons/compress/archivers/zip/X5455_ExtendedTimestamp.java: found 29 symbols
src/main/java/org/apache/commons/compress/archivers/zip/ZipLong.java: found 14 symbols
src/main/java/org/apache/commons/compress/archivers/zip/ZipShort.java: found 13 symbols
src/main/java/org/apache/commons/compress/archivers/dump/DumpArchiveEntry.java: found 61 symbols
src/main/java/org/apache/commons/compress/archivers/jar/JarArchiveInputStream.java: found 5 symbols
src/main/java/org/apache/commons/compress/archivers/zip/FallbackZipEncoding.java: found 5 symbols
src/main/java/org/apache/commons/compress/archivers/zip/JarMarker.java: found 9 symbols
src/main/java/org/apache/commons/compress/archivers/zip/ZipArchiveEntry.java: found 43 symbols
src/main/java/org/apache/commons/compress/archivers/zip/ZipMethod.java: found 0 symbols
src/main/java/org/apache/commons/compress/archivers/ar/ArArchiveEntry.java: found 14 symbols
src/main/java/org/apache/commons/compress/archivers/cpio/CpioArchiveInputStream.java: found 11 symbols
src/main/java/org/apache/commons/compress/archivers/dump/DumpArchiveException.java: found 4 symbols
src/main/java/org/apache/commons/compress/archivers/zip/NioZipEncoding.java: found 4 symbols
src/main/java/org/apache/commons/compress/archivers/zip/X7875_NewUnix.java: found 17 symbols
src/main/java/org/apache/commons/compress/archivers/zip/ZipArchiveInputStream.java: found 11 symbols
src/main/java/org/apache/commons/compress/archivers/Lister.java: found 1 symbols
src/main/java/org/apache/commons/compress/archivers/arj/MainHeader.java: found 1 symbols
src/main/java/org/apache/commons/compress/archivers/cpio/CpioConstants.java: found 0 symbols
src/main/java/org/apache/commons/compress/archivers/dump/TapeInputStream.java: found 10 symbols
src/main/java/org/apache/commons/compress/archivers/sevenz/Archive.java: found 1 symbols
src/main/java/org/apache/commons/compress/archivers/sevenz/BindPair.java: found 1 symbols
src/main/java/org/apache/commons/compress/archivers/sevenz/Coders.java: found 15 symbols
src/main/java/org/apache/commons/compress/archivers/sevenz/SevenZArchiveEntry.java: found 46 symbols
src/main/java/org/apache/commons/compress/archivers/ArchiveEntry.java: found 4 symbols
src/main/java/org/apache/commons/compress/archivers/ArchiveInputStream.java: found 8 symbols
src/main/java/org/apache/commons/compress/archivers/arj/ArjArchiveEntry.java: found 11 symbols
src/main/java/org/apache/commons/compress/archivers/jar/JarArchiveEntry.java: found 6 symbols
src/main/java/org/apache/commons/compress/archivers/sevenz/SevenZFile.java: found 8 symbols
src/main/java/org/apache/commons/compress/archivers/sevenz/StreamMap.java: found 1 symbols
src/main/java/org/apache/commons/compress/archivers/tar/TarArchiveEntry.java: found 59 symbols
src/main/java/org/apache/commons/compress/archivers/tar/TarArchiveOutputStream.java: found 20 symbols
src/main/java/org/apache/commons/compress/archivers/sevenz/Coder.java: found 0 symbols
src/main/java/org/apache/commons/compress/archivers/tar/TarUtils.java: found 14 symbols
src/main/java/org/apache/commons/compress/archivers/zip/BitStream.java: found 4 symbols
src/main/java/org/apache/commons/compress/archivers/zip/Zip64RequiredException.java: found 2 symbols
src/main/java/org/apache/commons/compress/archivers/zip/ZipArchiveOutputStream.java: found 31 symbols
src/main/java/org/apache/commons/compress/archivers/zip/ZipFile.java: found 18 symbols
src/main/java/org/apache/commons/compress/archivers/zip/ZipUtil.java: found 17 symbols
src/main/java/org/apache/commons/compress/archivers/sevenz/SevenZMethodConfiguration.java: found 4 symbols
src/main/java/org/apache/commons/compress/archivers/sevenz/SubStreamsInfo.java: found 0 symbols
src/main/java/org/apache/commons/compress/archivers/tar/TarArchiveSparseEntry.java: found 2 symbols
src/main/java/org/apache/commons/compress/archivers/zip/UnshrinkingInputStream.java: found 3 symbols
src/main/java/org/apache/commons/compress/archivers/zip/Zip64ExtendedInformationExtraField.java: found 19 symbols
src/main/java/org/apache/commons/compress/archivers/zip/ZipEncoding.java: found 3 symbols
src/main/java/org/apache/commons/compress/archivers/zip/ZipExtraField.java: found 7 symbols
src/main/java/org/apache/commons/compress/archivers/sevenz/Folder.java: found 6 symbols
src/main/java/org/apache/commons/compress/archivers/dump/Dirent.java: org.apache.commons.compress.archivers.dump.Dirent.getIno: computing test cases
src/main/java/org/apache/commons/compress/archivers/dump/Dirent.java: org.apache.commons.compress.archivers.dump.Dirent.getIno: computed 1 unit tests
src/main/java/org/apache/commons/compress/archivers/dump/Dirent.java: org.apache.commons.compress.archivers.dump.Dirent.getIno: found 0 problems
src/main/java/org/apache/commons/compress/archivers/dump/Dirent.java: org.apache.commons.compress.archivers.dump.Dirent.Dirent: computing test cases
src/main/java/org/apache/commons/compress/archivers/dump/Dirent.java: org.apache.commons.compress.archivers.dump.Dirent.Dirent: computed 1 unit tests
src/main/java/org/apache/commons/compress/archivers/dump/Dirent.java: org.apache.commons.compress.archivers.dump.Dirent.Dirent: found 0 problems
src/main/java/org/apache/commons/compress/archivers/dump/Dirent.java: org.apache.commons.compress.archivers.dump.Dirent.toString: computing test cases
src/main/java/org/apache/commons/compress/archivers/dump/Dirent.java: org.apache.commons.compress.archivers.dump.Dirent.toString: computed 0 unit tests
src/main/java/org/apache/commons/compress/archivers/dump/Dirent.java: org.apache.commons.compress.archivers.dump.Dirent.toString: found 0 problems
src/main/java/org/apache/commons/compress/archivers/dump/Dirent.java: org.apache.commons.compress.archivers.dump.Dirent.getType: computing test cases
src/main/java/org/apache/commons/compress/archivers/dump/Dirent.java: org.apache.commons.compress.archivers.dump.Dirent.getType: computed 1 unit tests
src/main/java/org/apache/commons/compress/archivers/dump/Dirent.java: org.apache.commons.compress.archivers.dump.Dirent.getType: found 0 problems
src/main/java/org/apache/commons/compress/archivers/dump/Dirent.java: org.apache.commons.compress.archivers.dump.Dirent.getName: computing test cases
src/main/java/org/apache/commons/compress/archivers/dump/Dirent.java: org.apache.commons.compress.archivers.dump.Dirent.getName: computed 1 unit tests
src/main/java/org/apache/commons/compress/archivers/dump/Dirent.java: org.apache.commons.compress.archivers.dump.Dirent.getName: found 0 problems
src/main/java/org/apache/commons/compress/archivers/dump/Dirent.java: org.apache.commons.compress.archivers.dump.Dirent.getParentIno: computing test cases
src/main/java/org/apache/commons/compress/archivers/dump/Dirent.java: org.apache.commons.compress.archivers.dump.Dirent.getParentIno: computed 1 unit tests
src/main/java/org/apache/commons/compress/archivers/dump/Dirent.java: org.apache.commons.compress.archivers.dump.Dirent.getParentIno: found 0 problems
src/main/java/org/apache/commons/compress/archivers/dump/DumpArchiveInputStream.java: org.apache.commons.compress.archivers.dump.DumpArchiveInputStream.matches: computing test cases
src/main/java/org/apache/commons/compress/archivers/dump/DumpArchiveInputStream.java: org.apache.commons.compress.archivers.dump.DumpArchiveInputStream.matches: computed 6 unit tests
src/main/java/org/apache/commons/compress/archivers/dump/DumpArchiveInputStream.java: org.apache.commons.compress.archivers.dump.DumpArchiveInputStream.matches: found 2 problems
src/main/java/org/apache/commons/compress/archivers/dump/DumpArchiveUtil.java:113:13: critical: org.apache.commons.compress.archivers.dump.DumpArchiveInputStream.matches: uncaught ArrayIndexOutOfBoundsException
src/main/java/org/apache/commons/compress/archivers/dump/DumpArchiveUtil.java:113:13: critical: org.apache.commons.compress.archivers.dump.DumpArchiveInputStream.matches: uncaught java.lang.NullPointerException
src/main/java/org/apache/commons/compress/archivers/dump/DumpArchiveInputStream.java: org.apache.commons.compress.archivers.dump.DumpArchiveInputStream.DumpArchiveInputStream: computing test cases
src/main/java/org/apache/commons/compress/archivers/dump/DumpArchiveInputStream.java: org.apache.commons.compress.archivers.dump.DumpArchiveInputStream.DumpArchiveInputStream: computed 0 unit tests
src/main/java/org/apache/commons/compress/archivers/dump/DumpArchiveInputStream.java: org.apache.commons.compress.archivers.dump.DumpArchiveInputStream.DumpArchiveInputStream: found 0 problems
src/main/java/org/apache/commons/compress/archivers/dump/DumpArchiveInputStream.java: org.apache.commons.compress.archivers.dump.DumpArchiveInputStream.read: computing test cases
src/main/java/org/apache/commons/compress/archivers/dump/DumpArchiveInputStream.java: org.apache.commons.compress.archivers.dump.DumpArchiveInputStream.read: computed 0 unit tests
src/main/java/org/apache/commons/compress/archivers/dump/DumpArchiveInputStream.java: org.apache.commons.compress.archivers.dump.DumpArchiveInputStream.read: found 1 problems
src/main/java/org/apache/commons/compress/archivers/dump/DumpArchiveInputStream.java: internal error: org.apache.commons.compress.archivers.dump.DumpArchiveInputStream.read: unknown type kind
	data: [==(select(VariableReference(@m_0, pointer(struct(org/apache/commons/compress/archivers/dump/DumpArchiveInputStream, [], [pointer(reference(org/apache/commons/compress/archivers/ArchiveInputStream))], [])), @m_0_0), readBuf), nil) array(primitive(int, 8, false), primitive(int, 32, false), 0)]
src/main/java/org/apache/commons/compress/archivers/dump/DumpArchiveInputStream.java: org.apache.commons.compress.archivers.dump.DumpArchiveInputStream.getNextEntry: computing test cases
src/main/java/org/apache/commons/compress/archivers/dump/DumpArchiveInputStream.java: org.apache.commons.compress.archivers.dump.DumpArchiveInputStream.getNextEntry: computed 0 unit tests
src/main/java/org/apache/commons/compress/archivers/dump/DumpArchiveInputStream.java: org.apache.commons.compress.archivers.dump.DumpArchiveInputStream.getNextEntry: found 1 problems
src/main/java/org/apache/commons/compress/archivers/dump/DumpArchiveInputStream.java: internal error: org.apache.commons.compress.archivers.dump.DumpArchiveInputStream.getNextEntry: unknown type kind
	data: [==(select(VariableReference(@m_0, pointer(struct(org/apache/commons/compress/archivers/dump/DumpArchiveInputStream, [], [pointer(reference(org/apache/commons/compress/archivers/ArchiveInputStream))], [])), @m_0_0), readBuf), nil) array(primitive(int, 8, false), primitive(int, 32, false), 0)]
src/main/java/org/apache/commons/compress/archivers/dump/DumpArchiveInputStream.java: org.apache.commons.compress.archivers.dump.DumpArchiveInputStream.getBytesRead: computing test cases
src/main/java/org/apache/commons/compress/archivers/dump/DumpArchiveInputStream.java: org.apache.commons.compress.archivers.dump.DumpArchiveInputStream.getBytesRead: computed 0 unit tests
src/main/java/org/apache/commons/compress/archivers/dump/DumpArchiveInputStream.java: org.apache.commons.compress.archivers.dump.DumpArchiveInputStream.getBytesRead: found 1 problems
src/main/java/org/apache/commons/compress/archivers/dump/DumpArchiveInputStream.java: internal error: org.apache.commons.compress.archivers.dump.DumpArchiveInputStream.getBytesRead: unknown type kind
	data: [==(select(VariableReference(@m_0, pointer(struct(org/apache/commons/compress/archivers/dump/DumpArchiveInputStream, [], [pointer(reference(org/apache/commons/compress/archivers/ArchiveInputStream))], [])), @m_0_0), readBuf), nil) array(primitive(int, 8, false), primitive(int, 32, false), 0)]
src/main/java/org/apache/commons/compress/archivers/dump/DumpArchiveInputStream.java: org.apache.commons.compress.archivers.dump.DumpArchiveInputStream.DumpArchiveInputStream: computing test cases
src/main/java/org/apache/commons/compress/archivers/dump/DumpArchiveInputStream.java: org.apache.commons.compress.archivers.dump.DumpArchiveInputStream.DumpArchiveInputStream: computed 0 unit tests
src/main/java/org/apache/commons/compress/archivers/dump/DumpArchiveInputStream.java: org.apache.commons.compress.archivers.dump.DumpArchiveInputStream.DumpArchiveInputStream: found 0 problems
src/main/java/org/apache/commons/compress/archivers/dump/DumpArchiveInputStream.java: org.apache.commons.compress.archivers.dump.DumpArchiveInputStream.close: computing test cases
src/main/java/org/apache/commons/compress/archivers/dump/DumpArchiveInputStream.java: org.apache.commons.compress.archivers.dump.DumpArchiveInputStream.close: computed 0 unit tests
src/main/java/org/apache/commons/compress/archivers/dump/DumpArchiveInputStream.java: org.apache.commons.compress.archivers.dump.DumpArchiveInputStream.close: found 1 problems
src/main/java/org/apache/commons/compress/archivers/dump/DumpArchiveInputStream.java: internal error: org.apache.commons.compress.archivers.dump.DumpArchiveInputStream.close: unknown type kind
	data: [==(select(VariableReference(@m_0, pointer(struct(org/apache/commons/compress/archivers/dump/DumpArchiveInputStream, [], [pointer(reference(org/apache/commons/compress/archivers/ArchiveInputStream))], [])), @m_0_0), readBuf), nil) array(primitive(int, 8, false), primitive(int, 32, false), 0)]
src/main/java/org/apache/commons/compress/archivers/dump/DumpArchiveInputStream.java: org.apache.commons.compress.archivers.dump.DumpArchiveInputStream.getSummary: computing test cases
src/main/java/org/apache/commons/compress/archivers/dump/DumpArchiveInputStream.java: org.apache.commons.compress.archivers.dump.DumpArchiveInputStream.getSummary: computed 0 unit tests
src/main/java/org/apache/commons/compress/archivers/dump/DumpArchiveInputStream.java: org.apache.commons.compress.archivers.dump.DumpArchiveInputStream.getSummary: found 1 problems
src/main/java/org/apache/commons/compress/archivers/dump/DumpArchiveInputStream.java: internal error: org.apache.commons.compress.archivers.dump.DumpArchiveInputStream.getSummary: unknown type kind
	data: [==(select(VariableReference(@m_0, pointer(struct(org/apache/commons/compress/archivers/dump/DumpArchiveInputStream, [], [pointer(reference(org/apache/commons/compress/archivers/ArchiveInputStream))], [])), @m_0_0), readBuf), nil) array(primitive(int, 8, false), primitive(int, 32, false), 0)]
src/main/java/org/apache/commons/compress/archivers/dump/DumpArchiveInputStream.java: org.apache.commons.compress.archivers.dump.DumpArchiveInputStream.getCount: computing test cases
src/main/java/org/apache/commons/compress/archivers/dump/DumpArchiveInputStream.java: org.apache.commons.compress.archivers.dump.DumpArchiveInputStream.getCount: computed 0 unit tests
src/main/java/org/apache/commons/compress/archivers/dump/DumpArchiveInputStream.java: org.apache.commons.compress.archivers.dump.DumpArchiveInputStream.getCount: found 1 problems
src/main/java/org/apache/commons/compress/archivers/dump/DumpArchiveInputStream.java: internal error: org.apache.commons.compress.archivers.dump.DumpArchiveInputStream.getCount: unknown type kind
	data: [==(select(VariableReference(@m_0, pointer(struct(org/apache/commons/compress/archivers/dump/DumpArchiveInputStream, [], [pointer(reference(org/apache/commons/compress/archivers/ArchiveInputStream))], [])), @m_0_0), readBuf), nil) array(primitive(int, 8, false), primitive(int, 32, false), 0)]
src/main/java/org/apache/commons/compress/archivers/dump/DumpArchiveInputStream.java: org.apache.commons.compress.archivers.dump.DumpArchiveInputStream.getNextDumpEntry: computing test cases
src/main/java/org/apache/commons/compress/archivers/dump/DumpArchiveInputStream.java: org.apache.commons.compress.archivers.dump.DumpArchiveInputStream.getNextDumpEntry: computed 0 unit tests
src/main/java/org/apache/commons/compress/archivers/dump/DumpArchiveInputStream.java: org.apache.commons.compress.archivers.dump.DumpArchiveInputStream.getNextDumpEntry: found 1 problems
src/main/java/org/apache/commons/compress/archivers/dump/DumpArchiveInputStream.java: internal error: org.apache.commons.compress.archivers.dump.DumpArchiveInputStream.getNextDumpEntry: unknown type kind
	data: [==(select(VariableReference(@m_0, pointer(struct(org/apache/commons/compress/archivers/dump/DumpArchiveInputStream, [], [pointer(reference(org/apache/commons/compress/archivers/ArchiveInputStream))], [])), @m_0_0), readBuf), nil) array(primitive(int, 8, false), primitive(int, 32, false), 0)]
src/main/java/org/apache/commons/compress/archivers/jar/JarArchiveInputStream.java: org.apache.commons.compress.archivers.jar.JarArchiveInputStream.JarArchiveInputStream: computing test cases
src/main/java/org/apache/commons/compress/archivers/jar/JarArchiveInputStream.java: org.apache.commons.compress.archivers.jar.JarArchiveInputStream.JarArchiveInputStream: found 1 problems
src/main/java/org/apache/commons/compress/archivers/jar/JarArchiveInputStream.java: internal error: org.apache.commons.compress.archivers.jar.JarArchiveInputStream.JarArchiveInputStream: unknown type kind
	data: unsupported(java/util/zip/Inflater)
src/main/java/org/apache/commons/compress/archivers/jar/JarArchiveInputStream.java: org.apache.commons.compress.archivers.jar.JarArchiveInputStream.getNextJarEntry: computing test cases
src/main/java/org/apache/commons/compress/archivers/jar/JarArchiveInputStream.java: org.apache.commons.compress.archivers.jar.JarArchiveInputStream.getNextJarEntry: found 1 problems
src/main/java/org/apache/commons/compress/archivers/jar/JarArchiveInputStream.java: internal error: org.apache.commons.compress.archivers.jar.JarArchiveInputStream.getNextJarEntry: unknown type kind
	data: unsupported(java/util/zip/Inflater)
src/main/java/org/apache/commons/compress/archivers/jar/JarArchiveInputStream.java: org.apache.commons.compress.archivers.jar.JarArchiveInputStream.getNextEntry: computing test cases
src/main/java/org/apache/commons/compress/archivers/jar/JarArchiveInputStream.java: org.apache.commons.compress.archivers.jar.JarArchiveInputStream.getNextEntry: found 1 problems
src/main/java/org/apache/commons/compress/archivers/jar/JarArchiveInputStream.java: internal error: org.apache.commons.compress.archivers.jar.JarArchiveInputStream.getNextEntry: unknown type kind
	data: unsupported(java/util/zip/Inflater)
src/main/java/org/apache/commons/compress/archivers/jar/JarArchiveInputStream.java: org.apache.commons.compress.archivers.jar.JarArchiveInputStream.JarArchiveInputStream: computing test cases
src/main/java/org/apache/commons/compress/archivers/jar/JarArchiveInputStream.java: org.apache.commons.compress.archivers.jar.JarArchiveInputStream.JarArchiveInputStream: found 1 problems
src/main/java/org/apache/commons/compress/archivers/jar/JarArchiveInputStream.java: internal error: org.apache.commons.compress.archivers.jar.JarArchiveInputStream.JarArchiveInputStream: unknown type kind
	data: unsupported(java/util/zip/Inflater)
src/main/java/org/apache/commons/compress/archivers/jar/JarArchiveInputStream.java: org.apache.commons.compress.archivers.jar.JarArchiveInputStream.matches: computing test cases
src/main/java/org/apache/commons/compress/archivers/jar/JarArchiveInputStream.java: org.apache.commons.compress.archivers.jar.JarArchiveInputStream.matches: found 1 problems
src/main/java/org/apache/commons/compress/archivers/jar/JarArchiveInputStream.java: internal error: org.apache.commons.compress.archivers.jar.JarArchiveInputStream.matches: unknown type kind
	data: unsupported(java/util/zip/Inflater)
src/main/java/org/apache/commons/compress/archivers/dump/TapeInputStream.java: org.apache.commons.compress.archivers.dump.TapeInputStream.readRecord: computing test cases
src/main/java/org/apache/commons/compress/archivers/dump/TapeInputStream.java: org.apache.commons.compress.archivers.dump.TapeInputStream.readRecord: computed 0 unit tests
src/main/java/org/apache/commons/compress/archivers/dump/TapeInputStream.java: org.apache.commons.compress.archivers.dump.TapeInputStream.readRecord: found 1 problems
src/main/java/org/apache/commons/compress/archivers/dump/TapeInputStream.java: internal error: org.apache.commons.compress.archivers.dump.TapeInputStream.readRecord: type cannot be determined
	data: VariableReference(@m_0, pointer(struct(org/apache/commons/compress/archivers/dump/TapeInputStream, [], [unsupported(java/io/FilterInputStream)], [])), @m_0_0)
src/main/java/org/apache/commons/compress/archivers/dump/TapeInputStream.java: org.apache.commons.compress.archivers.dump.TapeInputStream.getBytesRead: computing test cases
src/main/java/org/apache/commons/compress/archivers/dump/TapeInputStream.java: org.apache.commons.compress.archivers.dump.TapeInputStream.getBytesRead: computed 1 unit tests
src/main/java/org/apache/commons/compress/archivers/dump/TapeInputStream.java: org.apache.commons.compress.archivers.dump.TapeInputStream.getBytesRead: found 0 problems
src/main/java/org/apache/commons/compress/archivers/dump/TapeInputStream.java: org.apache.commons.compress.archivers.dump.TapeInputStream.read: computing test cases
src/main/java/org/apache/commons/compress/archivers/dump/TapeInputStream.java: org.apache.commons.compress.archivers.dump.TapeInputStream.read: computed 1 unit tests
src/main/java/org/apache/commons/compress/archivers/dump/TapeInputStream.java: org.apache.commons.compress.archivers.dump.TapeInputStream.read: found 1 problems
src/main/java/org/apache/commons/compress/archivers/dump/TapeInputStream.java:102:9: critical: org.apache.commons.compress.archivers.dump.TapeInputStream.read: uncaught java.lang.IllegalArgumentException
src/main/java/org/apache/commons/compress/archivers/dump/TapeInputStream.java: org.apache.commons.compress.archivers.dump.TapeInputStream.peek: computing test cases
src/main/java/org/apache/commons/compress/archivers/dump/TapeInputStream.java: org.apache.commons.compress.archivers.dump.TapeInputStream.peek: computed 0 unit tests
src/main/java/org/apache/commons/compress/archivers/dump/TapeInputStream.java: org.apache.commons.compress.archivers.dump.TapeInputStream.peek: found 0 problems
src/main/java/org/apache/commons/compress/archivers/dump/TapeInputStream.java: org.apache.commons.compress.archivers.dump.TapeInputStream.available: computing test cases
src/main/java/org/apache/commons/compress/archivers/dump/TapeInputStream.java: org.apache.commons.compress.archivers.dump.TapeInputStream.available: computed 2 unit tests
src/main/java/org/apache/commons/compress/archivers/dump/TapeInputStream.java: org.apache.commons.compress.archivers.dump.TapeInputStream.available: found 1 problems
src/main/java/org/apache/commons/compress/archivers/dump/TapeInputStream.java:91:20: critical: org.apache.commons.compress.archivers.dump.TapeInputStream.available: uncaught ArithmeticException: integer overflow
		at java.lang.Math.subtractExact
src/main/java/org/apache/commons/compress/archivers/dump/TapeInputStream.java: org.apache.commons.compress.archivers.dump.TapeInputStream.read: computing test cases
src/main/java/org/apache/commons/compress/archivers/dump/TapeInputStream.java: org.apache.commons.compress.archivers.dump.TapeInputStream.read: computed 2 unit tests
src/main/java/org/apache/commons/compress/archivers/dump/TapeInputStream.java: org.apache.commons.compress.archivers.dump.TapeInputStream.read: found 1 problems
src/main/java/org/apache/commons/compress/archivers/dump/TapeInputStream.java:118:13: critical: org.apache.commons.compress.archivers.dump.TapeInputStream.read: uncaught java.lang.IllegalArgumentException
src/main/java/org/apache/commons/compress/archivers/dump/TapeInputStream.java: org.apache.commons.compress.archivers.dump.TapeInputStream.resetBlockSize: computing test cases
src/main/java/org/apache/commons/compress/archivers/dump/TapeInputStream.java: org.apache.commons.compress.archivers.dump.TapeInputStream.resetBlockSize: computed 2 unit tests
src/main/java/org/apache/commons/compress/archivers/dump/TapeInputStream.java: org.apache.commons.compress.archivers.dump.TapeInputStream.resetBlockSize: found 3 problems
src/main/java/org/apache/commons/compress/archivers/dump/TapeInputStream.java:77:23: critical: org.apache.commons.compress.archivers.dump.TapeInputStream.resetBlockSize: uncaught NegativeArraySizeException
src/main/java/org/apache/commons/compress/archivers/dump/TapeInputStream.java:71:21: critical: org.apache.commons.compress.archivers.dump.TapeInputStream.resetBlockSize: uncaught ArithmeticException: integer overflow
		at java.lang.Math.multiplyExact
src/main/java/org/apache/commons/compress/archivers/dump/TapeInputStream.java:77:23: critical: org.apache.commons.compress.archivers.dump.TapeInputStream.resetBlockSize: uncaught NegativeArraySizeException
src/main/java/org/apache/commons/compress/archivers/dump/TapeInputStream.java: org.apache.commons.compress.archivers.dump.TapeInputStream.TapeInputStream: computing test cases
src/main/java/org/apache/commons/compress/archivers/dump/TapeInputStream.java: org.apache.commons.compress.archivers.dump.TapeInputStream.TapeInputStream: computed 0 unit tests
src/main/java/org/apache/commons/compress/archivers/dump/TapeInputStream.java: org.apache.commons.compress.archivers.dump.TapeInputStream.TapeInputStream: found 0 problems
src/main/java/org/apache/commons/compress/archivers/dump/TapeInputStream.java: org.apache.commons.compress.archivers.dump.TapeInputStream.close: computing test cases
src/main/java/org/apache/commons/compress/archivers/dump/TapeInputStream.java: org.apache.commons.compress.archivers.dump.TapeInputStream.close: computed 0 unit tests
src/main/java/org/apache/commons/compress/archivers/dump/TapeInputStream.java: org.apache.commons.compress.archivers.dump.TapeInputStream.close: found 0 problems
src/main/java/org/apache/commons/compress/archivers/dump/TapeInputStream.java: org.apache.commons.compress.archivers.dump.TapeInputStream.skip: computing test cases
src/main/java/org/apache/commons/compress/archivers/dump/TapeInputStream.java: org.apache.commons.compress.archivers.dump.TapeInputStream.skip: computed 5 unit tests
src/main/java/org/apache/commons/compress/archivers/dump/TapeInputStream.java: org.apache.commons.compress.archivers.dump.TapeInputStream.skip: found 5 problems
src/main/java/org/apache/commons/compress/archivers/dump/TapeInputStream.java: internal error: org.apache.commons.compress.archivers.dump.TapeInputStream.skip: type cannot be determined
	data: VariableReference(@m_0, pointer(struct(org/apache/commons/compress/archivers/dump/TapeInputStream, [], [unsupported(java/io/FilterInputStream)], [])), @m_0_1)
src/main/java/org/apache/commons/compress/archivers/dump/TapeInputStream.java:164:13: critical: org.apache.commons.compress.archivers.dump.TapeInputStream.skip: uncaught java.lang.IllegalArgumentException
src/main/java/org/apache/commons/compress/archivers/dump/TapeInputStream.java:188:21: critical: org.apache.commons.compress.archivers.dump.TapeInputStream.skip: uncaught ArithmeticException: integer overflow
		at java.lang.Math.subtractExact
src/main/java/org/apache/commons/compress/archivers/dump/TapeInputStream.java:183:18: critical: org.apache.commons.compress.archivers.dump.TapeInputStream.skip: uncaught ArithmeticException: integer overflow
		at java.lang.Math.addExact
src/main/java/org/apache/commons/compress/archivers/dump/TapeInputStream.java:192:13: critical: org.apache.commons.compress.archivers.dump.TapeInputStream.skip: uncaught ArithmeticException: integer overflow
		at java.lang.Math.addExact
src/main/java/org/apache/commons/compress/archivers/tar/TarArchiveSparseEntry.java: org.apache.commons.compress.archivers.tar.TarArchiveSparseEntry.isExtended: computing test cases
src/main/java/org/apache/commons/compress/archivers/tar/TarArchiveSparseEntry.java: org.apache.commons.compress.archivers.tar.TarArchiveSparseEntry.isExtended: computed 1 unit tests
src/main/java/org/apache/commons/compress/archivers/tar/TarArchiveSparseEntry.java: org.apache.commons.compress.archivers.tar.TarArchiveSparseEntry.isExtended: found 0 problems
src/main/java/org/apache/commons/compress/archivers/tar/TarArchiveSparseEntry.java: org.apache.commons.compress.archivers.tar.TarArchiveSparseEntry.TarArchiveSparseEntry: computing test cases
src/main/java/org/apache/commons/compress/archivers/tar/TarArchiveSparseEntry.java: org.apache.commons.compress.archivers.tar.TarArchiveSparseEntry.TarArchiveSparseEntry: computed 0 unit tests
src/main/java/org/apache/commons/compress/archivers/tar/TarArchiveSparseEntry.java: org.apache.commons.compress.archivers.tar.TarArchiveSparseEntry.TarArchiveSparseEntry: found 0 problems
src/main/java/org/apache/commons/compress/archivers/zip/AbstractUnicodeExtraField.java: org.apache.commons.compress.archivers.zip.AbstractUnicodeExtraField.parseFromCentralDirectoryData: computing test cases
src/main/java/org/apache/commons/compress/archivers/zip/AbstractUnicodeExtraField.java: org.apache.commons.compress.archivers.zip.AbstractUnicodeExtraField.parseFromCentralDirectoryData: computed 0 unit tests
src/main/java/org/apache/commons/compress/archivers/zip/AbstractUnicodeExtraField.java: org.apache.commons.compress.archivers.zip.AbstractUnicodeExtraField.getNameCRC32: computing test cases
src/main/java/org/apache/commons/compress/archivers/zip/AbstractUnicodeExtraField.java: org.apache.commons.compress.archivers.zip.AbstractUnicodeExtraField.getNameCRC32: computed 0 unit tests
src/main/java/org/apache/commons/compress/archivers/zip/AbstractUnicodeExtraField.java: org.apache.commons.compress.archivers.zip.AbstractUnicodeExtraField.getCentralDirectoryLength: computing test cases
src/main/java/org/apache/commons/compress/archivers/zip/AbstractUnicodeExtraField.java: org.apache.commons.compress.archivers.zip.AbstractUnicodeExtraField.getCentralDirectoryLength: computed 0 unit tests
src/main/java/org/apache/commons/compress/archivers/zip/AbstractUnicodeExtraField.java: org.apache.commons.compress.archivers.zip.AbstractUnicodeExtraField.AbstractUnicodeExtraField: computing test cases
src/main/java/org/apache/commons/compress/archivers/zip/AbstractUnicodeExtraField.java: org.apache.commons.compress.archivers.zip.AbstractUnicodeExtraField.AbstractUnicodeExtraField: computed 0 unit tests
src/main/java/org/apache/commons/compress/archivers/zip/AbstractUnicodeExtraField.java: org.apache.commons.compress.archivers.zip.AbstractUnicodeExtraField.setUnicodeName: computing test cases
src/main/java/org/apache/commons/compress/archivers/zip/AbstractUnicodeExtraField.java: org.apache.commons.compress.archivers.zip.AbstractUnicodeExtraField.setUnicodeName: computed 0 unit tests
src/main/java/org/apache/commons/compress/archivers/zip/AbstractUnicodeExtraField.java: org.apache.commons.compress.archivers.zip.AbstractUnicodeExtraField.AbstractUnicodeExtraField: computing test cases
src/main/java/org/apache/commons/compress/archivers/zip/AbstractUnicodeExtraField.java: org.apache.commons.compress.archivers.zip.AbstractUnicodeExtraField.AbstractUnicodeExtraField: computed 0 unit tests
src/main/java/org/apache/commons/compress/archivers/zip/AbstractUnicodeExtraField.java: org.apache.commons.compress.archivers.zip.AbstractUnicodeExtraField.setNameCRC32: computing test cases
src/main/java/org/apache/commons/compress/archivers/zip/AbstractUnicodeExtraField.java: org.apache.commons.compress.archivers.zip.AbstractUnicodeExtraField.setNameCRC32: computed 0 unit tests
src/main/java/org/apache/commons/compress/archivers/zip/AbstractUnicodeExtraField.java: org.apache.commons.compress.archivers.zip.AbstractUnicodeExtraField.getLocalFileDataData: computing test cases
src/main/java/org/apache/commons/compress/archivers/zip/AbstractUnicodeExtraField.java: org.apache.commons.compress.archivers.zip.AbstractUnicodeExtraField.getLocalFileDataData: computed 0 unit tests
src/main/java/org/apache/commons/compress/archivers/zip/AbstractUnicodeExtraField.java: org.apache.commons.compress.archivers.zip.AbstractUnicodeExtraField.AbstractUnicodeExtraField: computing test cases
src/main/java/org/apache/commons/compress/archivers/zip/AbstractUnicodeExtraField.java: org.apache.commons.compress.archivers.zip.AbstractUnicodeExtraField.AbstractUnicodeExtraField: computed 0 unit tests
src/main/java/org/apache/commons/compress/archivers/zip/AbstractUnicodeExtraField.java: org.apache.commons.compress.archivers.zip.AbstractUnicodeExtraField.getLocalFileDataLength: computing test cases
src/main/java/org/apache/commons/compress/archivers/zip/AbstractUnicodeExtraField.java: org.apache.commons.compress.archivers.zip.AbstractUnicodeExtraField.getLocalFileDataLength: computed 0 unit tests
src/main/java/org/apache/commons/compress/archivers/zip/AbstractUnicodeExtraField.java: org.apache.commons.compress.archivers.zip.AbstractUnicodeExtraField.getCentralDirectoryData: computing test cases
src/main/java/org/apache/commons/compress/archivers/zip/AbstractUnicodeExtraField.java: org.apache.commons.compress.archivers.zip.AbstractUnicodeExtraField.getCentralDirectoryData: computed 0 unit tests
src/main/java/org/apache/commons/compress/archivers/zip/AbstractUnicodeExtraField.java: org.apache.commons.compress.archivers.zip.AbstractUnicodeExtraField.parseFromLocalFileData: computing test cases
src/main/java/org/apache/commons/compress/archivers/zip/AbstractUnicodeExtraField.java: org.apache.commons.compress.archivers.zip.AbstractUnicodeExtraField.parseFromLocalFileData: computed 0 unit tests
src/main/java/org/apache/commons/compress/archivers/zip/AbstractUnicodeExtraField.java: org.apache.commons.compress.archivers.zip.AbstractUnicodeExtraField.getUnicodeName: computing test cases
src/main/java/org/apache/commons/compress/archivers/zip/AbstractUnicodeExtraField.java: org.apache.commons.compress.archivers.zip.AbstractUnicodeExtraField.getUnicodeName: computed 0 unit tests
src/main/java/org/apache/commons/compress/archivers/zip/ZipEncodingHelper.java: org.apache.commons.compress.archivers.zip.ZipEncodingHelper.getZipEncoding: computing test cases
src/main/java/org/apache/commons/compress/archivers/zip/ZipEncodingHelper.java: org.apache.commons.compress.archivers.zip.ZipEncodingHelper.getZipEncoding: computed 0 unit tests
src/main/java/org/apache/commons/compress/archivers/zip/ZipEncodingHelper.java: org.apache.commons.compress.archivers.zip.ZipEncodingHelper.getZipEncoding: found 0 problems
src/main/java/org/apache/commons/compress/archivers/zip/ZipEncodingHelper.java: org.apache.commons.compress.archivers.zip.ZipEncodingHelper.isUTF8: computing test cases
src/main/java/org/apache/commons/compress/archivers/zip/ZipEncodingHelper.java: org.apache.commons.compress.archivers.zip.ZipEncodingHelper.isUTF8: computed 0 unit tests
src/main/java/org/apache/commons/compress/archivers/zip/ZipEncodingHelper.java: org.apache.commons.compress.archivers.zip.ZipEncodingHelper.isUTF8: found 0 problems
src/main/java/org/apache/commons/compress/archivers/zip/ZipEncodingHelper.java: org.apache.commons.compress.archivers.zip.ZipEncodingHelper.growBuffer: computing test cases
src/main/java/org/apache/commons/compress/archivers/zip/ZipEncodingHelper.java: org.apache.commons.compress.archivers.zip.ZipEncodingHelper.growBuffer: computed 0 unit tests
src/main/java/org/apache/commons/compress/archivers/zip/ZipEncodingHelper.java: org.apache.commons.compress.archivers.zip.ZipEncodingHelper.growBuffer: found 1 problems
src/main/java/org/apache/commons/compress/archivers/zip/ZipEncodingHelper.java: unsupported: org.apache.commons.compress.archivers.zip.ZipEncodingHelper.growBuffer: encountered an unsupported type
	data: unsupported(java/nio/ByteBuffer)
src/main/java/org/apache/commons/compress/archivers/zip/ZipEncodingHelper.java: org.apache.commons.compress.archivers.zip.ZipEncodingHelper.appendSurrogate: computing test cases
src/main/java/org/apache/commons/compress/archivers/zip/ZipEncodingHelper.java: org.apache.commons.compress.archivers.zip.ZipEncodingHelper.appendSurrogate: computed 0 unit tests
src/main/java/org/apache/commons/compress/archivers/zip/ZipEncodingHelper.java: org.apache.commons.compress.archivers.zip.ZipEncodingHelper.appendSurrogate: found 1 problems
src/main/java/org/apache/commons/compress/archivers/zip/ZipEncodingHelper.java: unsupported: org.apache.commons.compress.archivers.zip.ZipEncodingHelper.appendSurrogate: encountered an unsupported type
	data: unsupported(java/nio/ByteBuffer)
src/main/java/org/apache/commons/compress/archivers/ArchiveOutputStream.java: org.apache.commons.compress.archivers.ArchiveOutputStream.canWriteEntryData: computing test cases
src/main/java/org/apache/commons/compress/archivers/ArchiveOutputStream.java: org.apache.commons.compress.archivers.ArchiveOutputStream.canWriteEntryData: computed 0 unit tests
src/main/java/org/apache/commons/compress/archivers/ArchiveOutputStream.java: org.apache.commons.compress.archivers.ArchiveOutputStream.count: computing test cases
src/main/java/org/apache/commons/compress/archivers/ArchiveOutputStream.java: org.apache.commons.compress.archivers.ArchiveOutputStream.count: computed 0 unit tests
src/main/java/org/apache/commons/compress/archivers/ArchiveOutputStream.java: org.apache.commons.compress.archivers.ArchiveOutputStream.getBytesWritten: computing test cases
src/main/java/org/apache/commons/compress/archivers/ArchiveOutputStream.java: org.apache.commons.compress.archivers.ArchiveOutputStream.getBytesWritten: computed 0 unit tests
src/main/java/org/apache/commons/compress/archivers/ArchiveOutputStream.java: org.apache.commons.compress.archivers.ArchiveOutputStream.write: computing test cases
src/main/java/org/apache/commons/compress/archivers/ArchiveOutputStream.java: org.apache.commons.compress.archivers.ArchiveOutputStream.write: computed 0 unit tests
src/main/java/org/apache/commons/compress/archivers/ArchiveOutputStream.java: org.apache.commons.compress.archivers.ArchiveOutputStream.count: computing test cases
src/main/java/org/apache/commons/compress/archivers/ArchiveOutputStream.java: org.apache.commons.compress.archivers.ArchiveOutputStream.count: computed 0 unit tests
src/main/java/org/apache/commons/compress/archivers/ArchiveOutputStream.java: org.apache.commons.compress.archivers.ArchiveOutputStream.closeArchiveEntry: computing test cases
src/main/java/org/apache/commons/compress/archivers/ArchiveOutputStream.java: org.apache.commons.compress.archivers.ArchiveOutputStream.closeArchiveEntry: function is abstract and therefore inaccessible for tests
src/main/java/org/apache/commons/compress/archivers/ArchiveOutputStream.java: org.apache.commons.compress.archivers.ArchiveOutputStream.putArchiveEntry: computing test cases
src/main/java/org/apache/commons/compress/archivers/ArchiveOutputStream.java: org.apache.commons.compress.archivers.ArchiveOutputStream.putArchiveEntry: function is abstract and therefore inaccessible for tests
src/main/java/org/apache/commons/compress/archivers/ArchiveOutputStream.java: org.apache.commons.compress.archivers.ArchiveOutputStream.finish: computing test cases
src/main/java/org/apache/commons/compress/archivers/ArchiveOutputStream.java: org.apache.commons.compress.archivers.ArchiveOutputStream.finish: function is abstract and therefore inaccessible for tests
src/main/java/org/apache/commons/compress/archivers/ArchiveOutputStream.java: org.apache.commons.compress.archivers.ArchiveOutputStream.createArchiveEntry: computing test cases
src/main/java/org/apache/commons/compress/archivers/ArchiveOutputStream.java: org.apache.commons.compress.archivers.ArchiveOutputStream.createArchiveEntry: function is abstract and therefore inaccessible for tests
src/main/java/org/apache/commons/compress/archivers/ArchiveOutputStream.java: org.apache.commons.compress.archivers.ArchiveOutputStream.getCount: computing test cases
src/main/java/org/apache/commons/compress/archivers/ArchiveOutputStream.java: org.apache.commons.compress.archivers.ArchiveOutputStream.getCount: computed 0 unit tests
src/main/java/org/apache/commons/compress/archivers/jar/JarArchiveOutputStream.java: org.apache.commons.compress.archivers.jar.JarArchiveOutputStream.putArchiveEntry: computing test cases
src/main/java/org/apache/commons/compress/archivers/jar/JarArchiveOutputStream.java: org.apache.commons.compress.archivers.jar.JarArchiveOutputStream.putArchiveEntry: found 1 problems
src/main/java/org/apache/commons/compress/archivers/jar/JarArchiveOutputStream.java: internal error: org.apache.commons.compress.archivers.jar.JarArchiveOutputStream.putArchiveEntry: unknown type kind
	data: unsupported(java/util/zip/Deflater)
src/main/java/org/apache/commons/compress/archivers/jar/JarArchiveOutputStream.java: org.apache.commons.compress.archivers.jar.JarArchiveOutputStream.JarArchiveOutputStream: computing test cases
src/main/java/org/apache/commons/compress/archivers/jar/JarArchiveOutputStream.java: org.apache.commons.compress.archivers.jar.JarArchiveOutputStream.JarArchiveOutputStream: found 1 problems
src/main/java/org/apache/commons/compress/archivers/jar/JarArchiveOutputStream.java: internal error: org.apache.commons.compress.archivers.jar.JarArchiveOutputStream.JarArchiveOutputStream: unknown type kind
	data: unsupported(java/util/zip/Deflater)
src/main/java/org/apache/commons/compress/archivers/jar/JarArchiveOutputStream.java: org.apache.commons.compress.archivers.jar.JarArchiveOutputStream.JarArchiveOutputStream: computing test cases
src/main/java/org/apache/commons/compress/archivers/jar/JarArchiveOutputStream.java: org.apache.commons.compress.archivers.jar.JarArchiveOutputStream.JarArchiveOutputStream: found 1 problems
src/main/java/org/apache/commons/compress/archivers/jar/JarArchiveOutputStream.java: internal error: org.apache.commons.compress.archivers.jar.JarArchiveOutputStream.JarArchiveOutputStream: unknown type kind
	data: unsupported(java/util/zip/Deflater)
src/main/java/org/apache/commons/compress/archivers/ar/ArArchiveEntry.java: org.apache.commons.compress.archivers.ar.ArArchiveEntry.isDirectory: computing test cases
src/main/java/org/apache/commons/compress/archivers/ar/ArArchiveEntry.java: org.apache.commons.compress.archivers.ar.ArArchiveEntry.isDirectory: computed 1 unit tests
src/main/java/org/apache/commons/compress/archivers/ar/ArArchiveEntry.java: org.apache.commons.compress.archivers.ar.ArArchiveEntry.isDirectory: found 0 problems
src/main/java/org/apache/commons/compress/archivers/ar/ArArchiveEntry.java: org.apache.commons.compress.archivers.ar.ArArchiveEntry.getLastModifiedDate: computing test cases
src/main/java/org/apache/commons/compress/archivers/ar/ArArchiveEntry.java: org.apache.commons.compress.archivers.ar.ArArchiveEntry.getLastModifiedDate: computed 0 unit tests
src/main/java/org/apache/commons/compress/archivers/ar/ArArchiveEntry.java: org.apache.commons.compress.archivers.ar.ArArchiveEntry.getLastModifiedDate: found 0 problems
src/main/java/org/apache/commons/compress/archivers/ar/ArArchiveEntry.java: org.apache.commons.compress.archivers.ar.ArArchiveEntry.equals: computing test cases
src/main/java/org/apache/commons/compress/archivers/ar/ArArchiveEntry.java: org.apache.commons.compress.archivers.ar.ArArchiveEntry.equals: computed 2 unit tests
src/main/java/org/apache/commons/compress/archivers/ar/ArArchiveEntry.java: org.apache.commons.compress.archivers.ar.ArArchiveEntry.equals: found 0 problems
src/main/java/org/apache/commons/compress/archivers/ar/ArArchiveEntry.java: org.apache.commons.compress.archivers.ar.ArArchiveEntry.getMode: computing test cases
src/main/java/org/apache/commons/compress/archivers/ar/ArArchiveEntry.java: org.apache.commons.compress.archivers.ar.ArArchiveEntry.getMode: computed 1 unit tests
src/main/java/org/apache/commons/compress/archivers/ar/ArArchiveEntry.java: org.apache.commons.compress.archivers.ar.ArArchiveEntry.getMode: found 0 problems
src/main/java/org/apache/commons/compress/archivers/ar/ArArchiveEntry.java: org.apache.commons.compress.archivers.ar.ArArchiveEntry.ArArchiveEntry: computing test cases
src/main/java/org/apache/commons/compress/archivers/ar/ArArchiveEntry.java: org.apache.commons.compress.archivers.ar.ArArchiveEntry.ArArchiveEntry: computed 0 unit tests
src/main/java/org/apache/commons/compress/archivers/ar/ArArchiveEntry.java: org.apache.commons.compress.archivers.ar.ArArchiveEntry.ArArchiveEntry: found 1 problems
src/main/java/org/apache/commons/compress/archivers/ar/ArArchiveEntry.java: unsupported: org.apache.commons.compress.archivers.ar.ArArchiveEntry.ArArchiveEntry: encountered an unsupported type
	data: unsupported(java/io/File)
src/main/java/org/apache/commons/compress/archivers/ar/ArArchiveEntry.java: org.apache.commons.compress.archivers.ar.ArArchiveEntry.getName: computing test cases
src/main/java/org/apache/commons/compress/archivers/ar/ArArchiveEntry.java: org.apache.commons.compress.archivers.ar.ArArchiveEntry.getName: computed 1 unit tests
src/main/java/org/apache/commons/compress/archivers/ar/ArArchiveEntry.java: org.apache.commons.compress.archivers.ar.ArArchiveEntry.getName: found 0 problems
src/main/java/org/apache/commons/compress/archivers/ar/ArArchiveEntry.java: org.apache.commons.compress.archivers.ar.ArArchiveEntry.ArArchiveEntry: computing test cases
src/main/java/org/apache/commons/compress/archivers/ar/ArArchiveEntry.java: org.apache.commons.compress.archivers.ar.ArArchiveEntry.ArArchiveEntry: computed 1 unit tests
src/main/java/org/apache/commons/compress/archivers/ar/ArArchiveEntry.java: org.apache.commons.compress.archivers.ar.ArArchiveEntry.ArArchiveEntry: found 0 problems
src/main/java/org/apache/commons/compress/archivers/ar/ArArchiveEntry.java: org.apache.commons.compress.archivers.ar.ArArchiveEntry.getGroupId: computing test cases
src/main/java/org/apache/commons/compress/archivers/ar/ArArchiveEntry.java: org.apache.commons.compress.archivers.ar.ArArchiveEntry.getGroupId: computed 1 unit tests
src/main/java/org/apache/commons/compress/archivers/ar/ArArchiveEntry.java: org.apache.commons.compress.archivers.ar.ArArchiveEntry.getGroupId: found 0 problems
src/main/java/org/apache/commons/compress/archivers/ar/ArArchiveEntry.java: org.apache.commons.compress.archivers.ar.ArArchiveEntry.getLastModified: computing test cases
src/main/java/org/apache/commons/compress/archivers/ar/ArArchiveEntry.java: org.apache.commons.compress.archivers.ar.ArArchiveEntry.getLastModified: computed 1 unit tests
src/main/java/org/apache/commons/compress/archivers/ar/ArArchiveEntry.java: org.apache.commons.compress.archivers.ar.ArArchiveEntry.getLastModified: found 0 problems
src/main/java/org/apache/commons/compress/archivers/ar/ArArchiveEntry.java: org.apache.commons.compress.archivers.ar.ArArchiveEntry.hashCode: computing test cases
src/main/java/org/apache/commons/compress/archivers/ar/ArArchiveEntry.java: org.apache.commons.compress.archivers.ar.ArArchiveEntry.hashCode: computed 1 unit tests
src/main/java/org/apache/commons/compress/archivers/ar/ArArchiveEntry.java: org.apache.commons.compress.archivers.ar.ArArchiveEntry.hashCode: found 0 problems
src/main/java/org/apache/commons/compress/archivers/ar/ArArchiveEntry.java: org.apache.commons.compress.archivers.ar.ArArchiveEntry.getSize: computing test cases
src/main/java/org/apache/commons/compress/archivers/ar/ArArchiveEntry.java: org.apache.commons.compress.archivers.ar.ArArchiveEntry.getSize: computed 1 unit tests
src/main/java/org/apache/commons/compress/archivers/ar/ArArchiveEntry.java: org.apache.commons.compress.archivers.ar.ArArchiveEntry.getSize: found 0 problems
src/main/java/org/apache/commons/compress/archivers/ar/ArArchiveEntry.java: org.apache.commons.compress.archivers.ar.ArArchiveEntry.ArArchiveEntry: computing test cases
src/main/java/org/apache/commons/compress/archivers/ar/ArArchiveEntry.java: org.apache.commons.compress.archivers.ar.ArArchiveEntry.ArArchiveEntry: computed 0 unit tests
src/main/java/org/apache/commons/compress/archivers/ar/ArArchiveEntry.java: org.apache.commons.compress.archivers.ar.ArArchiveEntry.ArArchiveEntry: found 0 problems
src/main/java/org/apache/commons/compress/archivers/ar/ArArchiveEntry.java: org.apache.commons.compress.archivers.ar.ArArchiveEntry.getUserId: computing test cases
src/main/java/org/apache/commons/compress/archivers/ar/ArArchiveEntry.java: org.apache.commons.compress.archivers.ar.ArArchiveEntry.getUserId: computed 1 unit tests
src/main/java/org/apache/commons/compress/archivers/ar/ArArchiveEntry.java: org.apache.commons.compress.archivers.ar.ArArchiveEntry.getUserId: found 0 problems
src/main/java/org/apache/commons/compress/archivers/ar/ArArchiveEntry.java: org.apache.commons.compress.archivers.ar.ArArchiveEntry.getLength: computing test cases
src/main/java/org/apache/commons/compress/archivers/ar/ArArchiveEntry.java: org.apache.commons.compress.archivers.ar.ArArchiveEntry.getLength: computed 1 unit tests
src/main/java/org/apache/commons/compress/archivers/ar/ArArchiveEntry.java: org.apache.commons.compress.archivers.ar.ArArchiveEntry.getLength: found 0 problems
src/main/java/org/apache/commons/compress/archivers/cpio/CpioArchiveInputStream.java: org.apache.commons.compress.archivers.cpio.CpioArchiveInputStream.CpioArchiveInputStream: computing test cases
src/main/java/org/apache/commons/compress/archivers/cpio/CpioArchiveInputStream.java: org.apache.commons.compress.archivers.cpio.CpioArchiveInputStream.CpioArchiveInputStream: computed 0 unit tests
src/main/java/org/apache/commons/compress/archivers/cpio/CpioArchiveInputStream.java: org.apache.commons.compress.archivers.cpio.CpioArchiveInputStream.CpioArchiveInputStream: found 0 problems
src/main/java/org/apache/commons/compress/archivers/cpio/CpioArchiveInputStream.java: org.apache.commons.compress.archivers.cpio.CpioArchiveInputStream.available: computing test cases
src/main/java/org/apache/commons/compress/archivers/cpio/CpioArchiveInputStream.java: org.apache.commons.compress.archivers.cpio.CpioArchiveInputStream.available: computed 0 unit tests
src/main/java/org/apache/commons/compress/archivers/cpio/CpioArchiveInputStream.java: org.apache.commons.compress.archivers.cpio.CpioArchiveInputStream.available: found 1 problems
src/main/java/org/apache/commons/compress/archivers/cpio/CpioArchiveInputStream.java: internal error: org.apache.commons.compress.archivers.cpio.CpioArchiveInputStream.available: unknown type kind
	data: [==(select(VariableReference(@m_0, pointer(struct(org/apache/commons/compress/archivers/cpio/CpioArchiveInputStream, [], [pointer(reference(org/apache/commons/compress/archivers/ArchiveInputStream))], [reference(org/apache/commons/compress/archivers/cpio/CpioConstants)])), @m_0_0), tmpbuf), nil) array(primitive(int, 8, false), primitive(int, 32, false), 0)]
src/main/java/org/apache/commons/compress/archivers/cpio/CpioArchiveInputStream.java: org.apache.commons.compress.archivers.cpio.CpioArchiveInputStream.read: computing test cases
src/main/java/org/apache/commons/compress/archivers/cpio/CpioArchiveInputStream.java: org.apache.commons.compress.archivers.cpio.CpioArchiveInputStream.read: computed 0 unit tests
src/main/java/org/apache/commons/compress/archivers/cpio/CpioArchiveInputStream.java: org.apache.commons.compress.archivers.cpio.CpioArchiveInputStream.read: found 1 problems
src/main/java/org/apache/commons/compress/archivers/cpio/CpioArchiveInputStream.java: internal error: org.apache.commons.compress.archivers.cpio.CpioArchiveInputStream.read: unknown type kind
	data: [==(select(VariableReference(@m_0, pointer(struct(org/apache/commons/compress/archivers/cpio/CpioArchiveInputStream, [], [pointer(reference(org/apache/commons/compress/archivers/ArchiveInputStream))], [reference(org/apache/commons/compress/archivers/cpio/CpioConstants)])), @m_0_0), tmpbuf), nil) array(primitive(int, 8, false), primitive(int, 32, false), 0)]
src/main/java/org/apache/commons/compress/archivers/cpio/CpioArchiveInputStream.java: org.apache.commons.compress.archivers.cpio.CpioArchiveInputStream.matches: computing test cases
src/main/java/org/apache/commons/compress/archivers/cpio/CpioArchiveInputStream.java: org.apache.commons.compress.archivers.cpio.CpioArchiveInputStream.matches: computed 22 unit tests
src/main/java/org/apache/commons/compress/archivers/cpio/CpioArchiveInputStream.java: org.apache.commons.compress.archivers.cpio.CpioArchiveInputStream.matches: found 8 problems
src/main/java/org/apache/commons/compress/archivers/cpio/CpioArchiveInputStream.java:527:13: critical: org.apache.commons.compress.archivers.cpio.CpioArchiveInputStream.matches: uncaught ArrayIndexOutOfBoundsException
src/main/java/org/apache/commons/compress/archivers/cpio/CpioArchiveInputStream.java:527:38: critical: org.apache.commons.compress.archivers.cpio.CpioArchiveInputStream.matches: uncaught ArrayIndexOutOfBoundsException
src/main/java/org/apache/commons/compress/archivers/cpio/CpioArchiveInputStream.java:530:13: critical: org.apache.commons.compress.archivers.cpio.CpioArchiveInputStream.matches: uncaught ArrayIndexOutOfBoundsException
src/main/java/org/apache/commons/compress/archivers/cpio/CpioArchiveInputStream.java:527:13: critical: org.apache.commons.compress.archivers.cpio.CpioArchiveInputStream.matches: uncaught java.lang.NullPointerException
src/main/java/org/apache/commons/compress/archivers/cpio/CpioArchiveInputStream.java:542:13: critical: org.apache.commons.compress.archivers.cpio.CpioArchiveInputStream.matches: uncaught ArrayIndexOutOfBoundsException
src/main/java/org/apache/commons/compress/archivers/cpio/CpioArchiveInputStream.java:545:13: critical: org.apache.commons.compress.archivers.cpio.CpioArchiveInputStream.matches: uncaught ArrayIndexOutOfBoundsException
src/main/java/org/apache/commons/compress/archivers/cpio/CpioArchiveInputStream.java:548:13: critical: org.apache.commons.compress.archivers.cpio.CpioArchiveInputStream.matches: uncaught ArrayIndexOutOfBoundsException
src/main/java/org/apache/commons/compress/archivers/cpio/CpioArchiveInputStream.java:552:13: critical: org.apache.commons.compress.archivers.cpio.CpioArchiveInputStream.matches: uncaught ArrayIndexOutOfBoundsException
src/main/java/org/apache/commons/compress/archivers/cpio/CpioArchiveInputStream.java: org.apache.commons.compress.archivers.cpio.CpioArchiveInputStream.CpioArchiveInputStream: computing test cases
src/main/java/org/apache/commons/compress/archivers/cpio/CpioArchiveInputStream.java: org.apache.commons.compress.archivers.cpio.CpioArchiveInputStream.CpioArchiveInputStream: computed 0 unit tests
src/main/java/org/apache/commons/compress/archivers/cpio/CpioArchiveInputStream.java: org.apache.commons.compress.archivers.cpio.CpioArchiveInputStream.CpioArchiveInputStream: found 0 problems
src/main/java/org/apache/commons/compress/archivers/cpio/CpioArchiveInputStream.java: org.apache.commons.compress.archivers.cpio.CpioArchiveInputStream.getNextCPIOEntry: computing test cases
src/main/java/org/apache/commons/compress/archivers/cpio/CpioArchiveInputStream.java: org.apache.commons.compress.archivers.cpio.CpioArchiveInputStream.getNextCPIOEntry: computed 0 unit tests
src/main/java/org/apache/commons/compress/archivers/cpio/CpioArchiveInputStream.java: org.apache.commons.compress.archivers.cpio.CpioArchiveInputStream.getNextCPIOEntry: found 1 problems
src/main/java/org/apache/commons/compress/archivers/cpio/CpioArchiveInputStream.java: internal error: org.apache.commons.compress.archivers.cpio.CpioArchiveInputStream.getNextCPIOEntry: unknown type kind
	data: [==(select(VariableReference(@m_0, pointer(struct(org/apache/commons/compress/archivers/cpio/CpioArchiveInputStream, [], [pointer(reference(org/apache/commons/compress/archivers/ArchiveInputStream))], [reference(org/apache/commons/compress/archivers/cpio/CpioConstants)])), @m_0_0), tmpbuf), nil) array(primitive(int, 8, false), primitive(int, 32, false), 0)]
src/main/java/org/apache/commons/compress/archivers/cpio/CpioArchiveInputStream.java: org.apache.commons.compress.archivers.cpio.CpioArchiveInputStream.getNextEntry: computing test cases
src/main/java/org/apache/commons/compress/archivers/cpio/CpioArchiveInputStream.java: org.apache.commons.compress.archivers.cpio.CpioArchiveInputStream.getNextEntry: computed 0 unit tests
src/main/java/org/apache/commons/compress/archivers/cpio/CpioArchiveInputStream.java: org.apache.commons.compress.archivers.cpio.CpioArchiveInputStream.getNextEntry: found 1 problems
src/main/java/org/apache/commons/compress/archivers/cpio/CpioArchiveInputStream.java: internal error: org.apache.commons.compress.archivers.cpio.CpioArchiveInputStream.getNextEntry: unknown type kind
	data: [==(select(VariableReference(@m_0, pointer(struct(org/apache/commons/compress/archivers/cpio/CpioArchiveInputStream, [], [pointer(reference(org/apache/commons/compress/archivers/ArchiveInputStream))], [reference(org/apache/commons/compress/archivers/cpio/CpioConstants)])), @m_0_0), tmpbuf), nil) array(primitive(int, 8, false), primitive(int, 32, false), 0)]
src/main/java/org/apache/commons/compress/archivers/cpio/CpioArchiveInputStream.java: org.apache.commons.compress.archivers.cpio.CpioArchiveInputStream.close: computing test cases
src/main/java/org/apache/commons/compress/archivers/cpio/CpioArchiveInputStream.java: org.apache.commons.compress.archivers.cpio.CpioArchiveInputStream.close: computed 0 unit tests
src/main/java/org/apache/commons/compress/archivers/cpio/CpioArchiveInputStream.java: org.apache.commons.compress.archivers.cpio.CpioArchiveInputStream.close: found 1 problems
src/main/java/org/apache/commons/compress/archivers/cpio/CpioArchiveInputStream.java: internal error: org.apache.commons.compress.archivers.cpio.CpioArchiveInputStream.close: unknown type kind
	data: [==(select(VariableReference(@m_0, pointer(struct(org/apache/commons/compress/archivers/cpio/CpioArchiveInputStream, [], [pointer(reference(org/apache/commons/compress/archivers/ArchiveInputStream))], [reference(org/apache/commons/compress/archivers/cpio/CpioConstants)])), @m_0_0), tmpbuf), nil) array(primitive(int, 8, false), primitive(int, 32, false), 0)]
src/main/java/org/apache/commons/compress/archivers/cpio/CpioArchiveInputStream.java: org.apache.commons.compress.archivers.cpio.CpioArchiveInputStream.CpioArchiveInputStream: computing test cases
src/main/java/org/apache/commons/compress/archivers/cpio/CpioArchiveInputStream.java: org.apache.commons.compress.archivers.cpio.CpioArchiveInputStream.CpioArchiveInputStream: computed 0 unit tests
src/main/java/org/apache/commons/compress/archivers/cpio/CpioArchiveInputStream.java: org.apache.commons.compress.archivers.cpio.CpioArchiveInputStream.CpioArchiveInputStream: found 0 problems
src/main/java/org/apache/commons/compress/archivers/cpio/CpioArchiveInputStream.java: org.apache.commons.compress.archivers.cpio.CpioArchiveInputStream.CpioArchiveInputStream: computing test cases
src/main/java/org/apache/commons/compress/archivers/cpio/CpioArchiveInputStream.java: org.apache.commons.compress.archivers.cpio.CpioArchiveInputStream.CpioArchiveInputStream: computed 0 unit tests
src/main/java/org/apache/commons/compress/archivers/cpio/CpioArchiveInputStream.java: org.apache.commons.compress.archivers.cpio.CpioArchiveInputStream.CpioArchiveInputStream: found 0 problems
src/main/java/org/apache/commons/compress/archivers/cpio/CpioArchiveInputStream.java: org.apache.commons.compress.archivers.cpio.CpioArchiveInputStream.skip: computing test cases
src/main/java/org/apache/commons/compress/archivers/cpio/CpioArchiveInputStream.java: org.apache.commons.compress.archivers.cpio.CpioArchiveInputStream.skip: computed 0 unit tests
src/main/java/org/apache/commons/compress/archivers/cpio/CpioArchiveInputStream.java: org.apache.commons.compress.archivers.cpio.CpioArchiveInputStream.skip: found 1 problems
src/main/java/org/apache/commons/compress/archivers/cpio/CpioArchiveInputStream.java: internal error: org.apache.commons.compress.archivers.cpio.CpioArchiveInputStream.skip: unknown type kind
	data: [==(select(VariableReference(@m_0, pointer(struct(org/apache/commons/compress/archivers/cpio/CpioArchiveInputStream, [], [pointer(reference(org/apache/commons/compress/archivers/ArchiveInputStream))], [reference(org/apache/commons/compress/archivers/cpio/CpioConstants)])), @m_0_0), tmpbuf), nil) array(primitive(int, 8, false), primitive(int, 32, false), 0)]
src/main/java/org/apache/commons/compress/archivers/zip/UnshrinkingInputStream.java: org.apache.commons.compress.archivers.zip.UnshrinkingInputStream.decompressNextSymbol: computing test cases
src/main/java/org/apache/commons/compress/archivers/zip/UnshrinkingInputStream.java: org.apache.commons.compress.archivers.zip.UnshrinkingInputStream.decompressNextSymbol: computed 0 unit tests
src/main/java/org/apache/commons/compress/archivers/zip/UnshrinkingInputStream.java: org.apache.commons.compress.archivers.zip.UnshrinkingInputStream.decompressNextSymbol: found 1 problems
src/main/java/org/apache/commons/compress/archivers/zip/UnshrinkingInputStream.java: internal error: org.apache.commons.compress.archivers.zip.UnshrinkingInputStream.decompressNextSymbol: unknown type kind
	data: [==(select(VariableReference(@m_0, pointer(struct(org/apache/commons/compress/archivers/zip/UnshrinkingInputStream, [], [unsupported(org/apache/commons/compress/compressors/lzw/LZWInputStream)], [])), @m_0_0), isUsed), nil) array(primitive(bool, 0, false), primitive(int, 32, false), 0)]
src/main/java/org/apache/commons/compress/archivers/zip/UnshrinkingInputStream.java: org.apache.commons.compress.archivers.zip.UnshrinkingInputStream.UnshrinkingInputStream: computing test cases
src/main/java/org/apache/commons/compress/archivers/zip/UnshrinkingInputStream.java: org.apache.commons.compress.archivers.zip.UnshrinkingInputStream.UnshrinkingInputStream: computed 0 unit tests
src/main/java/org/apache/commons/compress/archivers/zip/UnshrinkingInputStream.java: org.apache.commons.compress.archivers.zip.UnshrinkingInputStream.UnshrinkingInputStream: found 0 problems
src/main/java/org/apache/commons/compress/archivers/zip/UnshrinkingInputStream.java: org.apache.commons.compress.archivers.zip.UnshrinkingInputStream.addEntry: computing test cases
src/main/java/org/apache/commons/compress/archivers/zip/UnshrinkingInputStream.java: org.apache.commons.compress.archivers.zip.UnshrinkingInputStream.addEntry: computed 0 unit tests
src/main/java/org/apache/commons/compress/archivers/zip/UnshrinkingInputStream.java: org.apache.commons.compress.archivers.zip.UnshrinkingInputStream.addEntry: found 1 problems
src/main/java/org/apache/commons/compress/archivers/zip/UnshrinkingInputStream.java: internal error: org.apache.commons.compress.archivers.zip.UnshrinkingInputStream.addEntry: unknown type kind
	data: [==(select(VariableReference(@m_0, pointer(struct(org/apache/commons/compress/archivers/zip/UnshrinkingInputStream, [], [unsupported(org/apache/commons/compress/compressors/lzw/LZWInputStream)], [])), @m_0_0), isUsed), nil) array(primitive(bool, 0, false), primitive(int, 32, false), 0)]
src/main/java/org/apache/commons/compress/archivers/dump/DumpArchiveSummary.java: org.apache.commons.compress.archivers.dump.DumpArchiveSummary.DumpArchiveSummary: computing test cases
src/main/java/org/apache/commons/compress/archivers/dump/DumpArchiveSummary.java: org.apache.commons.compress.archivers.dump.DumpArchiveSummary.DumpArchiveSummary: computed 2 unit tests
src/main/java/org/apache/commons/compress/archivers/dump/DumpArchiveSummary.java: org.apache.commons.compress.archivers.dump.DumpArchiveSummary.DumpArchiveSummary: found 2 problems
src/main/java/org/apache/commons/compress/archivers/dump/DumpArchiveUtil.java:113:13: critical: org.apache.commons.compress.archivers.dump.DumpArchiveSummary.DumpArchiveSummary: uncaught ArrayIndexOutOfBoundsException
src/main/java/org/apache/commons/compress/archivers/dump/DumpArchiveUtil.java:113:13: critical: org.apache.commons.compress.archivers.dump.DumpArchiveSummary.DumpArchiveSummary: uncaught java.lang.NullPointerException
src/main/java/org/apache/commons/compress/archivers/dump/DumpArchiveSummary.java: org.apache.commons.compress.archivers.dump.DumpArchiveSummary.setNTRec: computing test cases
src/main/java/org/apache/commons/compress/archivers/dump/DumpArchiveSummary.java: org.apache.commons.compress.archivers.dump.DumpArchiveSummary.setNTRec: computed 1 unit tests
src/main/java/org/apache/commons/compress/archivers/dump/DumpArchiveSummary.java: org.apache.commons.compress.archivers.dump.DumpArchiveSummary.setNTRec: found 0 problems
src/main/java/org/apache/commons/compress/archivers/dump/DumpArchiveSummary.java: org.apache.commons.compress.archivers.dump.DumpArchiveSummary.setLabel: computing test cases
src/main/java/org/apache/commons/compress/archivers/dump/DumpArchiveSummary.java: org.apache.commons.compress.archivers.dump.DumpArchiveSummary.setLabel: computed 1 unit tests
src/main/java/org/apache/commons/compress/archivers/dump/DumpArchiveSummary.java: org.apache.commons.compress.archivers.dump.DumpArchiveSummary.setLabel: found 0 problems
src/main/java/org/apache/commons/compress/archivers/dump/DumpArchiveSummary.java: org.apache.commons.compress.archivers.dump.DumpArchiveSummary.isNewInode: computing test cases
src/main/java/org/apache/commons/compress/archivers/dump/DumpArchiveSummary.java: org.apache.commons.compress.archivers.dump.DumpArchiveSummary.isNewInode: computed 2 unit tests
src/main/java/org/apache/commons/compress/archivers/dump/DumpArchiveSummary.java: org.apache.commons.compress.archivers.dump.DumpArchiveSummary.isNewInode: found 0 problems
src/main/java/org/apache/commons/compress/archivers/dump/DumpArchiveSummary.java: org.apache.commons.compress.archivers.dump.DumpArchiveSummary.setHostname: computing test cases
src/main/java/org/apache/commons/compress/archivers/dump/DumpArchiveSummary.java: org.apache.commons.compress.archivers.dump.DumpArchiveSummary.setHostname: computed 1 unit tests
src/main/java/org/apache/commons/compress/archivers/dump/DumpArchiveSummary.java: org.apache.commons.compress.archivers.dump.DumpArchiveSummary.setHostname: found 0 problems
src/main/java/org/apache/commons/compress/archivers/dump/DumpArchiveSummary.java: org.apache.commons.compress.archivers.dump.DumpArchiveSummary.isMetaDataOnly: computing test cases
src/main/java/org/apache/commons/compress/archivers/dump/DumpArchiveSummary.java: org.apache.commons.compress.archivers.dump.DumpArchiveSummary.isMetaDataOnly: computed 2 unit tests
src/main/java/org/apache/commons/compress/archivers/dump/DumpArchiveSummary.java: org.apache.commons.compress.archivers.dump.DumpArchiveSummary.isMetaDataOnly: found 0 problems
src/main/java/org/apache/commons/compress/archivers/dump/DumpArchiveSummary.java: org.apache.commons.compress.archivers.dump.DumpArchiveSummary.getFlags: computing test cases
src/main/java/org/apache/commons/compress/archivers/dump/DumpArchiveSummary.java: org.apache.commons.compress.archivers.dump.DumpArchiveSummary.getFlags: computed 1 unit tests
src/main/java/org/apache/commons/compress/archivers/dump/DumpArchiveSummary.java: org.apache.commons.compress.archivers.dump.DumpArchiveSummary.getFlags: found 0 problems
src/main/java/org/apache/commons/compress/archivers/dump/DumpArchiveSummary.java: org.apache.commons.compress.archivers.dump.DumpArchiveSummary.getHostname: computing test cases
src/main/java/org/apache/commons/compress/archivers/dump/DumpArchiveSummary.java: org.apache.commons.compress.archivers.dump.DumpArchiveSummary.getHostname: computed 1 unit tests
src/main/java/org/apache/commons/compress/archivers/dump/DumpArchiveSummary.java: org.apache.commons.compress.archivers.dump.DumpArchiveSummary.getHostname: found 0 problems
src/main/java/org/apache/commons/compress/archivers/dump/DumpArchiveSummary.java: org.apache.commons.compress.archivers.dump.DumpArchiveSummary.setLevel: computing test cases
src/main/java/org/apache/commons/compress/archivers/dump/DumpArchiveSummary.java: org.apache.commons.compress.archivers.dump.DumpArchiveSummary.setLevel: computed 1 unit tests
src/main/java/org/apache/commons/compress/archivers/dump/DumpArchiveSummary.java: org.apache.commons.compress.archivers.dump.DumpArchiveSummary.setLevel: found 0 problems
src/main/java/org/apache/commons/compress/archivers/dump/DumpArchiveSummary.java: org.apache.commons.compress.archivers.dump.DumpArchiveSummary.getDumpDate: computing test cases
src/main/java/org/apache/commons/compress/archivers/dump/DumpArchiveSummary.java: org.apache.commons.compress.archivers.dump.DumpArchiveSummary.getDumpDate: computed 0 unit tests
src/main/java/org/apache/commons/compress/archivers/dump/DumpArchiveSummary.java: org.apache.commons.compress.archivers.dump.DumpArchiveSummary.getDumpDate: found 0 problems
src/main/java/org/apache/commons/compress/archivers/dump/DumpArchiveSummary.java: org.apache.commons.compress.archivers.dump.DumpArchiveSummary.getFirstRecord: computing test cases
src/main/java/org/apache/commons/compress/archivers/dump/DumpArchiveSummary.java: org.apache.commons.compress.archivers.dump.DumpArchiveSummary.getFirstRecord: computed 1 unit tests
src/main/java/org/apache/commons/compress/archivers/dump/DumpArchiveSummary.java: org.apache.commons.compress.archivers.dump.DumpArchiveSummary.getFirstRecord: found 0 problems
src/main/java/org/apache/commons/compress/archivers/dump/DumpArchiveSummary.java: org.apache.commons.compress.archivers.dump.DumpArchiveSummary.setFlags: computing test cases
src/main/java/org/apache/commons/compress/archivers/dump/DumpArchiveSummary.java: org.apache.commons.compress.archivers.dump.DumpArchiveSummary.setFlags: computed 1 unit tests
src/main/java/org/apache/commons/compress/archivers/dump/DumpArchiveSummary.java: org.apache.commons.compress.archivers.dump.DumpArchiveSummary.setFlags: found 0 problems
src/main/java/org/apache/commons/compress/archivers/dump/DumpArchiveSummary.java: org.apache.commons.compress.archivers.dump.DumpArchiveSummary.getLabel: computing test cases
src/main/java/org/apache/commons/compress/archivers/dump/DumpArchiveSummary.java: org.apache.commons.compress.archivers.dump.DumpArchiveSummary.getLabel: computed 1 unit tests
src/main/java/org/apache/commons/compress/archivers/dump/DumpArchiveSummary.java: org.apache.commons.compress.archivers.dump.DumpArchiveSummary.getLabel: found 0 problems
src/main/java/org/apache/commons/compress/archivers/dump/DumpArchiveSummary.java: org.apache.commons.compress.archivers.dump.DumpArchiveSummary.equals: computing test cases
src/main/java/org/apache/commons/compress/archivers/dump/DumpArchiveSummary.java: org.apache.commons.compress.archivers.dump.DumpArchiveSummary.equals: computed 2 unit tests
src/main/java/org/apache/commons/compress/archivers/dump/DumpArchiveSummary.java: org.apache.commons.compress.archivers.dump.DumpArchiveSummary.equals: found 0 problems
src/main/java/org/apache/commons/compress/archivers/dump/DumpArchiveSummary.java: org.apache.commons.compress.archivers.dump.DumpArchiveSummary.hashCode: computing test cases
src/main/java/org/apache/commons/compress/archivers/dump/DumpArchiveSummary.java: org.apache.commons.compress.archivers.dump.DumpArchiveSummary.hashCode: computed 3 unit tests
src/main/java/org/apache/commons/compress/archivers/dump/DumpArchiveSummary.java: org.apache.commons.compress.archivers.dump.DumpArchiveSummary.hashCode: found 2 problems
src/main/java/org/apache/commons/compress/archivers/dump/DumpArchiveSummary.java:292:17: critical: org.apache.commons.compress.archivers.dump.DumpArchiveSummary.hashCode: uncaught ArithmeticException: integer overflow
		at java.lang.Math.multiplyExact
src/main/java/org/apache/commons/compress/archivers/dump/DumpArchiveSummary.java:292:9: critical: org.apache.commons.compress.archivers.dump.DumpArchiveSummary.hashCode: uncaught ArithmeticException: integer overflow
		at java.lang.Math.addExact
src/main/java/org/apache/commons/compress/archivers/dump/DumpArchiveSummary.java: org.apache.commons.compress.archivers.dump.DumpArchiveSummary.setDevname: computing test cases
src/main/java/org/apache/commons/compress/archivers/dump/DumpArchiveSummary.java: org.apache.commons.compress.archivers.dump.DumpArchiveSummary.setDevname: computed 1 unit tests
src/main/java/org/apache/commons/compress/archivers/dump/DumpArchiveSummary.java: org.apache.commons.compress.archivers.dump.DumpArchiveSummary.setDevname: found 0 problems
src/main/java/org/apache/commons/compress/archivers/dump/DumpArchiveSummary.java: org.apache.commons.compress.archivers.dump.DumpArchiveSummary.setDumpDate: computing test cases
src/main/java/org/apache/commons/compress/archivers/dump/DumpArchiveSummary.java: org.apache.commons.compress.archivers.dump.DumpArchiveSummary.setDumpDate: computed 0 unit tests
src/main/java/org/apache/commons/compress/archivers/dump/DumpArchiveSummary.java: org.apache.commons.compress.archivers.dump.DumpArchiveSummary.setDumpDate: found 1 problems
src/main/java/org/apache/commons/compress/archivers/dump/DumpArchiveSummary.java: unsupported: org.apache.commons.compress.archivers.dump.DumpArchiveSummary.setDumpDate: encountered an unsupported type
	data: unsupported(java/util/Date)
src/main/java/org/apache/commons/compress/archivers/dump/DumpArchiveSummary.java: org.apache.commons.compress.archivers.dump.DumpArchiveSummary.setFirstRecord: computing test cases
src/main/java/org/apache/commons/compress/archivers/dump/DumpArchiveSummary.java: org.apache.commons.compress.archivers.dump.DumpArchiveSummary.setFirstRecord: computed 1 unit tests
src/main/java/org/apache/commons/compress/archivers/dump/DumpArchiveSummary.java: org.apache.commons.compress.archivers.dump.DumpArchiveSummary.setFirstRecord: found 0 problems
src/main/java/org/apache/commons/compress/archivers/dump/DumpArchiveSummary.java: org.apache.commons.compress.archivers.dump.DumpArchiveSummary.isCompressed: computing test cases
src/main/java/org/apache/commons/compress/archivers/dump/DumpArchiveSummary.java: org.apache.commons.compress.archivers.dump.DumpArchiveSummary.isCompressed: computed 2 unit tests
src/main/java/org/apache/commons/compress/archivers/dump/DumpArchiveSummary.java: org.apache.commons.compress.archivers.dump.DumpArchiveSummary.isCompressed: found 0 problems
src/main/java/org/apache/commons/compress/archivers/dump/DumpArchiveSummary.java: org.apache.commons.compress.archivers.dump.DumpArchiveSummary.getDevname: computing test cases
src/main/java/org/apache/commons/compress/archivers/dump/DumpArchiveSummary.java: org.apache.commons.compress.archivers.dump.DumpArchiveSummary.getDevname: computed 1 unit tests
src/main/java/org/apache/commons/compress/archivers/dump/DumpArchiveSummary.java: org.apache.commons.compress.archivers.dump.DumpArchiveSummary.getDevname: found 0 problems
src/main/java/org/apache/commons/compress/archivers/dump/DumpArchiveSummary.java: org.apache.commons.compress.archivers.dump.DumpArchiveSummary.getNTRec: computing test cases
src/main/java/org/apache/commons/compress/archivers/dump/DumpArchiveSummary.java: org.apache.commons.compress.archivers.dump.DumpArchiveSummary.getNTRec: computed 1 unit tests
src/main/java/org/apache/commons/compress/archivers/dump/DumpArchiveSummary.java: org.apache.commons.compress.archivers.dump.DumpArchiveSummary.getNTRec: found 0 problems
src/main/java/org/apache/commons/compress/archivers/dump/DumpArchiveSummary.java: org.apache.commons.compress.archivers.dump.DumpArchiveSummary.setVolume: computing test cases
src/main/java/org/apache/commons/compress/archivers/dump/DumpArchiveSummary.java: org.apache.commons.compress.archivers.dump.DumpArchiveSummary.setVolume: computed 1 unit tests
src/main/java/org/apache/commons/compress/archivers/dump/DumpArchiveSummary.java: org.apache.commons.compress.archivers.dump.DumpArchiveSummary.setVolume: found 0 problems
src/main/java/org/apache/commons/compress/archivers/dump/DumpArchiveSummary.java: org.apache.commons.compress.archivers.dump.DumpArchiveSummary.getFilesystem: computing test cases
src/main/java/org/apache/commons/compress/archivers/dump/DumpArchiveSummary.java: org.apache.commons.compress.archivers.dump.DumpArchiveSummary.getFilesystem: computed 1 unit tests
src/main/java/org/apache/commons/compress/archivers/dump/DumpArchiveSummary.java: org.apache.commons.compress.archivers.dump.DumpArchiveSummary.getFilesystem: found 0 problems
src/main/java/org/apache/commons/compress/archivers/dump/DumpArchiveSummary.java: org.apache.commons.compress.archivers.dump.DumpArchiveSummary.getVolume: computing test cases
src/main/java/org/apache/commons/compress/archivers/dump/DumpArchiveSummary.java: org.apache.commons.compress.archivers.dump.DumpArchiveSummary.getVolume: computed 1 unit tests
src/main/java/org/apache/commons/compress/archivers/dump/DumpArchiveSummary.java: org.apache.commons.compress.archivers.dump.DumpArchiveSummary.getVolume: found 0 problems
src/main/java/org/apache/commons/compress/archivers/dump/DumpArchiveSummary.java: org.apache.commons.compress.archivers.dump.DumpArchiveSummary.setFilesystem: computing test cases
src/main/java/org/apache/commons/compress/archivers/dump/DumpArchiveSummary.java: org.apache.commons.compress.archivers.dump.DumpArchiveSummary.setFilesystem: computed 1 unit tests
src/main/java/org/apache/commons/compress/archivers/dump/DumpArchiveSummary.java: org.apache.commons.compress.archivers.dump.DumpArchiveSummary.setFilesystem: found 0 problems
src/main/java/org/apache/commons/compress/archivers/dump/DumpArchiveSummary.java: org.apache.commons.compress.archivers.dump.DumpArchiveSummary.isExtendedAttributes: computing test cases
src/main/java/org/apache/commons/compress/archivers/dump/DumpArchiveSummary.java: org.apache.commons.compress.archivers.dump.DumpArchiveSummary.isExtendedAttributes: computed 2 unit tests
src/main/java/org/apache/commons/compress/archivers/dump/DumpArchiveSummary.java: org.apache.commons.compress.archivers.dump.DumpArchiveSummary.isExtendedAttributes: found 0 problems
src/main/java/org/apache/commons/compress/archivers/dump/DumpArchiveSummary.java: org.apache.commons.compress.archivers.dump.DumpArchiveSummary.getLevel: computing test cases
src/main/java/org/apache/commons/compress/archivers/dump/DumpArchiveSummary.java: org.apache.commons.compress.archivers.dump.DumpArchiveSummary.getLevel: computed 1 unit tests
src/main/java/org/apache/commons/compress/archivers/dump/DumpArchiveSummary.java: org.apache.commons.compress.archivers.dump.DumpArchiveSummary.getLevel: found 0 problems
src/main/java/org/apache/commons/compress/archivers/dump/DumpArchiveSummary.java: org.apache.commons.compress.archivers.dump.DumpArchiveSummary.setPreviousDumpDate: computing test cases
src/main/java/org/apache/commons/compress/archivers/dump/DumpArchiveSummary.java: org.apache.commons.compress.archivers.dump.DumpArchiveSummary.setPreviousDumpDate: computed 0 unit tests
src/main/java/org/apache/commons/compress/archivers/dump/DumpArchiveSummary.java: org.apache.commons.compress.archivers.dump.DumpArchiveSummary.setPreviousDumpDate: found 1 problems
src/main/java/org/apache/commons/compress/archivers/dump/DumpArchiveSummary.java: unsupported: org.apache.commons.compress.archivers.dump.DumpArchiveSummary.setPreviousDumpDate: encountered an unsupported type
	data: unsupported(java/util/Date)
src/main/java/org/apache/commons/compress/archivers/dump/DumpArchiveSummary.java: org.apache.commons.compress.archivers.dump.DumpArchiveSummary.isNewHeader: computing test cases
src/main/java/org/apache/commons/compress/archivers/dump/DumpArchiveSummary.java: org.apache.commons.compress.archivers.dump.DumpArchiveSummary.isNewHeader: computed 2 unit tests
src/main/java/org/apache/commons/compress/archivers/dump/DumpArchiveSummary.java: org.apache.commons.compress.archivers.dump.DumpArchiveSummary.isNewHeader: found 0 problems
src/main/java/org/apache/commons/compress/archivers/dump/DumpArchiveSummary.java: org.apache.commons.compress.archivers.dump.DumpArchiveSummary.getPreviousDumpDate: computing test cases
src/main/java/org/apache/commons/compress/archivers/dump/DumpArchiveSummary.java: org.apache.commons.compress.archivers.dump.DumpArchiveSummary.getPreviousDumpDate: computed 0 unit tests
src/main/java/org/apache/commons/compress/archivers/dump/DumpArchiveSummary.java: org.apache.commons.compress.archivers.dump.DumpArchiveSummary.getPreviousDumpDate: found 0 problems
src/main/java/org/apache/commons/compress/archivers/zip/UnicodeCommentExtraField.java: org.apache.commons.compress.archivers.zip.UnicodeCommentExtraField.UnicodeCommentExtraField: computing test cases
src/main/java/org/apache/commons/compress/archivers/zip/UnicodeCommentExtraField.java: org.apache.commons.compress.archivers.zip.UnicodeCommentExtraField.UnicodeCommentExtraField: computed 1 unit tests
src/main/java/org/apache/commons/compress/archivers/zip/UnicodeCommentExtraField.java: org.apache.commons.compress.archivers.zip.UnicodeCommentExtraField.UnicodeCommentExtraField: found 0 problems
src/main/java/org/apache/commons/compress/archivers/zip/UnicodeCommentExtraField.java: org.apache.commons.compress.archivers.zip.UnicodeCommentExtraField.getHeaderId: computing test cases
src/main/java/org/apache/commons/compress/archivers/zip/UnicodeCommentExtraField.java: org.apache.commons.compress.archivers.zip.UnicodeCommentExtraField.getHeaderId: computed 1 unit tests
src/main/java/org/apache/commons/compress/archivers/zip/UnicodeCommentExtraField.java: org.apache.commons.compress.archivers.zip.UnicodeCommentExtraField.getHeaderId: found 0 problems
src/main/java/org/apache/commons/compress/archivers/zip/UnicodeCommentExtraField.java: org.apache.commons.compress.archivers.zip.UnicodeCommentExtraField.UnicodeCommentExtraField: computing test cases
src/main/java/org/apache/commons/compress/archivers/zip/UnicodeCommentExtraField.java: org.apache.commons.compress.archivers.zip.UnicodeCommentExtraField.UnicodeCommentExtraField: computed 1 unit tests
src/main/java/org/apache/commons/compress/archivers/zip/UnicodeCommentExtraField.java: org.apache.commons.compress.archivers.zip.UnicodeCommentExtraField.UnicodeCommentExtraField: found 1 problems
src/main/java/org/apache/commons/compress/archivers/zip/AbstractUnicodeExtraField.java:72:30: critical: org.apache.commons.compress.archivers.zip.UnicodeCommentExtraField.UnicodeCommentExtraField: uncaught java.lang.NullPointerException
src/main/java/org/apache/commons/compress/archivers/zip/UnicodeCommentExtraField.java: org.apache.commons.compress.archivers.zip.UnicodeCommentExtraField.UnicodeCommentExtraField: computing test cases
src/main/java/org/apache/commons/compress/archivers/zip/UnicodeCommentExtraField.java: org.apache.commons.compress.archivers.zip.UnicodeCommentExtraField.UnicodeCommentExtraField: computed 0 unit tests
src/main/java/org/apache/commons/compress/archivers/zip/UnicodeCommentExtraField.java: org.apache.commons.compress.archivers.zip.UnicodeCommentExtraField.UnicodeCommentExtraField: found 0 problems
src/main/java/org/apache/commons/compress/archivers/StreamingNotSupportedException.java: org.apache.commons.compress.archivers.StreamingNotSupportedException.getFormat: computing test cases
src/main/java/org/apache/commons/compress/archivers/StreamingNotSupportedException.java: org.apache.commons.compress.archivers.StreamingNotSupportedException.getFormat: computed 1 unit tests
src/main/java/org/apache/commons/compress/archivers/StreamingNotSupportedException.java: org.apache.commons.compress.archivers.StreamingNotSupportedException.getFormat: found 0 problems
src/main/java/org/apache/commons/compress/archivers/StreamingNotSupportedException.java: org.apache.commons.compress.archivers.StreamingNotSupportedException.StreamingNotSupportedException: computing test cases
src/main/java/org/apache/commons/compress/archivers/StreamingNotSupportedException.java: org.apache.commons.compress.archivers.StreamingNotSupportedException.StreamingNotSupportedException: computed 1 unit tests
src/main/java/org/apache/commons/compress/archivers/StreamingNotSupportedException.java: org.apache.commons.compress.archivers.StreamingNotSupportedException.StreamingNotSupportedException: found 0 problems
src/main/java/org/apache/commons/compress/archivers/sevenz/BoundedRandomAccessFileInputStream.java: org.apache.commons.compress.archivers.sevenz.BoundedRandomAccessFileInputStream.BoundedRandomAccessFileInputStream: computing test cases
src/main/java/org/apache/commons/compress/archivers/sevenz/BoundedRandomAccessFileInputStream.java: org.apache.commons.compress.archivers.sevenz.BoundedRandomAccessFileInputStream.BoundedRandomAccessFileInputStream: found 1 problems
src/main/java/org/apache/commons/compress/archivers/sevenz/BoundedRandomAccessFileInputStream.java: internal error: org.apache.commons.compress.archivers.sevenz.BoundedRandomAccessFileInputStream.BoundedRandomAccessFileInputStream: unknown type kind
	data: unsupported(java/io/RandomAccessFile)
src/main/java/org/apache/commons/compress/archivers/sevenz/BoundedRandomAccessFileInputStream.java: org.apache.commons.compress.archivers.sevenz.BoundedRandomAccessFileInputStream.read: computing test cases
src/main/java/org/apache/commons/compress/archivers/sevenz/BoundedRandomAccessFileInputStream.java: org.apache.commons.compress.archivers.sevenz.BoundedRandomAccessFileInputStream.read: found 1 problems
src/main/java/org/apache/commons/compress/archivers/sevenz/BoundedRandomAccessFileInputStream.java: internal error: org.apache.commons.compress.archivers.sevenz.BoundedRandomAccessFileInputStream.read: unknown type kind
	data: unsupported(java/io/RandomAccessFile)
src/main/java/org/apache/commons/compress/archivers/sevenz/BoundedRandomAccessFileInputStream.java: org.apache.commons.compress.archivers.sevenz.BoundedRandomAccessFileInputStream.close: computing test cases
src/main/java/org/apache/commons/compress/archivers/sevenz/BoundedRandomAccessFileInputStream.java: org.apache.commons.compress.archivers.sevenz.BoundedRandomAccessFileInputStream.close: found 1 problems
src/main/java/org/apache/commons/compress/archivers/sevenz/BoundedRandomAccessFileInputStream.java: internal error: org.apache.commons.compress.archivers.sevenz.BoundedRandomAccessFileInputStream.close: unknown type kind
	data: unsupported(java/io/RandomAccessFile)
src/main/java/org/apache/commons/compress/archivers/sevenz/BoundedRandomAccessFileInputStream.java: org.apache.commons.compress.archivers.sevenz.BoundedRandomAccessFileInputStream.read: computing test cases
src/main/java/org/apache/commons/compress/archivers/sevenz/BoundedRandomAccessFileInputStream.java: org.apache.commons.compress.archivers.sevenz.BoundedRandomAccessFileInputStream.read: found 1 problems
src/main/java/org/apache/commons/compress/archivers/sevenz/BoundedRandomAccessFileInputStream.java: internal error: org.apache.commons.compress.archivers.sevenz.BoundedRandomAccessFileInputStream.read: unknown type kind
	data: unsupported(java/io/RandomAccessFile)
src/main/java/org/apache/commons/compress/archivers/Lister.java: org.apache.commons.compress.archivers.Lister.main: computing test cases
src/main/java/org/apache/commons/compress/archivers/Lister.java: org.apache.commons.compress.archivers.Lister.main: computed 0 unit tests
src/main/java/org/apache/commons/compress/archivers/Lister.java: org.apache.commons.compress.archivers.Lister.main: found 1 problems
src/main/java/org/apache/commons/compress/archivers/Lister.java: internal error: org.apache.commons.compress.archivers.Lister.main: recovered panic
	data: runtime error: index out of range [31] with length 7
src/main/java/org/apache/commons/compress/archivers/sevenz/LZMA2Decoder.java: org.apache.commons.compress.archivers.sevenz.LZMA2Decoder.decode: computing test cases
src/main/java/org/apache/commons/compress/archivers/sevenz/LZMA2Decoder.java: org.apache.commons.compress.archivers.sevenz.LZMA2Decoder.decode: computed 0 unit tests
src/main/java/org/apache/commons/compress/archivers/sevenz/LZMA2Decoder.java: org.apache.commons.compress.archivers.sevenz.LZMA2Decoder.decode: found 1 problems
src/main/java/org/apache/commons/compress/archivers/sevenz/LZMA2Decoder.java: unsupported: org.apache.commons.compress.archivers.sevenz.LZMA2Decoder.decode: unsupported type
	data: wildcard(, pointer(reference(java/lang/Object)))
src/main/java/org/apache/commons/compress/archivers/sevenz/LZMA2Decoder.java: org.apache.commons.compress.archivers.sevenz.LZMA2Decoder.getOptionsFromCoder: computing test cases
src/main/java/org/apache/commons/compress/archivers/sevenz/LZMA2Decoder.java: org.apache.commons.compress.archivers.sevenz.LZMA2Decoder.getOptionsFromCoder: computed 0 unit tests
src/main/java/org/apache/commons/compress/archivers/sevenz/LZMA2Decoder.java: org.apache.commons.compress.archivers.sevenz.LZMA2Decoder.getOptionsFromCoder: found 1 problems
src/main/java/org/apache/commons/compress/archivers/sevenz/LZMA2Decoder.java: unsupported: org.apache.commons.compress.archivers.sevenz.LZMA2Decoder.getOptionsFromCoder: unsupported type
	data: wildcard(, pointer(reference(java/lang/Object)))
src/main/java/org/apache/commons/compress/archivers/sevenz/LZMA2Decoder.java: org.apache.commons.compress.archivers.sevenz.LZMA2Decoder.getOptionsAsProperties: computing test cases
src/main/java/org/apache/commons/compress/archivers/sevenz/LZMA2Decoder.java: org.apache.commons.compress.archivers.sevenz.LZMA2Decoder.getOptionsAsProperties: computed 0 unit tests
src/main/java/org/apache/commons/compress/archivers/sevenz/LZMA2Decoder.java: org.apache.commons.compress.archivers.sevenz.LZMA2Decoder.getOptionsAsProperties: found 1 problems
src/main/java/org/apache/commons/compress/archivers/sevenz/LZMA2Decoder.java: unsupported: org.apache.commons.compress.archivers.sevenz.LZMA2Decoder.getOptionsAsProperties: unsupported type
	data: wildcard(, pointer(reference(java/lang/Object)))
src/main/java/org/apache/commons/compress/archivers/sevenz/LZMA2Decoder.java: org.apache.commons.compress.archivers.sevenz.LZMA2Decoder.encode: computing test cases
src/main/java/org/apache/commons/compress/archivers/sevenz/LZMA2Decoder.java: org.apache.commons.compress.archivers.sevenz.LZMA2Decoder.encode: computed 0 unit tests
src/main/java/org/apache/commons/compress/archivers/sevenz/LZMA2Decoder.java: org.apache.commons.compress.archivers.sevenz.LZMA2Decoder.encode: found 1 problems
src/main/java/org/apache/commons/compress/archivers/sevenz/LZMA2Decoder.java: unsupported: org.apache.commons.compress.archivers.sevenz.LZMA2Decoder.encode: unsupported type
	data: wildcard(, pointer(reference(java/lang/Object)))
src/main/java/org/apache/commons/compress/archivers/sevenz/LZMA2Decoder.java: org.apache.commons.compress.archivers.sevenz.LZMA2Decoder.LZMA2Decoder: computing test cases
src/main/java/org/apache/commons/compress/archivers/sevenz/LZMA2Decoder.java: org.apache.commons.compress.archivers.sevenz.LZMA2Decoder.LZMA2Decoder: computed 0 unit tests
src/main/java/org/apache/commons/compress/archivers/zip/UnicodePathExtraField.java: org.apache.commons.compress.archivers.zip.UnicodePathExtraField.getHeaderId: computing test cases
src/main/java/org/apache/commons/compress/archivers/zip/UnicodePathExtraField.java: org.apache.commons.compress.archivers.zip.UnicodePathExtraField.getHeaderId: computed 1 unit tests
src/main/java/org/apache/commons/compress/archivers/zip/UnicodePathExtraField.java: org.apache.commons.compress.archivers.zip.UnicodePathExtraField.getHeaderId: found 0 problems
src/main/java/org/apache/commons/compress/archivers/zip/UnicodePathExtraField.java: org.apache.commons.compress.archivers.zip.UnicodePathExtraField.UnicodePathExtraField: computing test cases
src/main/java/org/apache/commons/compress/archivers/zip/UnicodePathExtraField.java: org.apache.commons.compress.archivers.zip.UnicodePathExtraField.UnicodePathExtraField: computed 1 unit tests
src/main/java/org/apache/commons/compress/archivers/zip/UnicodePathExtraField.java: org.apache.commons.compress.archivers.zip.UnicodePathExtraField.UnicodePathExtraField: found 0 problems
src/main/java/org/apache/commons/compress/archivers/zip/UnicodePathExtraField.java: org.apache.commons.compress.archivers.zip.UnicodePathExtraField.UnicodePathExtraField: computing test cases
src/main/java/org/apache/commons/compress/archivers/zip/UnicodePathExtraField.java: org.apache.commons.compress.archivers.zip.UnicodePathExtraField.UnicodePathExtraField: computed 0 unit tests
src/main/java/org/apache/commons/compress/archivers/zip/UnicodePathExtraField.java: org.apache.commons.compress.archivers.zip.UnicodePathExtraField.UnicodePathExtraField: found 0 problems
src/main/java/org/apache/commons/compress/archivers/zip/UnicodePathExtraField.java: org.apache.commons.compress.archivers.zip.UnicodePathExtraField.UnicodePathExtraField: computing test cases
src/main/java/org/apache/commons/compress/archivers/zip/UnicodePathExtraField.java: org.apache.commons.compress.archivers.zip.UnicodePathExtraField.UnicodePathExtraField: computed 1 unit tests
src/main/java/org/apache/commons/compress/archivers/zip/UnicodePathExtraField.java: org.apache.commons.compress.archivers.zip.UnicodePathExtraField.UnicodePathExtraField: found 1 problems
src/main/java/org/apache/commons/compress/archivers/zip/AbstractUnicodeExtraField.java:72:30: critical: org.apache.commons.compress.archivers.zip.UnicodePathExtraField.UnicodePathExtraField: uncaught java.lang.NullPointerException
src/main/java/org/apache/commons/compress/archivers/sevenz/CLI.java: org.apache.commons.compress.archivers.sevenz.CLI.main: computing test cases
src/main/java/org/apache/commons/compress/archivers/sevenz/CLI.java: org.apache.commons.compress.archivers.sevenz.CLI.main: found 1 problems
src/main/java/org/apache/commons/compress/archivers/sevenz/CLI.java: internal error: org.apache.commons.compress.archivers.sevenz.CLI.main: unknown type kind
	data: unsupported(java/io/RandomAccessFile)
src/main/java/org/apache/commons/compress/archivers/cpio/CpioArchiveOutputStream.java: org.apache.commons.compress.archivers.cpio.CpioArchiveOutputStream.finish: computing test cases
src/main/java/org/apache/commons/compress/archivers/cpio/CpioArchiveOutputStream.java: org.apache.commons.compress.archivers.cpio.CpioArchiveOutputStream.finish: found 1 problems
src/main/java/org/apache/commons/compress/archivers/cpio/CpioArchiveOutputStream.java: internal error: org.apache.commons.compress.archivers.cpio.CpioArchiveOutputStream.finish: recovered panic
	data: Internal error: unknown type kind:
		&modelast.Unsupported{}
		Stacktrace: goroutine 1 [running]:
		gitlab.nethead.at/symflower/symflower/model/errors.NewInternalError({0x21de060, 0x2d25a10}, {0x13d4da0, 0xc0006c4260})
			gitlab.nethead.at/symflower/symflower/model/errors/error.go:852 +0x4e
		gitlab.nethead.at/symflower/symflower/model/ast.zeroValue(0xc00220f8c0, {0x2205608, 0xc0016891c0}, 0x2088960, 0x2088978)
			gitlab.nethead.at/symflower/symflower/model/ast/value.go:476 +0xefb
		gitlab.nethead.at/symflower/symflower/model/ast.ZeroValue(0x12ba4a0?, {0x2205608?, 0xc0016891c0?})
			gitlab.nethead.at/symflower/symflower/model/ast/value.go:378 +0x2b
		gitlab.nethead.at/symflower/symflower/symbolicexecution.(*symflowerExecution).setInvisibleAndFinalFieldsToDefaultValue(0xc0005c9520, 0xc00104e400, {0x2209770, 0xc000f3b770})
			gitlab.nethead.at/symflower/symflower/symbolicexecution/handle.go:223 +0x2b5
		gitlab.nethead.at/symflower/symflower/symbolicexecution.(*symflowerExecution).createDeclaration(0xc0005c9520, 0xc00104e400, {0x140aaeb, 0x4}, {0x2205728?, 0xc000610140?}, {0x0, 0x0})
			gitlab.nethead.at/symflower/symflower/symbolicexecution/handle.go:4760 +0x62d
		gitlab.nethead.at/symflower/symflower/symbolicexecution.(*symflowerExecution).handleSymbol(0xc0005c9520, 0xc00220f8c0, 0xc001cb5a00)
			gitlab.nethead.at/symflower/symflower/symbolicexecution/handle.go:55 +0x645
		gitlab.nethead.at/symflower/symflower/symbolicexecution.analyzeInternal(0xc003f8a420, 0x2088c88)
			gitlab.nethead.at/symflower/symflower/symbolicexecution/analyze.go:209 +0xe38
		gitlab.nethead.at/symflower/symflower/symbolicexecution.AnalyzeResult(0x2d49d00?)
			gitlab.nethead.at/symflower/symflower/symbolicexecution/analyze.go:55 +0x32
		gitlab.nethead.at/symflower/symflower/cmd/symflower-local/generate.(*Generator).SymbolicExecutionTestsForSymbol(0xc00059f0e0, {0x21e8348, 0xc0027bf900}, 0xc001c8dc20)
			gitlab.nethead.at/symflower/symflower/cmd/symflower-local/generate/generate.go:236 +0x3a5
		gitlab.nethead.at/symflower/symflower/cmd/symflower-local/generate.(*Generator).Tests(0xc00059f0e0, 0xc00059f110, 0x0?)
			gitlab.nethead.at/symflower/symflower/cmd/symflower-local/generate/generate.go:190 +0x2d3
		gitlab.nethead.at/symflower/symflower/cmd/symflower-local/generate.(*AnalyzeEngineDefault).UnitTests(0x2d?, 0x124bba0?, {0x21eb890?, 0xc00004c9d0?}, {0x80?, 0x47?, 0x4?, 0x0?}, 0x2d?, {0xc00059e720, ...})
			gitlab.nethead.at/symflower/symflower/cmd/symflower-local/generate/analyze.go:157 +0x98
		gitlab.nethead.at/symflower/symflower/cmd/symflower-local/cmd.(*commandUnitTests).Execute(0xc0005b48d8, {0xc0005b4508?, 0x7901505ce398?, 0xc0005b48d8?})
			gitlab.nethead.at/symflower/symflower/cmd/symflower-local/cmd/unit-tests.go:85 +0x2a6
		gitlab.nethead.at/symflower/symflower/cmd.ExecuteNoExit({0x21de020, 0xc0005b4508}, {0xc00019e000?, 0x44?, 0x0?})
			gitlab.nethead.at/symflower/symflower/cmd/execute.go:59 +0x2ad
		gitlab.nethead.at/symflower/symflower/cmd.Execute({0x21de020?, 0xc0005b4508?}, {0xc00019e000?, 0xc00011c0c0?, 0xc0004bbf10?})
			gitlab.nethead.at/symflower/symflower/cmd/execute.go:17 +0x26
		gitlab.nethead.at/symflower/symflower/cmd.ExecuteWithOSArguments(...)
			gitlab.nethead.at/symflower/symflower/cmd/execute.go:78
		main.main.func1()
			gitlab.nethead.at/symflower/symflower/cmd/symflower-demo/main.go:39 +0x34
		gitlab.nethead.at/symflower/symflower/cmd/symflower-local/cmd.(*Command).WithPanicReporter(0xc000110060?, 0x0?)
			gitlab.nethead.at/symflower/symflower/cmd/symflower-local/cmd/cmd.go:151 +0x33
		main.main()
			gitlab.nethead.at/symflower/symflower/cmd/symflower-demo/main.go:38 +0x7f
src/main/java/org/apache/commons/compress/archivers/cpio/CpioArchiveOutputStream.java: org.apache.commons.compress.archivers.cpio.CpioArchiveOutputStream.CpioArchiveOutputStream: computing test cases
src/main/java/org/apache/commons/compress/archivers/cpio/CpioArchiveOutputStream.java: org.apache.commons.compress.archivers.cpio.CpioArchiveOutputStream.CpioArchiveOutputStream: computed 0 unit tests
src/main/java/org/apache/commons/compress/archivers/cpio/CpioArchiveOutputStream.java: org.apache.commons.compress.archivers.cpio.CpioArchiveOutputStream.CpioArchiveOutputStream: found 1 problems
src/main/java/org/apache/commons/compress/archivers/cpio/CpioArchiveOutputStream.java: internal error: org.apache.commons.compress.archivers.cpio.CpioArchiveOutputStream.CpioArchiveOutputStream: unknown type kind
	data: unsupported
src/main/java/org/apache/commons/compress/archivers/cpio/CpioArchiveOutputStream.java: org.apache.commons.compress.archivers.cpio.CpioArchiveOutputStream.CpioArchiveOutputStream: computing test cases
src/main/java/org/apache/commons/compress/archivers/cpio/CpioArchiveOutputStream.java: org.apache.commons.compress.archivers.cpio.CpioArchiveOutputStream.CpioArchiveOutputStream: computed 0 unit tests
src/main/java/org/apache/commons/compress/archivers/cpio/CpioArchiveOutputStream.java: org.apache.commons.compress.archivers.cpio.CpioArchiveOutputStream.CpioArchiveOutputStream: found 0 problems
src/main/java/org/apache/commons/compress/archivers/cpio/CpioArchiveOutputStream.java: org.apache.commons.compress.archivers.cpio.CpioArchiveOutputStream.CpioArchiveOutputStream: computing test cases
src/main/java/org/apache/commons/compress/archivers/cpio/CpioArchiveOutputStream.java: org.apache.commons.compress.archivers.cpio.CpioArchiveOutputStream.CpioArchiveOutputStream: computed 0 unit tests
src/main/java/org/apache/commons/compress/archivers/cpio/CpioArchiveOutputStream.java: org.apache.commons.compress.archivers.cpio.CpioArchiveOutputStream.CpioArchiveOutputStream: found 0 problems
src/main/java/org/apache/commons/compress/archivers/cpio/CpioArchiveOutputStream.java: org.apache.commons.compress.archivers.cpio.CpioArchiveOutputStream.CpioArchiveOutputStream: computing test cases
src/main/java/org/apache/commons/compress/archivers/cpio/CpioArchiveOutputStream.java: org.apache.commons.compress.archivers.cpio.CpioArchiveOutputStream.CpioArchiveOutputStream: computed 0 unit tests
src/main/java/org/apache/commons/compress/archivers/cpio/CpioArchiveOutputStream.java: org.apache.commons.compress.archivers.cpio.CpioArchiveOutputStream.CpioArchiveOutputStream: found 1 problems
src/main/java/org/apache/commons/compress/archivers/cpio/CpioArchiveOutputStream.java: internal error: org.apache.commons.compress.archivers.cpio.CpioArchiveOutputStream.CpioArchiveOutputStream: unknown type kind
	data: unsupported
src/main/java/org/apache/commons/compress/archivers/cpio/CpioArchiveOutputStream.java: org.apache.commons.compress.archivers.cpio.CpioArchiveOutputStream.write: computing test cases
src/main/java/org/apache/commons/compress/archivers/cpio/CpioArchiveOutputStream.java: org.apache.commons.compress.archivers.cpio.CpioArchiveOutputStream.write: found 1 problems
src/main/java/org/apache/commons/compress/archivers/cpio/CpioArchiveOutputStream.java: internal error: org.apache.commons.compress.archivers.cpio.CpioArchiveOutputStream.write: recovered panic
	data: Internal error: unknown type kind:
		&modelast.Unsupported{}
		Stacktrace: goroutine 1 [running]:
		gitlab.nethead.at/symflower/symflower/model/errors.NewInternalError({0x21de060, 0x2d25a10}, {0x13d4da0, 0xc0011fc580})
			gitlab.nethead.at/symflower/symflower/model/errors/error.go:852 +0x4e
		gitlab.nethead.at/symflower/symflower/model/ast.zeroValue(0xc002fdb800, {0x2205608, 0xc0016891c0}, 0x2088960, 0x2088978)
			gitlab.nethead.at/symflower/symflower/model/ast/value.go:476 +0xefb
		gitlab.nethead.at/symflower/symflower/model/ast.ZeroValue(0x12ba4a0?, {0x2205608?, 0xc0016891c0?})
			gitlab.nethead.at/symflower/symflower/model/ast/value.go:378 +0x2b
		gitlab.nethead.at/symflower/symflower/symbolicexecution.(*symflowerExecution).setInvisibleAndFinalFieldsToDefaultValue(0xc0039d5520, 0xc0000c2e00, {0x2209770, 0xc00212f7c0})
			gitlab.nethead.at/symflower/symflower/symbolicexecution/handle.go:223 +0x2b5
		gitlab.nethead.at/symflower/symflower/symbolicexecution.(*symflowerExecution).createDeclaration(0xc0039d5520, 0xc0000c2e00, {0x140aaeb, 0x4}, {0x2205728?, 0xc000610020?}, {0x0, 0x0})
			gitlab.nethead.at/symflower/symflower/symbolicexecution/handle.go:4760 +0x62d
		gitlab.nethead.at/symflower/symflower/symbolicexecution.(*symflowerExecution).handleSymbol(0xc0039d5520, 0xc002fdb800, 0xc001cb5900)
			gitlab.nethead.at/symflower/symflower/symbolicexecution/handle.go:55 +0x645
		gitlab.nethead.at/symflower/symflower/symbolicexecution.analyzeInternal(0xc002748e80, 0x2088c88)
			gitlab.nethead.at/symflower/symflower/symbolicexecution/analyze.go:209 +0xe38
		gitlab.nethead.at/symflower/symflower/symbolicexecution.AnalyzeResult(0x2d49d00?)
			gitlab.nethead.at/symflower/symflower/symbolicexecution/analyze.go:55 +0x32
		gitlab.nethead.at/symflower/symflower/cmd/symflower-local/generate.(*Generator).SymbolicExecutionTestsForSymbol(0xc00059f0e0, {0x21e8348, 0xc0027bf900}, 0xc001c8dbf0)
			gitlab.nethead.at/symflower/symflower/cmd/symflower-local/generate/generate.go:236 +0x3a5
		gitlab.nethead.at/symflower/symflower/cmd/symflower-local/generate.(*Generator).Tests(0xc00059f0e0, 0xc00059f110, 0x0?)
			gitlab.nethead.at/symflower/symflower/cmd/symflower-local/generate/generate.go:190 +0x2d3
		gitlab.nethead.at/symflower/symflower/cmd/symflower-local/generate.(*AnalyzeEngineDefault).UnitTests(0x2d?, 0x124bba0?, {0x21eb890?, 0xc00004c9d0?}, {0x80?, 0x47?, 0x4?, 0x0?}, 0x2d?, {0xc00059e720, ...})
			gitlab.nethead.at/symflower/symflower/cmd/symflower-local/generate/analyze.go:157 +0x98
		gitlab.nethead.at/symflower/symflower/cmd/symflower-local/cmd.(*commandUnitTests).Execute(0xc0005b48d8, {0xc0005b4508?, 0x7901505ce398?, 0xc0005b48d8?})
			gitlab.nethead.at/symflower/symflower/cmd/symflower-local/cmd/unit-tests.go:85 +0x2a6
		gitlab.nethead.at/symflower/symflower/cmd.ExecuteNoExit({0x21de020, 0xc0005b4508}, {0xc00019e000?, 0x44?, 0x0?})
			gitlab.nethead.at/symflower/symflower/cmd/execute.go:59 +0x2ad
		gitlab.nethead.at/symflower/symflower/cmd.Execute({0x21de020?, 0xc0005b4508?}, {0xc00019e000?, 0xc00011c0c0?, 0xc0004bbf10?})
			gitlab.nethead.at/symflower/symflower/cmd/execute.go:17 +0x26
		gitlab.nethead.at/symflower/symflower/cmd.ExecuteWithOSArguments(...)
			gitlab.nethead.at/symflower/symflower/cmd/execute.go:78
		main.main.func1()
			gitlab.nethead.at/symflower/symflower/cmd/symflower-demo/main.go:39 +0x34
		gitlab.nethead.at/symflower/symflower/cmd/symflower-local/cmd.(*Command).WithPanicReporter(0xc000110060?, 0x0?)
			gitlab.nethead.at/symflower/symflower/cmd/symflower-local/cmd/cmd.go:151 +0x33
		main.main()
			gitlab.nethead.at/symflower/symflower/cmd/symflower-demo/main.go:38 +0x7f
src/main/java/org/apache/commons/compress/archivers/cpio/CpioArchiveOutputStream.java: org.apache.commons.compress.archivers.cpio.CpioArchiveOutputStream.close: computing test cases
src/main/java/org/apache/commons/compress/archivers/cpio/CpioArchiveOutputStream.java: org.apache.commons.compress.archivers.cpio.CpioArchiveOutputStream.close: found 1 problems
src/main/java/org/apache/commons/compress/archivers/cpio/CpioArchiveOutputStream.java: internal error: org.apache.commons.compress.archivers.cpio.CpioArchiveOutputStream.close: recovered panic
	data: Internal error: unknown type kind:
		&modelast.Unsupported{}
		Stacktrace: goroutine 1 [running]:
		gitlab.nethead.at/symflower/symflower/model/errors.NewInternalError({0x21de060, 0x2d25a10}, {0x13d4da0, 0xc00053e1b0})
			gitlab.nethead.at/symflower/symflower/model/errors/error.go:852 +0x4e
		gitlab.nethead.at/symflower/symflower/model/ast.zeroValue(0xc003aa6000, {0x2205608, 0xc0016891c0}, 0x2088960, 0x2088978)
			gitlab.nethead.at/symflower/symflower/model/ast/value.go:476 +0xefb
		gitlab.nethead.at/symflower/symflower/model/ast.ZeroValue(0x12ba4a0?, {0x2205608?, 0xc0016891c0?})
			gitlab.nethead.at/symflower/symflower/model/ast/value.go:378 +0x2b
		gitlab.nethead.at/symflower/symflower/symbolicexecution.(*symflowerExecution).setInvisibleAndFinalFieldsToDefaultValue(0xc003a56c30, 0xc0000c3700, {0x2209770, 0xc0026d6730})
			gitlab.nethead.at/symflower/symflower/symbolicexecution/handle.go:223 +0x2b5
		gitlab.nethead.at/symflower/symflower/symbolicexecution.(*symflowerExecution).createDeclaration(0xc003a56c30, 0xc0000c3700, {0x140aaeb, 0x4}, {0x2205728?, 0xc000610260?}, {0x0, 0x0})
			gitlab.nethead.at/symflower/symflower/symbolicexecution/handle.go:4760 +0x62d
		gitlab.nethead.at/symflower/symflower/symbolicexecution.(*symflowerExecution).handleSymbol(0xc003a56c30, 0xc003aa6000, 0xc001cb5b00)
			gitlab.nethead.at/symflower/symflower/symbolicexecution/handle.go:55 +0x645
		gitlab.nethead.at/symflower/symflower/symbolicexecution.analyzeInternal(0xc004590300, 0x2088c88)
			gitlab.nethead.at/symflower/symflower/symbolicexecution/analyze.go:209 +0xe38
		gitlab.nethead.at/symflower/symflower/symbolicexecution.AnalyzeResult(0x2d49d00?)
			gitlab.nethead.at/symflower/symflower/symbolicexecution/analyze.go:55 +0x32
		gitlab.nethead.at/symflower/symflower/cmd/symflower-local/generate.(*Generator).SymbolicExecutionTestsForSymbol(0xc00059f0e0, {0x21e8348, 0xc0027bf900}, 0xc001c8dc50)
			gitlab.nethead.at/symflower/symflower/cmd/symflower-local/generate/generate.go:236 +0x3a5
		gitlab.nethead.at/symflower/symflower/cmd/symflower-local/generate.(*Generator).Tests(0xc00059f0e0, 0xc00059f110, 0x0?)
			gitlab.nethead.at/symflower/symflower/cmd/symflower-local/generate/generate.go:190 +0x2d3
		gitlab.nethead.at/symflower/symflower/cmd/symflower-local/generate.(*AnalyzeEngineDefault).UnitTests(0x2d?, 0x124bba0?, {0x21eb890?, 0xc00004c9d0?}, {0x80?, 0x47?, 0x4?, 0x0?}, 0x2d?, {0xc00059e720, ...})
			gitlab.nethead.at/symflower/symflower/cmd/symflower-local/generate/analyze.go:157 +0x98
		gitlab.nethead.at/symflower/symflower/cmd/symflower-local/cmd.(*commandUnitTests).Execute(0xc0005b48d8, {0xc0005b4508?, 0x7901505ce398?, 0xc0005b48d8?})
			gitlab.nethead.at/symflower/symflower/cmd/symflower-local/cmd/unit-tests.go:85 +0x2a6
		gitlab.nethead.at/symflower/symflower/cmd.ExecuteNoExit({0x21de020, 0xc0005b4508}, {0xc00019e000?, 0x44?, 0x0?})
			gitlab.nethead.at/symflower/symflower/cmd/execute.go:59 +0x2ad
		gitlab.nethead.at/symflower/symflower/cmd.Execute({0x21de020?, 0xc0005b4508?}, {0xc00019e000?, 0xc00011c0c0?, 0xc0004bbf10?})
			gitlab.nethead.at/symflower/symflower/cmd/execute.go:17 +0x26
		gitlab.nethead.at/symflower/symflower/cmd.ExecuteWithOSArguments(...)
			gitlab.nethead.at/symflower/symflower/cmd/execute.go:78
		main.main.func1()
			gitlab.nethead.at/symflower/symflower/cmd/symflower-demo/main.go:39 +0x34
		gitlab.nethead.at/symflower/symflower/cmd/symflower-local/cmd.(*Command).WithPanicReporter(0xc000110060?, 0x0?)
			gitlab.nethead.at/symflower/symflower/cmd/symflower-local/cmd/cmd.go:151 +0x33
		main.main()
			gitlab.nethead.at/symflower/symflower/cmd/symflower-demo/main.go:38 +0x7f
src/main/java/org/apache/commons/compress/archivers/cpio/CpioArchiveOutputStream.java: org.apache.commons.compress.archivers.cpio.CpioArchiveOutputStream.createArchiveEntry: computing test cases
src/main/java/org/apache/commons/compress/archivers/cpio/CpioArchiveOutputStream.java: org.apache.commons.compress.archivers.cpio.CpioArchiveOutputStream.createArchiveEntry: found 1 problems
src/main/java/org/apache/commons/compress/archivers/cpio/CpioArchiveOutputStream.java: internal error: org.apache.commons.compress.archivers.cpio.CpioArchiveOutputStream.createArchiveEntry: recovered panic
	data: Internal error: unknown type kind:
		&modelast.Unsupported{}
		Stacktrace: goroutine 1 [running]:
		gitlab.nethead.at/symflower/symflower/model/errors.NewInternalError({0x21de060, 0x2d25a10}, {0x13d4da0, 0xc001703ce0})
			gitlab.nethead.at/symflower/symflower/model/errors/error.go:852 +0x4e
		gitlab.nethead.at/symflower/symflower/model/ast.zeroValue(0xc003aa6480, {0x2205608, 0xc0016891c0}, 0x2088960, 0x2088978)
			gitlab.nethead.at/symflower/symflower/model/ast/value.go:476 +0xefb
		gitlab.nethead.at/symflower/symflower/model/ast.ZeroValue(0x12ba4a0?, {0x2205608?, 0xc0016891c0?})
			gitlab.nethead.at/symflower/symflower/model/ast/value.go:378 +0x2b
		gitlab.nethead.at/symflower/symflower/symbolicexecution.(*symflowerExecution).setInvisibleAndFinalFieldsToDefaultValue(0xc003aea0d0, 0xc0000c3d00, {0x2209770, 0xc0026d7180})
			gitlab.nethead.at/symflower/symflower/symbolicexecution/handle.go:223 +0x2b5
		gitlab.nethead.at/symflower/symflower/symbolicexecution.(*symflowerExecution).createDeclaration(0xc003aea0d0, 0xc0000c3d00, {0x140aaeb, 0x4}, {0x2205728?, 0xc0006107c0?}, {0x0, 0x0})
			gitlab.nethead.at/symflower/symflower/symbolicexecution/handle.go:4760 +0x62d
		gitlab.nethead.at/symflower/symflower/symbolicexecution.(*symflowerExecution).handleSymbol(0xc003aea0d0, 0xc003aa6480, 0xc001cc8100)
			gitlab.nethead.at/symflower/symflower/symbolicexecution/handle.go:55 +0x645
		gitlab.nethead.at/symflower/symflower/symbolicexecution.analyzeInternal(0xc0045ae180, 0x2088c88)
			gitlab.nethead.at/symflower/symflower/symbolicexecution/analyze.go:209 +0xe38
		gitlab.nethead.at/symflower/symflower/symbolicexecution.AnalyzeResult(0x2d49d00?)
			gitlab.nethead.at/symflower/symflower/symbolicexecution/analyze.go:55 +0x32
		gitlab.nethead.at/symflower/symflower/cmd/symflower-local/generate.(*Generator).SymbolicExecutionTestsForSymbol(0xc00059f0e0, {0x21e8348, 0xc0027bf900}, 0xc001c8dd40)
			gitlab.nethead.at/symflower/symflower/cmd/symflower-local/generate/generate.go:236 +0x3a5
		gitlab.nethead.at/symflower/symflower/cmd/symflower-local/generate.(*Generator).Tests(0xc00059f0e0, 0xc00059f110, 0x0?)
			gitlab.nethead.at/symflower/symflower/cmd/symflower-local/generate/generate.go:190 +0x2d3
		gitlab.nethead.at/symflower/symflower/cmd/symflower-local/generate.(*AnalyzeEngineDefault).UnitTests(0x2d?, 0x124bba0?, {0x21eb890?, 0xc00004c9d0?}, {0x80?, 0x47?, 0x4?, 0x0?}, 0x2d?, {0xc00059e720, ...})
			gitlab.nethead.at/symflower/symflower/cmd/symflower-local/generate/analyze.go:157 +0x98
		gitlab.nethead.at/symflower/symflower/cmd/symflower-local/cmd.(*commandUnitTests).Execute(0xc0005b48d8, {0xc0005b4508?, 0x7901505ce398?, 0xc0005b48d8?})
			gitlab.nethead.at/symflower/symflower/cmd/symflower-local/cmd/unit-tests.go:85 +0x2a6
		gitlab.nethead.at/symflower/symflower/cmd.ExecuteNoExit({0x21de020, 0xc0005b4508}, {0xc00019e000?, 0x44?, 0x0?})
			gitlab.nethead.at/symflower/symflower/cmd/execute.go:59 +0x2ad
		gitlab.nethead.at/symflower/symflower/cmd.Execute({0x21de020?, 0xc0005b4508?}, {0xc00019e000?, 0xc00011c0c0?, 0xc0004bbf10?})
			gitlab.nethead.at/symflower/symflower/cmd/execute.go:17 +0x26
		gitlab.nethead.at/symflower/symflower/cmd.ExecuteWithOSArguments(...)
			gitlab.nethead.at/symflower/symflower/cmd/execute.go:78
		main.main.func1()
			gitlab.nethead.at/symflower/symflower/cmd/symflower-demo/main.go:39 +0x34
		gitlab.nethead.at/symflower/symflower/cmd/symflower-local/cmd.(*Command).WithPanicReporter(0xc000110060?, 0x0?)
			gitlab.nethead.at/symflower/symflower/cmd/symflower-local/cmd/cmd.go:151 +0x33
		main.main()
			gitlab.nethead.at/symflower/symflower/cmd/symflower-demo/main.go:38 +0x7f
src/main/java/org/apache/commons/compress/archivers/cpio/CpioArchiveOutputStream.java: org.apache.commons.compress.archivers.cpio.CpioArchiveOutputStream.closeArchiveEntry: computing test cases
src/main/java/org/apache/commons/compress/archivers/cpio/CpioArchiveOutputStream.java: org.apache.commons.compress.archivers.cpio.CpioArchiveOutputStream.closeArchiveEntry: found 1 problems
src/main/java/org/apache/commons/compress/archivers/cpio/CpioArchiveOutputStream.java: internal error: org.apache.commons.compress.archivers.cpio.CpioArchiveOutputStream.closeArchiveEntry: recovered panic
	data: Internal error: unknown type kind:
		&modelast.Unsupported{}
		Stacktrace: goroutine 1 [running]:
		gitlab.nethead.at/symflower/symflower/model/errors.NewInternalError({0x21de060, 0x2d25a10}, {0x13d4da0, 0xc001739320})
			gitlab.nethead.at/symflower/symflower/model/errors/error.go:852 +0x4e
		gitlab.nethead.at/symflower/symflower/model/ast.zeroValue(0xc003aa6a80, {0x2205608, 0xc0016891c0}, 0x2088960, 0x2088978)
			gitlab.nethead.at/symflower/symflower/model/ast/value.go:476 +0xefb
		gitlab.nethead.at/symflower/symflower/model/ast.ZeroValue(0x12ba4a0?, {0x2205608?, 0xc0016891c0?})
			gitlab.nethead.at/symflower/symflower/model/ast/value.go:378 +0x2b
		gitlab.nethead.at/symflower/symflower/symbolicexecution.(*symflowerExecution).setInvisibleAndFinalFieldsToDefaultValue(0xc003aeb450, 0xc0008a1700, {0x2209770, 0xc002fb6500})
			gitlab.nethead.at/symflower/symflower/symbolicexecution/handle.go:223 +0x2b5
		gitlab.nethead.at/symflower/symflower/symbolicexecution.(*symflowerExecution).createDeclaration(0xc003aeb450, 0xc0008a1700, {0x140aaeb, 0x4}, {0x2205728?, 0xc000421e80?}, {0x0, 0x0})
			gitlab.nethead.at/symflower/symflower/symbolicexecution/handle.go:4760 +0x62d
		gitlab.nethead.at/symflower/symflower/symbolicexecution.(*symflowerExecution).handleSymbol(0xc003aeb450, 0xc003aa6a80, 0xc001cb5800)
			gitlab.nethead.at/symflower/symflower/symbolicexecution/handle.go:55 +0x645
		gitlab.nethead.at/symflower/symflower/symbolicexecution.analyzeInternal(0xc0045af9e0, 0x2088c88)
			gitlab.nethead.at/symflower/symflower/symbolicexecution/analyze.go:209 +0xe38
		gitlab.nethead.at/symflower/symflower/symbolicexecution.AnalyzeResult(0x2d49d00?)
			gitlab.nethead.at/symflower/symflower/symbolicexecution/analyze.go:55 +0x32
		gitlab.nethead.at/symflower/symflower/cmd/symflower-local/generate.(*Generator).SymbolicExecutionTestsForSymbol(0xc00059f0e0, {0x21e8348, 0xc0027bf900}, 0xc001c8dbc0)
			gitlab.nethead.at/symflower/symflower/cmd/symflower-local/generate/generate.go:236 +0x3a5
		gitlab.nethead.at/symflower/symflower/cmd/symflower-local/generate.(*Generator).Tests(0xc00059f0e0, 0xc00059f110, 0x0?)
			gitlab.nethead.at/symflower/symflower/cmd/symflower-local/generate/generate.go:190 +0x2d3
		gitlab.nethead.at/symflower/symflower/cmd/symflower-local/generate.(*AnalyzeEngineDefault).UnitTests(0x2d?, 0x124bba0?, {0x21eb890?, 0xc00004c9d0?}, {0x80?, 0x47?, 0x4?, 0x0?}, 0x2d?, {0xc00059e720, ...})
			gitlab.nethead.at/symflower/symflower/cmd/symflower-local/generate/analyze.go:157 +0x98
		gitlab.nethead.at/symflower/symflower/cmd/symflower-local/cmd.(*commandUnitTests).Execute(0xc0005b48d8, {0xc0005b4508?, 0x7901505ce398?, 0xc0005b48d8?})
			gitlab.nethead.at/symflower/symflower/cmd/symflower-local/cmd/unit-tests.go:85 +0x2a6
		gitlab.nethead.at/symflower/symflower/cmd.ExecuteNoExit({0x21de020, 0xc0005b4508}, {0xc00019e000?, 0x44?, 0x0?})
			gitlab.nethead.at/symflower/symflower/cmd/execute.go:59 +0x2ad
		gitlab.nethead.at/symflower/symflower/cmd.Execute({0x21de020?, 0xc0005b4508?}, {0xc00019e000?, 0xc00011c0c0?, 0xc0004bbf10?})
			gitlab.nethead.at/symflower/symflower/cmd/execute.go:17 +0x26
		gitlab.nethead.at/symflower/symflower/cmd.ExecuteWithOSArguments(...)
			gitlab.nethead.at/symflower/symflower/cmd/execute.go:78
		main.main.func1()
			gitlab.nethead.at/symflower/symflower/cmd/symflower-demo/main.go:39 +0x34
		gitlab.nethead.at/symflower/symflower/cmd/symflower-local/cmd.(*Command).WithPanicReporter(0xc000110060?, 0x0?)
			gitlab.nethead.at/symflower/symflower/cmd/symflower-local/cmd/cmd.go:151 +0x33
		main.main()
			gitlab.nethead.at/symflower/symflower/cmd/symflower-demo/main.go:38 +0x7f
src/main/java/org/apache/commons/compress/archivers/cpio/CpioArchiveOutputStream.java: org.apache.commons.compress.archivers.cpio.CpioArchiveOutputStream.CpioArchiveOutputStream: computing test cases
src/main/java/org/apache/commons/compress/archivers/cpio/CpioArchiveOutputStream.java: org.apache.commons.compress.archivers.cpio.CpioArchiveOutputStream.CpioArchiveOutputStream: computed 0 unit tests
src/main/java/org/apache/commons/compress/archivers/cpio/CpioArchiveOutputStream.java: org.apache.commons.compress.archivers.cpio.CpioArchiveOutputStream.CpioArchiveOutputStream: found 1 problems
src/main/java/org/apache/commons/compress/archivers/cpio/CpioArchiveOutputStream.java: internal error: org.apache.commons.compress.archivers.cpio.CpioArchiveOutputStream.CpioArchiveOutputStream: unknown type kind
	data: unsupported
src/main/java/org/apache/commons/compress/archivers/cpio/CpioArchiveOutputStream.java: org.apache.commons.compress.archivers.cpio.CpioArchiveOutputStream.putArchiveEntry: computing test cases
src/main/java/org/apache/commons/compress/archivers/cpio/CpioArchiveOutputStream.java: org.apache.commons.compress.archivers.cpio.CpioArchiveOutputStream.putArchiveEntry: found 1 problems
src/main/java/org/apache/commons/compress/archivers/cpio/CpioArchiveOutputStream.java: internal error: org.apache.commons.compress.archivers.cpio.CpioArchiveOutputStream.putArchiveEntry: recovered panic
	data: Internal error: unknown type kind:
		&modelast.Unsupported{}
		Stacktrace: goroutine 1 [running]:
		gitlab.nethead.at/symflower/symflower/model/errors.NewInternalError({0x21de060, 0x2d25a10}, {0x13d4da0, 0xc001b046f0})
			gitlab.nethead.at/symflower/symflower/model/errors/error.go:852 +0x4e
		gitlab.nethead.at/symflower/symflower/model/ast.zeroValue(0xc003aa7980, {0x2205608, 0xc0016891c0}, 0x2088960, 0x2088978)
			gitlab.nethead.at/symflower/symflower/model/ast/value.go:476 +0xefb
		gitlab.nethead.at/symflower/symflower/model/ast.ZeroValue(0x12ba4a0?, {0x2205608?, 0xc0016891c0?})
			gitlab.nethead.at/symflower/symflower/model/ast/value.go:378 +0x2b
		gitlab.nethead.at/symflower/symflower/symbolicexecution.(*symflowerExecution).setInvisibleAndFinalFieldsToDefaultValue(0xc003b2f860, 0xc000172900, {0x2209770, 0xc0027da6e0})
			gitlab.nethead.at/symflower/symflower/symbolicexecution/handle.go:223 +0x2b5
		gitlab.nethead.at/symflower/symflower/symbolicexecution.(*symflowerExecution).createDeclaration(0xc003b2f860, 0xc000172900, {0x140aaeb, 0x4}, {0x2205728?, 0xc000421660?}, {0x0, 0x0})
			gitlab.nethead.at/symflower/symflower/symbolicexecution/handle.go:4760 +0x62d
		gitlab.nethead.at/symflower/symflower/symbolicexecution.(*symflowerExecution).handleSymbol(0xc003b2f860, 0xc003aa7980, 0xc001cb5200)
			gitlab.nethead.at/symflower/symflower/symbolicexecution/handle.go:55 +0x645
		gitlab.nethead.at/symflower/symflower/symbolicexecution.analyzeInternal(0xc0036c7e60, 0x2088c88)
			gitlab.nethead.at/symflower/symflower/symbolicexecution/analyze.go:209 +0xe38
		gitlab.nethead.at/symflower/symflower/symbolicexecution.AnalyzeResult(0x2d49d00?)
			gitlab.nethead.at/symflower/symflower/symbolicexecution/analyze.go:55 +0x32
		gitlab.nethead.at/symflower/symflower/cmd/symflower-local/generate.(*Generator).SymbolicExecutionTestsForSymbol(0xc00059f0e0, {0x21e8348, 0xc0027bf900}, 0xc001c8dad0)
			gitlab.nethead.at/symflower/symflower/cmd/symflower-local/generate/generate.go:236 +0x3a5
		gitlab.nethead.at/symflower/symflower/cmd/symflower-local/generate.(*Generator).Tests(0xc00059f0e0, 0xc00059f110, 0x0?)
			gitlab.nethead.at/symflower/symflower/cmd/symflower-local/generate/generate.go:190 +0x2d3
		gitlab.nethead.at/symflower/symflower/cmd/symflower-local/generate.(*AnalyzeEngineDefault).UnitTests(0x2d?, 0x124bba0?, {0x21eb890?, 0xc00004c9d0?}, {0x80?, 0x47?, 0x4?, 0x0?}, 0x2d?, {0xc00059e720, ...})
			gitlab.nethead.at/symflower/symflower/cmd/symflower-local/generate/analyze.go:157 +0x98
		gitlab.nethead.at/symflower/symflower/cmd/symflower-local/cmd.(*commandUnitTests).Execute(0xc0005b48d8, {0xc0005b4508?, 0x7901505ce398?, 0xc0005b48d8?})
			gitlab.nethead.at/symflower/symflower/cmd/symflower-local/cmd/unit-tests.go:85 +0x2a6
		gitlab.nethead.at/symflower/symflower/cmd.ExecuteNoExit({0x21de020, 0xc0005b4508}, {0xc00019e000?, 0x44?, 0x0?})
			gitlab.nethead.at/symflower/symflower/cmd/execute.go:59 +0x2ad
		gitlab.nethead.at/symflower/symflower/cmd.Execute({0x21de020?, 0xc0005b4508?}, {0xc00019e000?, 0xc00011c0c0?, 0xc0004bbf10?})
			gitlab.nethead.at/symflower/symflower/cmd/execute.go:17 +0x26
		gitlab.nethead.at/symflower/symflower/cmd.ExecuteWithOSArguments(...)
			gitlab.nethead.at/symflower/symflower/cmd/execute.go:78
		main.main.func1()
			gitlab.nethead.at/symflower/symflower/cmd/symflower-demo/main.go:39 +0x34
		gitlab.nethead.at/symflower/symflower/cmd/symflower-local/cmd.(*Command).WithPanicReporter(0xc000110060?, 0x0?)
			gitlab.nethead.at/symflower/symflower/cmd/symflower-local/cmd/cmd.go:151 +0x33
		main.main()
			gitlab.nethead.at/symflower/symflower/cmd/symflower-demo/main.go:38 +0x7f
src/main/java/org/apache/commons/compress/archivers/arj/LocalFileHeader.java: org.apache.commons.compress.archivers.arj.LocalFileHeader.toString: computing test cases
src/main/java/org/apache/commons/compress/archivers/arj/LocalFileHeader.java: org.apache.commons.compress.archivers.arj.LocalFileHeader.toString: computed 0 unit tests
src/main/java/org/apache/commons/compress/archivers/arj/LocalFileHeader.java: org.apache.commons.compress.archivers.arj.LocalFileHeader.toString: found 1 problems
src/main/java/org/apache/commons/compress/archivers/arj/LocalFileHeader.java: info: org.apache.commons.compress.archivers.arj.LocalFileHeader.toString: test generation timed out
src/main/java/org/apache/commons/compress/archivers/zip/X5455_ExtendedTimestamp.java: org.apache.commons.compress.archivers.zip.X5455_ExtendedTimestamp.getLocalFileDataData: computing test cases
src/main/java/org/apache/commons/compress/archivers/zip/X5455_ExtendedTimestamp.java: org.apache.commons.compress.archivers.zip.X5455_ExtendedTimestamp.getLocalFileDataData: computed 3 unit tests
src/main/java/org/apache/commons/compress/archivers/zip/X5455_ExtendedTimestamp.java: org.apache.commons.compress.archivers.zip.X5455_ExtendedTimestamp.getLocalFileDataData: found 0 problems
src/main/java/org/apache/commons/compress/archivers/zip/X5455_ExtendedTimestamp.java: org.apache.commons.compress.archivers.zip.X5455_ExtendedTimestamp.getAccessTime: computing test cases
src/main/java/org/apache/commons/compress/archivers/zip/X5455_ExtendedTimestamp.java: org.apache.commons.compress.archivers.zip.X5455_ExtendedTimestamp.getAccessTime: computed 1 unit tests
src/main/java/org/apache/commons/compress/archivers/zip/X5455_ExtendedTimestamp.java: org.apache.commons.compress.archivers.zip.X5455_ExtendedTimestamp.getAccessTime: found 0 problems
src/main/java/org/apache/commons/compress/archivers/zip/X5455_ExtendedTimestamp.java: org.apache.commons.compress.archivers.zip.X5455_ExtendedTimestamp.getModifyJavaTime: computing test cases
src/main/java/org/apache/commons/compress/archivers/zip/X5455_ExtendedTimestamp.java: org.apache.commons.compress.archivers.zip.X5455_ExtendedTimestamp.getModifyJavaTime: computed 0 unit tests
src/main/java/org/apache/commons/compress/archivers/zip/X5455_ExtendedTimestamp.java: org.apache.commons.compress.archivers.zip.X5455_ExtendedTimestamp.getModifyJavaTime: found 0 problems
src/main/java/org/apache/commons/compress/archivers/zip/X5455_ExtendedTimestamp.java: org.apache.commons.compress.archivers.zip.X5455_ExtendedTimestamp.isBit2_createTimePresent: computing test cases
src/main/java/org/apache/commons/compress/archivers/zip/X5455_ExtendedTimestamp.java: org.apache.commons.compress.archivers.zip.X5455_ExtendedTimestamp.isBit2_createTimePresent: computed 1 unit tests
src/main/java/org/apache/commons/compress/archivers/zip/X5455_ExtendedTimestamp.java: org.apache.commons.compress.archivers.zip.X5455_ExtendedTimestamp.isBit2_createTimePresent: found 0 problems
src/main/java/org/apache/commons/compress/archivers/zip/X5455_ExtendedTimestamp.java: org.apache.commons.compress.archivers.zip.X5455_ExtendedTimestamp.setModifyTime: computing test cases
src/main/java/org/apache/commons/compress/archivers/zip/X5455_ExtendedTimestamp.java: org.apache.commons.compress.archivers.zip.X5455_ExtendedTimestamp.setModifyTime: computed 2 unit tests
src/main/java/org/apache/commons/compress/archivers/zip/X5455_ExtendedTimestamp.java: org.apache.commons.compress.archivers.zip.X5455_ExtendedTimestamp.setModifyTime: found 0 problems
src/main/java/org/apache/commons/compress/archivers/zip/X5455_ExtendedTimestamp.java: org.apache.commons.compress.archivers.zip.X5455_ExtendedTimestamp.parseFromLocalFileData: computing test cases
src/main/java/org/apache/commons/compress/archivers/zip/X5455_ExtendedTimestamp.java: org.apache.commons.compress.archivers.zip.X5455_ExtendedTimestamp.parseFromLocalFileData: computed 3 unit tests
src/main/java/org/apache/commons/compress/archivers/zip/X5455_ExtendedTimestamp.java: org.apache.commons.compress.archivers.zip.X5455_ExtendedTimestamp.parseFromLocalFileData: found 6 problems
src/main/java/org/apache/commons/compress/archivers/zip/X5455_ExtendedTimestamp.java: internal error: org.apache.commons.compress.archivers.zip.X5455_ExtendedTimestamp.parseFromLocalFileData: type cannot be determined
	data: VariableReference(@m_0, pointer(struct(org/apache/commons/compress/archivers/zip/X5455_ExtendedTimestamp, [], [pointer(reference(java/lang/Object))], [reference(org/apache/commons/compress/archivers/zip/ZipExtraField), reference(java/lang/Cloneable), reference(java/io/Serializable)])), @m_0_7)
src/main/java/org/apache/commons/compress/archivers/zip/X5455_ExtendedTimestamp.java:220:18: critical: org.apache.commons.compress.archivers.zip.X5455_ExtendedTimestamp.parseFromLocalFileData: uncaught ArrayIndexOutOfBoundsException
src/main/java/org/apache/commons/compress/archivers/zip/X5455_ExtendedTimestamp.java:219:25: critical: org.apache.commons.compress.archivers.zip.X5455_ExtendedTimestamp.parseFromLocalFileData: uncaught ArithmeticException: integer overflow
		at java.lang.Math.addExact
src/main/java/org/apache/commons/compress/archivers/zip/X5455_ExtendedTimestamp.java:220:18: critical: org.apache.commons.compress.archivers.zip.X5455_ExtendedTimestamp.parseFromLocalFileData: uncaught ArrayIndexOutOfBoundsException
src/main/java/org/apache/commons/compress/archivers/zip/X5455_ExtendedTimestamp.java:220:23: critical: org.apache.commons.compress.archivers.zip.X5455_ExtendedTimestamp.parseFromLocalFileData: uncaught ArithmeticException: integer overflow
		at java.lang.Math.addExact
src/main/java/org/apache/commons/compress/archivers/zip/X5455_ExtendedTimestamp.java:220:18: critical: org.apache.commons.compress.archivers.zip.X5455_ExtendedTimestamp.parseFromLocalFileData: uncaught ArrayIndexOutOfBoundsException
src/main/java/org/apache/commons/compress/archivers/zip/X5455_ExtendedTimestamp.java: org.apache.commons.compress.archivers.zip.X5455_ExtendedTimestamp.getCreateTime: computing test cases
src/main/java/org/apache/commons/compress/archivers/zip/X5455_ExtendedTimestamp.java: org.apache.commons.compress.archivers.zip.X5455_ExtendedTimestamp.getCreateTime: computed 1 unit tests
src/main/java/org/apache/commons/compress/archivers/zip/X5455_ExtendedTimestamp.java: org.apache.commons.compress.archivers.zip.X5455_ExtendedTimestamp.getCreateTime: found 0 problems
src/main/java/org/apache/commons/compress/archivers/zip/X5455_ExtendedTimestamp.java: org.apache.commons.compress.archivers.zip.X5455_ExtendedTimestamp.setCreateJavaTime: computing test cases
src/main/java/org/apache/commons/compress/archivers/zip/X5455_ExtendedTimestamp.java: org.apache.commons.compress.archivers.zip.X5455_ExtendedTimestamp.setCreateJavaTime: computed 0 unit tests
src/main/java/org/apache/commons/compress/archivers/zip/X5455_ExtendedTimestamp.java: org.apache.commons.compress.archivers.zip.X5455_ExtendedTimestamp.setCreateJavaTime: found 1 problems
src/main/java/org/apache/commons/compress/archivers/zip/X5455_ExtendedTimestamp.java: unsupported: org.apache.commons.compress.archivers.zip.X5455_ExtendedTimestamp.setCreateJavaTime: encountered an unsupported type
	data: unsupported(java/util/Date)
src/main/java/org/apache/commons/compress/archivers/zip/X5455_ExtendedTimestamp.java: org.apache.commons.compress.archivers.zip.X5455_ExtendedTimestamp.getCentralDirectoryData: computing test cases
src/main/java/org/apache/commons/compress/archivers/zip/X5455_ExtendedTimestamp.java: org.apache.commons.compress.archivers.zip.X5455_ExtendedTimestamp.getCentralDirectoryData: computed 0 unit tests
src/main/java/org/apache/commons/compress/archivers/zip/X5455_ExtendedTimestamp.java: org.apache.commons.compress.archivers.zip.X5455_ExtendedTimestamp.getCentralDirectoryData: found 0 problems
src/main/java/org/apache/commons/compress/archivers/zip/X5455_ExtendedTimestamp.java: org.apache.commons.compress.archivers.zip.X5455_ExtendedTimestamp.getFlags: computing test cases
src/main/java/org/apache/commons/compress/archivers/zip/X5455_ExtendedTimestamp.java: org.apache.commons.compress.archivers.zip.X5455_ExtendedTimestamp.getFlags: computed 1 unit tests
src/main/java/org/apache/commons/compress/archivers/zip/X5455_ExtendedTimestamp.java: org.apache.commons.compress.archivers.zip.X5455_ExtendedTimestamp.getFlags: found 0 problems
src/main/java/org/apache/commons/compress/archivers/zip/X5455_ExtendedTimestamp.java: org.apache.commons.compress.archivers.zip.X5455_ExtendedTimestamp.setAccessJavaTime: computing test cases
src/main/java/org/apache/commons/compress/archivers/zip/X5455_ExtendedTimestamp.java: org.apache.commons.compress.archivers.zip.X5455_ExtendedTimestamp.setAccessJavaTime: computed 0 unit tests
src/main/java/org/apache/commons/compress/archivers/zip/X5455_ExtendedTimestamp.java: org.apache.commons.compress.archivers.zip.X5455_ExtendedTimestamp.setAccessJavaTime: found 1 problems
src/main/java/org/apache/commons/compress/archivers/zip/X5455_ExtendedTimestamp.java: unsupported: org.apache.commons.compress.archivers.zip.X5455_ExtendedTimestamp.setAccessJavaTime: encountered an unsupported type
	data: unsupported(java/util/Date)
src/main/java/org/apache/commons/compress/archivers/zip/X5455_ExtendedTimestamp.java: org.apache.commons.compress.archivers.zip.X5455_ExtendedTimestamp.getCentralDirectoryLength: computing test cases
src/main/java/org/apache/commons/compress/archivers/zip/X5455_ExtendedTimestamp.java: org.apache.commons.compress.archivers.zip.X5455_ExtendedTimestamp.getCentralDirectoryLength: computed 2 unit tests
src/main/java/org/apache/commons/compress/archivers/zip/X5455_ExtendedTimestamp.java: org.apache.commons.compress.archivers.zip.X5455_ExtendedTimestamp.getCentralDirectoryLength: found 0 problems
src/main/java/org/apache/commons/compress/archivers/zip/X5455_ExtendedTimestamp.java: org.apache.commons.compress.archivers.zip.X5455_ExtendedTimestamp.getModifyTime: computing test cases
src/main/java/org/apache/commons/compress/archivers/zip/X5455_ExtendedTimestamp.java: org.apache.commons.compress.archivers.zip.X5455_ExtendedTimestamp.getModifyTime: computed 1 unit tests
src/main/java/org/apache/commons/compress/archivers/zip/X5455_ExtendedTimestamp.java: org.apache.commons.compress.archivers.zip.X5455_ExtendedTimestamp.getModifyTime: found 0 problems
src/main/java/org/apache/commons/compress/archivers/zip/X5455_ExtendedTimestamp.java: org.apache.commons.compress.archivers.zip.X5455_ExtendedTimestamp.X5455_ExtendedTimestamp: computing test cases
src/main/java/org/apache/commons/compress/archivers/zip/X5455_ExtendedTimestamp.java: org.apache.commons.compress.archivers.zip.X5455_ExtendedTimestamp.X5455_ExtendedTimestamp: computed 1 unit tests
src/main/java/org/apache/commons/compress/archivers/zip/X5455_ExtendedTimestamp.java: org.apache.commons.compress.archivers.zip.X5455_ExtendedTimestamp.X5455_ExtendedTimestamp: found 0 problems
src/main/java/org/apache/commons/compress/archivers/zip/X5455_ExtendedTimestamp.java: org.apache.commons.compress.archivers.zip.X5455_ExtendedTimestamp.getLocalFileDataLength: computing test cases
src/main/java/org/apache/commons/compress/archivers/zip/X5455_ExtendedTimestamp.java: org.apache.commons.compress.archivers.zip.X5455_ExtendedTimestamp.getLocalFileDataLength: computed 6 unit tests
src/main/java/org/apache/commons/compress/archivers/zip/X5455_ExtendedTimestamp.java: org.apache.commons.compress.archivers.zip.X5455_ExtendedTimestamp.getLocalFileDataLength: found 0 problems
src/main/java/org/apache/commons/compress/archivers/zip/X5455_ExtendedTimestamp.java: org.apache.commons.compress.archivers.zip.X5455_ExtendedTimestamp.toString: computing test cases
src/main/java/org/apache/commons/compress/archivers/zip/X5455_ExtendedTimestamp.java: org.apache.commons.compress.archivers.zip.X5455_ExtendedTimestamp.toString: computed 0 unit tests
src/main/java/org/apache/commons/compress/archivers/zip/X5455_ExtendedTimestamp.java: org.apache.commons.compress.archivers.zip.X5455_ExtendedTimestamp.toString: found 1 problems
src/main/java/org/apache/commons/compress/archivers/zip/X5455_ExtendedTimestamp.java: internal error: org.apache.commons.compress.archivers.zip.X5455_ExtendedTimestamp.toString: malformed data
src/main/java/org/apache/commons/compress/archivers/zip/X5455_ExtendedTimestamp.java: org.apache.commons.compress.archivers.zip.X5455_ExtendedTimestamp.parseFromCentralDirectoryData: computing test cases
src/main/java/org/apache/commons/compress/archivers/zip/X5455_ExtendedTimestamp.java: org.apache.commons.compress.archivers.zip.X5455_ExtendedTimestamp.parseFromCentralDirectoryData: computed 3 unit tests
src/main/java/org/apache/commons/compress/archivers/zip/X5455_ExtendedTimestamp.java: org.apache.commons.compress.archivers.zip.X5455_ExtendedTimestamp.parseFromCentralDirectoryData: found 6 problems
src/main/java/org/apache/commons/compress/archivers/zip/X5455_ExtendedTimestamp.java: internal error: org.apache.commons.compress.archivers.zip.X5455_ExtendedTimestamp.parseFromCentralDirectoryData: type cannot be determined
	data: VariableReference(this_30, pointer(struct(org/apache/commons/compress/archivers/zip/X5455_ExtendedTimestamp, [], [pointer(reference(java/lang/Object))], [reference(org/apache/commons/compress/archivers/zip/ZipExtraField), reference(java/lang/Cloneable), reference(java/io/Serializable)])), @m_0_14)
src/main/java/org/apache/commons/compress/archivers/zip/X5455_ExtendedTimestamp.java:220:18: critical: org.apache.commons.compress.archivers.zip.X5455_ExtendedTimestamp.parseFromCentralDirectoryData: uncaught ArrayIndexOutOfBoundsException
src/main/java/org/apache/commons/compress/archivers/zip/X5455_ExtendedTimestamp.java:219:25: critical: org.apache.commons.compress.archivers.zip.X5455_ExtendedTimestamp.parseFromCentralDirectoryData: uncaught ArithmeticException: integer overflow
		at java.lang.Math.addExact
src/main/java/org/apache/commons/compress/archivers/zip/X5455_ExtendedTimestamp.java:220:18: critical: org.apache.commons.compress.archivers.zip.X5455_ExtendedTimestamp.parseFromCentralDirectoryData: uncaught ArrayIndexOutOfBoundsException
src/main/java/org/apache/commons/compress/archivers/zip/X5455_ExtendedTimestamp.java:220:23: critical: org.apache.commons.compress.archivers.zip.X5455_ExtendedTimestamp.parseFromCentralDirectoryData: uncaught ArithmeticException: integer overflow
		at java.lang.Math.addExact
src/main/java/org/apache/commons/compress/archivers/zip/X5455_ExtendedTimestamp.java:220:18: critical: org.apache.commons.compress.archivers.zip.X5455_ExtendedTimestamp.parseFromCentralDirectoryData: uncaught ArrayIndexOutOfBoundsException
src/main/java/org/apache/commons/compress/archivers/zip/X5455_ExtendedTimestamp.java: org.apache.commons.compress.archivers.zip.X5455_ExtendedTimestamp.getAccessJavaTime: computing test cases
src/main/java/org/apache/commons/compress/archivers/zip/X5455_ExtendedTimestamp.java: org.apache.commons.compress.archivers.zip.X5455_ExtendedTimestamp.getAccessJavaTime: computed 0 unit tests
src/main/java/org/apache/commons/compress/archivers/zip/X5455_ExtendedTimestamp.java: org.apache.commons.compress.archivers.zip.X5455_ExtendedTimestamp.getAccessJavaTime: found 0 problems
src/main/java/org/apache/commons/compress/archivers/zip/X5455_ExtendedTimestamp.java: org.apache.commons.compress.archivers.zip.X5455_ExtendedTimestamp.setCreateTime: computing test cases
src/main/java/org/apache/commons/compress/archivers/zip/X5455_ExtendedTimestamp.java: org.apache.commons.compress.archivers.zip.X5455_ExtendedTimestamp.setCreateTime: computed 2 unit tests
src/main/java/org/apache/commons/compress/archivers/zip/X5455_ExtendedTimestamp.java: org.apache.commons.compress.archivers.zip.X5455_ExtendedTimestamp.setCreateTime: found 0 problems
src/main/java/org/apache/commons/compress/archivers/zip/X5455_ExtendedTimestamp.java: org.apache.commons.compress.archivers.zip.X5455_ExtendedTimestamp.hashCode: computing test cases
src/main/java/org/apache/commons/compress/archivers/zip/X5455_ExtendedTimestamp.java: org.apache.commons.compress.archivers.zip.X5455_ExtendedTimestamp.hashCode: computed 4 unit tests
src/main/java/org/apache/commons/compress/archivers/zip/X5455_ExtendedTimestamp.java: org.apache.commons.compress.archivers.zip.X5455_ExtendedTimestamp.hashCode: found 0 problems
src/main/java/org/apache/commons/compress/archivers/zip/X5455_ExtendedTimestamp.java: org.apache.commons.compress.archivers.zip.X5455_ExtendedTimestamp.getHeaderId: computing test cases
src/main/java/org/apache/commons/compress/archivers/zip/X5455_ExtendedTimestamp.java: org.apache.commons.compress.archivers.zip.X5455_ExtendedTimestamp.getHeaderId: computed 1 unit tests
src/main/java/org/apache/commons/compress/archivers/zip/X5455_ExtendedTimestamp.java: org.apache.commons.compress.archivers.zip.X5455_ExtendedTimestamp.getHeaderId: found 0 problems
src/main/java/org/apache/commons/compress/archivers/zip/X5455_ExtendedTimestamp.java: org.apache.commons.compress.archivers.zip.X5455_ExtendedTimestamp.setAccessTime: computing test cases
src/main/java/org/apache/commons/compress/archivers/zip/X5455_ExtendedTimestamp.java: org.apache.commons.compress.archivers.zip.X5455_ExtendedTimestamp.setAccessTime: computed 2 unit tests
src/main/java/org/apache/commons/compress/archivers/zip/X5455_ExtendedTimestamp.java: org.apache.commons.compress.archivers.zip.X5455_ExtendedTimestamp.setAccessTime: found 0 problems
src/main/java/org/apache/commons/compress/archivers/zip/X5455_ExtendedTimestamp.java: org.apache.commons.compress.archivers.zip.X5455_ExtendedTimestamp.isBit0_modifyTimePresent: computing test cases
src/main/java/org/apache/commons/compress/archivers/zip/X5455_ExtendedTimestamp.java: org.apache.commons.compress.archivers.zip.X5455_ExtendedTimestamp.isBit0_modifyTimePresent: computed 1 unit tests
src/main/java/org/apache/commons/compress/archivers/zip/X5455_ExtendedTimestamp.java: org.apache.commons.compress.archivers.zip.X5455_ExtendedTimestamp.isBit0_modifyTimePresent: found 0 problems
src/main/java/org/apache/commons/compress/archivers/zip/X5455_ExtendedTimestamp.java: org.apache.commons.compress.archivers.zip.X5455_ExtendedTimestamp.clone: computing test cases
src/main/java/org/apache/commons/compress/archivers/zip/X5455_ExtendedTimestamp.java: org.apache.commons.compress.archivers.zip.X5455_ExtendedTimestamp.clone: computed 0 unit tests
src/main/java/org/apache/commons/compress/archivers/zip/X5455_ExtendedTimestamp.java: org.apache.commons.compress.archivers.zip.X5455_ExtendedTimestamp.clone: found 0 problems
src/main/java/org/apache/commons/compress/archivers/zip/X5455_ExtendedTimestamp.java: org.apache.commons.compress.archivers.zip.X5455_ExtendedTimestamp.setFlags: computing test cases
src/main/java/org/apache/commons/compress/archivers/zip/X5455_ExtendedTimestamp.java: org.apache.commons.compress.archivers.zip.X5455_ExtendedTimestamp.setFlags: computed 4 unit tests
src/main/java/org/apache/commons/compress/archivers/zip/X5455_ExtendedTimestamp.java: org.apache.commons.compress.archivers.zip.X5455_ExtendedTimestamp.setFlags: found 0 problems
src/main/java/org/apache/commons/compress/archivers/zip/X5455_ExtendedTimestamp.java: org.apache.commons.compress.archivers.zip.X5455_ExtendedTimestamp.getCreateJavaTime: computing test cases
src/main/java/org/apache/commons/compress/archivers/zip/X5455_ExtendedTimestamp.java: org.apache.commons.compress.archivers.zip.X5455_ExtendedTimestamp.getCreateJavaTime: computed 0 unit tests
src/main/java/org/apache/commons/compress/archivers/zip/X5455_ExtendedTimestamp.java: org.apache.commons.compress.archivers.zip.X5455_ExtendedTimestamp.getCreateJavaTime: found 0 problems
src/main/java/org/apache/commons/compress/archivers/zip/X5455_ExtendedTimestamp.java: org.apache.commons.compress.archivers.zip.X5455_ExtendedTimestamp.isBit1_accessTimePresent: computing test cases
src/main/java/org/apache/commons/compress/archivers/zip/X5455_ExtendedTimestamp.java: org.apache.commons.compress.archivers.zip.X5455_ExtendedTimestamp.isBit1_accessTimePresent: computed 1 unit tests
src/main/java/org/apache/commons/compress/archivers/zip/X5455_ExtendedTimestamp.java: org.apache.commons.compress.archivers.zip.X5455_ExtendedTimestamp.isBit1_accessTimePresent: found 0 problems
src/main/java/org/apache/commons/compress/archivers/zip/X5455_ExtendedTimestamp.java: org.apache.commons.compress.archivers.zip.X5455_ExtendedTimestamp.setModifyJavaTime: computing test cases
src/main/java/org/apache/commons/compress/archivers/zip/X5455_ExtendedTimestamp.java: org.apache.commons.compress.archivers.zip.X5455_ExtendedTimestamp.setModifyJavaTime: computed 0 unit tests
src/main/java/org/apache/commons/compress/archivers/zip/X5455_ExtendedTimestamp.java: org.apache.commons.compress.archivers.zip.X5455_ExtendedTimestamp.setModifyJavaTime: found 1 problems
src/main/java/org/apache/commons/compress/archivers/zip/X5455_ExtendedTimestamp.java: unsupported: org.apache.commons.compress.archivers.zip.X5455_ExtendedTimestamp.setModifyJavaTime: encountered an unsupported type
	data: unsupported(java/util/Date)
src/main/java/org/apache/commons/compress/archivers/zip/X5455_ExtendedTimestamp.java: org.apache.commons.compress.archivers.zip.X5455_ExtendedTimestamp.equals: computing test cases
src/main/java/org/apache/commons/compress/archivers/zip/X5455_ExtendedTimestamp.java: org.apache.commons.compress.archivers.zip.X5455_ExtendedTimestamp.equals: computed 13 unit tests
src/main/java/org/apache/commons/compress/archivers/zip/X5455_ExtendedTimestamp.java: org.apache.commons.compress.archivers.zip.X5455_ExtendedTimestamp.equals: found 1 problems
src/main/java/org/apache/commons/compress/archivers/zip/X5455_ExtendedTimestamp.java: internal error: org.apache.commons.compress.archivers.zip.X5455_ExtendedTimestamp.equals: test generation inferred invalid test because it is a duplicate
	data: &{0 0 <nil> {&(composite(reference(org/apache/commons/compress/archivers/zip/X5455_ExtendedTimestamp), [fieldvalue(@java/lang/Object, &(composite(reference(java/lang/Object), []))), fieldvalue(flags, 0), fieldvalue(bit0_modifyTimePresent, false), fieldvalue(bit1_accessTimePresent, false), fieldvalue(bit2_createTimePresent, false), fieldvalue(modifyTime, nil), fieldvalue(accessTime, nil), fieldvalue(createTime, &(composite(reference(org/apache/commons/compress/archivers/zip/ZipLong), [fieldvalue(@java/lang/Object, &(composite(reference(java/lang/Object), []))), fieldvalue(value, 0)])))])) [] [&(composite(reference(org/apache/commons/compress/archivers/zip/X5455_ExtendedTimestamp), [fieldvalue(@java/lang/Object, &(composite(reference(java/lang/Object), []))), fieldvalue(flags, 0), fieldvalue(bit0_modifyTimePresent, false), fieldvalue(bit1_accessTimePresent, false), fieldvalue(bit2_createTimePresent, false), fieldvalue(modifyTime, nil), fieldvalue(accessTime, nil), fieldvalue(createTime, nil)]))] [] map[org/apache/commons/compress/archivers/zip/ZipConstants//ZIP64_MAGIC:4294967295] map[]} 0xc0024d0600 0 map[projectTestIsNondeterministic:false]}
src/main/java/org/apache/commons/compress/archivers/dump/InvalidFormatException.java: org.apache.commons.compress.archivers.dump.InvalidFormatException.InvalidFormatException: computing test cases
src/main/java/org/apache/commons/compress/archivers/dump/InvalidFormatException.java: org.apache.commons.compress.archivers.dump.InvalidFormatException.InvalidFormatException: computed 1 unit tests
src/main/java/org/apache/commons/compress/archivers/dump/InvalidFormatException.java: org.apache.commons.compress.archivers.dump.InvalidFormatException.InvalidFormatException: found 0 problems
src/main/java/org/apache/commons/compress/archivers/dump/InvalidFormatException.java: org.apache.commons.compress.archivers.dump.InvalidFormatException.getOffset: computing test cases
src/main/java/org/apache/commons/compress/archivers/dump/InvalidFormatException.java: org.apache.commons.compress.archivers.dump.InvalidFormatException.getOffset: computed 1 unit tests
src/main/java/org/apache/commons/compress/archivers/dump/InvalidFormatException.java: org.apache.commons.compress.archivers.dump.InvalidFormatException.getOffset: found 0 problems
src/main/java/org/apache/commons/compress/archivers/dump/InvalidFormatException.java: org.apache.commons.compress.archivers.dump.InvalidFormatException.InvalidFormatException: computing test cases
src/main/java/org/apache/commons/compress/archivers/dump/InvalidFormatException.java: org.apache.commons.compress.archivers.dump.InvalidFormatException.InvalidFormatException: computed 1 unit tests
src/main/java/org/apache/commons/compress/archivers/dump/InvalidFormatException.java: org.apache.commons.compress.archivers.dump.InvalidFormatException.InvalidFormatException: found 0 problems
src/main/java/org/apache/commons/compress/archivers/sevenz/DeltaDecoder.java: org.apache.commons.compress.archivers.sevenz.DeltaDecoder.getOptionsAsProperties: computing test cases
src/main/java/org/apache/commons/compress/archivers/sevenz/DeltaDecoder.java: org.apache.commons.compress.archivers.sevenz.DeltaDecoder.getOptionsAsProperties: computed 0 unit tests
src/main/java/org/apache/commons/compress/archivers/sevenz/DeltaDecoder.java: org.apache.commons.compress.archivers.sevenz.DeltaDecoder.getOptionsAsProperties: found 1 problems
src/main/java/org/apache/commons/compress/archivers/sevenz/DeltaDecoder.java: unsupported: org.apache.commons.compress.archivers.sevenz.DeltaDecoder.getOptionsAsProperties: unsupported type
	data: wildcard(, pointer(reference(java/lang/Object)))
src/main/java/org/apache/commons/compress/archivers/sevenz/DeltaDecoder.java: org.apache.commons.compress.archivers.sevenz.DeltaDecoder.encode: computing test cases
src/main/java/org/apache/commons/compress/archivers/sevenz/DeltaDecoder.java: org.apache.commons.compress.archivers.sevenz.DeltaDecoder.encode: computed 0 unit tests
src/main/java/org/apache/commons/compress/archivers/sevenz/DeltaDecoder.java: org.apache.commons.compress.archivers.sevenz.DeltaDecoder.encode: found 1 problems
src/main/java/org/apache/commons/compress/archivers/sevenz/DeltaDecoder.java: unsupported: org.apache.commons.compress.archivers.sevenz.DeltaDecoder.encode: unsupported type
	data: wildcard(, pointer(reference(java/lang/Object)))
src/main/java/org/apache/commons/compress/archivers/sevenz/DeltaDecoder.java: org.apache.commons.compress.archivers.sevenz.DeltaDecoder.decode: computing test cases
src/main/java/org/apache/commons/compress/archivers/sevenz/DeltaDecoder.java: org.apache.commons.compress.archivers.sevenz.DeltaDecoder.decode: computed 0 unit tests
src/main/java/org/apache/commons/compress/archivers/sevenz/DeltaDecoder.java: org.apache.commons.compress.archivers.sevenz.DeltaDecoder.decode: found 1 problems
src/main/java/org/apache/commons/compress/archivers/sevenz/DeltaDecoder.java: unsupported: org.apache.commons.compress.archivers.sevenz.DeltaDecoder.decode: unsupported type
	data: wildcard(, pointer(reference(java/lang/Object)))
src/main/java/org/apache/commons/compress/archivers/sevenz/DeltaDecoder.java: org.apache.commons.compress.archivers.sevenz.DeltaDecoder.DeltaDecoder: computing test cases
src/main/java/org/apache/commons/compress/archivers/sevenz/DeltaDecoder.java: org.apache.commons.compress.archivers.sevenz.DeltaDecoder.DeltaDecoder: computed 0 unit tests
src/main/java/org/apache/commons/compress/archivers/sevenz/DeltaDecoder.java: org.apache.commons.compress.archivers.sevenz.DeltaDecoder.DeltaDecoder: found 0 problems
src/main/java/org/apache/commons/compress/archivers/sevenz/DeltaDecoder.java: org.apache.commons.compress.archivers.sevenz.DeltaDecoder.getOptionsFromCoder: computing test cases
src/main/java/org/apache/commons/compress/archivers/sevenz/DeltaDecoder.java: org.apache.commons.compress.archivers.sevenz.DeltaDecoder.getOptionsFromCoder: computed 0 unit tests
src/main/java/org/apache/commons/compress/archivers/sevenz/DeltaDecoder.java: org.apache.commons.compress.archivers.sevenz.DeltaDecoder.getOptionsFromCoder: found 1 problems
src/main/java/org/apache/commons/compress/archivers/sevenz/DeltaDecoder.java: unsupported: org.apache.commons.compress.archivers.sevenz.DeltaDecoder.getOptionsFromCoder: unsupported type
	data: wildcard(, pointer(reference(java/lang/Object)))
src/main/java/org/apache/commons/compress/archivers/zip/GeneralPurposeBit.java: org.apache.commons.compress.archivers.zip.GeneralPurposeBit.parse: computing test cases
src/main/java/org/apache/commons/compress/archivers/zip/GeneralPurposeBit.java: org.apache.commons.compress.archivers.zip.GeneralPurposeBit.parse: computed 12 unit tests
src/main/java/org/apache/commons/compress/archivers/zip/GeneralPurposeBit.java: org.apache.commons.compress.archivers.zip.GeneralPurposeBit.parse: found 7 problems
src/main/java/org/apache/commons/compress/archivers/zip/ZipShort.java:112:22: critical: org.apache.commons.compress.archivers.zip.GeneralPurposeBit.parse: uncaught ArrayIndexOutOfBoundsException
src/main/java/org/apache/commons/compress/archivers/zip/ZipShort.java:113:19: critical: org.apache.commons.compress.archivers.zip.GeneralPurposeBit.parse: uncaught ArrayIndexOutOfBoundsException
src/main/java/org/apache/commons/compress/archivers/zip/ZipShort.java:112:28: critical: org.apache.commons.compress.archivers.zip.GeneralPurposeBit.parse: uncaught ArithmeticException: integer overflow
		at java.lang.Math.addExact
src/main/java/org/apache/commons/compress/archivers/zip/ZipShort.java:112:22: critical: org.apache.commons.compress.archivers.zip.GeneralPurposeBit.parse: uncaught ArrayIndexOutOfBoundsException
src/main/java/org/apache/commons/compress/archivers/zip/ZipShort.java:112:22: critical: org.apache.commons.compress.archivers.zip.GeneralPurposeBit.parse: uncaught java.lang.NullPointerException
src/main/java/org/apache/commons/compress/archivers/zip/ZipShort.java:112:28: critical: org.apache.commons.compress.archivers.zip.GeneralPurposeBit.parse: uncaught ArithmeticException: integer overflow
		at java.lang.Math.addExact
src/main/java/org/apache/commons/compress/archivers/zip/ZipShort.java:112:22: critical: org.apache.commons.compress.archivers.zip.GeneralPurposeBit.parse: uncaught java.lang.NullPointerException
src/main/java/org/apache/commons/compress/archivers/zip/GeneralPurposeBit.java: org.apache.commons.compress.archivers.zip.GeneralPurposeBit.GeneralPurposeBit: computing test cases
src/main/java/org/apache/commons/compress/archivers/zip/GeneralPurposeBit.java: org.apache.commons.compress.archivers.zip.GeneralPurposeBit.GeneralPurposeBit: computed 1 unit tests
src/main/java/org/apache/commons/compress/archivers/zip/GeneralPurposeBit.java: org.apache.commons.compress.archivers.zip.GeneralPurposeBit.GeneralPurposeBit: found 0 problems
src/main/java/org/apache/commons/compress/archivers/zip/GeneralPurposeBit.java: org.apache.commons.compress.archivers.zip.GeneralPurposeBit.usesUTF8ForNames: computing test cases
src/main/java/org/apache/commons/compress/archivers/zip/GeneralPurposeBit.java: org.apache.commons.compress.archivers.zip.GeneralPurposeBit.usesUTF8ForNames: computed 1 unit tests
src/main/java/org/apache/commons/compress/archivers/zip/GeneralPurposeBit.java: org.apache.commons.compress.archivers.zip.GeneralPurposeBit.usesUTF8ForNames: found 0 problems
src/main/java/org/apache/commons/compress/archivers/zip/GeneralPurposeBit.java: org.apache.commons.compress.archivers.zip.GeneralPurposeBit.equals: computing test cases
src/main/java/org/apache/commons/compress/archivers/zip/GeneralPurposeBit.java: org.apache.commons.compress.archivers.zip.GeneralPurposeBit.equals: computed 6 unit tests
src/main/java/org/apache/commons/compress/archivers/zip/GeneralPurposeBit.java: org.apache.commons.compress.archivers.zip.GeneralPurposeBit.equals: found 0 problems
src/main/java/org/apache/commons/compress/archivers/zip/GeneralPurposeBit.java: org.apache.commons.compress.archivers.zip.GeneralPurposeBit.useUTF8ForNames: computing test cases
src/main/java/org/apache/commons/compress/archivers/zip/GeneralPurposeBit.java: org.apache.commons.compress.archivers.zip.GeneralPurposeBit.useUTF8ForNames: computed 1 unit tests
src/main/java/org/apache/commons/compress/archivers/zip/GeneralPurposeBit.java: org.apache.commons.compress.archivers.zip.GeneralPurposeBit.useUTF8ForNames: found 0 problems
src/main/java/org/apache/commons/compress/archivers/zip/GeneralPurposeBit.java: org.apache.commons.compress.archivers.zip.GeneralPurposeBit.encode: computing test cases
src/main/java/org/apache/commons/compress/archivers/zip/GeneralPurposeBit.java: org.apache.commons.compress.archivers.zip.GeneralPurposeBit.encode: computed 8 unit tests
src/main/java/org/apache/commons/compress/archivers/zip/GeneralPurposeBit.java: org.apache.commons.compress.archivers.zip.GeneralPurposeBit.encode: found 3 problems
src/main/java/org/apache/commons/compress/archivers/zip/ZipShort.java:101:9: critical: org.apache.commons.compress.archivers.zip.GeneralPurposeBit.encode: uncaught ArrayIndexOutOfBoundsException
src/main/java/org/apache/commons/compress/archivers/zip/ZipShort.java:102:9: critical: org.apache.commons.compress.archivers.zip.GeneralPurposeBit.encode: uncaught ArrayIndexOutOfBoundsException
src/main/java/org/apache/commons/compress/archivers/zip/ZipShort.java:101:9: critical: org.apache.commons.compress.archivers.zip.GeneralPurposeBit.encode: uncaught java.lang.NullPointerException
src/main/java/org/apache/commons/compress/archivers/zip/GeneralPurposeBit.java: org.apache.commons.compress.archivers.zip.GeneralPurposeBit.usesDataDescriptor: computing test cases
src/main/java/org/apache/commons/compress/archivers/zip/GeneralPurposeBit.java: org.apache.commons.compress.archivers.zip.GeneralPurposeBit.usesDataDescriptor: computed 1 unit tests
src/main/java/org/apache/commons/compress/archivers/zip/GeneralPurposeBit.java: org.apache.commons.compress.archivers.zip.GeneralPurposeBit.usesDataDescriptor: found 0 problems
src/main/java/org/apache/commons/compress/archivers/zip/GeneralPurposeBit.java: org.apache.commons.compress.archivers.zip.GeneralPurposeBit.getSlidingDictionarySize: computing test cases
src/main/java/org/apache/commons/compress/archivers/zip/GeneralPurposeBit.java: org.apache.commons.compress.archivers.zip.GeneralPurposeBit.getSlidingDictionarySize: computed 1 unit tests
src/main/java/org/apache/commons/compress/archivers/zip/GeneralPurposeBit.java: org.apache.commons.compress.archivers.zip.GeneralPurposeBit.getSlidingDictionarySize: found 0 problems
src/main/java/org/apache/commons/compress/archivers/zip/GeneralPurposeBit.java: org.apache.commons.compress.archivers.zip.GeneralPurposeBit.usesEncryption: computing test cases
src/main/java/org/apache/commons/compress/archivers/zip/GeneralPurposeBit.java: org.apache.commons.compress.archivers.zip.GeneralPurposeBit.usesEncryption: computed 1 unit tests
src/main/java/org/apache/commons/compress/archivers/zip/GeneralPurposeBit.java: org.apache.commons.compress.archivers.zip.GeneralPurposeBit.usesEncryption: found 0 problems
src/main/java/org/apache/commons/compress/archivers/zip/GeneralPurposeBit.java: org.apache.commons.compress.archivers.zip.GeneralPurposeBit.useStrongEncryption: computing test cases
src/main/java/org/apache/commons/compress/archivers/zip/GeneralPurposeBit.java: org.apache.commons.compress.archivers.zip.GeneralPurposeBit.useStrongEncryption: computed 2 unit tests
src/main/java/org/apache/commons/compress/archivers/zip/GeneralPurposeBit.java: org.apache.commons.compress.archivers.zip.GeneralPurposeBit.useStrongEncryption: found 0 problems
src/main/java/org/apache/commons/compress/archivers/zip/GeneralPurposeBit.java: org.apache.commons.compress.archivers.zip.GeneralPurposeBit.encode: computing test cases
src/main/java/org/apache/commons/compress/archivers/zip/GeneralPurposeBit.java: org.apache.commons.compress.archivers.zip.GeneralPurposeBit.encode: computed 1 unit tests
src/main/java/org/apache/commons/compress/archivers/zip/GeneralPurposeBit.java: org.apache.commons.compress.archivers.zip.GeneralPurposeBit.encode: found 0 problems
src/main/java/org/apache/commons/compress/archivers/zip/GeneralPurposeBit.java: org.apache.commons.compress.archivers.zip.GeneralPurposeBit.hashCode: computing test cases
src/main/java/org/apache/commons/compress/archivers/zip/GeneralPurposeBit.java: org.apache.commons.compress.archivers.zip.GeneralPurposeBit.hashCode: computed 5 unit tests
src/main/java/org/apache/commons/compress/archivers/zip/GeneralPurposeBit.java: org.apache.commons.compress.archivers.zip.GeneralPurposeBit.hashCode: found 0 problems
src/main/java/org/apache/commons/compress/archivers/zip/GeneralPurposeBit.java: org.apache.commons.compress.archivers.zip.GeneralPurposeBit.useDataDescriptor: computing test cases
src/main/java/org/apache/commons/compress/archivers/zip/GeneralPurposeBit.java: org.apache.commons.compress.archivers.zip.GeneralPurposeBit.useDataDescriptor: computed 1 unit tests
src/main/java/org/apache/commons/compress/archivers/zip/GeneralPurposeBit.java: org.apache.commons.compress.archivers.zip.GeneralPurposeBit.useDataDescriptor: found 0 problems
src/main/java/org/apache/commons/compress/archivers/zip/GeneralPurposeBit.java: org.apache.commons.compress.archivers.zip.GeneralPurposeBit.clone: computing test cases
src/main/java/org/apache/commons/compress/archivers/zip/GeneralPurposeBit.java: org.apache.commons.compress.archivers.zip.GeneralPurposeBit.clone: computed 0 unit tests
src/main/java/org/apache/commons/compress/archivers/zip/GeneralPurposeBit.java: org.apache.commons.compress.archivers.zip.GeneralPurposeBit.clone: found 0 problems
src/main/java/org/apache/commons/compress/archivers/zip/GeneralPurposeBit.java: org.apache.commons.compress.archivers.zip.GeneralPurposeBit.useEncryption: computing test cases
src/main/java/org/apache/commons/compress/archivers/zip/GeneralPurposeBit.java: org.apache.commons.compress.archivers.zip.GeneralPurposeBit.useEncryption: computed 1 unit tests
src/main/java/org/apache/commons/compress/archivers/zip/GeneralPurposeBit.java: org.apache.commons.compress.archivers.zip.GeneralPurposeBit.useEncryption: found 0 problems
src/main/java/org/apache/commons/compress/archivers/zip/GeneralPurposeBit.java: org.apache.commons.compress.archivers.zip.GeneralPurposeBit.getNumberOfShannonFanoTrees: computing test cases
src/main/java/org/apache/commons/compress/archivers/zip/GeneralPurposeBit.java: org.apache.commons.compress.archivers.zip.GeneralPurposeBit.getNumberOfShannonFanoTrees: computed 1 unit tests
src/main/java/org/apache/commons/compress/archivers/zip/GeneralPurposeBit.java: org.apache.commons.compress.archivers.zip.GeneralPurposeBit.getNumberOfShannonFanoTrees: found 0 problems
src/main/java/org/apache/commons/compress/archivers/zip/GeneralPurposeBit.java: org.apache.commons.compress.archivers.zip.GeneralPurposeBit.usesStrongEncryption: computing test cases
src/main/java/org/apache/commons/compress/archivers/zip/GeneralPurposeBit.java: org.apache.commons.compress.archivers.zip.GeneralPurposeBit.usesStrongEncryption: computed 3 unit tests
src/main/java/org/apache/commons/compress/archivers/zip/GeneralPurposeBit.java: org.apache.commons.compress.archivers.zip.GeneralPurposeBit.usesStrongEncryption: found 0 problems
src/main/java/org/apache/commons/compress/archivers/ArchiveStreamFactory.java: org.apache.commons.compress.archivers.ArchiveStreamFactory.ArchiveStreamFactory: computing test cases
src/main/java/org/apache/commons/compress/archivers/ArchiveStreamFactory.java: org.apache.commons.compress.archivers.ArchiveStreamFactory.ArchiveStreamFactory: computed 1 unit tests
src/main/java/org/apache/commons/compress/archivers/ArchiveStreamFactory.java: org.apache.commons.compress.archivers.ArchiveStreamFactory.ArchiveStreamFactory: found 0 problems
src/main/java/org/apache/commons/compress/archivers/ArchiveStreamFactory.java: org.apache.commons.compress.archivers.ArchiveStreamFactory.setEntryEncoding: computing test cases
src/main/java/org/apache/commons/compress/archivers/ArchiveStreamFactory.java: org.apache.commons.compress.archivers.ArchiveStreamFactory.setEntryEncoding: computed 2 unit tests
src/main/java/org/apache/commons/compress/archivers/ArchiveStreamFactory.java: org.apache.commons.compress.archivers.ArchiveStreamFactory.setEntryEncoding: found 1 problems
src/main/java/org/apache/commons/compress/archivers/ArchiveStreamFactory.java:176:13: critical: org.apache.commons.compress.archivers.ArchiveStreamFactory.setEntryEncoding: uncaught java.lang.IllegalStateException
src/main/java/org/apache/commons/compress/archivers/ArchiveStreamFactory.java: org.apache.commons.compress.archivers.ArchiveStreamFactory.ArchiveStreamFactory: computing test cases
src/main/java/org/apache/commons/compress/archivers/ArchiveStreamFactory.java: org.apache.commons.compress.archivers.ArchiveStreamFactory.ArchiveStreamFactory: computed 1 unit tests
src/main/java/org/apache/commons/compress/archivers/ArchiveStreamFactory.java: org.apache.commons.compress.archivers.ArchiveStreamFactory.ArchiveStreamFactory: found 0 problems
src/main/java/org/apache/commons/compress/archivers/ArchiveStreamFactory.java: org.apache.commons.compress.archivers.ArchiveStreamFactory.createArchiveInputStream: computing test cases
src/main/java/org/apache/commons/compress/archivers/ArchiveStreamFactory.java: org.apache.commons.compress.archivers.ArchiveStreamFactory.createArchiveInputStream: found 1 problems
src/main/java/org/apache/commons/compress/archivers/ArchiveStreamFactory.java: internal error: org.apache.commons.compress.archivers.ArchiveStreamFactory.createArchiveInputStream: unknown type kind
	data: unsupported(java/util/zip/Inflater)
src/main/java/org/apache/commons/compress/archivers/ArchiveStreamFactory.java: org.apache.commons.compress.archivers.ArchiveStreamFactory.getEntryEncoding: computing test cases
src/main/java/org/apache/commons/compress/archivers/ArchiveStreamFactory.java: org.apache.commons.compress.archivers.ArchiveStreamFactory.getEntryEncoding: computed 1 unit tests
src/main/java/org/apache/commons/compress/archivers/ArchiveStreamFactory.java: org.apache.commons.compress.archivers.ArchiveStreamFactory.getEntryEncoding: found 0 problems
src/main/java/org/apache/commons/compress/archivers/ArchiveStreamFactory.java: org.apache.commons.compress.archivers.ArchiveStreamFactory.createArchiveOutputStream: computing test cases
src/main/java/org/apache/commons/compress/archivers/ArchiveStreamFactory.java: org.apache.commons.compress.archivers.ArchiveStreamFactory.createArchiveOutputStream: found 1 problems
src/main/java/org/apache/commons/compress/archivers/ArchiveStreamFactory.java: internal error: org.apache.commons.compress.archivers.ArchiveStreamFactory.createArchiveOutputStream: unknown type kind
	data: unsupported(java/util/zip/Deflater)
src/main/java/org/apache/commons/compress/archivers/ArchiveStreamFactory.java: org.apache.commons.compress.archivers.ArchiveStreamFactory.createArchiveInputStream: computing test cases
src/main/java/org/apache/commons/compress/archivers/ArchiveStreamFactory.java: org.apache.commons.compress.archivers.ArchiveStreamFactory.createArchiveInputStream: found 1 problems
src/main/java/org/apache/commons/compress/archivers/ArchiveStreamFactory.java: internal error: org.apache.commons.compress.archivers.ArchiveStreamFactory.createArchiveInputStream: unknown type kind
	data: unsupported(java/io/DataInputStream)
src/main/java/org/apache/commons/compress/archivers/zip/JarMarker.java: org.apache.commons.compress.archivers.zip.JarMarker.getLocalFileDataData: computing test cases
src/main/java/org/apache/commons/compress/archivers/zip/JarMarker.java: org.apache.commons.compress.archivers.zip.JarMarker.getLocalFileDataData: computed 1 unit tests
src/main/java/org/apache/commons/compress/archivers/zip/JarMarker.java: org.apache.commons.compress.archivers.zip.JarMarker.getLocalFileDataData: found 0 problems
src/main/java/org/apache/commons/compress/archivers/zip/JarMarker.java: org.apache.commons.compress.archivers.zip.JarMarker.getHeaderId: computing test cases
src/main/java/org/apache/commons/compress/archivers/zip/JarMarker.java: org.apache.commons.compress.archivers.zip.JarMarker.getHeaderId: computed 1 unit tests
src/main/java/org/apache/commons/compress/archivers/zip/JarMarker.java: org.apache.commons.compress.archivers.zip.JarMarker.getHeaderId: found 0 problems
src/main/java/org/apache/commons/compress/archivers/zip/JarMarker.java: org.apache.commons.compress.archivers.zip.JarMarker.getCentralDirectoryData: computing test cases
src/main/java/org/apache/commons/compress/archivers/zip/JarMarker.java: org.apache.commons.compress.archivers.zip.JarMarker.getCentralDirectoryData: computed 1 unit tests
src/main/java/org/apache/commons/compress/archivers/zip/JarMarker.java: org.apache.commons.compress.archivers.zip.JarMarker.getCentralDirectoryData: found 0 problems
src/main/java/org/apache/commons/compress/archivers/zip/JarMarker.java: org.apache.commons.compress.archivers.zip.JarMarker.getCentralDirectoryLength: computing test cases
src/main/java/org/apache/commons/compress/archivers/zip/JarMarker.java: org.apache.commons.compress.archivers.zip.JarMarker.getCentralDirectoryLength: computed 1 unit tests
src/main/java/org/apache/commons/compress/archivers/zip/JarMarker.java: org.apache.commons.compress.archivers.zip.JarMarker.getCentralDirectoryLength: found 0 problems
src/main/java/org/apache/commons/compress/archivers/zip/JarMarker.java: org.apache.commons.compress.archivers.zip.JarMarker.getInstance: computing test cases
src/main/java/org/apache/commons/compress/archivers/zip/JarMarker.java: org.apache.commons.compress.archivers.zip.JarMarker.getInstance: computed 1 unit tests
src/main/java/org/apache/commons/compress/archivers/zip/JarMarker.java: org.apache.commons.compress.archivers.zip.JarMarker.getInstance: found 0 problems
src/main/java/org/apache/commons/compress/archivers/zip/JarMarker.java: org.apache.commons.compress.archivers.zip.JarMarker.parseFromCentralDirectoryData: computing test cases
src/main/java/org/apache/commons/compress/archivers/zip/JarMarker.java: org.apache.commons.compress.archivers.zip.JarMarker.parseFromCentralDirectoryData: computed 1 unit tests
src/main/java/org/apache/commons/compress/archivers/zip/JarMarker.java: org.apache.commons.compress.archivers.zip.JarMarker.parseFromCentralDirectoryData: found 0 problems
src/main/java/org/apache/commons/compress/archivers/zip/JarMarker.java: org.apache.commons.compress.archivers.zip.JarMarker.parseFromLocalFileData: computing test cases
src/main/java/org/apache/commons/compress/archivers/zip/JarMarker.java: org.apache.commons.compress.archivers.zip.JarMarker.parseFromLocalFileData: computed 1 unit tests
src/main/java/org/apache/commons/compress/archivers/zip/JarMarker.java: org.apache.commons.compress.archivers.zip.JarMarker.parseFromLocalFileData: found 0 problems
src/main/java/org/apache/commons/compress/archivers/zip/JarMarker.java: org.apache.commons.compress.archivers.zip.JarMarker.JarMarker: computing test cases
src/main/java/org/apache/commons/compress/archivers/zip/JarMarker.java: org.apache.commons.compress.archivers.zip.JarMarker.JarMarker: computed 1 unit tests
src/main/java/org/apache/commons/compress/archivers/zip/JarMarker.java: org.apache.commons.compress.archivers.zip.JarMarker.JarMarker: found 0 problems
src/main/java/org/apache/commons/compress/archivers/zip/JarMarker.java: org.apache.commons.compress.archivers.zip.JarMarker.getLocalFileDataLength: computing test cases
src/main/java/org/apache/commons/compress/archivers/zip/JarMarker.java: org.apache.commons.compress.archivers.zip.JarMarker.getLocalFileDataLength: computed 1 unit tests
src/main/java/org/apache/commons/compress/archivers/zip/JarMarker.java: org.apache.commons.compress.archivers.zip.JarMarker.getLocalFileDataLength: found 0 problems
src/main/java/org/apache/commons/compress/archivers/zip/NioZipEncoding.java: org.apache.commons.compress.archivers.zip.NioZipEncoding.canEncode: computing test cases
src/main/java/org/apache/commons/compress/archivers/zip/NioZipEncoding.java: org.apache.commons.compress.archivers.zip.NioZipEncoding.canEncode: found 1 problems
src/main/java/org/apache/commons/compress/archivers/zip/NioZipEncoding.java: internal error: org.apache.commons.compress.archivers.zip.NioZipEncoding.canEncode: unknown type kind
	data: unsupported(java/nio/charset/Charset)
src/main/java/org/apache/commons/compress/archivers/zip/NioZipEncoding.java: org.apache.commons.compress.archivers.zip.NioZipEncoding.encode: computing test cases
src/main/java/org/apache/commons/compress/archivers/zip/NioZipEncoding.java: org.apache.commons.compress.archivers.zip.NioZipEncoding.encode: found 1 problems
src/main/java/org/apache/commons/compress/archivers/zip/NioZipEncoding.java: internal error: org.apache.commons.compress.archivers.zip.NioZipEncoding.encode: unknown type kind
	data: unsupported(java/nio/charset/Charset)
src/main/java/org/apache/commons/compress/archivers/zip/NioZipEncoding.java: org.apache.commons.compress.archivers.zip.NioZipEncoding.decode: computing test cases
src/main/java/org/apache/commons/compress/archivers/zip/NioZipEncoding.java: org.apache.commons.compress.archivers.zip.NioZipEncoding.decode: found 1 problems
src/main/java/org/apache/commons/compress/archivers/zip/NioZipEncoding.java: internal error: org.apache.commons.compress.archivers.zip.NioZipEncoding.decode: unknown type kind
	data: unsupported(java/nio/charset/Charset)
src/main/java/org/apache/commons/compress/archivers/zip/NioZipEncoding.java: org.apache.commons.compress.archivers.zip.NioZipEncoding.NioZipEncoding: computing test cases
src/main/java/org/apache/commons/compress/archivers/zip/NioZipEncoding.java: org.apache.commons.compress.archivers.zip.NioZipEncoding.NioZipEncoding: found 1 problems
src/main/java/org/apache/commons/compress/archivers/zip/NioZipEncoding.java: internal error: org.apache.commons.compress.archivers.zip.NioZipEncoding.NioZipEncoding: unknown type kind
	data: unsupported(java/nio/charset/Charset)
src/main/java/org/apache/commons/compress/archivers/arj/MainHeader.java: org.apache.commons.compress.archivers.arj.MainHeader.toString: computing test cases
src/main/java/org/apache/commons/compress/archivers/arj/MainHeader.java: org.apache.commons.compress.archivers.arj.MainHeader.toString: computed 0 unit tests
src/main/java/org/apache/commons/compress/archivers/arj/MainHeader.java: org.apache.commons.compress.archivers.arj.MainHeader.toString: found 1 problems
src/main/java/org/apache/commons/compress/archivers/arj/MainHeader.java: info: org.apache.commons.compress.archivers.arj.MainHeader.toString: solver timed out
	data: ExecutionResult{ExitStatus:-1, ResourceUsage{WallTime:10.002807365s, CPUTimeUser:9.961987s, CPUTimeSystem:39.991ms, MemoryUsage:154220}}
src/main/java/org/apache/commons/compress/archivers/sevenz/BindPair.java: org.apache.commons.compress.archivers.sevenz.BindPair.toString: computing test cases
src/main/java/org/apache/commons/compress/archivers/sevenz/BindPair.java: org.apache.commons.compress.archivers.sevenz.BindPair.toString: computed 1 unit tests
src/main/java/org/apache/commons/compress/archivers/sevenz/BindPair.java: org.apache.commons.compress.archivers.sevenz.BindPair.toString: found 0 problems
src/main/java/org/apache/commons/compress/archivers/zip/ZipLong.java: org.apache.commons.compress.archivers.zip.ZipLong.ZipLong: computing test cases
src/main/java/org/apache/commons/compress/archivers/zip/ZipLong.java: org.apache.commons.compress.archivers.zip.ZipLong.ZipLong: computed 1 unit tests
src/main/java/org/apache/commons/compress/archivers/zip/ZipLong.java: org.apache.commons.compress.archivers.zip.ZipLong.ZipLong: found 0 problems
src/main/java/org/apache/commons/compress/archivers/zip/ZipLong.java: org.apache.commons.compress.archivers.zip.ZipLong.getValue: computing test cases
src/main/java/org/apache/commons/compress/archivers/zip/ZipLong.java: org.apache.commons.compress.archivers.zip.ZipLong.getValue: computed 3 unit tests
src/main/java/org/apache/commons/compress/archivers/zip/ZipLong.java: org.apache.commons.compress.archivers.zip.ZipLong.getValue: found 2 problems
src/main/java/org/apache/commons/compress/archivers/zip/ZipLong.java:168:23: critical: org.apache.commons.compress.archivers.zip.ZipLong.getValue: uncaught ArrayIndexOutOfBoundsException
src/main/java/org/apache/commons/compress/archivers/zip/ZipLong.java:168:23: critical: org.apache.commons.compress.archivers.zip.ZipLong.getValue: uncaught java.lang.NullPointerException
src/main/java/org/apache/commons/compress/archivers/zip/ZipLong.java: org.apache.commons.compress.archivers.zip.ZipLong.clone: computing test cases
src/main/java/org/apache/commons/compress/archivers/zip/ZipLong.java: org.apache.commons.compress.archivers.zip.ZipLong.clone: computed 0 unit tests
src/main/java/org/apache/commons/compress/archivers/zip/ZipLong.java: org.apache.commons.compress.archivers.zip.ZipLong.clone: found 0 problems
src/main/java/org/apache/commons/compress/archivers/zip/ZipLong.java: org.apache.commons.compress.archivers.zip.ZipLong.getValue: computing test cases
src/main/java/org/apache/commons/compress/archivers/zip/ZipLong.java: org.apache.commons.compress.archivers.zip.ZipLong.getValue: computed 8 unit tests
src/main/java/org/apache/commons/compress/archivers/zip/ZipLong.java: org.apache.commons.compress.archivers.zip.ZipLong.getValue: found 9 problems
src/main/java/org/apache/commons/compress/archivers/zip/ZipLong.java:168:23: critical: org.apache.commons.compress.archivers.zip.ZipLong.getValue: uncaught ArrayIndexOutOfBoundsException
src/main/java/org/apache/commons/compress/archivers/zip/ZipLong.java:169:19: critical: org.apache.commons.compress.archivers.zip.ZipLong.getValue: uncaught ArrayIndexOutOfBoundsException
src/main/java/org/apache/commons/compress/archivers/zip/ZipLong.java:170:19: critical: org.apache.commons.compress.archivers.zip.ZipLong.getValue: uncaught ArrayIndexOutOfBoundsException
src/main/java/org/apache/commons/compress/archivers/zip/ZipLong.java:171:19: critical: org.apache.commons.compress.archivers.zip.ZipLong.getValue: uncaught ArrayIndexOutOfBoundsException
src/main/java/org/apache/commons/compress/archivers/zip/ZipLong.java:168:29: critical: org.apache.commons.compress.archivers.zip.ZipLong.getValue: uncaught ArithmeticException: integer overflow
		at java.lang.Math.addExact
src/main/java/org/apache/commons/compress/archivers/zip/ZipLong.java:168:23: critical: org.apache.commons.compress.archivers.zip.ZipLong.getValue: uncaught ArrayIndexOutOfBoundsException
src/main/java/org/apache/commons/compress/archivers/zip/ZipLong.java:168:23: critical: org.apache.commons.compress.archivers.zip.ZipLong.getValue: uncaught java.lang.NullPointerException
src/main/java/org/apache/commons/compress/archivers/zip/ZipLong.java:168:29: critical: org.apache.commons.compress.archivers.zip.ZipLong.getValue: uncaught ArithmeticException: integer overflow
		at java.lang.Math.addExact
src/main/java/org/apache/commons/compress/archivers/zip/ZipLong.java:168:23: critical: org.apache.commons.compress.archivers.zip.ZipLong.getValue: uncaught java.lang.NullPointerException
src/main/java/org/apache/commons/compress/archivers/zip/ZipLong.java: org.apache.commons.compress.archivers.zip.ZipLong.ZipLong: computing test cases
src/main/java/org/apache/commons/compress/archivers/zip/ZipLong.java: org.apache.commons.compress.archivers.zip.ZipLong.ZipLong: computed 8 unit tests
src/main/java/org/apache/commons/compress/archivers/zip/ZipLong.java: org.apache.commons.compress.archivers.zip.ZipLong.ZipLong: found 9 problems
src/main/java/org/apache/commons/compress/archivers/zip/ZipLong.java:168:23: critical: org.apache.commons.compress.archivers.zip.ZipLong.ZipLong: uncaught ArrayIndexOutOfBoundsException
src/main/java/org/apache/commons/compress/archivers/zip/ZipLong.java:169:19: critical: org.apache.commons.compress.archivers.zip.ZipLong.ZipLong: uncaught ArrayIndexOutOfBoundsException
src/main/java/org/apache/commons/compress/archivers/zip/ZipLong.java:170:19: critical: org.apache.commons.compress.archivers.zip.ZipLong.ZipLong: uncaught ArrayIndexOutOfBoundsException
src/main/java/org/apache/commons/compress/archivers/zip/ZipLong.java:171:19: critical: org.apache.commons.compress.archivers.zip.ZipLong.ZipLong: uncaught ArrayIndexOutOfBoundsException
src/main/java/org/apache/commons/compress/archivers/zip/ZipLong.java:168:29: critical: org.apache.commons.compress.archivers.zip.ZipLong.ZipLong: uncaught ArithmeticException: integer overflow
		at java.lang.Math.addExact
src/main/java/org/apache/commons/compress/archivers/zip/ZipLong.java:168:23: critical: org.apache.commons.compress.archivers.zip.ZipLong.ZipLong: uncaught ArrayIndexOutOfBoundsException
src/main/java/org/apache/commons/compress/archivers/zip/ZipLong.java:168:23: critical: org.apache.commons.compress.archivers.zip.ZipLong.ZipLong: uncaught java.lang.NullPointerException
src/main/java/org/apache/commons/compress/archivers/zip/ZipLong.java:168:29: critical: org.apache.commons.compress.archivers.zip.ZipLong.ZipLong: uncaught ArithmeticException: integer overflow
		at java.lang.Math.addExact
src/main/java/org/apache/commons/compress/archivers/zip/ZipLong.java:168:23: critical: org.apache.commons.compress.archivers.zip.ZipLong.ZipLong: uncaught java.lang.NullPointerException
src/main/java/org/apache/commons/compress/archivers/zip/ZipLong.java: org.apache.commons.compress.archivers.zip.ZipLong.getBytes: computing test cases
src/main/java/org/apache/commons/compress/archivers/zip/ZipLong.java: org.apache.commons.compress.archivers.zip.ZipLong.getBytes: computed 1 unit tests
src/main/java/org/apache/commons/compress/archivers/zip/ZipLong.java: org.apache.commons.compress.archivers.zip.ZipLong.getBytes: found 0 problems
src/main/java/org/apache/commons/compress/archivers/zip/ZipLong.java: org.apache.commons.compress.archivers.zip.ZipLong.putLong: computing test cases
src/main/java/org/apache/commons/compress/archivers/zip/ZipLong.java: org.apache.commons.compress.archivers.zip.ZipLong.putLong: computed 8 unit tests
src/main/java/org/apache/commons/compress/archivers/zip/ZipLong.java: org.apache.commons.compress.archivers.zip.ZipLong.putLong: found 9 problems
src/main/java/org/apache/commons/compress/archivers/zip/ZipLong.java:151:9: critical: org.apache.commons.compress.archivers.zip.ZipLong.putLong: uncaught ArrayIndexOutOfBoundsException
src/main/java/org/apache/commons/compress/archivers/zip/ZipLong.java:152:9: critical: org.apache.commons.compress.archivers.zip.ZipLong.putLong: uncaught ArrayIndexOutOfBoundsException
src/main/java/org/apache/commons/compress/archivers/zip/ZipLong.java:153:9: critical: org.apache.commons.compress.archivers.zip.ZipLong.putLong: uncaught ArrayIndexOutOfBoundsException
src/main/java/org/apache/commons/compress/archivers/zip/ZipLong.java:154:9: critical: org.apache.commons.compress.archivers.zip.ZipLong.putLong: uncaught ArrayIndexOutOfBoundsException
src/main/java/org/apache/commons/compress/archivers/zip/ZipLong.java:151:13: critical: org.apache.commons.compress.archivers.zip.ZipLong.putLong: uncaught ArithmeticException: integer overflow
		at java.lang.Math.addExact
src/main/java/org/apache/commons/compress/archivers/zip/ZipLong.java:151:9: critical: org.apache.commons.compress.archivers.zip.ZipLong.putLong: uncaught ArrayIndexOutOfBoundsException
src/main/java/org/apache/commons/compress/archivers/zip/ZipLong.java:151:9: critical: org.apache.commons.compress.archivers.zip.ZipLong.putLong: uncaught java.lang.NullPointerException
src/main/java/org/apache/commons/compress/archivers/zip/ZipLong.java:151:13: critical: org.apache.commons.compress.archivers.zip.ZipLong.putLong: uncaught ArithmeticException: integer overflow
		at java.lang.Math.addExact
src/main/java/org/apache/commons/compress/archivers/zip/ZipLong.java:151:9: critical: org.apache.commons.compress.archivers.zip.ZipLong.putLong: uncaught java.lang.NullPointerException
src/main/java/org/apache/commons/compress/archivers/zip/ZipLong.java: org.apache.commons.compress.archivers.zip.ZipLong.toString: computing test cases
src/main/java/org/apache/commons/compress/archivers/zip/ZipLong.java: org.apache.commons.compress.archivers.zip.ZipLong.toString: computed 1 unit tests
src/main/java/org/apache/commons/compress/archivers/zip/ZipLong.java: org.apache.commons.compress.archivers.zip.ZipLong.toString: found 0 problems
src/main/java/org/apache/commons/compress/archivers/zip/ZipLong.java: org.apache.commons.compress.archivers.zip.ZipLong.ZipLong: computing test cases
src/main/java/org/apache/commons/compress/archivers/zip/ZipLong.java: org.apache.commons.compress.archivers.zip.ZipLong.ZipLong: computed 3 unit tests
src/main/java/org/apache/commons/compress/archivers/zip/ZipLong.java: org.apache.commons.compress.archivers.zip.ZipLong.ZipLong: found 2 problems
src/main/java/org/apache/commons/compress/archivers/zip/ZipLong.java:168:23: critical: org.apache.commons.compress.archivers.zip.ZipLong.ZipLong: uncaught ArrayIndexOutOfBoundsException
src/main/java/org/apache/commons/compress/archivers/zip/ZipLong.java:168:23: critical: org.apache.commons.compress.archivers.zip.ZipLong.ZipLong: uncaught java.lang.NullPointerException
src/main/java/org/apache/commons/compress/archivers/zip/ZipLong.java: org.apache.commons.compress.archivers.zip.ZipLong.getValue: computing test cases
src/main/java/org/apache/commons/compress/archivers/zip/ZipLong.java: org.apache.commons.compress.archivers.zip.ZipLong.getValue: computed 1 unit tests
src/main/java/org/apache/commons/compress/archivers/zip/ZipLong.java: org.apache.commons.compress.archivers.zip.ZipLong.getValue: found 0 problems
src/main/java/org/apache/commons/compress/archivers/zip/ZipLong.java: org.apache.commons.compress.archivers.zip.ZipLong.getBytes: computing test cases
src/main/java/org/apache/commons/compress/archivers/zip/ZipLong.java: org.apache.commons.compress.archivers.zip.ZipLong.getBytes: computed 1 unit tests
src/main/java/org/apache/commons/compress/archivers/zip/ZipLong.java: org.apache.commons.compress.archivers.zip.ZipLong.getBytes: found 0 problems
src/main/java/org/apache/commons/compress/archivers/zip/ZipLong.java: org.apache.commons.compress.archivers.zip.ZipLong.putLong: computing test cases
src/main/java/org/apache/commons/compress/archivers/zip/ZipLong.java: org.apache.commons.compress.archivers.zip.ZipLong.putLong: computed 8 unit tests
src/main/java/org/apache/commons/compress/archivers/zip/ZipLong.java: org.apache.commons.compress.archivers.zip.ZipLong.putLong: found 9 problems
src/main/java/org/apache/commons/compress/archivers/zip/ZipLong.java:151:9: critical: org.apache.commons.compress.archivers.zip.ZipLong.putLong: uncaught ArrayIndexOutOfBoundsException
src/main/java/org/apache/commons/compress/archivers/zip/ZipLong.java:152:9: critical: org.apache.commons.compress.archivers.zip.ZipLong.putLong: uncaught ArrayIndexOutOfBoundsException
src/main/java/org/apache/commons/compress/archivers/zip/ZipLong.java:153:9: critical: org.apache.commons.compress.archivers.zip.ZipLong.putLong: uncaught ArrayIndexOutOfBoundsException
src/main/java/org/apache/commons/compress/archivers/zip/ZipLong.java:154:9: critical: org.apache.commons.compress.archivers.zip.ZipLong.putLong: uncaught ArrayIndexOutOfBoundsException
src/main/java/org/apache/commons/compress/archivers/zip/ZipLong.java:151:13: critical: org.apache.commons.compress.archivers.zip.ZipLong.putLong: uncaught ArithmeticException: integer overflow
		at java.lang.Math.addExact
src/main/java/org/apache/commons/compress/archivers/zip/ZipLong.java:151:9: critical: org.apache.commons.compress.archivers.zip.ZipLong.putLong: uncaught ArrayIndexOutOfBoundsException
src/main/java/org/apache/commons/compress/archivers/zip/ZipLong.java:151:9: critical: org.apache.commons.compress.archivers.zip.ZipLong.putLong: uncaught java.lang.NullPointerException
src/main/java/org/apache/commons/compress/archivers/zip/ZipLong.java:151:13: critical: org.apache.commons.compress.archivers.zip.ZipLong.putLong: uncaught ArithmeticException: integer overflow
		at java.lang.Math.addExact
src/main/java/org/apache/commons/compress/archivers/zip/ZipLong.java:151:9: critical: org.apache.commons.compress.archivers.zip.ZipLong.putLong: uncaught java.lang.NullPointerException
src/main/java/org/apache/commons/compress/archivers/zip/ZipLong.java: org.apache.commons.compress.archivers.zip.ZipLong.hashCode: computing test cases
src/main/java/org/apache/commons/compress/archivers/zip/ZipLong.java: org.apache.commons.compress.archivers.zip.ZipLong.hashCode: computed 1 unit tests
src/main/java/org/apache/commons/compress/archivers/zip/ZipLong.java: org.apache.commons.compress.archivers.zip.ZipLong.hashCode: found 0 problems
src/main/java/org/apache/commons/compress/archivers/zip/ZipLong.java: org.apache.commons.compress.archivers.zip.ZipLong.equals: computing test cases
src/main/java/org/apache/commons/compress/archivers/zip/ZipLong.java: org.apache.commons.compress.archivers.zip.ZipLong.equals: computed 4 unit tests
src/main/java/org/apache/commons/compress/archivers/zip/ZipLong.java: org.apache.commons.compress.archivers.zip.ZipLong.equals: found 0 problems
src/main/java/org/apache/commons/compress/archivers/zip/BitStream.java: org.apache.commons.compress.archivers.zip.BitStream.BitStream: computing test cases
src/main/java/org/apache/commons/compress/archivers/zip/BitStream.java: org.apache.commons.compress.archivers.zip.BitStream.BitStream: computed 0 unit tests
src/main/java/org/apache/commons/compress/archivers/zip/BitStream.java: org.apache.commons.compress.archivers.zip.BitStream.BitStream: found 0 problems
src/main/java/org/apache/commons/compress/archivers/zip/BitStream.java: org.apache.commons.compress.archivers.zip.BitStream.nextBit: computing test cases
src/main/java/org/apache/commons/compress/archivers/zip/BitStream.java: org.apache.commons.compress.archivers.zip.BitStream.nextBit: computed 0 unit tests
src/main/java/org/apache/commons/compress/archivers/zip/BitStream.java: org.apache.commons.compress.archivers.zip.BitStream.nextBit: found 0 problems
src/main/java/org/apache/commons/compress/archivers/zip/BitStream.java: org.apache.commons.compress.archivers.zip.BitStream.nextByte: computing test cases
src/main/java/org/apache/commons/compress/archivers/zip/BitStream.java: org.apache.commons.compress.archivers.zip.BitStream.nextByte: computed 0 unit tests
src/main/java/org/apache/commons/compress/archivers/zip/BitStream.java: org.apache.commons.compress.archivers.zip.BitStream.nextByte: found 0 problems
src/main/java/org/apache/commons/compress/archivers/zip/BitStream.java: org.apache.commons.compress.archivers.zip.BitStream.nextBits: computing test cases
src/main/java/org/apache/commons/compress/archivers/zip/BitStream.java: org.apache.commons.compress.archivers.zip.BitStream.nextBits: computed 0 unit tests
src/main/java/org/apache/commons/compress/archivers/zip/BitStream.java: org.apache.commons.compress.archivers.zip.BitStream.nextBits: found 0 problems
src/main/java/org/apache/commons/compress/archivers/zip/ZipFile.java: org.apache.commons.compress.archivers.zip.ZipFile.copyRawEntries: computing test cases
src/main/java/org/apache/commons/compress/archivers/zip/ZipFile.java: org.apache.commons.compress.archivers.zip.ZipFile.copyRawEntries: found 1 problems
src/main/java/org/apache/commons/compress/archivers/zip/ZipFile.java: internal error: org.apache.commons.compress.archivers.zip.ZipFile.copyRawEntries: unknown type kind
	data: unsupported(java/io/RandomAccessFile)
src/main/java/org/apache/commons/compress/archivers/zip/ZipFile.java: org.apache.commons.compress.archivers.zip.ZipFile.ZipFile: computing test cases
src/main/java/org/apache/commons/compress/archivers/zip/ZipFile.java: org.apache.commons.compress.archivers.zip.ZipFile.ZipFile: found 1 problems
src/main/java/org/apache/commons/compress/archivers/zip/ZipFile.java: internal error: org.apache.commons.compress.archivers.zip.ZipFile.ZipFile: unknown type kind
	data: unsupported(java/io/RandomAccessFile)
src/main/java/org/apache/commons/compress/archivers/zip/ZipFile.java: org.apache.commons.compress.archivers.zip.ZipFile.getInputStream: computing test cases
src/main/java/org/apache/commons/compress/archivers/zip/ZipFile.java: org.apache.commons.compress.archivers.zip.ZipFile.getInputStream: computed 0 unit tests
src/main/java/org/apache/commons/compress/archivers/zip/ZipFile.java: org.apache.commons.compress.archivers.zip.ZipFile.canReadEntryData: computing test cases
src/main/java/org/apache/commons/compress/archivers/zip/ZipFile.java: org.apache.commons.compress.archivers.zip.ZipFile.canReadEntryData: found 1 problems
src/main/java/org/apache/commons/compress/archivers/zip/ZipFile.java: internal error: org.apache.commons.compress.archivers.zip.ZipFile.canReadEntryData: unknown type kind
	data: unsupported(java/io/RandomAccessFile)
src/main/java/org/apache/commons/compress/archivers/zip/ZipFile.java: org.apache.commons.compress.archivers.zip.ZipFile.getEntries: computing test cases
src/main/java/org/apache/commons/compress/archivers/zip/ZipFile.java: org.apache.commons.compress.archivers.zip.ZipFile.getEntries: found 1 problems
src/main/java/org/apache/commons/compress/archivers/zip/ZipFile.java: internal error: org.apache.commons.compress.archivers.zip.ZipFile.getEntries: unknown type kind
	data: unsupported(java/io/RandomAccessFile)
src/main/java/org/apache/commons/compress/archivers/zip/ZipFile.java: org.apache.commons.compress.archivers.zip.ZipFile.ZipFile: computing test cases
src/main/java/org/apache/commons/compress/archivers/zip/ZipFile.java: org.apache.commons.compress.archivers.zip.ZipFile.ZipFile: found 1 problems
src/main/java/org/apache/commons/compress/archivers/zip/ZipFile.java: internal error: org.apache.commons.compress.archivers.zip.ZipFile.ZipFile: unknown type kind
	data: unsupported(java/io/RandomAccessFile)
src/main/java/org/apache/commons/compress/archivers/zip/ZipFile.java: org.apache.commons.compress.archivers.zip.ZipFile.ZipFile: computing test cases
src/main/java/org/apache/commons/compress/archivers/zip/ZipFile.java: org.apache.commons.compress.archivers.zip.ZipFile.ZipFile: found 1 problems
src/main/java/org/apache/commons/compress/archivers/zip/ZipFile.java: internal error: org.apache.commons.compress.archivers.zip.ZipFile.ZipFile: unknown type kind
	data: unsupported(java/io/RandomAccessFile)
src/main/java/org/apache/commons/compress/archivers/zip/ZipFile.java: org.apache.commons.compress.archivers.zip.ZipFile.closeQuietly: computing test cases
src/main/java/org/apache/commons/compress/archivers/zip/ZipFile.java: org.apache.commons.compress.archivers.zip.ZipFile.closeQuietly: computed 0 unit tests
src/main/java/org/apache/commons/compress/archivers/zip/ZipFile.java: org.apache.commons.compress.archivers.zip.ZipFile.finalize: computing test cases
src/main/java/org/apache/commons/compress/archivers/zip/ZipFile.java: org.apache.commons.compress.archivers.zip.ZipFile.finalize: found 1 problems
src/main/java/org/apache/commons/compress/archivers/zip/ZipFile.java: internal error: org.apache.commons.compress.archivers.zip.ZipFile.finalize: unknown type kind
	data: unsupported(java/io/RandomAccessFile)
src/main/java/org/apache/commons/compress/archivers/zip/ZipFile.java: org.apache.commons.compress.archivers.zip.ZipFile.close: computing test cases
src/main/java/org/apache/commons/compress/archivers/zip/ZipFile.java: org.apache.commons.compress.archivers.zip.ZipFile.close: found 1 problems
src/main/java/org/apache/commons/compress/archivers/zip/ZipFile.java: internal error: org.apache.commons.compress.archivers.zip.ZipFile.close: unknown type kind
	data: unsupported(java/io/RandomAccessFile)
src/main/java/org/apache/commons/compress/archivers/zip/ZipFile.java: org.apache.commons.compress.archivers.zip.ZipFile.getEntriesInPhysicalOrder: computing test cases
src/main/java/org/apache/commons/compress/archivers/zip/ZipFile.java: org.apache.commons.compress.archivers.zip.ZipFile.getEntriesInPhysicalOrder: found 1 problems
src/main/java/org/apache/commons/compress/archivers/zip/ZipFile.java: internal error: org.apache.commons.compress.archivers.zip.ZipFile.getEntriesInPhysicalOrder: unknown type kind
	data: unsupported(java/io/RandomAccessFile)
src/main/java/org/apache/commons/compress/archivers/zip/ZipFile.java: org.apache.commons.compress.archivers.zip.ZipFile.getEntriesInPhysicalOrder: computing test cases
src/main/java/org/apache/commons/compress/archivers/zip/ZipFile.java: org.apache.commons.compress.archivers.zip.ZipFile.getEntriesInPhysicalOrder: found 1 problems
src/main/java/org/apache/commons/compress/archivers/zip/ZipFile.java: internal error: org.apache.commons.compress.archivers.zip.ZipFile.getEntriesInPhysicalOrder: unknown type kind
	data: unsupported(java/io/RandomAccessFile)
src/main/java/org/apache/commons/compress/archivers/zip/ZipFile.java: org.apache.commons.compress.archivers.zip.ZipFile.getUnixSymlink: computing test cases
src/main/java/org/apache/commons/compress/archivers/zip/ZipFile.java: org.apache.commons.compress.archivers.zip.ZipFile.getUnixSymlink: computed 0 unit tests
src/main/java/org/apache/commons/compress/archivers/zip/ZipFile.java: org.apache.commons.compress.archivers.zip.ZipFile.ZipFile: computing test cases
src/main/java/org/apache/commons/compress/archivers/zip/ZipFile.java: org.apache.commons.compress.archivers.zip.ZipFile.ZipFile: found 1 problems
src/main/java/org/apache/commons/compress/archivers/zip/ZipFile.java: internal error: org.apache.commons.compress.archivers.zip.ZipFile.ZipFile: unknown type kind
	data: unsupported(java/io/RandomAccessFile)
src/main/java/org/apache/commons/compress/archivers/zip/ZipFile.java: org.apache.commons.compress.archivers.zip.ZipFile.ZipFile: computing test cases
src/main/java/org/apache/commons/compress/archivers/zip/ZipFile.java: org.apache.commons.compress.archivers.zip.ZipFile.ZipFile: found 1 problems
src/main/java/org/apache/commons/compress/archivers/zip/ZipFile.java: internal error: org.apache.commons.compress.archivers.zip.ZipFile.ZipFile: unknown type kind
	data: unsupported(java/io/RandomAccessFile)
src/main/java/org/apache/commons/compress/archivers/zip/ZipFile.java: org.apache.commons.compress.archivers.zip.ZipFile.getEntries: computing test cases
src/main/java/org/apache/commons/compress/archivers/zip/ZipFile.java: org.apache.commons.compress.archivers.zip.ZipFile.getEntries: computed 0 unit tests
src/main/java/org/apache/commons/compress/archivers/zip/ZipFile.java: org.apache.commons.compress.archivers.zip.ZipFile.getEntry: computing test cases
src/main/java/org/apache/commons/compress/archivers/zip/ZipFile.java: org.apache.commons.compress.archivers.zip.ZipFile.getEntry: found 1 problems
src/main/java/org/apache/commons/compress/archivers/zip/ZipFile.java: internal error: org.apache.commons.compress.archivers.zip.ZipFile.getEntry: unknown type kind
	data: unsupported(java/io/RandomAccessFile)
src/main/java/org/apache/commons/compress/archivers/zip/ZipFile.java: org.apache.commons.compress.archivers.zip.ZipFile.getEncoding: computing test cases
src/main/java/org/apache/commons/compress/archivers/zip/ZipFile.java: org.apache.commons.compress.archivers.zip.ZipFile.getEncoding: found 1 problems
src/main/java/org/apache/commons/compress/archivers/zip/ZipFile.java: internal error: org.apache.commons.compress.archivers.zip.ZipFile.getEncoding: unknown type kind
	data: unsupported(java/io/RandomAccessFile)
src/main/java/org/apache/commons/compress/archivers/zip/ZipUtil.java: org.apache.commons.compress.archivers.zip.ZipUtil.toDosTime: computing test cases
src/main/java/org/apache/commons/compress/archivers/zip/ZipUtil.java: org.apache.commons.compress.archivers.zip.ZipUtil.toDosTime: computed 0 unit tests
src/main/java/org/apache/commons/compress/archivers/zip/ZipUtil.java: org.apache.commons.compress.archivers.zip.ZipUtil.toDosTime: found 1 problems
src/main/java/org/apache/commons/compress/archivers/zip/ZipUtil.java: unsupported: org.apache.commons.compress.archivers.zip.ZipUtil.toDosTime: encountered an unsupported type
	data: unsupported(java/util/Date)
src/main/java/org/apache/commons/compress/archivers/zip/ZipUtil.java: org.apache.commons.compress.archivers.zip.ZipUtil.signedByteToUnsignedInt: computing test cases
src/main/java/org/apache/commons/compress/archivers/zip/ZipUtil.java: org.apache.commons.compress.archivers.zip.ZipUtil.signedByteToUnsignedInt: computed 0 unit tests
src/main/java/org/apache/commons/compress/archivers/zip/ZipUtil.java: org.apache.commons.compress.archivers.zip.ZipUtil.signedByteToUnsignedInt: found 1 problems
src/main/java/org/apache/commons/compress/archivers/zip/ZipUtil.java: internal error: org.apache.commons.compress.archivers.zip.ZipUtil.signedByteToUnsignedInt: malformed data
src/main/java/org/apache/commons/compress/archivers/zip/ZipUtil.java: org.apache.commons.compress.archivers.zip.ZipUtil.longToBig: computing test cases
src/main/java/org/apache/commons/compress/archivers/zip/ZipUtil.java: org.apache.commons.compress.archivers.zip.ZipUtil.longToBig: computed 0 unit tests
src/main/java/org/apache/commons/compress/archivers/zip/ZipUtil.java: org.apache.commons.compress.archivers.zip.ZipUtil.longToBig: found 1 problems
src/main/java/org/apache/commons/compress/archivers/zip/ZipUtil.java: internal error: org.apache.commons.compress.archivers.zip.ZipUtil.longToBig: malformed data
src/main/java/org/apache/commons/compress/archivers/zip/ZipUtil.java: org.apache.commons.compress.archivers.zip.ZipUtil.checkRequestedFeatures: computing test cases
src/main/java/org/apache/commons/compress/archivers/zip/ZipUtil.java: org.apache.commons.compress.archivers.zip.ZipUtil.checkRequestedFeatures: found 1 problems
src/main/java/org/apache/commons/compress/archivers/zip/ZipUtil.java: internal error: org.apache.commons.compress.archivers.zip.ZipUtil.checkRequestedFeatures: unknown function
	data: org/apache/commons/compress/archivers/zip/@@ZipMethod//getMethodByCode!82a13d2b9378b45b5451d30242dc1218
src/main/java/org/apache/commons/compress/archivers/zip/ZipUtil.java: org.apache.commons.compress.archivers.zip.ZipUtil.canHandleEntryData: computing test cases
src/main/java/org/apache/commons/compress/archivers/zip/ZipUtil.java: org.apache.commons.compress.archivers.zip.ZipUtil.canHandleEntryData: found 1 problems
src/main/java/org/apache/commons/compress/archivers/zip/ZipUtil.java: internal error: org.apache.commons.compress.archivers.zip.ZipUtil.canHandleEntryData: unknown identifier
	data: org/apache/commons/compress/archivers/zip/@@ZipMethod//@@box!cfc7bf444a25aa0d25fb13b1e7550ad0
src/main/java/org/apache/commons/compress/archivers/zip/ZipUtil.java: org.apache.commons.compress.archivers.zip.ZipUtil.toDosTime: computing test cases
src/main/java/org/apache/commons/compress/archivers/zip/ZipUtil.java: org.apache.commons.compress.archivers.zip.ZipUtil.toDosTime: computed 0 unit tests
src/main/java/org/apache/commons/compress/archivers/zip/ZipUtil.java: org.apache.commons.compress.archivers.zip.ZipUtil.toDosTime: found 0 problems
src/main/java/org/apache/commons/compress/archivers/zip/ZipUtil.java: org.apache.commons.compress.archivers.zip.ZipUtil.copy: computing test cases
src/main/java/org/apache/commons/compress/archivers/zip/ZipUtil.java: org.apache.commons.compress.archivers.zip.ZipUtil.copy: computed 0 unit tests
src/main/java/org/apache/commons/compress/archivers/zip/ZipUtil.java: org.apache.commons.compress.archivers.zip.ZipUtil.copy: found 1 problems
src/main/java/org/apache/commons/compress/archivers/zip/ZipUtil.java: internal error: org.apache.commons.compress.archivers.zip.ZipUtil.copy: malformed data
src/main/java/org/apache/commons/compress/archivers/zip/ZipUtil.java: org.apache.commons.compress.archivers.zip.ZipUtil.fromDosTime: computing test cases
src/main/java/org/apache/commons/compress/archivers/zip/ZipUtil.java: org.apache.commons.compress.archivers.zip.ZipUtil.fromDosTime: computed 0 unit tests
src/main/java/org/apache/commons/compress/archivers/zip/ZipUtil.java: org.apache.commons.compress.archivers.zip.ZipUtil.fromDosTime: found 1 problems
src/main/java/org/apache/commons/compress/archivers/zip/ZipUtil.java: internal error: org.apache.commons.compress.archivers.zip.ZipUtil.fromDosTime: malformed data
src/main/java/org/apache/commons/compress/archivers/zip/ZipUtil.java: org.apache.commons.compress.archivers.zip.ZipUtil.toDosTime: computing test cases
src/main/java/org/apache/commons/compress/archivers/zip/ZipUtil.java: org.apache.commons.compress.archivers.zip.ZipUtil.toDosTime: computed 0 unit tests
src/main/java/org/apache/commons/compress/archivers/zip/ZipUtil.java: org.apache.commons.compress.archivers.zip.ZipUtil.toDosTime: found 1 problems
src/main/java/org/apache/commons/compress/archivers/zip/ZipUtil.java: unsupported: org.apache.commons.compress.archivers.zip.ZipUtil.toDosTime: encountered an unsupported type
	data: unsupported(java/util/Calendar)
src/main/java/org/apache/commons/compress/archivers/zip/ZipUtil.java: org.apache.commons.compress.archivers.zip.ZipUtil.unsignedIntToSignedByte: computing test cases
src/main/java/org/apache/commons/compress/archivers/zip/ZipUtil.java: org.apache.commons.compress.archivers.zip.ZipUtil.unsignedIntToSignedByte: computed 0 unit tests
src/main/java/org/apache/commons/compress/archivers/zip/ZipUtil.java: org.apache.commons.compress.archivers.zip.ZipUtil.unsignedIntToSignedByte: found 1 problems
src/main/java/org/apache/commons/compress/archivers/zip/ZipUtil.java: internal error: org.apache.commons.compress.archivers.zip.ZipUtil.unsignedIntToSignedByte: malformed data
src/main/java/org/apache/commons/compress/archivers/zip/ZipUtil.java: org.apache.commons.compress.archivers.zip.ZipUtil.adjustToLong: computing test cases
src/main/java/org/apache/commons/compress/archivers/zip/ZipUtil.java: org.apache.commons.compress.archivers.zip.ZipUtil.adjustToLong: computed 0 unit tests
src/main/java/org/apache/commons/compress/archivers/zip/ZipUtil.java: org.apache.commons.compress.archivers.zip.ZipUtil.adjustToLong: found 1 problems
src/main/java/org/apache/commons/compress/archivers/zip/ZipUtil.java: internal error: org.apache.commons.compress.archivers.zip.ZipUtil.adjustToLong: malformed data
src/main/java/org/apache/commons/compress/archivers/zip/ZipUtil.java: org.apache.commons.compress.archivers.zip.ZipUtil.dosToJavaTime: computing test cases
src/main/java/org/apache/commons/compress/archivers/zip/ZipUtil.java: org.apache.commons.compress.archivers.zip.ZipUtil.dosToJavaTime: computed 0 unit tests
src/main/java/org/apache/commons/compress/archivers/zip/ZipUtil.java: org.apache.commons.compress.archivers.zip.ZipUtil.dosToJavaTime: found 0 problems
src/main/java/org/apache/commons/compress/archivers/zip/ZipUtil.java: org.apache.commons.compress.archivers.zip.ZipUtil.setNameAndCommentFromExtraFields: computing test cases
src/main/java/org/apache/commons/compress/archivers/zip/ZipUtil.java: org.apache.commons.compress.archivers.zip.ZipUtil.setNameAndCommentFromExtraFields: computed 0 unit tests
src/main/java/org/apache/commons/compress/archivers/zip/ZipUtil.java: org.apache.commons.compress.archivers.zip.ZipUtil.setNameAndCommentFromExtraFields: found 0 problems
src/main/java/org/apache/commons/compress/archivers/zip/ZipUtil.java: org.apache.commons.compress.archivers.zip.ZipUtil.reverse: computing test cases
src/main/java/org/apache/commons/compress/archivers/zip/ZipUtil.java: org.apache.commons.compress.archivers.zip.ZipUtil.reverse: computed 0 unit tests
src/main/java/org/apache/commons/compress/archivers/zip/ZipUtil.java: org.apache.commons.compress.archivers.zip.ZipUtil.reverse: found 1 problems
src/main/java/org/apache/commons/compress/archivers/zip/ZipUtil.java: internal error: org.apache.commons.compress.archivers.zip.ZipUtil.reverse: malformed data
src/main/java/org/apache/commons/compress/archivers/zip/ZipUtil.java: org.apache.commons.compress.archivers.zip.ZipUtil.copy: computing test cases
src/main/java/org/apache/commons/compress/archivers/zip/ZipUtil.java: org.apache.commons.compress.archivers.zip.ZipUtil.copy: computed 0 unit tests
src/main/java/org/apache/commons/compress/archivers/zip/ZipUtil.java: org.apache.commons.compress.archivers.zip.ZipUtil.copy: found 1 problems
src/main/java/org/apache/commons/compress/archivers/zip/ZipUtil.java: internal error: org.apache.commons.compress.archivers.zip.ZipUtil.copy: malformed data
src/main/java/org/apache/commons/compress/archivers/zip/ZipUtil.java: org.apache.commons.compress.archivers.zip.ZipUtil.bigToLong: computing test cases
src/main/java/org/apache/commons/compress/archivers/zip/ZipUtil.java: org.apache.commons.compress.archivers.zip.ZipUtil.bigToLong: computed 0 unit tests
src/main/java/org/apache/commons/compress/archivers/zip/ZipUtil.java: org.apache.commons.compress.archivers.zip.ZipUtil.bigToLong: found 1 problems
src/main/java/org/apache/commons/compress/archivers/zip/ZipUtil.java: unsupported: org.apache.commons.compress.archivers.zip.ZipUtil.bigToLong: encountered an unsupported type
	data: unsupported(java/math/BigInteger)
src/main/java/org/apache/commons/compress/archivers/zip/ZipUtil.java: org.apache.commons.compress.archivers.zip.ZipUtil.toDosTime: computing test cases
src/main/java/org/apache/commons/compress/archivers/zip/ZipUtil.java: org.apache.commons.compress.archivers.zip.ZipUtil.toDosTime: computed 0 unit tests
src/main/java/org/apache/commons/compress/archivers/sevenz/SevenZMethodConfiguration.java: org.apache.commons.compress.archivers.sevenz.SevenZMethodConfiguration.SevenZMethodConfiguration: computing test cases
src/main/java/org/apache/commons/compress/archivers/sevenz/SevenZMethodConfiguration.java: org.apache.commons.compress.archivers.sevenz.SevenZMethodConfiguration.SevenZMethodConfiguration: computed 0 unit tests
src/main/java/org/apache/commons/compress/archivers/sevenz/SevenZMethodConfiguration.java: org.apache.commons.compress.archivers.sevenz.SevenZMethodConfiguration.SevenZMethodConfiguration: found 0 problems
src/main/java/org/apache/commons/compress/archivers/sevenz/SevenZMethodConfiguration.java: org.apache.commons.compress.archivers.sevenz.SevenZMethodConfiguration.getMethod: computing test cases
src/main/java/org/apache/commons/compress/archivers/sevenz/SevenZMethodConfiguration.java: org.apache.commons.compress.archivers.sevenz.SevenZMethodConfiguration.getMethod: computed 1 unit tests
src/main/java/org/apache/commons/compress/archivers/sevenz/SevenZMethodConfiguration.java: org.apache.commons.compress.archivers.sevenz.SevenZMethodConfiguration.getMethod: found 0 problems
src/main/java/org/apache/commons/compress/archivers/sevenz/SevenZMethodConfiguration.java: org.apache.commons.compress.archivers.sevenz.SevenZMethodConfiguration.getOptions: computing test cases
src/main/java/org/apache/commons/compress/archivers/sevenz/SevenZMethodConfiguration.java: org.apache.commons.compress.archivers.sevenz.SevenZMethodConfiguration.getOptions: computed 1 unit tests
src/main/java/org/apache/commons/compress/archivers/sevenz/SevenZMethodConfiguration.java: org.apache.commons.compress.archivers.sevenz.SevenZMethodConfiguration.getOptions: found 0 problems
src/main/java/org/apache/commons/compress/archivers/sevenz/SevenZMethodConfiguration.java: org.apache.commons.compress.archivers.sevenz.SevenZMethodConfiguration.SevenZMethodConfiguration: computing test cases
src/main/java/org/apache/commons/compress/archivers/sevenz/SevenZMethodConfiguration.java: org.apache.commons.compress.archivers.sevenz.SevenZMethodConfiguration.SevenZMethodConfiguration: computed 0 unit tests
src/main/java/org/apache/commons/compress/archivers/sevenz/SevenZMethodConfiguration.java: org.apache.commons.compress.archivers.sevenz.SevenZMethodConfiguration.SevenZMethodConfiguration: found 0 problems
src/main/java/org/apache/commons/compress/archivers/dump/DumpArchiveUtil.java: org.apache.commons.compress.archivers.dump.DumpArchiveUtil.convert16: computing test cases
src/main/java/org/apache/commons/compress/archivers/dump/DumpArchiveUtil.java: org.apache.commons.compress.archivers.dump.DumpArchiveUtil.convert16: computed 6 unit tests
src/main/java/org/apache/commons/compress/archivers/dump/DumpArchiveUtil.java: org.apache.commons.compress.archivers.dump.DumpArchiveUtil.convert16: found 7 problems
src/main/java/org/apache/commons/compress/archivers/dump/DumpArchiveUtil.java:130:15: critical: org.apache.commons.compress.archivers.dump.DumpArchiveUtil.convert16: uncaught ArrayIndexOutOfBoundsException
src/main/java/org/apache/commons/compress/archivers/dump/DumpArchiveUtil.java:131:14: critical: org.apache.commons.compress.archivers.dump.DumpArchiveUtil.convert16: uncaught ArrayIndexOutOfBoundsException
src/main/java/org/apache/commons/compress/archivers/dump/DumpArchiveUtil.java:130:22: critical: org.apache.commons.compress.archivers.dump.DumpArchiveUtil.convert16: uncaught ArithmeticException: integer overflow
		at java.lang.Math.addExact
src/main/java/org/apache/commons/compress/archivers/dump/DumpArchiveUtil.java:130:15: critical: org.apache.commons.compress.archivers.dump.DumpArchiveUtil.convert16: uncaught ArrayIndexOutOfBoundsException
src/main/java/org/apache/commons/compress/archivers/dump/DumpArchiveUtil.java:130:15: critical: org.apache.commons.compress.archivers.dump.DumpArchiveUtil.convert16: uncaught java.lang.NullPointerException
src/main/java/org/apache/commons/compress/archivers/dump/DumpArchiveUtil.java:130:22: critical: org.apache.commons.compress.archivers.dump.DumpArchiveUtil.convert16: uncaught ArithmeticException: integer overflow
		at java.lang.Math.addExact
src/main/java/org/apache/commons/compress/archivers/dump/DumpArchiveUtil.java:130:15: critical: org.apache.commons.compress.archivers.dump.DumpArchiveUtil.convert16: uncaught java.lang.NullPointerException
src/main/java/org/apache/commons/compress/archivers/dump/DumpArchiveUtil.java: org.apache.commons.compress.archivers.dump.DumpArchiveUtil.calculateChecksum: computing test cases
src/main/java/org/apache/commons/compress/archivers/dump/DumpArchiveUtil.java: org.apache.commons.compress.archivers.dump.DumpArchiveUtil.calculateChecksum: computed 2 unit tests
src/main/java/org/apache/commons/compress/archivers/dump/DumpArchiveUtil.java: org.apache.commons.compress.archivers.dump.DumpArchiveUtil.calculateChecksum: found 3 problems
src/main/java/org/apache/commons/compress/archivers/dump/DumpArchiveUtil.java: info: org.apache.commons.compress.archivers.dump.DumpArchiveUtil.calculateChecksum: test generation stopped because the maximum loop depth was reached
src/main/java/org/apache/commons/compress/archivers/dump/DumpArchiveUtil.java:113:13: critical: org.apache.commons.compress.archivers.dump.DumpArchiveUtil.calculateChecksum: uncaught ArrayIndexOutOfBoundsException
src/main/java/org/apache/commons/compress/archivers/dump/DumpArchiveUtil.java:113:13: critical: org.apache.commons.compress.archivers.dump.DumpArchiveUtil.calculateChecksum: uncaught java.lang.NullPointerException
src/main/java/org/apache/commons/compress/archivers/dump/DumpArchiveUtil.java: org.apache.commons.compress.archivers.dump.DumpArchiveUtil.convert64: computing test cases
src/main/java/org/apache/commons/compress/archivers/dump/DumpArchiveUtil.java: org.apache.commons.compress.archivers.dump.DumpArchiveUtil.convert64: computed 12 unit tests
src/main/java/org/apache/commons/compress/archivers/dump/DumpArchiveUtil.java: org.apache.commons.compress.archivers.dump.DumpArchiveUtil.convert64: found 13 problems
src/main/java/org/apache/commons/compress/archivers/dump/DumpArchiveUtil.java:92:23: critical: org.apache.commons.compress.archivers.dump.DumpArchiveUtil.convert64: uncaught ArrayIndexOutOfBoundsException
src/main/java/org/apache/commons/compress/archivers/dump/DumpArchiveUtil.java:93:23: critical: org.apache.commons.compress.archivers.dump.DumpArchiveUtil.convert64: uncaught ArrayIndexOutOfBoundsException
src/main/java/org/apache/commons/compress/archivers/dump/DumpArchiveUtil.java:94:23: critical: org.apache.commons.compress.archivers.dump.DumpArchiveUtil.convert64: uncaught ArrayIndexOutOfBoundsException
src/main/java/org/apache/commons/compress/archivers/dump/DumpArchiveUtil.java:95:23: critical: org.apache.commons.compress.archivers.dump.DumpArchiveUtil.convert64: uncaught ArrayIndexOutOfBoundsException
src/main/java/org/apache/commons/compress/archivers/dump/DumpArchiveUtil.java:96:23: critical: org.apache.commons.compress.archivers.dump.DumpArchiveUtil.convert64: uncaught ArrayIndexOutOfBoundsException
src/main/java/org/apache/commons/compress/archivers/dump/DumpArchiveUtil.java:97:23: critical: org.apache.commons.compress.archivers.dump.DumpArchiveUtil.convert64: uncaught ArrayIndexOutOfBoundsException
src/main/java/org/apache/commons/compress/archivers/dump/DumpArchiveUtil.java:98:23: critical: org.apache.commons.compress.archivers.dump.DumpArchiveUtil.convert64: uncaught ArrayIndexOutOfBoundsException
src/main/java/org/apache/commons/compress/archivers/dump/DumpArchiveUtil.java:99:15: critical: org.apache.commons.compress.archivers.dump.DumpArchiveUtil.convert64: uncaught ArrayIndexOutOfBoundsException
src/main/java/org/apache/commons/compress/archivers/dump/DumpArchiveUtil.java:92:30: critical: org.apache.commons.compress.archivers.dump.DumpArchiveUtil.convert64: uncaught ArithmeticException: integer overflow
		at java.lang.Math.addExact
src/main/java/org/apache/commons/compress/archivers/dump/DumpArchiveUtil.java:92:23: critical: org.apache.commons.compress.archivers.dump.DumpArchiveUtil.convert64: uncaught ArrayIndexOutOfBoundsException
src/main/java/org/apache/commons/compress/archivers/dump/DumpArchiveUtil.java:92:23: critical: org.apache.commons.compress.archivers.dump.DumpArchiveUtil.convert64: uncaught java.lang.NullPointerException
src/main/java/org/apache/commons/compress/archivers/dump/DumpArchiveUtil.java:92:30: critical: org.apache.commons.compress.archivers.dump.DumpArchiveUtil.convert64: uncaught ArithmeticException: integer overflow
		at java.lang.Math.addExact
src/main/java/org/apache/commons/compress/archivers/dump/DumpArchiveUtil.java:92:23: critical: org.apache.commons.compress.archivers.dump.DumpArchiveUtil.convert64: uncaught java.lang.NullPointerException
src/main/java/org/apache/commons/compress/archivers/dump/DumpArchiveUtil.java: org.apache.commons.compress.archivers.dump.DumpArchiveUtil.decode: computing test cases
src/main/java/org/apache/commons/compress/archivers/dump/DumpArchiveUtil.java: org.apache.commons.compress.archivers.dump.DumpArchiveUtil.decode: computed 1 unit tests
src/main/java/org/apache/commons/compress/archivers/dump/DumpArchiveUtil.java: org.apache.commons.compress.archivers.dump.DumpArchiveUtil.decode: found 1 problems
src/main/java/org/apache/commons/compress/archivers/dump/DumpArchiveUtil.java:141:23: critical: org.apache.commons.compress.archivers.dump.DumpArchiveUtil.decode: uncaught NegativeArraySizeException
src/main/java/org/apache/commons/compress/archivers/dump/DumpArchiveUtil.java: org.apache.commons.compress.archivers.dump.DumpArchiveUtil.verify: computing test cases
src/main/java/org/apache/commons/compress/archivers/dump/DumpArchiveUtil.java: org.apache.commons.compress.archivers.dump.DumpArchiveUtil.verify: computed 3 unit tests
src/main/java/org/apache/commons/compress/archivers/dump/DumpArchiveUtil.java: org.apache.commons.compress.archivers.dump.DumpArchiveUtil.verify: found 3 problems
src/main/java/org/apache/commons/compress/archivers/dump/DumpArchiveUtil.java: info: org.apache.commons.compress.archivers.dump.DumpArchiveUtil.verify: test generation stopped because the maximum loop depth was reached
src/main/java/org/apache/commons/compress/archivers/dump/DumpArchiveUtil.java:113:13: critical: org.apache.commons.compress.archivers.dump.DumpArchiveUtil.verify: uncaught ArrayIndexOutOfBoundsException
src/main/java/org/apache/commons/compress/archivers/dump/DumpArchiveUtil.java:113:13: critical: org.apache.commons.compress.archivers.dump.DumpArchiveUtil.verify: uncaught java.lang.NullPointerException
src/main/java/org/apache/commons/compress/archivers/dump/DumpArchiveUtil.java: org.apache.commons.compress.archivers.dump.DumpArchiveUtil.convert32: computing test cases
src/main/java/org/apache/commons/compress/archivers/dump/DumpArchiveUtil.java: org.apache.commons.compress.archivers.dump.DumpArchiveUtil.convert32: computed 8 unit tests
src/main/java/org/apache/commons/compress/archivers/dump/DumpArchiveUtil.java: org.apache.commons.compress.archivers.dump.DumpArchiveUtil.convert32: found 9 problems
src/main/java/org/apache/commons/compress/archivers/dump/DumpArchiveUtil.java:113:13: critical: org.apache.commons.compress.archivers.dump.DumpArchiveUtil.convert32: uncaught ArrayIndexOutOfBoundsException
src/main/java/org/apache/commons/compress/archivers/dump/DumpArchiveUtil.java:114:15: critical: org.apache.commons.compress.archivers.dump.DumpArchiveUtil.convert32: uncaught ArrayIndexOutOfBoundsException
src/main/java/org/apache/commons/compress/archivers/dump/DumpArchiveUtil.java:115:15: critical: org.apache.commons.compress.archivers.dump.DumpArchiveUtil.convert32: uncaught ArrayIndexOutOfBoundsException
src/main/java/org/apache/commons/compress/archivers/dump/DumpArchiveUtil.java:116:14: critical: org.apache.commons.compress.archivers.dump.DumpArchiveUtil.convert32: uncaught ArrayIndexOutOfBoundsException
src/main/java/org/apache/commons/compress/archivers/dump/DumpArchiveUtil.java:113:20: critical: org.apache.commons.compress.archivers.dump.DumpArchiveUtil.convert32: uncaught ArithmeticException: integer overflow
		at java.lang.Math.addExact
src/main/java/org/apache/commons/compress/archivers/dump/DumpArchiveUtil.java:113:13: critical: org.apache.commons.compress.archivers.dump.DumpArchiveUtil.convert32: uncaught ArrayIndexOutOfBoundsException
src/main/java/org/apache/commons/compress/archivers/dump/DumpArchiveUtil.java:113:13: critical: org.apache.commons.compress.archivers.dump.DumpArchiveUtil.convert32: uncaught java.lang.NullPointerException
src/main/java/org/apache/commons/compress/archivers/dump/DumpArchiveUtil.java:113:20: critical: org.apache.commons.compress.archivers.dump.DumpArchiveUtil.convert32: uncaught ArithmeticException: integer overflow
		at java.lang.Math.addExact
src/main/java/org/apache/commons/compress/archivers/dump/DumpArchiveUtil.java:113:13: critical: org.apache.commons.compress.archivers.dump.DumpArchiveUtil.convert32: uncaught java.lang.NullPointerException
src/main/java/org/apache/commons/compress/archivers/dump/DumpArchiveUtil.java: org.apache.commons.compress.archivers.dump.DumpArchiveUtil.getIno: computing test cases
src/main/java/org/apache/commons/compress/archivers/dump/DumpArchiveUtil.java: org.apache.commons.compress.archivers.dump.DumpArchiveUtil.getIno: computed 3 unit tests
src/main/java/org/apache/commons/compress/archivers/dump/DumpArchiveUtil.java: org.apache.commons.compress.archivers.dump.DumpArchiveUtil.getIno: found 2 problems
src/main/java/org/apache/commons/compress/archivers/dump/DumpArchiveUtil.java:113:13: critical: org.apache.commons.compress.archivers.dump.DumpArchiveUtil.getIno: uncaught ArrayIndexOutOfBoundsException
src/main/java/org/apache/commons/compress/archivers/dump/DumpArchiveUtil.java:113:13: critical: org.apache.commons.compress.archivers.dump.DumpArchiveUtil.getIno: uncaught java.lang.NullPointerException
src/main/java/org/apache/commons/compress/archivers/zip/ZipArchiveEntryRequest.java: org.apache.commons.compress.archivers.zip.ZipArchiveEntryRequest.getMethod: computing test cases
src/main/java/org/apache/commons/compress/archivers/zip/ZipArchiveEntryRequest.java: org.apache.commons.compress.archivers.zip.ZipArchiveEntryRequest.getMethod: found 1 problems
src/main/java/org/apache/commons/compress/archivers/zip/ZipArchiveEntryRequest.java: internal error: org.apache.commons.compress.archivers.zip.ZipArchiveEntryRequest.getMethod: unknown type kind
	data: unsupported(org/apache/commons/compress/parallel/InputStreamSupplier)
src/main/java/org/apache/commons/compress/archivers/zip/ZipArchiveEntryRequest.java: org.apache.commons.compress.archivers.zip.ZipArchiveEntryRequest.createZipArchiveEntryRequest: computing test cases
src/main/java/org/apache/commons/compress/archivers/zip/ZipArchiveEntryRequest.java: org.apache.commons.compress.archivers.zip.ZipArchiveEntryRequest.createZipArchiveEntryRequest: found 1 problems
src/main/java/org/apache/commons/compress/archivers/zip/ZipArchiveEntryRequest.java: internal error: org.apache.commons.compress.archivers.zip.ZipArchiveEntryRequest.createZipArchiveEntryRequest: unknown type kind
	data: unsupported(org/apache/commons/compress/parallel/InputStreamSupplier)
src/main/java/org/apache/commons/compress/archivers/zip/ZipArchiveEntryRequest.java: org.apache.commons.compress.archivers.zip.ZipArchiveEntryRequest.getZipArchiveEntry: computing test cases
src/main/java/org/apache/commons/compress/archivers/zip/ZipArchiveEntryRequest.java: org.apache.commons.compress.archivers.zip.ZipArchiveEntryRequest.getZipArchiveEntry: found 1 problems
src/main/java/org/apache/commons/compress/archivers/zip/ZipArchiveEntryRequest.java: internal error: org.apache.commons.compress.archivers.zip.ZipArchiveEntryRequest.getZipArchiveEntry: unknown type kind
	data: unsupported(org/apache/commons/compress/parallel/InputStreamSupplier)
src/main/java/org/apache/commons/compress/archivers/zip/ZipArchiveEntryRequest.java: org.apache.commons.compress.archivers.zip.ZipArchiveEntryRequest.getPayloadStream: computing test cases
src/main/java/org/apache/commons/compress/archivers/zip/ZipArchiveEntryRequest.java: org.apache.commons.compress.archivers.zip.ZipArchiveEntryRequest.getPayloadStream: found 1 problems
src/main/java/org/apache/commons/compress/archivers/zip/ZipArchiveEntryRequest.java: internal error: org.apache.commons.compress.archivers.zip.ZipArchiveEntryRequest.getPayloadStream: unknown type kind
	data: unsupported(org/apache/commons/compress/parallel/InputStreamSupplier)
src/main/java/org/apache/commons/compress/archivers/sevenz/Coders.java: org.apache.commons.compress.archivers.sevenz.Coders.BZIP2Decoder.decode: computing test cases
src/main/java/org/apache/commons/compress/archivers/sevenz/Coders.java: org.apache.commons.compress.archivers.sevenz.Coders.BZIP2Decoder.decode: computed 0 unit tests
src/main/java/org/apache/commons/compress/archivers/sevenz/Coders.java: org.apache.commons.compress.archivers.sevenz.Coders.BZIP2Decoder.decode: found 1 problems
src/main/java/org/apache/commons/compress/archivers/sevenz/Coders.java: unsupported: org.apache.commons.compress.archivers.sevenz.Coders.BZIP2Decoder.decode: unsupported type
	data: wildcard(, pointer(reference(java/lang/Object)))
src/main/java/org/apache/commons/compress/archivers/sevenz/Coders.java: org.apache.commons.compress.archivers.sevenz.Coders.addDecoder: computing test cases
src/main/java/org/apache/commons/compress/archivers/sevenz/Coders.java: org.apache.commons.compress.archivers.sevenz.Coders.addDecoder: computed 0 unit tests
src/main/java/org/apache/commons/compress/archivers/sevenz/Coders.java: org.apache.commons.compress.archivers.sevenz.Coders.addDecoder: found 0 problems
src/main/java/org/apache/commons/compress/archivers/sevenz/Coders.java: org.apache.commons.compress.archivers.sevenz.Coders.BCJDecoder.encode: computing test cases
src/main/java/org/apache/commons/compress/archivers/sevenz/Coders.java: org.apache.commons.compress.archivers.sevenz.Coders.BCJDecoder.encode: found 1 problems
src/main/java/org/apache/commons/compress/archivers/sevenz/Coders.java: internal error: org.apache.commons.compress.archivers.sevenz.Coders.BCJDecoder.encode: unknown type kind
	data: unsupported(org/tukaani/xz/FilterOptions)
src/main/java/org/apache/commons/compress/archivers/sevenz/Coders.java: org.apache.commons.compress.archivers.sevenz.Coders.BZIP2Decoder.encode: computing test cases
src/main/java/org/apache/commons/compress/archivers/sevenz/Coders.java: org.apache.commons.compress.archivers.sevenz.Coders.BZIP2Decoder.encode: computed 0 unit tests
src/main/java/org/apache/commons/compress/archivers/sevenz/Coders.java: org.apache.commons.compress.archivers.sevenz.Coders.BZIP2Decoder.encode: found 1 problems
src/main/java/org/apache/commons/compress/archivers/sevenz/Coders.java: unsupported: org.apache.commons.compress.archivers.sevenz.Coders.BZIP2Decoder.encode: unsupported type
	data: wildcard(, pointer(reference(java/lang/Object)))
src/main/java/org/apache/commons/compress/archivers/sevenz/Coders.java: org.apache.commons.compress.archivers.sevenz.Coders.DeflateDecoder.decode: computing test cases
src/main/java/org/apache/commons/compress/archivers/sevenz/Coders.java: org.apache.commons.compress.archivers.sevenz.Coders.DeflateDecoder.decode: computed 0 unit tests
src/main/java/org/apache/commons/compress/archivers/sevenz/Coders.java: org.apache.commons.compress.archivers.sevenz.Coders.DeflateDecoder.decode: found 1 problems
src/main/java/org/apache/commons/compress/archivers/sevenz/Coders.java: unsupported: org.apache.commons.compress.archivers.sevenz.Coders.DeflateDecoder.decode: unsupported type
	data: wildcard(, pointer(reference(java/lang/Object)))
src/main/java/org/apache/commons/compress/archivers/sevenz/Coders.java: org.apache.commons.compress.archivers.sevenz.Coders.DeflateDecoder.DeflateDecoder: computing test cases
src/main/java/org/apache/commons/compress/archivers/sevenz/Coders.java: org.apache.commons.compress.archivers.sevenz.Coders.DeflateDecoder.DeflateDecoder: computed 0 unit tests
src/main/java/org/apache/commons/compress/archivers/sevenz/Coders.java: org.apache.commons.compress.archivers.sevenz.Coders.DeflateDecoder.DeflateDecoder: found 0 problems
src/main/java/org/apache/commons/compress/archivers/sevenz/Coders.java: org.apache.commons.compress.archivers.sevenz.Coders.findByMethod: computing test cases
src/main/java/org/apache/commons/compress/archivers/sevenz/Coders.java: org.apache.commons.compress.archivers.sevenz.Coders.findByMethod: computed 0 unit tests
src/main/java/org/apache/commons/compress/archivers/sevenz/Coders.java: org.apache.commons.compress.archivers.sevenz.Coders.findByMethod: found 0 problems
src/main/java/org/apache/commons/compress/archivers/sevenz/Coders.java: org.apache.commons.compress.archivers.sevenz.Coders.CopyDecoder.encode: computing test cases
src/main/java/org/apache/commons/compress/archivers/sevenz/Coders.java: org.apache.commons.compress.archivers.sevenz.Coders.CopyDecoder.encode: computed 0 unit tests
src/main/java/org/apache/commons/compress/archivers/sevenz/Coders.java: org.apache.commons.compress.archivers.sevenz.Coders.CopyDecoder.encode: found 1 problems
src/main/java/org/apache/commons/compress/archivers/sevenz/Coders.java: unsupported: org.apache.commons.compress.archivers.sevenz.Coders.CopyDecoder.encode: unsupported type
	data: wildcard(, pointer(reference(java/lang/Object)))
src/main/java/org/apache/commons/compress/archivers/sevenz/Coders.java: org.apache.commons.compress.archivers.sevenz.Coders.BCJDecoder.decode: computing test cases
src/main/java/org/apache/commons/compress/archivers/sevenz/Coders.java: org.apache.commons.compress.archivers.sevenz.Coders.BCJDecoder.decode: found 1 problems
src/main/java/org/apache/commons/compress/archivers/sevenz/Coders.java: internal error: org.apache.commons.compress.archivers.sevenz.Coders.BCJDecoder.decode: unknown type kind
	data: unsupported(org/tukaani/xz/FilterOptions)
src/main/java/org/apache/commons/compress/archivers/sevenz/Coders.java: org.apache.commons.compress.archivers.sevenz.Coders.LZMADecoder.decode: computing test cases
src/main/java/org/apache/commons/compress/archivers/sevenz/Coders.java: org.apache.commons.compress.archivers.sevenz.Coders.LZMADecoder.decode: computed 0 unit tests
src/main/java/org/apache/commons/compress/archivers/sevenz/Coders.java: org.apache.commons.compress.archivers.sevenz.Coders.LZMADecoder.decode: found 1 problems
src/main/java/org/apache/commons/compress/archivers/sevenz/Coders.java: unsupported: org.apache.commons.compress.archivers.sevenz.Coders.LZMADecoder.decode: unsupported type
	data: wildcard(, pointer(reference(java/lang/Object)))
src/main/java/org/apache/commons/compress/archivers/sevenz/Coders.java: org.apache.commons.compress.archivers.sevenz.Coders.BCJDecoder.BCJDecoder: computing test cases
src/main/java/org/apache/commons/compress/archivers/sevenz/Coders.java: org.apache.commons.compress.archivers.sevenz.Coders.BCJDecoder.BCJDecoder: computed 0 unit tests
src/main/java/org/apache/commons/compress/archivers/sevenz/Coders.java: org.apache.commons.compress.archivers.sevenz.Coders.CopyDecoder.decode: computing test cases
src/main/java/org/apache/commons/compress/archivers/sevenz/Coders.java: org.apache.commons.compress.archivers.sevenz.Coders.CopyDecoder.decode: computed 0 unit tests
src/main/java/org/apache/commons/compress/archivers/sevenz/Coders.java: org.apache.commons.compress.archivers.sevenz.Coders.CopyDecoder.decode: found 1 problems
src/main/java/org/apache/commons/compress/archivers/sevenz/Coders.java: unsupported: org.apache.commons.compress.archivers.sevenz.Coders.CopyDecoder.decode: unsupported type
	data: wildcard(, pointer(reference(java/lang/Object)))
src/main/java/org/apache/commons/compress/archivers/sevenz/Coders.java: org.apache.commons.compress.archivers.sevenz.Coders.addEncoder: computing test cases
src/main/java/org/apache/commons/compress/archivers/sevenz/Coders.java: org.apache.commons.compress.archivers.sevenz.Coders.addEncoder: computed 0 unit tests
src/main/java/org/apache/commons/compress/archivers/sevenz/Coders.java: org.apache.commons.compress.archivers.sevenz.Coders.addEncoder: found 0 problems
src/main/java/org/apache/commons/compress/archivers/sevenz/Coders.java: org.apache.commons.compress.archivers.sevenz.Coders.BZIP2Decoder.BZIP2Decoder: computing test cases
src/main/java/org/apache/commons/compress/archivers/sevenz/Coders.java: org.apache.commons.compress.archivers.sevenz.Coders.BZIP2Decoder.BZIP2Decoder: computed 0 unit tests
src/main/java/org/apache/commons/compress/archivers/sevenz/Coders.java: org.apache.commons.compress.archivers.sevenz.Coders.BZIP2Decoder.BZIP2Decoder: found 0 problems
src/main/java/org/apache/commons/compress/archivers/sevenz/Coders.java: org.apache.commons.compress.archivers.sevenz.Coders.DeflateDecoder.encode: computing test cases
src/main/java/org/apache/commons/compress/archivers/sevenz/Coders.java: org.apache.commons.compress.archivers.sevenz.Coders.DeflateDecoder.encode: computed 0 unit tests
src/main/java/org/apache/commons/compress/archivers/sevenz/Coders.java: org.apache.commons.compress.archivers.sevenz.Coders.DeflateDecoder.encode: found 1 problems
src/main/java/org/apache/commons/compress/archivers/sevenz/Coders.java: unsupported: org.apache.commons.compress.archivers.sevenz.Coders.DeflateDecoder.encode: unsupported type
	data: wildcard(, pointer(reference(java/lang/Object)))
src/main/java/org/apache/commons/compress/archivers/sevenz/SevenZArchiveEntry.java: org.apache.commons.compress.archivers.sevenz.SevenZArchiveEntry.isDirectory: computing test cases
src/main/java/org/apache/commons/compress/archivers/sevenz/SevenZArchiveEntry.java: org.apache.commons.compress.archivers.sevenz.SevenZArchiveEntry.isDirectory: computed 0 unit tests
src/main/java/org/apache/commons/compress/archivers/sevenz/SevenZArchiveEntry.java: org.apache.commons.compress.archivers.sevenz.SevenZArchiveEntry.isDirectory: found 1 problems
src/main/java/org/apache/commons/compress/archivers/sevenz/SevenZArchiveEntry.java: unsupported: org.apache.commons.compress.archivers.sevenz.SevenZArchiveEntry.isDirectory: unsupported type
	data: wildcard(, pointer(reference(org/apache/commons/compress/archivers/sevenz/SevenZMethodConfiguration)))
src/main/java/org/apache/commons/compress/archivers/sevenz/SevenZArchiveEntry.java: org.apache.commons.compress.archivers.sevenz.SevenZArchiveEntry.setHasStream: computing test cases
src/main/java/org/apache/commons/compress/archivers/sevenz/SevenZArchiveEntry.java: org.apache.commons.compress.archivers.sevenz.SevenZArchiveEntry.setHasStream: computed 0 unit tests
src/main/java/org/apache/commons/compress/archivers/sevenz/SevenZArchiveEntry.java: org.apache.commons.compress.archivers.sevenz.SevenZArchiveEntry.setHasStream: found 1 problems
src/main/java/org/apache/commons/compress/archivers/sevenz/SevenZArchiveEntry.java: unsupported: org.apache.commons.compress.archivers.sevenz.SevenZArchiveEntry.setHasStream: unsupported type
	data: wildcard(, pointer(reference(org/apache/commons/compress/archivers/sevenz/SevenZMethodConfiguration)))
src/main/java/org/apache/commons/compress/archivers/sevenz/SevenZArchiveEntry.java: org.apache.commons.compress.archivers.sevenz.SevenZArchiveEntry.hasStream: computing test cases
src/main/java/org/apache/commons/compress/archivers/sevenz/SevenZArchiveEntry.java: org.apache.commons.compress.archivers.sevenz.SevenZArchiveEntry.hasStream: computed 0 unit tests
src/main/java/org/apache/commons/compress/archivers/sevenz/SevenZArchiveEntry.java: org.apache.commons.compress.archivers.sevenz.SevenZArchiveEntry.hasStream: found 1 problems
src/main/java/org/apache/commons/compress/archivers/sevenz/SevenZArchiveEntry.java: unsupported: org.apache.commons.compress.archivers.sevenz.SevenZArchiveEntry.hasStream: unsupported type
	data: wildcard(, pointer(reference(org/apache/commons/compress/archivers/sevenz/SevenZMethodConfiguration)))
src/main/java/org/apache/commons/compress/archivers/sevenz/SevenZArchiveEntry.java: org.apache.commons.compress.archivers.sevenz.SevenZArchiveEntry.setCrcValue: computing test cases
src/main/java/org/apache/commons/compress/archivers/sevenz/SevenZArchiveEntry.java: org.apache.commons.compress.archivers.sevenz.SevenZArchiveEntry.setCrcValue: computed 0 unit tests
src/main/java/org/apache/commons/compress/archivers/sevenz/SevenZArchiveEntry.java: org.apache.commons.compress.archivers.sevenz.SevenZArchiveEntry.setCrcValue: found 1 problems
src/main/java/org/apache/commons/compress/archivers/sevenz/SevenZArchiveEntry.java: unsupported: org.apache.commons.compress.archivers.sevenz.SevenZArchiveEntry.setCrcValue: unsupported type
	data: wildcard(, pointer(reference(org/apache/commons/compress/archivers/sevenz/SevenZMethodConfiguration)))
src/main/java/org/apache/commons/compress/archivers/sevenz/SevenZArchiveEntry.java: org.apache.commons.compress.archivers.sevenz.SevenZArchiveEntry.getCompressedCrcValue: computing test cases
src/main/java/org/apache/commons/compress/archivers/sevenz/SevenZArchiveEntry.java: org.apache.commons.compress.archivers.sevenz.SevenZArchiveEntry.getCompressedCrcValue: computed 0 unit tests
src/main/java/org/apache/commons/compress/archivers/sevenz/SevenZArchiveEntry.java: org.apache.commons.compress.archivers.sevenz.SevenZArchiveEntry.getCompressedCrcValue: found 1 problems
src/main/java/org/apache/commons/compress/archivers/sevenz/SevenZArchiveEntry.java: unsupported: org.apache.commons.compress.archivers.sevenz.SevenZArchiveEntry.getCompressedCrcValue: unsupported type
	data: wildcard(, pointer(reference(org/apache/commons/compress/archivers/sevenz/SevenZMethodConfiguration)))
src/main/java/org/apache/commons/compress/archivers/sevenz/SevenZArchiveEntry.java: org.apache.commons.compress.archivers.sevenz.SevenZArchiveEntry.setWindowsAttributes: computing test cases
src/main/java/org/apache/commons/compress/archivers/sevenz/SevenZArchiveEntry.java: org.apache.commons.compress.archivers.sevenz.SevenZArchiveEntry.setWindowsAttributes: computed 0 unit tests
src/main/java/org/apache/commons/compress/archivers/sevenz/SevenZArchiveEntry.java: org.apache.commons.compress.archivers.sevenz.SevenZArchiveEntry.setWindowsAttributes: found 1 problems
src/main/java/org/apache/commons/compress/archivers/sevenz/SevenZArchiveEntry.java: unsupported: org.apache.commons.compress.archivers.sevenz.SevenZArchiveEntry.setWindowsAttributes: unsupported type
	data: wildcard(, pointer(reference(org/apache/commons/compress/archivers/sevenz/SevenZMethodConfiguration)))
src/main/java/org/apache/commons/compress/archivers/sevenz/SevenZArchiveEntry.java: org.apache.commons.compress.archivers.sevenz.SevenZArchiveEntry.setCreationDate: computing test cases
src/main/java/org/apache/commons/compress/archivers/sevenz/SevenZArchiveEntry.java: org.apache.commons.compress.archivers.sevenz.SevenZArchiveEntry.setCreationDate: computed 0 unit tests
src/main/java/org/apache/commons/compress/archivers/sevenz/SevenZArchiveEntry.java: org.apache.commons.compress.archivers.sevenz.SevenZArchiveEntry.setCreationDate: found 1 problems
src/main/java/org/apache/commons/compress/archivers/sevenz/SevenZArchiveEntry.java: unsupported: org.apache.commons.compress.archivers.sevenz.SevenZArchiveEntry.setCreationDate: encountered an unsupported type
	data: unsupported(java/util/Date)
src/main/java/org/apache/commons/compress/archivers/sevenz/SevenZArchiveEntry.java: org.apache.commons.compress.archivers.sevenz.SevenZArchiveEntry.getWindowsAttributes: computing test cases
src/main/java/org/apache/commons/compress/archivers/sevenz/SevenZArchiveEntry.java: org.apache.commons.compress.archivers.sevenz.SevenZArchiveEntry.getWindowsAttributes: computed 0 unit tests
src/main/java/org/apache/commons/compress/archivers/sevenz/SevenZArchiveEntry.java: org.apache.commons.compress.archivers.sevenz.SevenZArchiveEntry.getWindowsAttributes: found 1 problems
src/main/java/org/apache/commons/compress/archivers/sevenz/SevenZArchiveEntry.java: unsupported: org.apache.commons.compress.archivers.sevenz.SevenZArchiveEntry.getWindowsAttributes: unsupported type
	data: wildcard(, pointer(reference(org/apache/commons/compress/archivers/sevenz/SevenZMethodConfiguration)))
src/main/java/org/apache/commons/compress/archivers/sevenz/SevenZArchiveEntry.java: org.apache.commons.compress.archivers.sevenz.SevenZArchiveEntry.setDirectory: computing test cases
src/main/java/org/apache/commons/compress/archivers/sevenz/SevenZArchiveEntry.java: org.apache.commons.compress.archivers.sevenz.SevenZArchiveEntry.setDirectory: computed 0 unit tests
src/main/java/org/apache/commons/compress/archivers/sevenz/SevenZArchiveEntry.java: org.apache.commons.compress.archivers.sevenz.SevenZArchiveEntry.setDirectory: found 1 problems
src/main/java/org/apache/commons/compress/archivers/sevenz/SevenZArchiveEntry.java: unsupported: org.apache.commons.compress.archivers.sevenz.SevenZArchiveEntry.setDirectory: unsupported type
	data: wildcard(, pointer(reference(org/apache/commons/compress/archivers/sevenz/SevenZMethodConfiguration)))
src/main/java/org/apache/commons/compress/archivers/sevenz/SevenZArchiveEntry.java: org.apache.commons.compress.archivers.sevenz.SevenZArchiveEntry.setLastModifiedDate: computing test cases
src/main/java/org/apache/commons/compress/archivers/sevenz/SevenZArchiveEntry.java: org.apache.commons.compress.archivers.sevenz.SevenZArchiveEntry.setLastModifiedDate: computed 0 unit tests
src/main/java/org/apache/commons/compress/archivers/sevenz/SevenZArchiveEntry.java: org.apache.commons.compress.archivers.sevenz.SevenZArchiveEntry.setLastModifiedDate: found 1 problems
src/main/java/org/apache/commons/compress/archivers/sevenz/SevenZArchiveEntry.java: unsupported: org.apache.commons.compress.archivers.sevenz.SevenZArchiveEntry.setLastModifiedDate: encountered an unsupported type
	data: unsupported(java/util/Date)
src/main/java/org/apache/commons/compress/archivers/sevenz/SevenZArchiveEntry.java: org.apache.commons.compress.archivers.sevenz.SevenZArchiveEntry.getHasLastModifiedDate: computing test cases
src/main/java/org/apache/commons/compress/archivers/sevenz/SevenZArchiveEntry.java: org.apache.commons.compress.archivers.sevenz.SevenZArchiveEntry.getHasLastModifiedDate: computed 0 unit tests
src/main/java/org/apache/commons/compress/archivers/sevenz/SevenZArchiveEntry.java: org.apache.commons.compress.archivers.sevenz.SevenZArchiveEntry.getHasLastModifiedDate: found 1 problems
src/main/java/org/apache/commons/compress/archivers/sevenz/SevenZArchiveEntry.java: unsupported: org.apache.commons.compress.archivers.sevenz.SevenZArchiveEntry.getHasLastModifiedDate: unsupported type
	data: wildcard(, pointer(reference(org/apache/commons/compress/archivers/sevenz/SevenZMethodConfiguration)))
src/main/java/org/apache/commons/compress/archivers/sevenz/SevenZArchiveEntry.java: org.apache.commons.compress.archivers.sevenz.SevenZArchiveEntry.setName: computing test cases
src/main/java/org/apache/commons/compress/archivers/sevenz/SevenZArchiveEntry.java: org.apache.commons.compress.archivers.sevenz.SevenZArchiveEntry.setName: computed 0 unit tests
src/main/java/org/apache/commons/compress/archivers/sevenz/SevenZArchiveEntry.java: org.apache.commons.compress.archivers.sevenz.SevenZArchiveEntry.setName: found 1 problems
src/main/java/org/apache/commons/compress/archivers/sevenz/SevenZArchiveEntry.java: unsupported: org.apache.commons.compress.archivers.sevenz.SevenZArchiveEntry.setName: unsupported type
	data: wildcard(, pointer(reference(org/apache/commons/compress/archivers/sevenz/SevenZMethodConfiguration)))
src/main/java/org/apache/commons/compress/archivers/sevenz/SevenZArchiveEntry.java: org.apache.commons.compress.archivers.sevenz.SevenZArchiveEntry.setHasWindowsAttributes: computing test cases
src/main/java/org/apache/commons/compress/archivers/sevenz/SevenZArchiveEntry.java: org.apache.commons.compress.archivers.sevenz.SevenZArchiveEntry.setHasWindowsAttributes: computed 0 unit tests
src/main/java/org/apache/commons/compress/archivers/sevenz/SevenZArchiveEntry.java: org.apache.commons.compress.archivers.sevenz.SevenZArchiveEntry.setHasWindowsAttributes: found 1 problems
src/main/java/org/apache/commons/compress/archivers/sevenz/SevenZArchiveEntry.java: unsupported: org.apache.commons.compress.archivers.sevenz.SevenZArchiveEntry.setHasWindowsAttributes: unsupported type
	data: wildcard(, pointer(reference(org/apache/commons/compress/archivers/sevenz/SevenZMethodConfiguration)))
src/main/java/org/apache/commons/compress/archivers/sevenz/SevenZArchiveEntry.java: org.apache.commons.compress.archivers.sevenz.SevenZArchiveEntry.getHasWindowsAttributes: computing test cases
src/main/java/org/apache/commons/compress/archivers/sevenz/SevenZArchiveEntry.java: org.apache.commons.compress.archivers.sevenz.SevenZArchiveEntry.getHasWindowsAttributes: computed 0 unit tests
src/main/java/org/apache/commons/compress/archivers/sevenz/SevenZArchiveEntry.java: org.apache.commons.compress.archivers.sevenz.SevenZArchiveEntry.getHasWindowsAttributes: found 1 problems
src/main/java/org/apache/commons/compress/archivers/sevenz/SevenZArchiveEntry.java: unsupported: org.apache.commons.compress.archivers.sevenz.SevenZArchiveEntry.getHasWindowsAttributes: unsupported type
	data: wildcard(, pointer(reference(org/apache/commons/compress/archivers/sevenz/SevenZMethodConfiguration)))
src/main/java/org/apache/commons/compress/archivers/sevenz/SevenZArchiveEntry.java: org.apache.commons.compress.archivers.sevenz.SevenZArchiveEntry.setAntiItem: computing test cases
src/main/java/org/apache/commons/compress/archivers/sevenz/SevenZArchiveEntry.java: org.apache.commons.compress.archivers.sevenz.SevenZArchiveEntry.setAntiItem: computed 0 unit tests
src/main/java/org/apache/commons/compress/archivers/sevenz/SevenZArchiveEntry.java: org.apache.commons.compress.archivers.sevenz.SevenZArchiveEntry.setAntiItem: found 1 problems
src/main/java/org/apache/commons/compress/archivers/sevenz/SevenZArchiveEntry.java: unsupported: org.apache.commons.compress.archivers.sevenz.SevenZArchiveEntry.setAntiItem: unsupported type
	data: wildcard(, pointer(reference(org/apache/commons/compress/archivers/sevenz/SevenZMethodConfiguration)))
src/main/java/org/apache/commons/compress/archivers/sevenz/SevenZArchiveEntry.java: org.apache.commons.compress.archivers.sevenz.SevenZArchiveEntry.getAccessDate: computing test cases
src/main/java/org/apache/commons/compress/archivers/sevenz/SevenZArchiveEntry.java: org.apache.commons.compress.archivers.sevenz.SevenZArchiveEntry.getAccessDate: computed 0 unit tests
src/main/java/org/apache/commons/compress/archivers/sevenz/SevenZArchiveEntry.java: org.apache.commons.compress.archivers.sevenz.SevenZArchiveEntry.getAccessDate: found 1 problems
src/main/java/org/apache/commons/compress/archivers/sevenz/SevenZArchiveEntry.java: unsupported: org.apache.commons.compress.archivers.sevenz.SevenZArchiveEntry.getAccessDate: unsupported type
	data: wildcard(, pointer(reference(org/apache/commons/compress/archivers/sevenz/SevenZMethodConfiguration)))
src/main/java/org/apache/commons/compress/archivers/sevenz/SevenZArchiveEntry.java: org.apache.commons.compress.archivers.sevenz.SevenZArchiveEntry.setLastModifiedDate: computing test cases
src/main/java/org/apache/commons/compress/archivers/sevenz/SevenZArchiveEntry.java: org.apache.commons.compress.archivers.sevenz.SevenZArchiveEntry.setLastModifiedDate: computed 0 unit tests
src/main/java/org/apache/commons/compress/archivers/sevenz/SevenZArchiveEntry.java: org.apache.commons.compress.archivers.sevenz.SevenZArchiveEntry.setLastModifiedDate: found 1 problems
src/main/java/org/apache/commons/compress/archivers/sevenz/SevenZArchiveEntry.java: unsupported: org.apache.commons.compress.archivers.sevenz.SevenZArchiveEntry.setLastModifiedDate: unsupported type
	data: wildcard(, pointer(reference(org/apache/commons/compress/archivers/sevenz/SevenZMethodConfiguration)))
src/main/java/org/apache/commons/compress/archivers/sevenz/SevenZArchiveEntry.java: org.apache.commons.compress.archivers.sevenz.SevenZArchiveEntry.setHasAccessDate: computing test cases
src/main/java/org/apache/commons/compress/archivers/sevenz/SevenZArchiveEntry.java: org.apache.commons.compress.archivers.sevenz.SevenZArchiveEntry.setHasAccessDate: computed 0 unit tests
src/main/java/org/apache/commons/compress/archivers/sevenz/SevenZArchiveEntry.java: org.apache.commons.compress.archivers.sevenz.SevenZArchiveEntry.setHasAccessDate: found 1 problems
src/main/java/org/apache/commons/compress/archivers/sevenz/SevenZArchiveEntry.java: unsupported: org.apache.commons.compress.archivers.sevenz.SevenZArchiveEntry.setHasAccessDate: unsupported type
	data: wildcard(, pointer(reference(org/apache/commons/compress/archivers/sevenz/SevenZMethodConfiguration)))
src/main/java/org/apache/commons/compress/archivers/sevenz/SevenZArchiveEntry.java: org.apache.commons.compress.archivers.sevenz.SevenZArchiveEntry.SevenZArchiveEntry: computing test cases
src/main/java/org/apache/commons/compress/archivers/sevenz/SevenZArchiveEntry.java: org.apache.commons.compress.archivers.sevenz.SevenZArchiveEntry.SevenZArchiveEntry: computed 0 unit tests
src/main/java/org/apache/commons/compress/archivers/sevenz/SevenZArchiveEntry.java: org.apache.commons.compress.archivers.sevenz.SevenZArchiveEntry.SevenZArchiveEntry: found 1 problems
src/main/java/org/apache/commons/compress/archivers/sevenz/SevenZArchiveEntry.java: unsupported: org.apache.commons.compress.archivers.sevenz.SevenZArchiveEntry.SevenZArchiveEntry: unsupported type
	data: wildcard(, pointer(reference(org/apache/commons/compress/archivers/sevenz/SevenZMethodConfiguration)))
src/main/java/org/apache/commons/compress/archivers/sevenz/SevenZArchiveEntry.java: org.apache.commons.compress.archivers.sevenz.SevenZArchiveEntry.setAccessDate: computing test cases
src/main/java/org/apache/commons/compress/archivers/sevenz/SevenZArchiveEntry.java: org.apache.commons.compress.archivers.sevenz.SevenZArchiveEntry.setAccessDate: computed 0 unit tests
src/main/java/org/apache/commons/compress/archivers/sevenz/SevenZArchiveEntry.java: org.apache.commons.compress.archivers.sevenz.SevenZArchiveEntry.setAccessDate: found 1 problems
src/main/java/org/apache/commons/compress/archivers/sevenz/SevenZArchiveEntry.java: unsupported: org.apache.commons.compress.archivers.sevenz.SevenZArchiveEntry.setAccessDate: encountered an unsupported type
	data: unsupported(java/util/Date)
src/main/java/org/apache/commons/compress/archivers/sevenz/SevenZArchiveEntry.java: org.apache.commons.compress.archivers.sevenz.SevenZArchiveEntry.getCompressedSize: computing test cases
src/main/java/org/apache/commons/compress/archivers/sevenz/SevenZArchiveEntry.java: org.apache.commons.compress.archivers.sevenz.SevenZArchiveEntry.getCompressedSize: computed 0 unit tests
src/main/java/org/apache/commons/compress/archivers/sevenz/SevenZArchiveEntry.java: org.apache.commons.compress.archivers.sevenz.SevenZArchiveEntry.getCompressedSize: found 1 problems
src/main/java/org/apache/commons/compress/archivers/sevenz/SevenZArchiveEntry.java: unsupported: org.apache.commons.compress.archivers.sevenz.SevenZArchiveEntry.getCompressedSize: unsupported type
	data: wildcard(, pointer(reference(org/apache/commons/compress/archivers/sevenz/SevenZMethodConfiguration)))
src/main/java/org/apache/commons/compress/archivers/sevenz/SevenZArchiveEntry.java: org.apache.commons.compress.archivers.sevenz.SevenZArchiveEntry.isAntiItem: computing test cases
src/main/java/org/apache/commons/compress/archivers/sevenz/SevenZArchiveEntry.java: org.apache.commons.compress.archivers.sevenz.SevenZArchiveEntry.isAntiItem: computed 0 unit tests
src/main/java/org/apache/commons/compress/archivers/sevenz/SevenZArchiveEntry.java: org.apache.commons.compress.archivers.sevenz.SevenZArchiveEntry.isAntiItem: found 1 problems
src/main/java/org/apache/commons/compress/archivers/sevenz/SevenZArchiveEntry.java: unsupported: org.apache.commons.compress.archivers.sevenz.SevenZArchiveEntry.isAntiItem: unsupported type
	data: wildcard(, pointer(reference(org/apache/commons/compress/archivers/sevenz/SevenZMethodConfiguration)))
src/main/java/org/apache/commons/compress/archivers/sevenz/SevenZArchiveEntry.java: org.apache.commons.compress.archivers.sevenz.SevenZArchiveEntry.setContentMethods: computing test cases
src/main/java/org/apache/commons/compress/archivers/sevenz/SevenZArchiveEntry.java: org.apache.commons.compress.archivers.sevenz.SevenZArchiveEntry.setContentMethods: computed 0 unit tests
src/main/java/org/apache/commons/compress/archivers/sevenz/SevenZArchiveEntry.java: org.apache.commons.compress.archivers.sevenz.SevenZArchiveEntry.setContentMethods: found 1 problems
src/main/java/org/apache/commons/compress/archivers/sevenz/SevenZArchiveEntry.java: unsupported: org.apache.commons.compress.archivers.sevenz.SevenZArchiveEntry.setContentMethods: unsupported type
	data: wildcard(, pointer(reference(org/apache/commons/compress/archivers/sevenz/SevenZMethodConfiguration)))
src/main/java/org/apache/commons/compress/archivers/sevenz/SevenZArchiveEntry.java: org.apache.commons.compress.archivers.sevenz.SevenZArchiveEntry.getHasCrc: computing test cases
src/main/java/org/apache/commons/compress/archivers/sevenz/SevenZArchiveEntry.java: org.apache.commons.compress.archivers.sevenz.SevenZArchiveEntry.getHasCrc: computed 0 unit tests
src/main/java/org/apache/commons/compress/archivers/sevenz/SevenZArchiveEntry.java: org.apache.commons.compress.archivers.sevenz.SevenZArchiveEntry.getHasCrc: found 1 problems
src/main/java/org/apache/commons/compress/archivers/sevenz/SevenZArchiveEntry.java: unsupported: org.apache.commons.compress.archivers.sevenz.SevenZArchiveEntry.getHasCrc: unsupported type
	data: wildcard(, pointer(reference(org/apache/commons/compress/archivers/sevenz/SevenZMethodConfiguration)))
src/main/java/org/apache/commons/compress/archivers/sevenz/SevenZArchiveEntry.java: org.apache.commons.compress.archivers.sevenz.SevenZArchiveEntry.setCompressedCrcValue: computing test cases
src/main/java/org/apache/commons/compress/archivers/sevenz/SevenZArchiveEntry.java: org.apache.commons.compress.archivers.sevenz.SevenZArchiveEntry.setCompressedCrcValue: computed 0 unit tests
src/main/java/org/apache/commons/compress/archivers/sevenz/SevenZArchiveEntry.java: org.apache.commons.compress.archivers.sevenz.SevenZArchiveEntry.setCompressedCrcValue: found 1 problems
src/main/java/org/apache/commons/compress/archivers/sevenz/SevenZArchiveEntry.java: unsupported: org.apache.commons.compress.archivers.sevenz.SevenZArchiveEntry.setCompressedCrcValue: unsupported type
	data: wildcard(, pointer(reference(org/apache/commons/compress/archivers/sevenz/SevenZMethodConfiguration)))
src/main/java/org/apache/commons/compress/archivers/sevenz/SevenZArchiveEntry.java: org.apache.commons.compress.archivers.sevenz.SevenZArchiveEntry.getCrc: computing test cases
src/main/java/org/apache/commons/compress/archivers/sevenz/SevenZArchiveEntry.java: org.apache.commons.compress.archivers.sevenz.SevenZArchiveEntry.getCrc: computed 0 unit tests
src/main/java/org/apache/commons/compress/archivers/sevenz/SevenZArchiveEntry.java: org.apache.commons.compress.archivers.sevenz.SevenZArchiveEntry.getCrc: found 1 problems
src/main/java/org/apache/commons/compress/archivers/sevenz/SevenZArchiveEntry.java: unsupported: org.apache.commons.compress.archivers.sevenz.SevenZArchiveEntry.getCrc: unsupported type
	data: wildcard(, pointer(reference(org/apache/commons/compress/archivers/sevenz/SevenZMethodConfiguration)))
src/main/java/org/apache/commons/compress/archivers/sevenz/SevenZArchiveEntry.java: org.apache.commons.compress.archivers.sevenz.SevenZArchiveEntry.getHasCreationDate: computing test cases
src/main/java/org/apache/commons/compress/archivers/sevenz/SevenZArchiveEntry.java: org.apache.commons.compress.archivers.sevenz.SevenZArchiveEntry.getHasCreationDate: computed 0 unit tests
src/main/java/org/apache/commons/compress/archivers/sevenz/SevenZArchiveEntry.java: org.apache.commons.compress.archivers.sevenz.SevenZArchiveEntry.getHasCreationDate: found 1 problems
src/main/java/org/apache/commons/compress/archivers/sevenz/SevenZArchiveEntry.java: unsupported: org.apache.commons.compress.archivers.sevenz.SevenZArchiveEntry.getHasCreationDate: unsupported type
	data: wildcard(, pointer(reference(org/apache/commons/compress/archivers/sevenz/SevenZMethodConfiguration)))
src/main/java/org/apache/commons/compress/archivers/sevenz/SevenZArchiveEntry.java: org.apache.commons.compress.archivers.sevenz.SevenZArchiveEntry.setHasCreationDate: computing test cases
src/main/java/org/apache/commons/compress/archivers/sevenz/SevenZArchiveEntry.java: org.apache.commons.compress.archivers.sevenz.SevenZArchiveEntry.setHasCreationDate: computed 0 unit tests
src/main/java/org/apache/commons/compress/archivers/sevenz/SevenZArchiveEntry.java: org.apache.commons.compress.archivers.sevenz.SevenZArchiveEntry.setHasCreationDate: found 1 problems
src/main/java/org/apache/commons/compress/archivers/sevenz/SevenZArchiveEntry.java: unsupported: org.apache.commons.compress.archivers.sevenz.SevenZArchiveEntry.setHasCreationDate: unsupported type
	data: wildcard(, pointer(reference(org/apache/commons/compress/archivers/sevenz/SevenZMethodConfiguration)))
src/main/java/org/apache/commons/compress/archivers/sevenz/SevenZArchiveEntry.java: org.apache.commons.compress.archivers.sevenz.SevenZArchiveEntry.getCompressedCrc: computing test cases
src/main/java/org/apache/commons/compress/archivers/sevenz/SevenZArchiveEntry.java: org.apache.commons.compress.archivers.sevenz.SevenZArchiveEntry.getCompressedCrc: computed 0 unit tests
src/main/java/org/apache/commons/compress/archivers/sevenz/SevenZArchiveEntry.java: org.apache.commons.compress.archivers.sevenz.SevenZArchiveEntry.getCompressedCrc: found 1 problems
src/main/java/org/apache/commons/compress/archivers/sevenz/SevenZArchiveEntry.java: unsupported: org.apache.commons.compress.archivers.sevenz.SevenZArchiveEntry.getCompressedCrc: unsupported type
	data: wildcard(, pointer(reference(org/apache/commons/compress/archivers/sevenz/SevenZMethodConfiguration)))
src/main/java/org/apache/commons/compress/archivers/sevenz/SevenZArchiveEntry.java: org.apache.commons.compress.archivers.sevenz.SevenZArchiveEntry.getSize: computing test cases
src/main/java/org/apache/commons/compress/archivers/sevenz/SevenZArchiveEntry.java: org.apache.commons.compress.archivers.sevenz.SevenZArchiveEntry.getSize: computed 0 unit tests
src/main/java/org/apache/commons/compress/archivers/sevenz/SevenZArchiveEntry.java: org.apache.commons.compress.archivers.sevenz.SevenZArchiveEntry.getSize: found 1 problems
src/main/java/org/apache/commons/compress/archivers/sevenz/SevenZArchiveEntry.java: unsupported: org.apache.commons.compress.archivers.sevenz.SevenZArchiveEntry.getSize: unsupported type
	data: wildcard(, pointer(reference(org/apache/commons/compress/archivers/sevenz/SevenZMethodConfiguration)))
src/main/java/org/apache/commons/compress/archivers/sevenz/SevenZArchiveEntry.java: org.apache.commons.compress.archivers.sevenz.SevenZArchiveEntry.setAccessDate: computing test cases
src/main/java/org/apache/commons/compress/archivers/sevenz/SevenZArchiveEntry.java: org.apache.commons.compress.archivers.sevenz.SevenZArchiveEntry.setAccessDate: computed 0 unit tests
src/main/java/org/apache/commons/compress/archivers/sevenz/SevenZArchiveEntry.java: org.apache.commons.compress.archivers.sevenz.SevenZArchiveEntry.setAccessDate: found 1 problems
src/main/java/org/apache/commons/compress/archivers/sevenz/SevenZArchiveEntry.java: unsupported: org.apache.commons.compress.archivers.sevenz.SevenZArchiveEntry.setAccessDate: unsupported type
	data: wildcard(, pointer(reference(org/apache/commons/compress/archivers/sevenz/SevenZMethodConfiguration)))
src/main/java/org/apache/commons/compress/archivers/sevenz/SevenZArchiveEntry.java: org.apache.commons.compress.archivers.sevenz.SevenZArchiveEntry.setCreationDate: computing test cases
src/main/java/org/apache/commons/compress/archivers/sevenz/SevenZArchiveEntry.java: org.apache.commons.compress.archivers.sevenz.SevenZArchiveEntry.setCreationDate: computed 0 unit tests
src/main/java/org/apache/commons/compress/archivers/sevenz/SevenZArchiveEntry.java: org.apache.commons.compress.archivers.sevenz.SevenZArchiveEntry.setCreationDate: found 1 problems
src/main/java/org/apache/commons/compress/archivers/sevenz/SevenZArchiveEntry.java: unsupported: org.apache.commons.compress.archivers.sevenz.SevenZArchiveEntry.setCreationDate: unsupported type
	data: wildcard(, pointer(reference(org/apache/commons/compress/archivers/sevenz/SevenZMethodConfiguration)))
src/main/java/org/apache/commons/compress/archivers/sevenz/SevenZArchiveEntry.java: org.apache.commons.compress.archivers.sevenz.SevenZArchiveEntry.getLastModifiedDate: computing test cases
src/main/java/org/apache/commons/compress/archivers/sevenz/SevenZArchiveEntry.java: org.apache.commons.compress.archivers.sevenz.SevenZArchiveEntry.getLastModifiedDate: computed 0 unit tests
src/main/java/org/apache/commons/compress/archivers/sevenz/SevenZArchiveEntry.java: org.apache.commons.compress.archivers.sevenz.SevenZArchiveEntry.getLastModifiedDate: found 1 problems
src/main/java/org/apache/commons/compress/archivers/sevenz/SevenZArchiveEntry.java: unsupported: org.apache.commons.compress.archivers.sevenz.SevenZArchiveEntry.getLastModifiedDate: unsupported type
	data: wildcard(, pointer(reference(org/apache/commons/compress/archivers/sevenz/SevenZMethodConfiguration)))
src/main/java/org/apache/commons/compress/archivers/sevenz/SevenZArchiveEntry.java: org.apache.commons.compress.archivers.sevenz.SevenZArchiveEntry.setCompressedSize: computing test cases
src/main/java/org/apache/commons/compress/archivers/sevenz/SevenZArchiveEntry.java: org.apache.commons.compress.archivers.sevenz.SevenZArchiveEntry.setCompressedSize: computed 0 unit tests
src/main/java/org/apache/commons/compress/archivers/sevenz/SevenZArchiveEntry.java: org.apache.commons.compress.archivers.sevenz.SevenZArchiveEntry.setCompressedSize: found 1 problems
src/main/java/org/apache/commons/compress/archivers/sevenz/SevenZArchiveEntry.java: unsupported: org.apache.commons.compress.archivers.sevenz.SevenZArchiveEntry.setCompressedSize: unsupported type
	data: wildcard(, pointer(reference(org/apache/commons/compress/archivers/sevenz/SevenZMethodConfiguration)))
src/main/java/org/apache/commons/compress/archivers/sevenz/SevenZArchiveEntry.java: org.apache.commons.compress.archivers.sevenz.SevenZArchiveEntry.setHasCrc: computing test cases
src/main/java/org/apache/commons/compress/archivers/sevenz/SevenZArchiveEntry.java: org.apache.commons.compress.archivers.sevenz.SevenZArchiveEntry.setHasCrc: computed 0 unit tests
src/main/java/org/apache/commons/compress/archivers/sevenz/SevenZArchiveEntry.java: org.apache.commons.compress.archivers.sevenz.SevenZArchiveEntry.setHasCrc: found 1 problems
src/main/java/org/apache/commons/compress/archivers/sevenz/SevenZArchiveEntry.java: unsupported: org.apache.commons.compress.archivers.sevenz.SevenZArchiveEntry.setHasCrc: unsupported type
	data: wildcard(, pointer(reference(org/apache/commons/compress/archivers/sevenz/SevenZMethodConfiguration)))
src/main/java/org/apache/commons/compress/archivers/sevenz/SevenZArchiveEntry.java: org.apache.commons.compress.archivers.sevenz.SevenZArchiveEntry.getName: computing test cases
src/main/java/org/apache/commons/compress/archivers/sevenz/SevenZArchiveEntry.java: org.apache.commons.compress.archivers.sevenz.SevenZArchiveEntry.getName: computed 0 unit tests
src/main/java/org/apache/commons/compress/archivers/sevenz/SevenZArchiveEntry.java: org.apache.commons.compress.archivers.sevenz.SevenZArchiveEntry.getName: found 1 problems
src/main/java/org/apache/commons/compress/archivers/sevenz/SevenZArchiveEntry.java: unsupported: org.apache.commons.compress.archivers.sevenz.SevenZArchiveEntry.getName: unsupported type
	data: wildcard(, pointer(reference(org/apache/commons/compress/archivers/sevenz/SevenZMethodConfiguration)))
src/main/java/org/apache/commons/compress/archivers/sevenz/SevenZArchiveEntry.java: org.apache.commons.compress.archivers.sevenz.SevenZArchiveEntry.getHasAccessDate: computing test cases
src/main/java/org/apache/commons/compress/archivers/sevenz/SevenZArchiveEntry.java: org.apache.commons.compress.archivers.sevenz.SevenZArchiveEntry.getHasAccessDate: computed 0 unit tests
src/main/java/org/apache/commons/compress/archivers/sevenz/SevenZArchiveEntry.java: org.apache.commons.compress.archivers.sevenz.SevenZArchiveEntry.getHasAccessDate: found 1 problems
src/main/java/org/apache/commons/compress/archivers/sevenz/SevenZArchiveEntry.java: unsupported: org.apache.commons.compress.archivers.sevenz.SevenZArchiveEntry.getHasAccessDate: unsupported type
	data: wildcard(, pointer(reference(org/apache/commons/compress/archivers/sevenz/SevenZMethodConfiguration)))
src/main/java/org/apache/commons/compress/archivers/sevenz/SevenZArchiveEntry.java: org.apache.commons.compress.archivers.sevenz.SevenZArchiveEntry.javaTimeToNtfsTime: computing test cases
src/main/java/org/apache/commons/compress/archivers/sevenz/SevenZArchiveEntry.java: org.apache.commons.compress.archivers.sevenz.SevenZArchiveEntry.javaTimeToNtfsTime: computed 0 unit tests
src/main/java/org/apache/commons/compress/archivers/sevenz/SevenZArchiveEntry.java: org.apache.commons.compress.archivers.sevenz.SevenZArchiveEntry.javaTimeToNtfsTime: found 0 problems
src/main/java/org/apache/commons/compress/archivers/sevenz/SevenZArchiveEntry.java: org.apache.commons.compress.archivers.sevenz.SevenZArchiveEntry.setSize: computing test cases
src/main/java/org/apache/commons/compress/archivers/sevenz/SevenZArchiveEntry.java: org.apache.commons.compress.archivers.sevenz.SevenZArchiveEntry.setSize: computed 0 unit tests
src/main/java/org/apache/commons/compress/archivers/sevenz/SevenZArchiveEntry.java: org.apache.commons.compress.archivers.sevenz.SevenZArchiveEntry.setSize: found 1 problems
src/main/java/org/apache/commons/compress/archivers/sevenz/SevenZArchiveEntry.java: unsupported: org.apache.commons.compress.archivers.sevenz.SevenZArchiveEntry.setSize: unsupported type
	data: wildcard(, pointer(reference(org/apache/commons/compress/archivers/sevenz/SevenZMethodConfiguration)))
src/main/java/org/apache/commons/compress/archivers/sevenz/SevenZArchiveEntry.java: org.apache.commons.compress.archivers.sevenz.SevenZArchiveEntry.setCompressedCrc: computing test cases
src/main/java/org/apache/commons/compress/archivers/sevenz/SevenZArchiveEntry.java: org.apache.commons.compress.archivers.sevenz.SevenZArchiveEntry.setCompressedCrc: computed 0 unit tests
src/main/java/org/apache/commons/compress/archivers/sevenz/SevenZArchiveEntry.java: org.apache.commons.compress.archivers.sevenz.SevenZArchiveEntry.setCompressedCrc: found 1 problems
src/main/java/org/apache/commons/compress/archivers/sevenz/SevenZArchiveEntry.java: unsupported: org.apache.commons.compress.archivers.sevenz.SevenZArchiveEntry.setCompressedCrc: unsupported type
	data: wildcard(, pointer(reference(org/apache/commons/compress/archivers/sevenz/SevenZMethodConfiguration)))
src/main/java/org/apache/commons/compress/archivers/sevenz/SevenZArchiveEntry.java: org.apache.commons.compress.archivers.sevenz.SevenZArchiveEntry.ntfsTimeToJavaTime: computing test cases
src/main/java/org/apache/commons/compress/archivers/sevenz/SevenZArchiveEntry.java: org.apache.commons.compress.archivers.sevenz.SevenZArchiveEntry.ntfsTimeToJavaTime: computed 0 unit tests
src/main/java/org/apache/commons/compress/archivers/sevenz/SevenZArchiveEntry.java: org.apache.commons.compress.archivers.sevenz.SevenZArchiveEntry.ntfsTimeToJavaTime: found 0 problems
src/main/java/org/apache/commons/compress/archivers/sevenz/SevenZArchiveEntry.java: org.apache.commons.compress.archivers.sevenz.SevenZArchiveEntry.getContentMethods: computing test cases
src/main/java/org/apache/commons/compress/archivers/sevenz/SevenZArchiveEntry.java: org.apache.commons.compress.archivers.sevenz.SevenZArchiveEntry.getContentMethods: computed 0 unit tests
src/main/java/org/apache/commons/compress/archivers/sevenz/SevenZArchiveEntry.java: org.apache.commons.compress.archivers.sevenz.SevenZArchiveEntry.getContentMethods: found 1 problems
src/main/java/org/apache/commons/compress/archivers/sevenz/SevenZArchiveEntry.java: unsupported: org.apache.commons.compress.archivers.sevenz.SevenZArchiveEntry.getContentMethods: unsupported type
	data: wildcard(, pointer(reference(org/apache/commons/compress/archivers/sevenz/SevenZMethodConfiguration)))
src/main/java/org/apache/commons/compress/archivers/sevenz/SevenZArchiveEntry.java: org.apache.commons.compress.archivers.sevenz.SevenZArchiveEntry.getCreationDate: computing test cases
src/main/java/org/apache/commons/compress/archivers/sevenz/SevenZArchiveEntry.java: org.apache.commons.compress.archivers.sevenz.SevenZArchiveEntry.getCreationDate: computed 0 unit tests
src/main/java/org/apache/commons/compress/archivers/sevenz/SevenZArchiveEntry.java: org.apache.commons.compress.archivers.sevenz.SevenZArchiveEntry.getCreationDate: found 1 problems
src/main/java/org/apache/commons/compress/archivers/sevenz/SevenZArchiveEntry.java: unsupported: org.apache.commons.compress.archivers.sevenz.SevenZArchiveEntry.getCreationDate: unsupported type
	data: wildcard(, pointer(reference(org/apache/commons/compress/archivers/sevenz/SevenZMethodConfiguration)))
src/main/java/org/apache/commons/compress/archivers/sevenz/SevenZArchiveEntry.java: org.apache.commons.compress.archivers.sevenz.SevenZArchiveEntry.setHasLastModifiedDate: computing test cases
src/main/java/org/apache/commons/compress/archivers/sevenz/SevenZArchiveEntry.java: org.apache.commons.compress.archivers.sevenz.SevenZArchiveEntry.setHasLastModifiedDate: computed 0 unit tests
src/main/java/org/apache/commons/compress/archivers/sevenz/SevenZArchiveEntry.java: org.apache.commons.compress.archivers.sevenz.SevenZArchiveEntry.setHasLastModifiedDate: found 1 problems
src/main/java/org/apache/commons/compress/archivers/sevenz/SevenZArchiveEntry.java: unsupported: org.apache.commons.compress.archivers.sevenz.SevenZArchiveEntry.setHasLastModifiedDate: unsupported type
	data: wildcard(, pointer(reference(org/apache/commons/compress/archivers/sevenz/SevenZMethodConfiguration)))
src/main/java/org/apache/commons/compress/archivers/sevenz/SevenZArchiveEntry.java: org.apache.commons.compress.archivers.sevenz.SevenZArchiveEntry.setCrc: computing test cases
src/main/java/org/apache/commons/compress/archivers/sevenz/SevenZArchiveEntry.java: org.apache.commons.compress.archivers.sevenz.SevenZArchiveEntry.setCrc: computed 0 unit tests
src/main/java/org/apache/commons/compress/archivers/sevenz/SevenZArchiveEntry.java: org.apache.commons.compress.archivers.sevenz.SevenZArchiveEntry.setCrc: found 1 problems
src/main/java/org/apache/commons/compress/archivers/sevenz/SevenZArchiveEntry.java: unsupported: org.apache.commons.compress.archivers.sevenz.SevenZArchiveEntry.setCrc: unsupported type
	data: wildcard(, pointer(reference(org/apache/commons/compress/archivers/sevenz/SevenZMethodConfiguration)))
src/main/java/org/apache/commons/compress/archivers/sevenz/SevenZArchiveEntry.java: org.apache.commons.compress.archivers.sevenz.SevenZArchiveEntry.getCrcValue: computing test cases
src/main/java/org/apache/commons/compress/archivers/sevenz/SevenZArchiveEntry.java: org.apache.commons.compress.archivers.sevenz.SevenZArchiveEntry.getCrcValue: computed 0 unit tests
src/main/java/org/apache/commons/compress/archivers/sevenz/SevenZArchiveEntry.java: org.apache.commons.compress.archivers.sevenz.SevenZArchiveEntry.getCrcValue: found 1 problems
src/main/java/org/apache/commons/compress/archivers/sevenz/SevenZArchiveEntry.java: unsupported: org.apache.commons.compress.archivers.sevenz.SevenZArchiveEntry.getCrcValue: unsupported type
	data: wildcard(, pointer(reference(org/apache/commons/compress/archivers/sevenz/SevenZMethodConfiguration)))
src/main/java/org/apache/commons/compress/archivers/tar/TarArchiveOutputStream.java: org.apache.commons.compress.archivers.tar.TarArchiveOutputStream.TarArchiveOutputStream: computing test cases
src/main/java/org/apache/commons/compress/archivers/tar/TarArchiveOutputStream.java: org.apache.commons.compress.archivers.tar.TarArchiveOutputStream.TarArchiveOutputStream: computed 0 unit tests
src/main/java/org/apache/commons/compress/archivers/tar/TarArchiveOutputStream.java: org.apache.commons.compress.archivers.tar.TarArchiveOutputStream.TarArchiveOutputStream: found 0 problems
src/main/java/org/apache/commons/compress/archivers/tar/TarArchiveOutputStream.java: org.apache.commons.compress.archivers.tar.TarArchiveOutputStream.flush: computing test cases
src/main/java/org/apache/commons/compress/archivers/tar/TarArchiveOutputStream.java: org.apache.commons.compress.archivers.tar.TarArchiveOutputStream.flush: computed 0 unit tests
src/main/java/org/apache/commons/compress/archivers/tar/TarArchiveOutputStream.java: org.apache.commons.compress.archivers.tar.TarArchiveOutputStream.flush: found 1 problems
src/main/java/org/apache/commons/compress/archivers/tar/TarArchiveOutputStream.java: internal error: org.apache.commons.compress.archivers.tar.TarArchiveOutputStream.flush: unknown type kind
	data: [==(select(VariableReference(@m_0, pointer(struct(org/apache/commons/compress/archivers/tar/TarArchiveOutputStream, [], [pointer(reference(org/apache/commons/compress/archivers/ArchiveOutputStream))], [])), @m_0_0), recordBuf), nil) array(primitive(int, 8, false), primitive(int, 32, false), 0)]
src/main/java/org/apache/commons/compress/archivers/tar/TarArchiveOutputStream.java: org.apache.commons.compress.archivers.tar.TarArchiveOutputStream.close: computing test cases
src/main/java/org/apache/commons/compress/archivers/tar/TarArchiveOutputStream.java: org.apache.commons.compress.archivers.tar.TarArchiveOutputStream.close: computed 0 unit tests
src/main/java/org/apache/commons/compress/archivers/tar/TarArchiveOutputStream.java: org.apache.commons.compress.archivers.tar.TarArchiveOutputStream.close: found 1 problems
src/main/java/org/apache/commons/compress/archivers/tar/TarArchiveOutputStream.java: internal error: org.apache.commons.compress.archivers.tar.TarArchiveOutputStream.close: unknown type kind
	data: [==(select(VariableReference(@m_0, pointer(struct(org/apache/commons/compress/archivers/tar/TarArchiveOutputStream, [], [pointer(reference(org/apache/commons/compress/archivers/ArchiveOutputStream))], [])), @m_0_0), recordBuf), nil) array(primitive(int, 8, false), primitive(int, 32, false), 0)]
src/main/java/org/apache/commons/compress/archivers/tar/TarArchiveOutputStream.java: org.apache.commons.compress.archivers.tar.TarArchiveOutputStream.finish: computing test cases
src/main/java/org/apache/commons/compress/archivers/tar/TarArchiveOutputStream.java: org.apache.commons.compress.archivers.tar.TarArchiveOutputStream.finish: computed 0 unit tests
src/main/java/org/apache/commons/compress/archivers/tar/TarArchiveOutputStream.java: org.apache.commons.compress.archivers.tar.TarArchiveOutputStream.finish: found 1 problems
src/main/java/org/apache/commons/compress/archivers/tar/TarArchiveOutputStream.java: internal error: org.apache.commons.compress.archivers.tar.TarArchiveOutputStream.finish: unknown type kind
	data: [==(select(VariableReference(@m_0, pointer(struct(org/apache/commons/compress/archivers/tar/TarArchiveOutputStream, [], [pointer(reference(org/apache/commons/compress/archivers/ArchiveOutputStream))], [])), @m_0_0), recordBuf), nil) array(primitive(int, 8, false), primitive(int, 32, false), 0)]
src/main/java/org/apache/commons/compress/archivers/tar/TarArchiveOutputStream.java: org.apache.commons.compress.archivers.tar.TarArchiveOutputStream.setLongFileMode: computing test cases
src/main/java/org/apache/commons/compress/archivers/tar/TarArchiveOutputStream.java: org.apache.commons.compress.archivers.tar.TarArchiveOutputStream.setLongFileMode: computed 0 unit tests
src/main/java/org/apache/commons/compress/archivers/tar/TarArchiveOutputStream.java: org.apache.commons.compress.archivers.tar.TarArchiveOutputStream.setLongFileMode: found 1 problems
src/main/java/org/apache/commons/compress/archivers/tar/TarArchiveOutputStream.java: internal error: org.apache.commons.compress.archivers.tar.TarArchiveOutputStream.setLongFileMode: unknown type kind
	data: [==(select(VariableReference(@m_0, pointer(struct(org/apache/commons/compress/archivers/tar/TarArchiveOutputStream, [], [pointer(reference(org/apache/commons/compress/archivers/ArchiveOutputStream))], [])), @m_0_0), recordBuf), nil) array(primitive(int, 8, false), primitive(int, 32, false), 0)]
src/main/java/org/apache/commons/compress/archivers/tar/TarArchiveOutputStream.java: org.apache.commons.compress.archivers.tar.TarArchiveOutputStream.TarArchiveOutputStream: computing test cases
src/main/java/org/apache/commons/compress/archivers/tar/TarArchiveOutputStream.java: org.apache.commons.compress.archivers.tar.TarArchiveOutputStream.TarArchiveOutputStream: computed 0 unit tests
src/main/java/org/apache/commons/compress/archivers/tar/TarArchiveOutputStream.java: org.apache.commons.compress.archivers.tar.TarArchiveOutputStream.TarArchiveOutputStream: found 0 problems
src/main/java/org/apache/commons/compress/archivers/tar/TarArchiveOutputStream.java: org.apache.commons.compress.archivers.tar.TarArchiveOutputStream.TarArchiveOutputStream: computing test cases
src/main/java/org/apache/commons/compress/archivers/tar/TarArchiveOutputStream.java: org.apache.commons.compress.archivers.tar.TarArchiveOutputStream.TarArchiveOutputStream: computed 0 unit tests
src/main/java/org/apache/commons/compress/archivers/tar/TarArchiveOutputStream.java: org.apache.commons.compress.archivers.tar.TarArchiveOutputStream.TarArchiveOutputStream: found 0 problems
src/main/java/org/apache/commons/compress/archivers/tar/TarArchiveOutputStream.java: org.apache.commons.compress.archivers.tar.TarArchiveOutputStream.TarArchiveOutputStream: computing test cases
src/main/java/org/apache/commons/compress/archivers/tar/TarArchiveOutputStream.java: org.apache.commons.compress.archivers.tar.TarArchiveOutputStream.TarArchiveOutputStream: computed 0 unit tests
src/main/java/org/apache/commons/compress/archivers/tar/TarArchiveOutputStream.java: org.apache.commons.compress.archivers.tar.TarArchiveOutputStream.TarArchiveOutputStream: found 0 problems
src/main/java/org/apache/commons/compress/archivers/tar/TarArchiveOutputStream.java: org.apache.commons.compress.archivers.tar.TarArchiveOutputStream.TarArchiveOutputStream: computing test cases
src/main/java/org/apache/commons/compress/archivers/tar/TarArchiveOutputStream.java: org.apache.commons.compress.archivers.tar.TarArchiveOutputStream.TarArchiveOutputStream: computed 0 unit tests
src/main/java/org/apache/commons/compress/archivers/tar/TarArchiveOutputStream.java: org.apache.commons.compress.archivers.tar.TarArchiveOutputStream.TarArchiveOutputStream: found 0 problems
src/main/java/org/apache/commons/compress/archivers/tar/TarArchiveOutputStream.java: org.apache.commons.compress.archivers.tar.TarArchiveOutputStream.getCount: computing test cases
src/main/java/org/apache/commons/compress/archivers/tar/TarArchiveOutputStream.java: org.apache.commons.compress.archivers.tar.TarArchiveOutputStream.getCount: computed 0 unit tests
src/main/java/org/apache/commons/compress/archivers/tar/TarArchiveOutputStream.java: org.apache.commons.compress.archivers.tar.TarArchiveOutputStream.getCount: found 1 problems
src/main/java/org/apache/commons/compress/archivers/tar/TarArchiveOutputStream.java: internal error: org.apache.commons.compress.archivers.tar.TarArchiveOutputStream.getCount: unknown type kind
	data: [==(select(VariableReference(@m_0, pointer(struct(org/apache/commons/compress/archivers/tar/TarArchiveOutputStream, [], [pointer(reference(org/apache/commons/compress/archivers/ArchiveOutputStream))], [])), @m_0_0), recordBuf), nil) array(primitive(int, 8, false), primitive(int, 32, false), 0)]
src/main/java/org/apache/commons/compress/archivers/tar/TarArchiveOutputStream.java: org.apache.commons.compress.archivers.tar.TarArchiveOutputStream.write: computing test cases
src/main/java/org/apache/commons/compress/archivers/tar/TarArchiveOutputStream.java: org.apache.commons.compress.archivers.tar.TarArchiveOutputStream.write: computed 0 unit tests
src/main/java/org/apache/commons/compress/archivers/tar/TarArchiveOutputStream.java: org.apache.commons.compress.archivers.tar.TarArchiveOutputStream.write: found 1 problems
src/main/java/org/apache/commons/compress/archivers/tar/TarArchiveOutputStream.java: internal error: org.apache.commons.compress.archivers.tar.TarArchiveOutputStream.write: unknown type kind
	data: [==(select(VariableReference(@m_0, pointer(struct(org/apache/commons/compress/archivers/tar/TarArchiveOutputStream, [], [pointer(reference(org/apache/commons/compress/archivers/ArchiveOutputStream))], [])), @m_0_0), recordBuf), nil) array(primitive(int, 8, false), primitive(int, 32, false), 0)]
src/main/java/org/apache/commons/compress/archivers/tar/TarArchiveOutputStream.java: org.apache.commons.compress.archivers.tar.TarArchiveOutputStream.putArchiveEntry: computing test cases
src/main/java/org/apache/commons/compress/archivers/tar/TarArchiveOutputStream.java: org.apache.commons.compress.archivers.tar.TarArchiveOutputStream.putArchiveEntry: found 1 problems
src/main/java/org/apache/commons/compress/archivers/tar/TarArchiveOutputStream.java: internal error: org.apache.commons.compress.archivers.tar.TarArchiveOutputStream.putArchiveEntry: unknown type kind
	data: unsupported(java/io/File)
src/main/java/org/apache/commons/compress/archivers/tar/TarArchiveOutputStream.java: org.apache.commons.compress.archivers.tar.TarArchiveOutputStream.setBigNumberMode: computing test cases
src/main/java/org/apache/commons/compress/archivers/tar/TarArchiveOutputStream.java: org.apache.commons.compress.archivers.tar.TarArchiveOutputStream.setBigNumberMode: computed 0 unit tests
src/main/java/org/apache/commons/compress/archivers/tar/TarArchiveOutputStream.java: org.apache.commons.compress.archivers.tar.TarArchiveOutputStream.setBigNumberMode: found 1 problems
src/main/java/org/apache/commons/compress/archivers/tar/TarArchiveOutputStream.java: internal error: org.apache.commons.compress.archivers.tar.TarArchiveOutputStream.setBigNumberMode: unknown type kind
	data: [==(select(VariableReference(@m_0, pointer(struct(org/apache/commons/compress/archivers/tar/TarArchiveOutputStream, [], [pointer(reference(org/apache/commons/compress/archivers/ArchiveOutputStream))], [])), @m_0_0), recordBuf), nil) array(primitive(int, 8, false), primitive(int, 32, false), 0)]
src/main/java/org/apache/commons/compress/archivers/tar/TarArchiveOutputStream.java: org.apache.commons.compress.archivers.tar.TarArchiveOutputStream.TarArchiveOutputStream: computing test cases
src/main/java/org/apache/commons/compress/archivers/tar/TarArchiveOutputStream.java: org.apache.commons.compress.archivers.tar.TarArchiveOutputStream.TarArchiveOutputStream: computed 0 unit tests
src/main/java/org/apache/commons/compress/archivers/tar/TarArchiveOutputStream.java: org.apache.commons.compress.archivers.tar.TarArchiveOutputStream.TarArchiveOutputStream: found 0 problems
src/main/java/org/apache/commons/compress/archivers/tar/TarArchiveOutputStream.java: org.apache.commons.compress.archivers.tar.TarArchiveOutputStream.setAddPaxHeadersForNonAsciiNames: computing test cases
src/main/java/org/apache/commons/compress/archivers/tar/TarArchiveOutputStream.java: org.apache.commons.compress.archivers.tar.TarArchiveOutputStream.setAddPaxHeadersForNonAsciiNames: computed 0 unit tests
src/main/java/org/apache/commons/compress/archivers/tar/TarArchiveOutputStream.java: org.apache.commons.compress.archivers.tar.TarArchiveOutputStream.setAddPaxHeadersForNonAsciiNames: found 1 problems
src/main/java/org/apache/commons/compress/archivers/tar/TarArchiveOutputStream.java: internal error: org.apache.commons.compress.archivers.tar.TarArchiveOutputStream.setAddPaxHeadersForNonAsciiNames: unknown type kind
	data: [==(select(VariableReference(@m_0, pointer(struct(org/apache/commons/compress/archivers/tar/TarArchiveOutputStream, [], [pointer(reference(org/apache/commons/compress/archivers/ArchiveOutputStream))], [])), @m_0_0), recordBuf), nil) array(primitive(int, 8, false), primitive(int, 32, false), 0)]
src/main/java/org/apache/commons/compress/archivers/tar/TarArchiveOutputStream.java: org.apache.commons.compress.archivers.tar.TarArchiveOutputStream.createArchiveEntry: computing test cases
src/main/java/org/apache/commons/compress/archivers/tar/TarArchiveOutputStream.java: org.apache.commons.compress.archivers.tar.TarArchiveOutputStream.createArchiveEntry: computed 0 unit tests
src/main/java/org/apache/commons/compress/archivers/tar/TarArchiveOutputStream.java: org.apache.commons.compress.archivers.tar.TarArchiveOutputStream.createArchiveEntry: found 1 problems
src/main/java/org/apache/commons/compress/archivers/tar/TarArchiveOutputStream.java: internal error: org.apache.commons.compress.archivers.tar.TarArchiveOutputStream.createArchiveEntry: unknown type kind
	data: [==(select(VariableReference(@m_0, pointer(struct(org/apache/commons/compress/archivers/tar/TarArchiveOutputStream, [], [pointer(reference(org/apache/commons/compress/archivers/ArchiveOutputStream))], [])), @m_0_0), recordBuf), nil) array(primitive(int, 8, false), primitive(int, 32, false), 0)]
src/main/java/org/apache/commons/compress/archivers/tar/TarArchiveOutputStream.java: org.apache.commons.compress.archivers.tar.TarArchiveOutputStream.getRecordSize: computing test cases
src/main/java/org/apache/commons/compress/archivers/tar/TarArchiveOutputStream.java: org.apache.commons.compress.archivers.tar.TarArchiveOutputStream.getRecordSize: computed 0 unit tests
src/main/java/org/apache/commons/compress/archivers/tar/TarArchiveOutputStream.java: org.apache.commons.compress.archivers.tar.TarArchiveOutputStream.getRecordSize: found 1 problems
src/main/java/org/apache/commons/compress/archivers/tar/TarArchiveOutputStream.java: internal error: org.apache.commons.compress.archivers.tar.TarArchiveOutputStream.getRecordSize: unknown type kind
	data: [==(select(VariableReference(@m_0, pointer(struct(org/apache/commons/compress/archivers/tar/TarArchiveOutputStream, [], [pointer(reference(org/apache/commons/compress/archivers/ArchiveOutputStream))], [])), @m_0_0), recordBuf), nil) array(primitive(int, 8, false), primitive(int, 32, false), 0)]
src/main/java/org/apache/commons/compress/archivers/tar/TarArchiveOutputStream.java: org.apache.commons.compress.archivers.tar.TarArchiveOutputStream.closeArchiveEntry: computing test cases
src/main/java/org/apache/commons/compress/archivers/tar/TarArchiveOutputStream.java: org.apache.commons.compress.archivers.tar.TarArchiveOutputStream.closeArchiveEntry: computed 0 unit tests
src/main/java/org/apache/commons/compress/archivers/tar/TarArchiveOutputStream.java: org.apache.commons.compress.archivers.tar.TarArchiveOutputStream.closeArchiveEntry: found 1 problems
src/main/java/org/apache/commons/compress/archivers/tar/TarArchiveOutputStream.java: internal error: org.apache.commons.compress.archivers.tar.TarArchiveOutputStream.closeArchiveEntry: unknown type kind
	data: [==(select(VariableReference(@m_0, pointer(struct(org/apache/commons/compress/archivers/tar/TarArchiveOutputStream, [], [pointer(reference(org/apache/commons/compress/archivers/ArchiveOutputStream))], [])), @m_0_0), recordBuf), nil) array(primitive(int, 8, false), primitive(int, 32, false), 0)]
src/main/java/org/apache/commons/compress/archivers/tar/TarArchiveOutputStream.java: org.apache.commons.compress.archivers.tar.TarArchiveOutputStream.writePaxHeaders: computing test cases
src/main/java/org/apache/commons/compress/archivers/tar/TarArchiveOutputStream.java: org.apache.commons.compress.archivers.tar.TarArchiveOutputStream.writePaxHeaders: found 1 problems
src/main/java/org/apache/commons/compress/archivers/tar/TarArchiveOutputStream.java: internal error: org.apache.commons.compress.archivers.tar.TarArchiveOutputStream.writePaxHeaders: unknown type kind
	data: unsupported(java/io/File)
src/main/java/org/apache/commons/compress/archivers/tar/TarArchiveOutputStream.java: org.apache.commons.compress.archivers.tar.TarArchiveOutputStream.getBytesWritten: computing test cases
src/main/java/org/apache/commons/compress/archivers/tar/TarArchiveOutputStream.java: org.apache.commons.compress.archivers.tar.TarArchiveOutputStream.getBytesWritten: computed 0 unit tests
src/main/java/org/apache/commons/compress/archivers/tar/TarArchiveOutputStream.java: org.apache.commons.compress.archivers.tar.TarArchiveOutputStream.getBytesWritten: found 1 problems
src/main/java/org/apache/commons/compress/archivers/tar/TarArchiveOutputStream.java: internal error: org.apache.commons.compress.archivers.tar.TarArchiveOutputStream.getBytesWritten: unknown type kind
	data: [==(select(VariableReference(@m_0, pointer(struct(org/apache/commons/compress/archivers/tar/TarArchiveOutputStream, [], [pointer(reference(org/apache/commons/compress/archivers/ArchiveOutputStream))], [])), @m_0_0), recordBuf), nil) array(primitive(int, 8, false), primitive(int, 32, false), 0)]
src/main/java/org/apache/commons/compress/archivers/zip/Simple8BitZipEncoding.java: org.apache.commons.compress.archivers.zip.Simple8BitZipEncoding.decode: computing test cases
src/main/java/org/apache/commons/compress/archivers/zip/Simple8BitZipEncoding.java: org.apache.commons.compress.archivers.zip.Simple8BitZipEncoding.decode: computed 0 unit tests
src/main/java/org/apache/commons/compress/archivers/zip/Simple8BitZipEncoding.java: org.apache.commons.compress.archivers.zip.Simple8BitZipEncoding.decode: found 1 problems
src/main/java/org/apache/commons/compress/archivers/zip/Simple8BitZipEncoding.java: internal error: org.apache.commons.compress.archivers.zip.Simple8BitZipEncoding.decode: unknown type kind
	data: [==(select(VariableReference(@m_0, pointer(struct(org/apache/commons/compress/archivers/zip/Simple8BitZipEncoding, [], [pointer(reference(java/lang/Object))], [reference(org/apache/commons/compress/archivers/zip/ZipEncoding)])), @m_0_0), highChars), nil) array(primitive(char, 16, true), primitive(int, 32, false), 0)]
src/main/java/org/apache/commons/compress/archivers/zip/Simple8BitZipEncoding.java: org.apache.commons.compress.archivers.zip.Simple8BitZipEncoding.encode: computing test cases
src/main/java/org/apache/commons/compress/archivers/zip/Simple8BitZipEncoding.java: org.apache.commons.compress.archivers.zip.Simple8BitZipEncoding.encode: computed 0 unit tests
src/main/java/org/apache/commons/compress/archivers/zip/Simple8BitZipEncoding.java: org.apache.commons.compress.archivers.zip.Simple8BitZipEncoding.encode: found 1 problems
src/main/java/org/apache/commons/compress/archivers/zip/Simple8BitZipEncoding.java: internal error: org.apache.commons.compress.archivers.zip.Simple8BitZipEncoding.encode: unknown type kind
	data: [==(select(VariableReference(@m_0, pointer(struct(org/apache/commons/compress/archivers/zip/Simple8BitZipEncoding, [], [pointer(reference(java/lang/Object))], [reference(org/apache/commons/compress/archivers/zip/ZipEncoding)])), @m_0_0), highChars), nil) array(primitive(char, 16, true), primitive(int, 32, false), 0)]
src/main/java/org/apache/commons/compress/archivers/zip/Simple8BitZipEncoding.java: org.apache.commons.compress.archivers.zip.Simple8BitZipEncoding.canEncodeChar: computing test cases
src/main/java/org/apache/commons/compress/archivers/zip/Simple8BitZipEncoding.java: org.apache.commons.compress.archivers.zip.Simple8BitZipEncoding.canEncodeChar: computed 0 unit tests
src/main/java/org/apache/commons/compress/archivers/zip/Simple8BitZipEncoding.java: org.apache.commons.compress.archivers.zip.Simple8BitZipEncoding.canEncodeChar: found 1 problems
src/main/java/org/apache/commons/compress/archivers/zip/Simple8BitZipEncoding.java: internal error: org.apache.commons.compress.archivers.zip.Simple8BitZipEncoding.canEncodeChar: unknown type kind
	data: [==(select(VariableReference(@m_0, pointer(struct(org/apache/commons/compress/archivers/zip/Simple8BitZipEncoding, [], [pointer(reference(java/lang/Object))], [reference(org/apache/commons/compress/archivers/zip/ZipEncoding)])), @m_0_0), highChars), nil) array(primitive(char, 16, true), primitive(int, 32, false), 0)]
src/main/java/org/apache/commons/compress/archivers/zip/Simple8BitZipEncoding.java: org.apache.commons.compress.archivers.zip.Simple8BitZipEncoding.Simple8BitZipEncoding: computing test cases
src/main/java/org/apache/commons/compress/archivers/zip/Simple8BitZipEncoding.java: org.apache.commons.compress.archivers.zip.Simple8BitZipEncoding.Simple8BitZipEncoding: computed 0 unit tests
src/main/java/org/apache/commons/compress/archivers/zip/Simple8BitZipEncoding.java: org.apache.commons.compress.archivers.zip.Simple8BitZipEncoding.Simple8BitZipEncoding: found 0 problems
src/main/java/org/apache/commons/compress/archivers/zip/Simple8BitZipEncoding.java: org.apache.commons.compress.archivers.zip.Simple8BitZipEncoding.canEncode: computing test cases
src/main/java/org/apache/commons/compress/archivers/zip/Simple8BitZipEncoding.java: org.apache.commons.compress.archivers.zip.Simple8BitZipEncoding.canEncode: computed 0 unit tests
src/main/java/org/apache/commons/compress/archivers/zip/Simple8BitZipEncoding.java: org.apache.commons.compress.archivers.zip.Simple8BitZipEncoding.canEncode: found 1 problems
src/main/java/org/apache/commons/compress/archivers/zip/Simple8BitZipEncoding.java: internal error: org.apache.commons.compress.archivers.zip.Simple8BitZipEncoding.canEncode: unknown type kind
	data: [==(select(VariableReference(@m_0, pointer(struct(org/apache/commons/compress/archivers/zip/Simple8BitZipEncoding, [], [pointer(reference(java/lang/Object))], [reference(org/apache/commons/compress/archivers/zip/ZipEncoding)])), @m_0_0), highChars), nil) array(primitive(char, 16, true), primitive(int, 32, false), 0)]
src/main/java/org/apache/commons/compress/archivers/zip/Simple8BitZipEncoding.java: org.apache.commons.compress.archivers.zip.Simple8BitZipEncoding.pushEncodedChar: computing test cases
src/main/java/org/apache/commons/compress/archivers/zip/Simple8BitZipEncoding.java: org.apache.commons.compress.archivers.zip.Simple8BitZipEncoding.pushEncodedChar: computed 0 unit tests
src/main/java/org/apache/commons/compress/archivers/zip/Simple8BitZipEncoding.java: org.apache.commons.compress.archivers.zip.Simple8BitZipEncoding.pushEncodedChar: found 1 problems
src/main/java/org/apache/commons/compress/archivers/zip/Simple8BitZipEncoding.java: internal error: org.apache.commons.compress.archivers.zip.Simple8BitZipEncoding.pushEncodedChar: unknown type kind
	data: [==(select(VariableReference(@m_0, pointer(struct(org/apache/commons/compress/archivers/zip/Simple8BitZipEncoding, [], [pointer(reference(java/lang/Object))], [reference(org/apache/commons/compress/archivers/zip/ZipEncoding)])), @m_0_0), highChars), nil) array(primitive(char, 16, true), primitive(int, 32, false), 0)]
src/main/java/org/apache/commons/compress/archivers/zip/Simple8BitZipEncoding.java: org.apache.commons.compress.archivers.zip.Simple8BitZipEncoding.decodeByte: computing test cases
src/main/java/org/apache/commons/compress/archivers/zip/Simple8BitZipEncoding.java: org.apache.commons.compress.archivers.zip.Simple8BitZipEncoding.decodeByte: computed 0 unit tests
src/main/java/org/apache/commons/compress/archivers/zip/Simple8BitZipEncoding.java: org.apache.commons.compress.archivers.zip.Simple8BitZipEncoding.decodeByte: found 1 problems
src/main/java/org/apache/commons/compress/archivers/zip/Simple8BitZipEncoding.java: internal error: org.apache.commons.compress.archivers.zip.Simple8BitZipEncoding.decodeByte: unknown type kind
	data: [==(select(VariableReference(@m_0, pointer(struct(org/apache/commons/compress/archivers/zip/Simple8BitZipEncoding, [], [pointer(reference(java/lang/Object))], [reference(org/apache/commons/compress/archivers/zip/ZipEncoding)])), @m_0_0), highChars), nil) array(primitive(char, 16, true), primitive(int, 32, false), 0)]
src/main/java/org/apache/commons/compress/archivers/dump/DumpArchiveConstants.java: org.apache.commons.compress.archivers.dump.DumpArchiveConstants.@@COMPRESSION_TYPE.find: computing test cases
src/main/java/org/apache/commons/compress/archivers/dump/DumpArchiveConstants.java: org.apache.commons.compress.archivers.dump.DumpArchiveConstants.@@COMPRESSION_TYPE.find: computed 4 unit tests
src/main/java/org/apache/commons/compress/archivers/dump/DumpArchiveConstants.java: org.apache.commons.compress.archivers.dump.DumpArchiveConstants.@@COMPRESSION_TYPE.find: found 0 problems
src/main/java/org/apache/commons/compress/archivers/dump/DumpArchiveConstants.java: org.apache.commons.compress.archivers.dump.DumpArchiveConstants.@@SEGMENT_TYPE.find: computing test cases
src/main/java/org/apache/commons/compress/archivers/dump/DumpArchiveConstants.java: org.apache.commons.compress.archivers.dump.DumpArchiveConstants.@@SEGMENT_TYPE.find: computed 7 unit tests
src/main/java/org/apache/commons/compress/archivers/dump/DumpArchiveConstants.java: org.apache.commons.compress.archivers.dump.DumpArchiveConstants.@@SEGMENT_TYPE.find: found 0 problems
src/main/java/org/apache/commons/compress/archivers/zip/AsiExtraField.java: org.apache.commons.compress.archivers.zip.AsiExtraField.setUserId: computing test cases
src/main/java/org/apache/commons/compress/archivers/zip/AsiExtraField.java: org.apache.commons.compress.archivers.zip.AsiExtraField.setUserId: found 1 problems
src/main/java/org/apache/commons/compress/archivers/zip/AsiExtraField.java: internal error: org.apache.commons.compress.archivers.zip.AsiExtraField.setUserId: unknown type kind
	data: unsupported(java/util/zip/CRC32)
src/main/java/org/apache/commons/compress/archivers/zip/AsiExtraField.java: org.apache.commons.compress.archivers.zip.AsiExtraField.getHeaderId: computing test cases
src/main/java/org/apache/commons/compress/archivers/zip/AsiExtraField.java: org.apache.commons.compress.archivers.zip.AsiExtraField.getHeaderId: found 1 problems
src/main/java/org/apache/commons/compress/archivers/zip/AsiExtraField.java: internal error: org.apache.commons.compress.archivers.zip.AsiExtraField.getHeaderId: unknown type kind
	data: unsupported(java/util/zip/CRC32)
src/main/java/org/apache/commons/compress/archivers/zip/AsiExtraField.java: org.apache.commons.compress.archivers.zip.AsiExtraField.parseFromCentralDirectoryData: computing test cases
src/main/java/org/apache/commons/compress/archivers/zip/AsiExtraField.java: org.apache.commons.compress.archivers.zip.AsiExtraField.parseFromCentralDirectoryData: found 1 problems
src/main/java/org/apache/commons/compress/archivers/zip/AsiExtraField.java: internal error: org.apache.commons.compress.archivers.zip.AsiExtraField.parseFromCentralDirectoryData: unknown type kind
	data: unsupported(java/util/zip/CRC32)
src/main/java/org/apache/commons/compress/archivers/zip/AsiExtraField.java: org.apache.commons.compress.archivers.zip.AsiExtraField.getCentralDirectoryData: computing test cases
src/main/java/org/apache/commons/compress/archivers/zip/AsiExtraField.java: org.apache.commons.compress.archivers.zip.AsiExtraField.getCentralDirectoryData: found 1 problems
src/main/java/org/apache/commons/compress/archivers/zip/AsiExtraField.java: internal error: org.apache.commons.compress.archivers.zip.AsiExtraField.getCentralDirectoryData: unknown type kind
	data: unsupported(java/util/zip/CRC32)
src/main/java/org/apache/commons/compress/archivers/zip/AsiExtraField.java: org.apache.commons.compress.archivers.zip.AsiExtraField.setMode: computing test cases
src/main/java/org/apache/commons/compress/archivers/zip/AsiExtraField.java: org.apache.commons.compress.archivers.zip.AsiExtraField.setMode: found 1 problems
src/main/java/org/apache/commons/compress/archivers/zip/AsiExtraField.java: internal error: org.apache.commons.compress.archivers.zip.AsiExtraField.setMode: unknown type kind
	data: unsupported(java/util/zip/CRC32)
src/main/java/org/apache/commons/compress/archivers/zip/AsiExtraField.java: org.apache.commons.compress.archivers.zip.AsiExtraField.clone: computing test cases
src/main/java/org/apache/commons/compress/archivers/zip/AsiExtraField.java: org.apache.commons.compress.archivers.zip.AsiExtraField.clone: found 1 problems
src/main/java/org/apache/commons/compress/archivers/zip/AsiExtraField.java: internal error: org.apache.commons.compress.archivers.zip.AsiExtraField.clone: unknown type kind
	data: unsupported(java/util/zip/CRC32)
src/main/java/org/apache/commons/compress/archivers/zip/AsiExtraField.java: org.apache.commons.compress.archivers.zip.AsiExtraField.isLink: computing test cases
src/main/java/org/apache/commons/compress/archivers/zip/AsiExtraField.java: org.apache.commons.compress.archivers.zip.AsiExtraField.isLink: found 1 problems
src/main/java/org/apache/commons/compress/archivers/zip/AsiExtraField.java: internal error: org.apache.commons.compress.archivers.zip.AsiExtraField.isLink: unknown type kind
	data: unsupported(java/util/zip/CRC32)
src/main/java/org/apache/commons/compress/archivers/zip/AsiExtraField.java: org.apache.commons.compress.archivers.zip.AsiExtraField.setDirectory: computing test cases
src/main/java/org/apache/commons/compress/archivers/zip/AsiExtraField.java: org.apache.commons.compress.archivers.zip.AsiExtraField.setDirectory: found 1 problems
src/main/java/org/apache/commons/compress/archivers/zip/AsiExtraField.java: internal error: org.apache.commons.compress.archivers.zip.AsiExtraField.setDirectory: unknown type kind
	data: unsupported(java/util/zip/CRC32)
src/main/java/org/apache/commons/compress/archivers/zip/AsiExtraField.java: org.apache.commons.compress.archivers.zip.AsiExtraField.getLocalFileDataData: computing test cases
src/main/java/org/apache/commons/compress/archivers/zip/AsiExtraField.java: org.apache.commons.compress.archivers.zip.AsiExtraField.getLocalFileDataData: found 1 problems
src/main/java/org/apache/commons/compress/archivers/zip/AsiExtraField.java: internal error: org.apache.commons.compress.archivers.zip.AsiExtraField.getLocalFileDataData: unknown type kind
	data: unsupported(java/util/zip/CRC32)
src/main/java/org/apache/commons/compress/archivers/zip/AsiExtraField.java: org.apache.commons.compress.archivers.zip.AsiExtraField.getGroupId: computing test cases
src/main/java/org/apache/commons/compress/archivers/zip/AsiExtraField.java: org.apache.commons.compress.archivers.zip.AsiExtraField.getGroupId: found 1 problems
src/main/java/org/apache/commons/compress/archivers/zip/AsiExtraField.java: internal error: org.apache.commons.compress.archivers.zip.AsiExtraField.getGroupId: unknown type kind
	data: unsupported(java/util/zip/CRC32)
src/main/java/org/apache/commons/compress/archivers/zip/AsiExtraField.java: org.apache.commons.compress.archivers.zip.AsiExtraField.setGroupId: computing test cases
src/main/java/org/apache/commons/compress/archivers/zip/AsiExtraField.java: org.apache.commons.compress.archivers.zip.AsiExtraField.setGroupId: found 1 problems
src/main/java/org/apache/commons/compress/archivers/zip/AsiExtraField.java: internal error: org.apache.commons.compress.archivers.zip.AsiExtraField.setGroupId: unknown type kind
	data: unsupported(java/util/zip/CRC32)
src/main/java/org/apache/commons/compress/archivers/zip/AsiExtraField.java: org.apache.commons.compress.archivers.zip.AsiExtraField.getCentralDirectoryLength: computing test cases
src/main/java/org/apache/commons/compress/archivers/zip/AsiExtraField.java: org.apache.commons.compress.archivers.zip.AsiExtraField.getCentralDirectoryLength: found 1 problems
src/main/java/org/apache/commons/compress/archivers/zip/AsiExtraField.java: internal error: org.apache.commons.compress.archivers.zip.AsiExtraField.getCentralDirectoryLength: unknown type kind
	data: unsupported(java/util/zip/CRC32)
src/main/java/org/apache/commons/compress/archivers/zip/AsiExtraField.java: org.apache.commons.compress.archivers.zip.AsiExtraField.getMode: computing test cases
src/main/java/org/apache/commons/compress/archivers/zip/AsiExtraField.java: org.apache.commons.compress.archivers.zip.AsiExtraField.getMode: found 1 problems
src/main/java/org/apache/commons/compress/archivers/zip/AsiExtraField.java: internal error: org.apache.commons.compress.archivers.zip.AsiExtraField.getMode: unknown type kind
	data: unsupported(java/util/zip/CRC32)
src/main/java/org/apache/commons/compress/archivers/zip/AsiExtraField.java: org.apache.commons.compress.archivers.zip.AsiExtraField.AsiExtraField: computing test cases
src/main/java/org/apache/commons/compress/archivers/zip/AsiExtraField.java: org.apache.commons.compress.archivers.zip.AsiExtraField.AsiExtraField: found 1 problems
src/main/java/org/apache/commons/compress/archivers/zip/AsiExtraField.java: internal error: org.apache.commons.compress.archivers.zip.AsiExtraField.AsiExtraField: unknown type kind
	data: unsupported(java/util/zip/CRC32)
src/main/java/org/apache/commons/compress/archivers/zip/AsiExtraField.java: org.apache.commons.compress.archivers.zip.AsiExtraField.parseFromLocalFileData: computing test cases
src/main/java/org/apache/commons/compress/archivers/zip/AsiExtraField.java: org.apache.commons.compress.archivers.zip.AsiExtraField.parseFromLocalFileData: found 1 problems
src/main/java/org/apache/commons/compress/archivers/zip/AsiExtraField.java: internal error: org.apache.commons.compress.archivers.zip.AsiExtraField.parseFromLocalFileData: unknown type kind
	data: unsupported(java/util/zip/CRC32)
src/main/java/org/apache/commons/compress/archivers/zip/AsiExtraField.java: org.apache.commons.compress.archivers.zip.AsiExtraField.getLocalFileDataLength: computing test cases
src/main/java/org/apache/commons/compress/archivers/zip/AsiExtraField.java: org.apache.commons.compress.archivers.zip.AsiExtraField.getLocalFileDataLength: found 1 problems
src/main/java/org/apache/commons/compress/archivers/zip/AsiExtraField.java: internal error: org.apache.commons.compress.archivers.zip.AsiExtraField.getLocalFileDataLength: unknown type kind
	data: unsupported(java/util/zip/CRC32)
src/main/java/org/apache/commons/compress/archivers/zip/AsiExtraField.java: org.apache.commons.compress.archivers.zip.AsiExtraField.getMode: computing test cases
src/main/java/org/apache/commons/compress/archivers/zip/AsiExtraField.java: org.apache.commons.compress.archivers.zip.AsiExtraField.getMode: found 1 problems
src/main/java/org/apache/commons/compress/archivers/zip/AsiExtraField.java: internal error: org.apache.commons.compress.archivers.zip.AsiExtraField.getMode: unknown type kind
	data: unsupported(java/util/zip/CRC32)
src/main/java/org/apache/commons/compress/archivers/zip/AsiExtraField.java: org.apache.commons.compress.archivers.zip.AsiExtraField.isDirectory: computing test cases
src/main/java/org/apache/commons/compress/archivers/zip/AsiExtraField.java: org.apache.commons.compress.archivers.zip.AsiExtraField.isDirectory: found 1 problems
src/main/java/org/apache/commons/compress/archivers/zip/AsiExtraField.java: internal error: org.apache.commons.compress.archivers.zip.AsiExtraField.isDirectory: unknown type kind
	data: unsupported(java/util/zip/CRC32)
src/main/java/org/apache/commons/compress/archivers/zip/AsiExtraField.java: org.apache.commons.compress.archivers.zip.AsiExtraField.getUserId: computing test cases
src/main/java/org/apache/commons/compress/archivers/zip/AsiExtraField.java: org.apache.commons.compress.archivers.zip.AsiExtraField.getUserId: found 1 problems
src/main/java/org/apache/commons/compress/archivers/zip/AsiExtraField.java: internal error: org.apache.commons.compress.archivers.zip.AsiExtraField.getUserId: unknown type kind
	data: unsupported(java/util/zip/CRC32)
src/main/java/org/apache/commons/compress/archivers/zip/AsiExtraField.java: org.apache.commons.compress.archivers.zip.AsiExtraField.getLinkedFile: computing test cases
src/main/java/org/apache/commons/compress/archivers/zip/AsiExtraField.java: org.apache.commons.compress.archivers.zip.AsiExtraField.getLinkedFile: found 1 problems
src/main/java/org/apache/commons/compress/archivers/zip/AsiExtraField.java: internal error: org.apache.commons.compress.archivers.zip.AsiExtraField.getLinkedFile: unknown type kind
	data: unsupported(java/util/zip/CRC32)
src/main/java/org/apache/commons/compress/archivers/zip/AsiExtraField.java: org.apache.commons.compress.archivers.zip.AsiExtraField.setLinkedFile: computing test cases
src/main/java/org/apache/commons/compress/archivers/zip/AsiExtraField.java: org.apache.commons.compress.archivers.zip.AsiExtraField.setLinkedFile: found 1 problems
src/main/java/org/apache/commons/compress/archivers/zip/AsiExtraField.java: internal error: org.apache.commons.compress.archivers.zip.AsiExtraField.setLinkedFile: unknown type kind
	data: unsupported(java/util/zip/CRC32)
src/main/java/org/apache/commons/compress/archivers/zip/UnrecognizedExtraField.java: org.apache.commons.compress.archivers.zip.UnrecognizedExtraField.getLocalFileDataLength: computing test cases
src/main/java/org/apache/commons/compress/archivers/zip/UnrecognizedExtraField.java: org.apache.commons.compress.archivers.zip.UnrecognizedExtraField.getLocalFileDataLength: computed 2 unit tests
src/main/java/org/apache/commons/compress/archivers/zip/UnrecognizedExtraField.java: org.apache.commons.compress.archivers.zip.UnrecognizedExtraField.getLocalFileDataLength: found 0 problems
src/main/java/org/apache/commons/compress/archivers/zip/UnrecognizedExtraField.java: org.apache.commons.compress.archivers.zip.UnrecognizedExtraField.setCentralDirectoryData: computing test cases
src/main/java/org/apache/commons/compress/archivers/zip/UnrecognizedExtraField.java: org.apache.commons.compress.archivers.zip.UnrecognizedExtraField.setCentralDirectoryData: computed 0 unit tests
src/main/java/org/apache/commons/compress/archivers/zip/UnrecognizedExtraField.java: org.apache.commons.compress.archivers.zip.UnrecognizedExtraField.setCentralDirectoryData: found 1 problems
src/main/java/org/apache/commons/compress/archivers/zip/UnrecognizedExtraField.java: internal error: org.apache.commons.compress.archivers.zip.UnrecognizedExtraField.setCentralDirectoryData: malformed data
src/main/java/org/apache/commons/compress/archivers/zip/UnrecognizedExtraField.java: org.apache.commons.compress.archivers.zip.UnrecognizedExtraField.setHeaderId: computing test cases
src/main/java/org/apache/commons/compress/archivers/zip/UnrecognizedExtraField.java: org.apache.commons.compress.archivers.zip.UnrecognizedExtraField.setHeaderId: computed 1 unit tests
src/main/java/org/apache/commons/compress/archivers/zip/UnrecognizedExtraField.java: org.apache.commons.compress.archivers.zip.UnrecognizedExtraField.setHeaderId: found 0 problems
src/main/java/org/apache/commons/compress/archivers/zip/UnrecognizedExtraField.java: org.apache.commons.compress.archivers.zip.UnrecognizedExtraField.setLocalFileDataData: computing test cases
src/main/java/org/apache/commons/compress/archivers/zip/UnrecognizedExtraField.java: org.apache.commons.compress.archivers.zip.UnrecognizedExtraField.setLocalFileDataData: computed 0 unit tests
src/main/java/org/apache/commons/compress/archivers/zip/UnrecognizedExtraField.java: org.apache.commons.compress.archivers.zip.UnrecognizedExtraField.setLocalFileDataData: found 1 problems
src/main/java/org/apache/commons/compress/archivers/zip/UnrecognizedExtraField.java: internal error: org.apache.commons.compress.archivers.zip.UnrecognizedExtraField.setLocalFileDataData: malformed data
src/main/java/org/apache/commons/compress/archivers/zip/UnrecognizedExtraField.java: org.apache.commons.compress.archivers.zip.UnrecognizedExtraField.getHeaderId: computing test cases
src/main/java/org/apache/commons/compress/archivers/zip/UnrecognizedExtraField.java: org.apache.commons.compress.archivers.zip.UnrecognizedExtraField.getHeaderId: computed 1 unit tests
src/main/java/org/apache/commons/compress/archivers/zip/UnrecognizedExtraField.java: org.apache.commons.compress.archivers.zip.UnrecognizedExtraField.getHeaderId: found 0 problems
src/main/java/org/apache/commons/compress/archivers/zip/UnrecognizedExtraField.java: org.apache.commons.compress.archivers.zip.UnrecognizedExtraField.parseFromLocalFileData: computing test cases
src/main/java/org/apache/commons/compress/archivers/zip/UnrecognizedExtraField.java: org.apache.commons.compress.archivers.zip.UnrecognizedExtraField.parseFromLocalFileData: computed 0 unit tests
src/main/java/org/apache/commons/compress/archivers/zip/UnrecognizedExtraField.java: org.apache.commons.compress.archivers.zip.UnrecognizedExtraField.parseFromLocalFileData: found 1 problems
src/main/java/org/apache/commons/compress/archivers/zip/UnrecognizedExtraField.java: internal error: org.apache.commons.compress.archivers.zip.UnrecognizedExtraField.parseFromLocalFileData: malformed data
src/main/java/org/apache/commons/compress/archivers/zip/UnrecognizedExtraField.java: org.apache.commons.compress.archivers.zip.UnrecognizedExtraField.getCentralDirectoryLength: computing test cases
src/main/java/org/apache/commons/compress/archivers/zip/UnrecognizedExtraField.java: org.apache.commons.compress.archivers.zip.UnrecognizedExtraField.getCentralDirectoryLength: computed 2 unit tests
src/main/java/org/apache/commons/compress/archivers/zip/UnrecognizedExtraField.java: org.apache.commons.compress.archivers.zip.UnrecognizedExtraField.getCentralDirectoryLength: found 0 problems
src/main/java/org/apache/commons/compress/archivers/zip/UnrecognizedExtraField.java: org.apache.commons.compress.archivers.zip.UnrecognizedExtraField.parseFromCentralDirectoryData: computing test cases
src/main/java/org/apache/commons/compress/archivers/zip/UnrecognizedExtraField.java: org.apache.commons.compress.archivers.zip.UnrecognizedExtraField.parseFromCentralDirectoryData: computed 0 unit tests
src/main/java/org/apache/commons/compress/archivers/zip/UnrecognizedExtraField.java: org.apache.commons.compress.archivers.zip.UnrecognizedExtraField.parseFromCentralDirectoryData: found 1 problems
src/main/java/org/apache/commons/compress/archivers/zip/UnrecognizedExtraField.java: internal error: org.apache.commons.compress.archivers.zip.UnrecognizedExtraField.parseFromCentralDirectoryData: malformed data
src/main/java/org/apache/commons/compress/archivers/zip/UnrecognizedExtraField.java: org.apache.commons.compress.archivers.zip.UnrecognizedExtraField.getLocalFileDataData: computing test cases
src/main/java/org/apache/commons/compress/archivers/zip/UnrecognizedExtraField.java: org.apache.commons.compress.archivers.zip.UnrecognizedExtraField.getLocalFileDataData: computed 0 unit tests
src/main/java/org/apache/commons/compress/archivers/zip/UnrecognizedExtraField.java: org.apache.commons.compress.archivers.zip.UnrecognizedExtraField.getLocalFileDataData: found 1 problems
src/main/java/org/apache/commons/compress/archivers/zip/UnrecognizedExtraField.java: internal error: org.apache.commons.compress.archivers.zip.UnrecognizedExtraField.getLocalFileDataData: malformed data
src/main/java/org/apache/commons/compress/archivers/zip/UnrecognizedExtraField.java: org.apache.commons.compress.archivers.zip.UnrecognizedExtraField.getCentralDirectoryData: computing test cases
src/main/java/org/apache/commons/compress/archivers/zip/UnrecognizedExtraField.java: org.apache.commons.compress.archivers.zip.UnrecognizedExtraField.getCentralDirectoryData: computed 0 unit tests
src/main/java/org/apache/commons/compress/archivers/zip/UnrecognizedExtraField.java: org.apache.commons.compress.archivers.zip.UnrecognizedExtraField.getCentralDirectoryData: found 1 problems
src/main/java/org/apache/commons/compress/archivers/zip/UnrecognizedExtraField.java: internal error: org.apache.commons.compress.archivers.zip.UnrecognizedExtraField.getCentralDirectoryData: malformed data
src/main/java/org/apache/commons/compress/archivers/zip/CircularBuffer.java: org.apache.commons.compress.archivers.zip.CircularBuffer.copy: computing test cases
src/main/java/org/apache/commons/compress/archivers/zip/CircularBuffer.java: org.apache.commons.compress.archivers.zip.CircularBuffer.copy: computed 0 unit tests
src/main/java/org/apache/commons/compress/archivers/zip/CircularBuffer.java: org.apache.commons.compress.archivers.zip.CircularBuffer.copy: found 1 problems
src/main/java/org/apache/commons/compress/archivers/zip/CircularBuffer.java: internal error: org.apache.commons.compress.archivers.zip.CircularBuffer.copy: unknown type kind
	data: [==(select(VariableReference(@m_0, pointer(struct(org/apache/commons/compress/archivers/zip/CircularBuffer, [], [pointer(reference(java/lang/Object))], [])), @m_0_0), buffer), nil) array(primitive(int, 8, false), primitive(int, 32, false), 0)]
src/main/java/org/apache/commons/compress/archivers/zip/CircularBuffer.java: org.apache.commons.compress.archivers.zip.CircularBuffer.available: computing test cases
src/main/java/org/apache/commons/compress/archivers/zip/CircularBuffer.java: org.apache.commons.compress.archivers.zip.CircularBuffer.available: computed 0 unit tests
src/main/java/org/apache/commons/compress/archivers/zip/CircularBuffer.java: org.apache.commons.compress.archivers.zip.CircularBuffer.available: found 1 problems
src/main/java/org/apache/commons/compress/archivers/zip/CircularBuffer.java: internal error: org.apache.commons.compress.archivers.zip.CircularBuffer.available: unknown type kind
	data: [==(select(VariableReference(@m_0, pointer(struct(org/apache/commons/compress/archivers/zip/CircularBuffer, [], [pointer(reference(java/lang/Object))], [])), @m_0_0), buffer), nil) array(primitive(int, 8, false), primitive(int, 32, false), 0)]
src/main/java/org/apache/commons/compress/archivers/zip/CircularBuffer.java: org.apache.commons.compress.archivers.zip.CircularBuffer.put: computing test cases
src/main/java/org/apache/commons/compress/archivers/zip/CircularBuffer.java: org.apache.commons.compress.archivers.zip.CircularBuffer.put: computed 0 unit tests
src/main/java/org/apache/commons/compress/archivers/zip/CircularBuffer.java: org.apache.commons.compress.archivers.zip.CircularBuffer.put: found 1 problems
src/main/java/org/apache/commons/compress/archivers/zip/CircularBuffer.java: internal error: org.apache.commons.compress.archivers.zip.CircularBuffer.put: unknown type kind
	data: [==(select(VariableReference(@m_0, pointer(struct(org/apache/commons/compress/archivers/zip/CircularBuffer, [], [pointer(reference(java/lang/Object))], [])), @m_0_0), buffer), nil) array(primitive(int, 8, false), primitive(int, 32, false), 0)]
src/main/java/org/apache/commons/compress/archivers/zip/CircularBuffer.java: org.apache.commons.compress.archivers.zip.CircularBuffer.get: computing test cases
src/main/java/org/apache/commons/compress/archivers/zip/CircularBuffer.java: org.apache.commons.compress.archivers.zip.CircularBuffer.get: computed 0 unit tests
src/main/java/org/apache/commons/compress/archivers/zip/CircularBuffer.java: org.apache.commons.compress.archivers.zip.CircularBuffer.get: found 1 problems
src/main/java/org/apache/commons/compress/archivers/zip/CircularBuffer.java: internal error: org.apache.commons.compress.archivers.zip.CircularBuffer.get: unknown type kind
	data: [==(select(VariableReference(@m_0, pointer(struct(org/apache/commons/compress/archivers/zip/CircularBuffer, [], [pointer(reference(java/lang/Object))], [])), @m_0_0), buffer), nil) array(primitive(int, 8, false), primitive(int, 32, false), 0)]
src/main/java/org/apache/commons/compress/archivers/zip/CircularBuffer.java: org.apache.commons.compress.archivers.zip.CircularBuffer.CircularBuffer: computing test cases
src/main/java/org/apache/commons/compress/archivers/zip/CircularBuffer.java: org.apache.commons.compress.archivers.zip.CircularBuffer.CircularBuffer: computed 2 unit tests
src/main/java/org/apache/commons/compress/archivers/zip/CircularBuffer.java: org.apache.commons.compress.archivers.zip.CircularBuffer.CircularBuffer: found 1 problems
src/main/java/org/apache/commons/compress/archivers/zip/CircularBuffer.java:44:18: critical: org.apache.commons.compress.archivers.zip.CircularBuffer.CircularBuffer: uncaught NegativeArraySizeException
src/main/java/org/apache/commons/compress/archivers/zip/ExplodingInputStream.java: org.apache.commons.compress.archivers.zip.ExplodingInputStream.ExplodingInputStream: computing test cases
src/main/java/org/apache/commons/compress/archivers/zip/ExplodingInputStream.java: org.apache.commons.compress.archivers.zip.ExplodingInputStream.ExplodingInputStream: computed 0 unit tests
src/main/java/org/apache/commons/compress/archivers/zip/ExplodingInputStream.java: org.apache.commons.compress.archivers.zip.ExplodingInputStream.ExplodingInputStream: found 0 problems
src/main/java/org/apache/commons/compress/archivers/zip/ExplodingInputStream.java: org.apache.commons.compress.archivers.zip.ExplodingInputStream.read: computing test cases
src/main/java/org/apache/commons/compress/archivers/zip/ExplodingInputStream.java: org.apache.commons.compress.archivers.zip.ExplodingInputStream.read: computed 1 unit tests
src/main/java/org/apache/commons/compress/archivers/zip/ExplodingInputStream.java: org.apache.commons.compress.archivers.zip.ExplodingInputStream.read: found 1 problems
src/main/java/org/apache/commons/compress/archivers/zip/ExplodingInputStream.java:106:14: critical: org.apache.commons.compress.archivers.zip.ExplodingInputStream.read: uncaught java.lang.NullPointerException
src/main/java/org/apache/commons/compress/archivers/zip/ZipArchiveEntry.java: org.apache.commons.compress.archivers.zip.ZipArchiveEntry.getCentralDirectoryExtra: computing test cases
src/main/java/org/apache/commons/compress/archivers/zip/ZipArchiveEntry.java: org.apache.commons.compress.archivers.zip.ZipArchiveEntry.getCentralDirectoryExtra: computed 0 unit tests
src/main/java/org/apache/commons/compress/archivers/zip/ZipArchiveEntry.java: org.apache.commons.compress.archivers.zip.ZipArchiveEntry.getCentralDirectoryExtra: found 0 problems
src/main/java/org/apache/commons/compress/archivers/zip/ZipArchiveEntry.java: org.apache.commons.compress.archivers.zip.ZipArchiveEntry.isUnixSymlink: computing test cases
src/main/java/org/apache/commons/compress/archivers/zip/ZipArchiveEntry.java: org.apache.commons.compress.archivers.zip.ZipArchiveEntry.isUnixSymlink: computed 3 unit tests
src/main/java/org/apache/commons/compress/archivers/zip/ZipArchiveEntry.java: org.apache.commons.compress.archivers.zip.ZipArchiveEntry.isUnixSymlink: found 0 problems
src/main/java/org/apache/commons/compress/archivers/zip/ZipArchiveEntry.java: org.apache.commons.compress.archivers.zip.ZipArchiveEntry.clone: computing test cases
src/main/java/org/apache/commons/compress/archivers/zip/ZipArchiveEntry.java: org.apache.commons.compress.archivers.zip.ZipArchiveEntry.clone: computed 0 unit tests
src/main/java/org/apache/commons/compress/archivers/zip/ZipArchiveEntry.java: org.apache.commons.compress.archivers.zip.ZipArchiveEntry.getExtraFields: computing test cases
src/main/java/org/apache/commons/compress/archivers/zip/ZipArchiveEntry.java: org.apache.commons.compress.archivers.zip.ZipArchiveEntry.getExtraFields: computed 0 unit tests
src/main/java/org/apache/commons/compress/archivers/zip/ZipArchiveEntry.java: org.apache.commons.compress.archivers.zip.ZipArchiveEntry.getExtraFields: found 0 problems
src/main/java/org/apache/commons/compress/archivers/zip/ZipArchiveEntry.java: org.apache.commons.compress.archivers.zip.ZipArchiveEntry.setSize: computing test cases
src/main/java/org/apache/commons/compress/archivers/zip/ZipArchiveEntry.java: org.apache.commons.compress.archivers.zip.ZipArchiveEntry.setSize: computed 2 unit tests
src/main/java/org/apache/commons/compress/archivers/zip/ZipArchiveEntry.java: org.apache.commons.compress.archivers.zip.ZipArchiveEntry.setSize: found 1 problems
src/main/java/org/apache/commons/compress/archivers/zip/ZipArchiveEntry.java:616:13: critical: org.apache.commons.compress.archivers.zip.ZipArchiveEntry.setSize: uncaught java.lang.IllegalArgumentException
src/main/java/org/apache/commons/compress/archivers/zip/ZipArchiveEntry.java: org.apache.commons.compress.archivers.zip.ZipArchiveEntry.getInternalAttributes: computing test cases
src/main/java/org/apache/commons/compress/archivers/zip/ZipArchiveEntry.java: org.apache.commons.compress.archivers.zip.ZipArchiveEntry.getInternalAttributes: computed 1 unit tests
src/main/java/org/apache/commons/compress/archivers/zip/ZipArchiveEntry.java: org.apache.commons.compress.archivers.zip.ZipArchiveEntry.getInternalAttributes: found 0 problems
src/main/java/org/apache/commons/compress/archivers/zip/ZipArchiveEntry.java: org.apache.commons.compress.archivers.zip.ZipArchiveEntry.getRawName: computing test cases
src/main/java/org/apache/commons/compress/archivers/zip/ZipArchiveEntry.java: org.apache.commons.compress.archivers.zip.ZipArchiveEntry.getRawName: computed 1 unit tests
src/main/java/org/apache/commons/compress/archivers/zip/ZipArchiveEntry.java: org.apache.commons.compress.archivers.zip.ZipArchiveEntry.getRawName: found 0 problems
src/main/java/org/apache/commons/compress/archivers/zip/ZipArchiveEntry.java: org.apache.commons.compress.archivers.zip.ZipArchiveEntry.getExtraField: computing test cases
src/main/java/org/apache/commons/compress/archivers/zip/ZipArchiveEntry.java: org.apache.commons.compress.archivers.zip.ZipArchiveEntry.getExtraField: computed 2 unit tests
src/main/java/org/apache/commons/compress/archivers/zip/ZipArchiveEntry.java: org.apache.commons.compress.archivers.zip.ZipArchiveEntry.getExtraField: found 1 problems
src/main/java/org/apache/commons/compress/archivers/zip/ZipArchiveEntry.java: internal error: org.apache.commons.compress.archivers.zip.ZipArchiveEntry.getExtraField: found errors: (error "line 427 column 19: unknown constant mkPointer (Bool (_ BitVec 32) Pointer) 
		declared: (declare-fun mkPointer (Bool (_ BitVec 32) Any) Pointer) ")
		sat
	
	data: ExecutionResult{StdOut:"(error \"line 427 column 19: unknown constant mkPointer (Bool (_ BitVec 32) Pointer) \ndeclared: (declare-fun mkPointer (Bool (_ BitVec 32) Any) Pointer) \")\nsat\n", ExitStatus:1, ResourceUsage{WallTime:34.573244ms, CPUTimeUser:30.108ms, CPUTimeSystem:4.301ms, MemoryUsage:195652}}
src/main/java/org/apache/commons/compress/archivers/zip/ZipArchiveEntry.java: org.apache.commons.compress.archivers.zip.ZipArchiveEntry.ZipArchiveEntry: computing test cases
src/main/java/org/apache/commons/compress/archivers/zip/ZipArchiveEntry.java: org.apache.commons.compress.archivers.zip.ZipArchiveEntry.ZipArchiveEntry: computed 0 unit tests
src/main/java/org/apache/commons/compress/archivers/zip/ZipArchiveEntry.java: org.apache.commons.compress.archivers.zip.ZipArchiveEntry.ZipArchiveEntry: found 0 problems
src/main/java/org/apache/commons/compress/archivers/zip/ZipArchiveEntry.java: org.apache.commons.compress.archivers.zip.ZipArchiveEntry.setExtra: computing test cases
src/main/java/org/apache/commons/compress/archivers/zip/ZipArchiveEntry.java: org.apache.commons.compress.archivers.zip.ZipArchiveEntry.setExtra: computed 0 unit tests
src/main/java/org/apache/commons/compress/archivers/zip/ZipArchiveEntry.java: org.apache.commons.compress.archivers.zip.ZipArchiveEntry.setExtra: found 0 problems
src/main/java/org/apache/commons/compress/archivers/zip/ZipArchiveEntry.java: org.apache.commons.compress.archivers.zip.ZipArchiveEntry.getExternalAttributes: computing test cases
src/main/java/org/apache/commons/compress/archivers/zip/ZipArchiveEntry.java: org.apache.commons.compress.archivers.zip.ZipArchiveEntry.getExternalAttributes: computed 1 unit tests
src/main/java/org/apache/commons/compress/archivers/zip/ZipArchiveEntry.java: org.apache.commons.compress.archivers.zip.ZipArchiveEntry.getExternalAttributes: found 0 problems
src/main/java/org/apache/commons/compress/archivers/zip/ZipArchiveEntry.java: org.apache.commons.compress.archivers.zip.ZipArchiveEntry.addAsFirstExtraField: computing test cases
src/main/java/org/apache/commons/compress/archivers/zip/ZipArchiveEntry.java: org.apache.commons.compress.archivers.zip.ZipArchiveEntry.addAsFirstExtraField: computed 0 unit tests
src/main/java/org/apache/commons/compress/archivers/zip/ZipArchiveEntry.java: org.apache.commons.compress.archivers.zip.ZipArchiveEntry.addAsFirstExtraField: found 1 problems
src/main/java/org/apache/commons/compress/archivers/zip/ZipArchiveEntry.java: unsupported: org.apache.commons.compress.archivers.zip.ZipArchiveEntry.addAsFirstExtraField: unsupported type
	data: struct(org/apache/commons/compress/archivers/zip/ZipExtraField, [], [pointer(reference(java/lang/Object))], [])
src/main/java/org/apache/commons/compress/archivers/zip/ZipArchiveEntry.java: org.apache.commons.compress.archivers.zip.ZipArchiveEntry.setMethod: computing test cases
src/main/java/org/apache/commons/compress/archivers/zip/ZipArchiveEntry.java: org.apache.commons.compress.archivers.zip.ZipArchiveEntry.setMethod: computed 2 unit tests
src/main/java/org/apache/commons/compress/archivers/zip/ZipArchiveEntry.java: org.apache.commons.compress.archivers.zip.ZipArchiveEntry.setMethod: found 1 problems
src/main/java/org/apache/commons/compress/archivers/zip/ZipArchiveEntry.java:210:13: critical: org.apache.commons.compress.archivers.zip.ZipArchiveEntry.setMethod: uncaught java.lang.IllegalArgumentException
src/main/java/org/apache/commons/compress/archivers/zip/ZipArchiveEntry.java: org.apache.commons.compress.archivers.zip.ZipArchiveEntry.setCentralDirectoryExtra: computing test cases
src/main/java/org/apache/commons/compress/archivers/zip/ZipArchiveEntry.java: org.apache.commons.compress.archivers.zip.ZipArchiveEntry.setCentralDirectoryExtra: computed 0 unit tests
src/main/java/org/apache/commons/compress/archivers/zip/ZipArchiveEntry.java: org.apache.commons.compress.archivers.zip.ZipArchiveEntry.setCentralDirectoryExtra: found 0 problems
src/main/java/org/apache/commons/compress/archivers/zip/ZipArchiveEntry.java: org.apache.commons.compress.archivers.zip.ZipArchiveEntry.setName: computing test cases
src/main/java/org/apache/commons/compress/archivers/zip/ZipArchiveEntry.java: org.apache.commons.compress.archivers.zip.ZipArchiveEntry.setName: computed 1 unit tests
src/main/java/org/apache/commons/compress/archivers/zip/ZipArchiveEntry.java: org.apache.commons.compress.archivers.zip.ZipArchiveEntry.setName: found 0 problems
src/main/java/org/apache/commons/compress/archivers/zip/ZipArchiveEntry.java: org.apache.commons.compress.archivers.zip.ZipArchiveEntry.addExtraField: computing test cases
src/main/java/org/apache/commons/compress/archivers/zip/ZipArchiveEntry.java: org.apache.commons.compress.archivers.zip.ZipArchiveEntry.addExtraField: computed 0 unit tests
src/main/java/org/apache/commons/compress/archivers/zip/ZipArchiveEntry.java: org.apache.commons.compress.archivers.zip.ZipArchiveEntry.addExtraField: found 1 problems
src/main/java/org/apache/commons/compress/archivers/zip/ZipArchiveEntry.java: unsupported: org.apache.commons.compress.archivers.zip.ZipArchiveEntry.addExtraField: unsupported type
	data: struct(org/apache/commons/compress/archivers/zip/ZipExtraField, [], [pointer(reference(java/lang/Object))], [])
src/main/java/org/apache/commons/compress/archivers/zip/ZipArchiveEntry.java: org.apache.commons.compress.archivers.zip.ZipArchiveEntry.getGeneralPurposeBit: computing test cases
src/main/java/org/apache/commons/compress/archivers/zip/ZipArchiveEntry.java: org.apache.commons.compress.archivers.zip.ZipArchiveEntry.getGeneralPurposeBit: computed 1 unit tests
src/main/java/org/apache/commons/compress/archivers/zip/ZipArchiveEntry.java: org.apache.commons.compress.archivers.zip.ZipArchiveEntry.getGeneralPurposeBit: found 0 problems
src/main/java/org/apache/commons/compress/archivers/zip/ZipArchiveEntry.java: org.apache.commons.compress.archivers.zip.ZipArchiveEntry.ZipArchiveEntry: computing test cases
src/main/java/org/apache/commons/compress/archivers/zip/ZipArchiveEntry.java: org.apache.commons.compress.archivers.zip.ZipArchiveEntry.ZipArchiveEntry: computed 0 unit tests
src/main/java/org/apache/commons/compress/archivers/zip/ZipArchiveEntry.java: org.apache.commons.compress.archivers.zip.ZipArchiveEntry.ZipArchiveEntry: found 0 problems
src/main/java/org/apache/commons/compress/archivers/zip/ZipArchiveEntry.java: org.apache.commons.compress.archivers.zip.ZipArchiveEntry.getLocalFileDataExtra: computing test cases
src/main/java/org/apache/commons/compress/archivers/zip/ZipArchiveEntry.java: org.apache.commons.compress.archivers.zip.ZipArchiveEntry.getLocalFileDataExtra: computed 0 unit tests
src/main/java/org/apache/commons/compress/archivers/zip/ZipArchiveEntry.java: org.apache.commons.compress.archivers.zip.ZipArchiveEntry.getLocalFileDataExtra: found 0 problems
src/main/java/org/apache/commons/compress/archivers/zip/ZipArchiveEntry.java: org.apache.commons.compress.archivers.zip.ZipArchiveEntry.ZipArchiveEntry: computing test cases
src/main/java/org/apache/commons/compress/archivers/zip/ZipArchiveEntry.java: org.apache.commons.compress.archivers.zip.ZipArchiveEntry.ZipArchiveEntry: computed 0 unit tests
src/main/java/org/apache/commons/compress/archivers/zip/ZipArchiveEntry.java: org.apache.commons.compress.archivers.zip.ZipArchiveEntry.ZipArchiveEntry: found 0 problems
src/main/java/org/apache/commons/compress/archivers/zip/ZipArchiveEntry.java: org.apache.commons.compress.archivers.zip.ZipArchiveEntry.setExternalAttributes: computing test cases
src/main/java/org/apache/commons/compress/archivers/zip/ZipArchiveEntry.java: org.apache.commons.compress.archivers.zip.ZipArchiveEntry.setExternalAttributes: computed 1 unit tests
src/main/java/org/apache/commons/compress/archivers/zip/ZipArchiveEntry.java: org.apache.commons.compress.archivers.zip.ZipArchiveEntry.setExternalAttributes: found 0 problems
src/main/java/org/apache/commons/compress/archivers/zip/ZipArchiveEntry.java: org.apache.commons.compress.archivers.zip.ZipArchiveEntry.hashCode: computing test cases
src/main/java/org/apache/commons/compress/archivers/zip/ZipArchiveEntry.java: org.apache.commons.compress.archivers.zip.ZipArchiveEntry.hashCode: computed 0 unit tests
src/main/java/org/apache/commons/compress/archivers/zip/ZipArchiveEntry.java: org.apache.commons.compress.archivers.zip.ZipArchiveEntry.hashCode: found 0 problems
src/main/java/org/apache/commons/compress/archivers/zip/ZipArchiveEntry.java: org.apache.commons.compress.archivers.zip.ZipArchiveEntry.equals: computing test cases
src/main/java/org/apache/commons/compress/archivers/zip/ZipArchiveEntry.java: org.apache.commons.compress.archivers.zip.ZipArchiveEntry.equals: computed 0 unit tests
src/main/java/org/apache/commons/compress/archivers/zip/ZipArchiveEntry.java: org.apache.commons.compress.archivers.zip.ZipArchiveEntry.removeExtraField: computing test cases
src/main/java/org/apache/commons/compress/archivers/zip/ZipArchiveEntry.java: org.apache.commons.compress.archivers.zip.ZipArchiveEntry.removeExtraField: computed 0 unit tests
src/main/java/org/apache/commons/compress/archivers/zip/ZipArchiveEntry.java: org.apache.commons.compress.archivers.zip.ZipArchiveEntry.getUnixMode: computing test cases
src/main/java/org/apache/commons/compress/archivers/zip/ZipArchiveEntry.java: org.apache.commons.compress.archivers.zip.ZipArchiveEntry.getUnixMode: computed 2 unit tests
src/main/java/org/apache/commons/compress/archivers/zip/ZipArchiveEntry.java: org.apache.commons.compress.archivers.zip.ZipArchiveEntry.getUnixMode: found 0 problems
src/main/java/org/apache/commons/compress/archivers/zip/ZipArchiveEntry.java: org.apache.commons.compress.archivers.zip.ZipArchiveEntry.getPlatform: computing test cases
src/main/java/org/apache/commons/compress/archivers/zip/ZipArchiveEntry.java: org.apache.commons.compress.archivers.zip.ZipArchiveEntry.getPlatform: computed 1 unit tests
src/main/java/org/apache/commons/compress/archivers/zip/ZipArchiveEntry.java: org.apache.commons.compress.archivers.zip.ZipArchiveEntry.getPlatform: found 0 problems
src/main/java/org/apache/commons/compress/archivers/zip/ZipArchiveEntry.java: org.apache.commons.compress.archivers.zip.ZipArchiveEntry.ZipArchiveEntry: computing test cases
src/main/java/org/apache/commons/compress/archivers/zip/ZipArchiveEntry.java: org.apache.commons.compress.archivers.zip.ZipArchiveEntry.ZipArchiveEntry: computed 0 unit tests
src/main/java/org/apache/commons/compress/archivers/zip/ZipArchiveEntry.java: org.apache.commons.compress.archivers.zip.ZipArchiveEntry.ZipArchiveEntry: found 0 problems
src/main/java/org/apache/commons/compress/archivers/zip/ZipArchiveEntry.java: org.apache.commons.compress.archivers.zip.ZipArchiveEntry.getMethod: computing test cases
src/main/java/org/apache/commons/compress/archivers/zip/ZipArchiveEntry.java: org.apache.commons.compress.archivers.zip.ZipArchiveEntry.getMethod: computed 1 unit tests
src/main/java/org/apache/commons/compress/archivers/zip/ZipArchiveEntry.java: org.apache.commons.compress.archivers.zip.ZipArchiveEntry.getMethod: found 0 problems
src/main/java/org/apache/commons/compress/archivers/zip/ZipArchiveEntry.java: org.apache.commons.compress.archivers.zip.ZipArchiveEntry.setInternalAttributes: computing test cases
src/main/java/org/apache/commons/compress/archivers/zip/ZipArchiveEntry.java: org.apache.commons.compress.archivers.zip.ZipArchiveEntry.setInternalAttributes: computed 1 unit tests
src/main/java/org/apache/commons/compress/archivers/zip/ZipArchiveEntry.java: org.apache.commons.compress.archivers.zip.ZipArchiveEntry.setInternalAttributes: found 0 problems
src/main/java/org/apache/commons/compress/archivers/zip/ZipArchiveEntry.java: org.apache.commons.compress.archivers.zip.ZipArchiveEntry.setUnixMode: computing test cases
src/main/java/org/apache/commons/compress/archivers/zip/ZipArchiveEntry.java: org.apache.commons.compress.archivers.zip.ZipArchiveEntry.setUnixMode: computed 0 unit tests
src/main/java/org/apache/commons/compress/archivers/zip/ZipArchiveEntry.java: org.apache.commons.compress.archivers.zip.ZipArchiveEntry.setUnixMode: found 0 problems
src/main/java/org/apache/commons/compress/archivers/zip/ZipArchiveEntry.java: org.apache.commons.compress.archivers.zip.ZipArchiveEntry.removeUnparseableExtraFieldData: computing test cases
src/main/java/org/apache/commons/compress/archivers/zip/ZipArchiveEntry.java: org.apache.commons.compress.archivers.zip.ZipArchiveEntry.removeUnparseableExtraFieldData: computed 0 unit tests
src/main/java/org/apache/commons/compress/archivers/zip/ZipArchiveEntry.java: org.apache.commons.compress.archivers.zip.ZipArchiveEntry.removeUnparseableExtraFieldData: found 0 problems
src/main/java/org/apache/commons/compress/archivers/zip/ZipArchiveEntry.java: org.apache.commons.compress.archivers.zip.ZipArchiveEntry.setExtra: computing test cases
src/main/java/org/apache/commons/compress/archivers/zip/ZipArchiveEntry.java: org.apache.commons.compress.archivers.zip.ZipArchiveEntry.setExtra: computed 0 unit tests
src/main/java/org/apache/commons/compress/archivers/zip/ZipArchiveEntry.java: org.apache.commons.compress.archivers.zip.ZipArchiveEntry.setExtra: found 0 problems
src/main/java/org/apache/commons/compress/archivers/zip/ZipArchiveEntry.java: org.apache.commons.compress.archivers.zip.ZipArchiveEntry.getName: computing test cases
src/main/java/org/apache/commons/compress/archivers/zip/ZipArchiveEntry.java: org.apache.commons.compress.archivers.zip.ZipArchiveEntry.getName: computed 0 unit tests
src/main/java/org/apache/commons/compress/archivers/zip/ZipArchiveEntry.java: org.apache.commons.compress.archivers.zip.ZipArchiveEntry.getName: found 0 problems
src/main/java/org/apache/commons/compress/archivers/zip/ZipArchiveEntry.java: org.apache.commons.compress.archivers.zip.ZipArchiveEntry.getExtraFields: computing test cases
src/main/java/org/apache/commons/compress/archivers/zip/ZipArchiveEntry.java: org.apache.commons.compress.archivers.zip.ZipArchiveEntry.getExtraFields: computed 0 unit tests
src/main/java/org/apache/commons/compress/archivers/zip/ZipArchiveEntry.java: org.apache.commons.compress.archivers.zip.ZipArchiveEntry.getExtraFields: found 0 problems
src/main/java/org/apache/commons/compress/archivers/zip/ZipArchiveEntry.java: org.apache.commons.compress.archivers.zip.ZipArchiveEntry.getSize: computing test cases
src/main/java/org/apache/commons/compress/archivers/zip/ZipArchiveEntry.java: org.apache.commons.compress.archivers.zip.ZipArchiveEntry.getSize: computed 1 unit tests
src/main/java/org/apache/commons/compress/archivers/zip/ZipArchiveEntry.java: org.apache.commons.compress.archivers.zip.ZipArchiveEntry.getSize: found 0 problems
src/main/java/org/apache/commons/compress/archivers/zip/ZipArchiveEntry.java: org.apache.commons.compress.archivers.zip.ZipArchiveEntry.setName: computing test cases
src/main/java/org/apache/commons/compress/archivers/zip/ZipArchiveEntry.java: org.apache.commons.compress.archivers.zip.ZipArchiveEntry.setName: computed 2 unit tests
src/main/java/org/apache/commons/compress/archivers/zip/ZipArchiveEntry.java: org.apache.commons.compress.archivers.zip.ZipArchiveEntry.setName: found 0 problems
src/main/java/org/apache/commons/compress/archivers/zip/ZipArchiveEntry.java: org.apache.commons.compress.archivers.zip.ZipArchiveEntry.getLastModifiedDate: computing test cases
src/main/java/org/apache/commons/compress/archivers/zip/ZipArchiveEntry.java: org.apache.commons.compress.archivers.zip.ZipArchiveEntry.getLastModifiedDate: computed 0 unit tests
src/main/java/org/apache/commons/compress/archivers/zip/ZipArchiveEntry.java: org.apache.commons.compress.archivers.zip.ZipArchiveEntry.getLastModifiedDate: found 0 problems
src/main/java/org/apache/commons/compress/archivers/zip/ZipArchiveEntry.java: org.apache.commons.compress.archivers.zip.ZipArchiveEntry.setExtraFields: computing test cases
src/main/java/org/apache/commons/compress/archivers/zip/ZipArchiveEntry.java: org.apache.commons.compress.archivers.zip.ZipArchiveEntry.setExtraFields: computed 0 unit tests
src/main/java/org/apache/commons/compress/archivers/zip/ZipArchiveEntry.java: org.apache.commons.compress.archivers.zip.ZipArchiveEntry.getUnparseableExtraFieldData: computing test cases
src/main/java/org/apache/commons/compress/archivers/zip/ZipArchiveEntry.java: org.apache.commons.compress.archivers.zip.ZipArchiveEntry.getUnparseableExtraFieldData: computed 1 unit tests
src/main/java/org/apache/commons/compress/archivers/zip/ZipArchiveEntry.java: org.apache.commons.compress.archivers.zip.ZipArchiveEntry.getUnparseableExtraFieldData: found 0 problems
src/main/java/org/apache/commons/compress/archivers/zip/ZipArchiveEntry.java: org.apache.commons.compress.archivers.zip.ZipArchiveEntry.ZipArchiveEntry: computing test cases
src/main/java/org/apache/commons/compress/archivers/zip/ZipArchiveEntry.java: org.apache.commons.compress.archivers.zip.ZipArchiveEntry.ZipArchiveEntry: computed 0 unit tests
src/main/java/org/apache/commons/compress/archivers/zip/ZipArchiveEntry.java: org.apache.commons.compress.archivers.zip.ZipArchiveEntry.ZipArchiveEntry: found 0 problems
src/main/java/org/apache/commons/compress/archivers/zip/ZipArchiveEntry.java: org.apache.commons.compress.archivers.zip.ZipArchiveEntry.setGeneralPurposeBit: computing test cases
src/main/java/org/apache/commons/compress/archivers/zip/ZipArchiveEntry.java: org.apache.commons.compress.archivers.zip.ZipArchiveEntry.setGeneralPurposeBit: computed 1 unit tests
src/main/java/org/apache/commons/compress/archivers/zip/ZipArchiveEntry.java: org.apache.commons.compress.archivers.zip.ZipArchiveEntry.setGeneralPurposeBit: found 0 problems
src/main/java/org/apache/commons/compress/archivers/zip/ZipArchiveEntry.java: org.apache.commons.compress.archivers.zip.ZipArchiveEntry.setPlatform: computing test cases
src/main/java/org/apache/commons/compress/archivers/zip/ZipArchiveEntry.java: org.apache.commons.compress.archivers.zip.ZipArchiveEntry.setPlatform: computed 1 unit tests
src/main/java/org/apache/commons/compress/archivers/zip/ZipArchiveEntry.java: org.apache.commons.compress.archivers.zip.ZipArchiveEntry.setPlatform: found 0 problems
src/main/java/org/apache/commons/compress/archivers/zip/ZipArchiveEntry.java: org.apache.commons.compress.archivers.zip.ZipArchiveEntry.isDirectory: computing test cases
src/main/java/org/apache/commons/compress/archivers/zip/ZipArchiveEntry.java: org.apache.commons.compress.archivers.zip.ZipArchiveEntry.isDirectory: computed 0 unit tests
src/main/java/org/apache/commons/compress/archivers/zip/ZipArchiveEntry.java: org.apache.commons.compress.archivers.zip.ZipArchiveEntry.isDirectory: found 0 problems
src/main/java/org/apache/commons/compress/archivers/dump/UnsupportedCompressionAlgorithmException.java: org.apache.commons.compress.archivers.dump.UnsupportedCompressionAlgorithmException.UnsupportedCompressionAlgorithmException: computing test cases
src/main/java/org/apache/commons/compress/archivers/dump/UnsupportedCompressionAlgorithmException.java: org.apache.commons.compress.archivers.dump.UnsupportedCompressionAlgorithmException.UnsupportedCompressionAlgorithmException: computed 1 unit tests
src/main/java/org/apache/commons/compress/archivers/dump/UnsupportedCompressionAlgorithmException.java: org.apache.commons.compress.archivers.dump.UnsupportedCompressionAlgorithmException.UnsupportedCompressionAlgorithmException: found 0 problems
src/main/java/org/apache/commons/compress/archivers/dump/UnsupportedCompressionAlgorithmException.java: org.apache.commons.compress.archivers.dump.UnsupportedCompressionAlgorithmException.UnsupportedCompressionAlgorithmException: computing test cases
src/main/java/org/apache/commons/compress/archivers/dump/UnsupportedCompressionAlgorithmException.java: org.apache.commons.compress.archivers.dump.UnsupportedCompressionAlgorithmException.UnsupportedCompressionAlgorithmException: computed 1 unit tests
src/main/java/org/apache/commons/compress/archivers/dump/UnsupportedCompressionAlgorithmException.java: org.apache.commons.compress.archivers.dump.UnsupportedCompressionAlgorithmException.UnsupportedCompressionAlgorithmException: found 0 problems
src/main/java/org/apache/commons/compress/archivers/zip/ZipArchiveInputStream.java: org.apache.commons.compress.archivers.zip.ZipArchiveInputStream.ZipArchiveInputStream: computing test cases
src/main/java/org/apache/commons/compress/archivers/zip/ZipArchiveInputStream.java: org.apache.commons.compress.archivers.zip.ZipArchiveInputStream.ZipArchiveInputStream: found 1 problems
src/main/java/org/apache/commons/compress/archivers/zip/ZipArchiveInputStream.java: internal error: org.apache.commons.compress.archivers.zip.ZipArchiveInputStream.ZipArchiveInputStream: unknown type kind
	data: unsupported(java/util/zip/Inflater)
src/main/java/org/apache/commons/compress/archivers/zip/ZipArchiveInputStream.java: org.apache.commons.compress.archivers.zip.ZipArchiveInputStream.canReadEntryData: computing test cases
src/main/java/org/apache/commons/compress/archivers/zip/ZipArchiveInputStream.java: org.apache.commons.compress.archivers.zip.ZipArchiveInputStream.canReadEntryData: found 1 problems
src/main/java/org/apache/commons/compress/archivers/zip/ZipArchiveInputStream.java: internal error: org.apache.commons.compress.archivers.zip.ZipArchiveInputStream.canReadEntryData: unknown type kind
	data: unsupported(java/util/zip/Inflater)
src/main/java/org/apache/commons/compress/archivers/zip/ZipArchiveInputStream.java: org.apache.commons.compress.archivers.zip.ZipArchiveInputStream.close: computing test cases
src/main/java/org/apache/commons/compress/archivers/zip/ZipArchiveInputStream.java: org.apache.commons.compress.archivers.zip.ZipArchiveInputStream.close: found 1 problems
src/main/java/org/apache/commons/compress/archivers/zip/ZipArchiveInputStream.java: internal error: org.apache.commons.compress.archivers.zip.ZipArchiveInputStream.close: unknown type kind
	data: unsupported(java/util/zip/Inflater)
src/main/java/org/apache/commons/compress/archivers/zip/ZipArchiveInputStream.java: org.apache.commons.compress.archivers.zip.ZipArchiveInputStream.read: computing test cases
src/main/java/org/apache/commons/compress/archivers/zip/ZipArchiveInputStream.java: org.apache.commons.compress.archivers.zip.ZipArchiveInputStream.read: found 1 problems
src/main/java/org/apache/commons/compress/archivers/zip/ZipArchiveInputStream.java: internal error: org.apache.commons.compress.archivers.zip.ZipArchiveInputStream.read: Internal error: unknown function:
		&modelast.Call{
		    Function: &modelast.Identifier{
		        Name: "org/apache/commons/compress/archivers/zip/@@ZipMethod//@@box!cfc7bf444a25aa0d25fb13b1e7550ad0",
		    },
		    Arguments: []modelast.Expression{
		        &modelast.ExpressionUnary{
		            CompactFileRange: location.CompactFileRange{Start:location.NewCompactFileLocationRaw(32, 391, 49), End:location.NewCompactFileLocationRaw(32, 391, 69)},
		            Operator:         "&",
		            X:                &modelast.LiteralComposite{
		                Type: &modelast.TypeReference{
		                    Name: "org/apache/commons/compress/archivers/zip/ZipMethod",
		                },
		                Values: []modelast.Expression{
		                    &modelast.Literal{
		                        Type: &modelast.TypePrimitive{
		                            Kind: "string",
		                            Size: 0x25,
		                        },
		                        Value: "UNSHRINKING",
		                    },
		                },
		            },
		        },
		    },
		}
		Stacktrace: goroutine 1 [running]:
		gitlab.nethead.at/symflower/symflower/model/errors.NewInternalError({0x21de060, 0x2d25950}, {0x13dc340, 0xc00104cdc0})
			gitlab.nethead.at/symflower/symflower/model/errors/error.go:852 +0x4e
		gitlab.nethead.at/symflower/symflower/model/ast.(*Call).ExpressionType(0xc00104cdc0, 0xc0059b4360)
			gitlab.nethead.at/symflower/symflower/model/ast/function.go:1002 +0x297
		gitlab.nethead.at/symflower/symflower/model/ast.(*ExpressionUnary).ExpressionType(0xc003773260, 0xc0059b4360)
			gitlab.nethead.at/symflower/symflower/model/ast/expression.go:1258 +0x2a
		gitlab.nethead.at/symflower/symflower/model/ast.(*Scope).GetFunctionWithEffectiveReceiver(0xc0059b4360, {0x2208dd0?, 0xc003773290})
			gitlab.nethead.at/symflower/symflower/model/ast/scope.go:677 +0x182
		gitlab.nethead.at/symflower/symflower/model/ast.(*Scope).GetFunction(...)
			gitlab.nethead.at/symflower/symflower/model/ast/scope.go:662
		gitlab.nethead.at/symflower/symflower/model/ast.VerifyCallForExpression(0x2208b10?, {0x2208590, 0xc00104cd70?})
			gitlab.nethead.at/symflower/symflower/model/ast/verify.go:41 +0x53
		gitlab.nethead.at/symflower/symflower/model/ast.(*ExpressionBinary).Verify(0xc0030b16c0, 0xc0059b4360)
			gitlab.nethead.at/symflower/symflower/model/ast/expression.go:439 +0x8c
		gitlab.nethead.at/symflower/symflower/model/ast.WalkVerify.func2(0xc0059b4360, {0x2203ad8, 0xc0030b16c0})
			gitlab.nethead.at/symflower/symflower/model/ast/walk.go:52 +0x6d
		gitlab.nethead.at/symflower/symflower/model/ast.(*ExpressionBinary).Walk(0xc0030b16c0, 0xc0059b4360, 0x0, 0xc0073fa910)
			gitlab.nethead.at/symflower/symflower/model/ast/walk_gen.go:273 +0xa2
		gitlab.nethead.at/symflower/symflower/model/ast.(*ExpressionBinary).Walk(0xc0030b1780, 0xc0059b4360, 0x0, 0xc0073fa910)
			gitlab.nethead.at/symflower/symflower/model/ast/walk_gen.go:281 +0x122
		gitlab.nethead.at/symflower/symflower/model/ast.(*StatementIf).Walk(0xc0030b1800, 0xc0059b4360, 0x0, 0xc0073fa910)
			gitlab.nethead.at/symflower/symflower/model/ast/walk_gen.go:1482 +0x122
		gitlab.nethead.at/symflower/symflower/model/ast.(*StatementIf).Walk(0xc0030b15c0, 0xc0059b4360, 0x0, 0xc0073fa910)
			gitlab.nethead.at/symflower/symflower/model/ast/walk_gen.go:1492 +0x20a
		gitlab.nethead.at/symflower/symflower/model/ast.(*StatementIf).Walk(0xc0030b1480, 0xc0059b4360, 0x0, 0xc0073fa910)
			gitlab.nethead.at/symflower/symflower/model/ast/walk_gen.go:1492 +0x20a
		gitlab.nethead.at/symflower/symflower/model/ast.(*StatementBlock).Walk(0xc003773b60, 0xc0059b4360, 0x0, 0xc0073fa910)
			gitlab.nethead.at/symflower/symflower/model/ast/walk_gen.go:1379 +0x36b
		gitlab.nethead.at/symflower/symflower/model/ast.(*Function).Walk(0xc000c56300, 0xc0059b4360, 0x0, 0xc0073fa910)
			gitlab.nethead.at/symflower/symflower/model/ast/walk_gen.go:900 +0x5df
		gitlab.nethead.at/symflower/symflower/model/ast.WalkVerify(0xc0059b4360, {0x2203368, 0xc000c56300})
			gitlab.nethead.at/symflower/symflower/model/ast/walk.go:46 +0x127
		gitlab.nethead.at/symflower/symflower/model.(*Symbol).Verify(0xc000c56300, 0x2205728?)
			gitlab.nethead.at/symflower/symflower/model/symbol.go:161 +0xf1
		gitlab.nethead.at/symflower/symflower/symbolicexecution.analyzeInternal(0xc0073f0080, 0x2088c88)
			gitlab.nethead.at/symflower/symflower/symbolicexecution/analyze.go:162 +0x668
		gitlab.nethead.at/symflower/symflower/symbolicexecution.AnalyzeResult(0x2d49d00?)
			gitlab.nethead.at/symflower/symflower/symbolicexecution/analyze.go:55 +0x32
		gitlab.nethead.at/symflower/symflower/cmd/symflower-local/generate.(*Generator).SymbolicExecutionTestsForSymbol(0xc00059f0e0, {0x21e8348, 0xc0027bf900}, 0xc000a3c900)
			gitlab.nethead.at/symflower/symflower/cmd/symflower-local/generate/generate.go:236 +0x3a5
		gitlab.nethead.at/symflower/symflower/cmd/symflower-local/generate.(*Generator).Tests(0xc00059f0e0, 0xc00059f110, 0x0?)
			gitlab.nethead.at/symflower/symflower/cmd/symflower-local/generate/generate.go:190 +0x2d3
		gitlab.nethead.at/symflower/symflower/cmd/symflower-local/generate.(*AnalyzeEngineDefault).UnitTests(0x2d?, 0x124bba0?, {0x21eb890?, 0xc00004c9d0?}, {0x80?, 0x47?, 0x4?, 0x0?}, 0x2d?, {0xc00059e720, ...})
			gitlab.nethead.at/symflower/symflower/cmd/symflower-local/generate/analyze.go:157 +0x98
		gitlab.nethead.at/symflower/symflower/cmd/symflower-local/cmd.(*commandUnitTests).Execute(0xc0005b48d8, {0xc0005b4508?, 0x7901505ce398?, 0xc0005b48d8?})
			gitlab.nethead.at/symflower/symflower/cmd/symflower-local/cmd/unit-tests.go:85 +0x2a6
		gitlab.nethead.at/symflower/symflower/cmd.ExecuteNoExit({0x21de020, 0xc0005b4508}, {0xc00019e000?, 0x44?, 0x0?})
			gitlab.nethead.at/symflower/symflower/cmd/execute.go:59 +0x2ad
		gitlab.nethead.at/symflower/symflower/cmd.Execute({0x21de020?, 0xc0005b4508?}, {0xc00019e000?, 0xc00011c0c0?, 0xc0004bbf10?})
			gitlab.nethead.at/symflower/symflower/cmd/execute.go:17 +0x26
		gitlab.nethead.at/symflower/symflower/cmd.ExecuteWithOSArguments(...)
			gitlab.nethead.at/symflower/symflower/cmd/execute.go:78
		main.main.func1()
			gitlab.nethead.at/symflower/symflower/cmd/symflower-demo/main.go:39 +0x34
		gitlab.nethead.at/symflower/symflower/cmd/symflower-local/cmd.(*Command).WithPanicReporter(0xc000110060?, 0x0?)
			gitlab.nethead.at/symflower/symflower/cmd/symflower-local/cmd/cmd.go:151 +0x33
		main.main()
			gitlab.nethead.at/symflower/symflower/cmd/symflower-demo/main.go:38 +0x7f
	
	data: ==(call(select(ensure_not_nil(select(select(this, current), entry)), getMethod!d41d8cd98f00b204e9800998ecf8427e), []), call(select(ensure_not_nil(call(org/apache/commons/compress/archivers/zip/@@ZipMethod//@@box!cfc7bf444a25aa0d25fb13b1e7550ad0, [&(composite(reference(org/apache/commons/compress/archivers/zip/ZipMethod), ["UNSHRINKING"]))])), getCode!d41d8cd98f00b204e9800998ecf8427e), []))
src/main/java/org/apache/commons/compress/archivers/zip/ZipArchiveInputStream.java: org.apache.commons.compress.archivers.zip.ZipArchiveInputStream.skip: computing test cases
src/main/java/org/apache/commons/compress/archivers/zip/ZipArchiveInputStream.java: org.apache.commons.compress.archivers.zip.ZipArchiveInputStream.skip: found 1 problems
src/main/java/org/apache/commons/compress/archivers/zip/ZipArchiveInputStream.java: internal error: org.apache.commons.compress.archivers.zip.ZipArchiveInputStream.skip: unknown type kind
	data: unsupported(java/util/zip/Inflater)
src/main/java/org/apache/commons/compress/archivers/zip/ZipArchiveInputStream.java: org.apache.commons.compress.archivers.zip.ZipArchiveInputStream.matches: computing test cases
src/main/java/org/apache/commons/compress/archivers/zip/ZipArchiveInputStream.java: org.apache.commons.compress.archivers.zip.ZipArchiveInputStream.matches: found 1 problems
src/main/java/org/apache/commons/compress/archivers/zip/ZipArchiveInputStream.java: internal error: org.apache.commons.compress.archivers.zip.ZipArchiveInputStream.matches: unknown type kind
	data: unsupported(java/util/zip/Inflater)
src/main/java/org/apache/commons/compress/archivers/zip/ZipArchiveInputStream.java: org.apache.commons.compress.archivers.zip.ZipArchiveInputStream.ZipArchiveInputStream: computing test cases
src/main/java/org/apache/commons/compress/archivers/zip/ZipArchiveInputStream.java: org.apache.commons.compress.archivers.zip.ZipArchiveInputStream.ZipArchiveInputStream: found 1 problems
src/main/java/org/apache/commons/compress/archivers/zip/ZipArchiveInputStream.java: internal error: org.apache.commons.compress.archivers.zip.ZipArchiveInputStream.ZipArchiveInputStream: unknown type kind
	data: unsupported(java/util/zip/Inflater)
src/main/java/org/apache/commons/compress/archivers/zip/ZipArchiveInputStream.java: org.apache.commons.compress.archivers.zip.ZipArchiveInputStream.getNextEntry: computing test cases
src/main/java/org/apache/commons/compress/archivers/zip/ZipArchiveInputStream.java: org.apache.commons.compress.archivers.zip.ZipArchiveInputStream.getNextEntry: found 1 problems
src/main/java/org/apache/commons/compress/archivers/zip/ZipArchiveInputStream.java: internal error: org.apache.commons.compress.archivers.zip.ZipArchiveInputStream.getNextEntry: unknown type kind
	data: unsupported(java/util/zip/Inflater)
src/main/java/org/apache/commons/compress/archivers/zip/ZipArchiveInputStream.java: org.apache.commons.compress.archivers.zip.ZipArchiveInputStream.getNextZipEntry: computing test cases
src/main/java/org/apache/commons/compress/archivers/zip/ZipArchiveInputStream.java: org.apache.commons.compress.archivers.zip.ZipArchiveInputStream.getNextZipEntry: found 1 problems
src/main/java/org/apache/commons/compress/archivers/zip/ZipArchiveInputStream.java: internal error: org.apache.commons.compress.archivers.zip.ZipArchiveInputStream.getNextZipEntry: Internal error: unknown function:
		&modelast.Call{
		    Function: &modelast.Identifier{
		        Name: "org/apache/commons/compress/archivers/zip/@@ZipMethod//@@box!cfc7bf444a25aa0d25fb13b1e7550ad0",
		    },
		    Arguments: []modelast.Expression{
		        &modelast.ExpressionUnary{
		            CompactFileRange: location.CompactFileRange{Start:location.NewCompactFileLocationRaw(32, 284, 46), End:location.NewCompactFileLocationRaw(32, 284, 66)},
		            Operator:         "&",
		            X:                &modelast.LiteralComposite{
		                Type: &modelast.TypeReference{
		                    Name: "org/apache/commons/compress/archivers/zip/ZipMethod",
		                },
		                Values: []modelast.Expression{
		                    &modelast.Literal{
		                        Type: &modelast.TypePrimitive{
		                            Kind: "string",
		                            Size: 0x25,
		                        },
		                        Value: "UNSHRINKING",
		                    },
		                },
		            },
		        },
		    },
		}
		Stacktrace: goroutine 1 [running]:
		gitlab.nethead.at/symflower/symflower/model/errors.NewInternalError({0x21de060, 0x2d25950}, {0x13dc340, 0xc00274a820})
			gitlab.nethead.at/symflower/symflower/model/errors/error.go:852 +0x4e
		gitlab.nethead.at/symflower/symflower/model/ast.(*Call).ExpressionType(0xc00274a820, 0xc0047e3d40)
			gitlab.nethead.at/symflower/symflower/model/ast/function.go:1002 +0x297
		gitlab.nethead.at/symflower/symflower/model/ast.(*ExpressionUnary).ExpressionType(0xc003f0e5a0, 0xc0047e3d40)
			gitlab.nethead.at/symflower/symflower/model/ast/expression.go:1258 +0x2a
		gitlab.nethead.at/symflower/symflower/model/ast.(*Scope).GetFunctionWithEffectiveReceiver(0xc0047e3d40, {0x2208dd0?, 0xc003f0e5d0})
			gitlab.nethead.at/symflower/symflower/model/ast/scope.go:677 +0x182
		gitlab.nethead.at/symflower/symflower/model/ast.(*Scope).GetFunction(...)
			gitlab.nethead.at/symflower/symflower/model/ast/scope.go:662
		gitlab.nethead.at/symflower/symflower/model/ast.VerifyCallForExpression(0x2208b10?, {0x2208590, 0xc00274a7d0?})
			gitlab.nethead.at/symflower/symflower/model/ast/verify.go:41 +0x53
		gitlab.nethead.at/symflower/symflower/model/ast.(*ExpressionBinary).Verify(0xc003cd4180, 0xc0047e3d40)
			gitlab.nethead.at/symflower/symflower/model/ast/expression.go:439 +0x8c
		gitlab.nethead.at/symflower/symflower/model/ast.WalkVerify.func2(0xc0047e3d40, {0x2203ad8, 0xc003cd4180})
			gitlab.nethead.at/symflower/symflower/model/ast/walk.go:52 +0x6d
		gitlab.nethead.at/symflower/symflower/model/ast.(*ExpressionBinary).Walk(0xc003cd4180, 0xc0047e3d40, 0x0, 0xc0077fc620)
			gitlab.nethead.at/symflower/symflower/model/ast/walk_gen.go:273 +0xa2
		gitlab.nethead.at/symflower/symflower/model/ast.(*StatementIf).Walk(0xc003d8f9c0, 0xc0047e3d40, 0x0, 0xc0077fc620)
			gitlab.nethead.at/symflower/symflower/model/ast/walk_gen.go:1482 +0x122
		gitlab.nethead.at/symflower/symflower/model/ast.(*StatementBlock).Walk(0xc002780a20, 0xc0047e3d40, 0x0, 0xc0077fc620)
			gitlab.nethead.at/symflower/symflower/model/ast/walk_gen.go:1379 +0x36b
		gitlab.nethead.at/symflower/symflower/model/ast.(*StatementIf).Walk(0xc002e1cb80, 0xc0047e3d40, 0x0, 0xc0077fc620)
			gitlab.nethead.at/symflower/symflower/model/ast/walk_gen.go:1487 +0x194
		gitlab.nethead.at/symflower/symflower/model/ast.(*StatementBlock).Walk(0xc002780bd0, 0xc0047e3d40, 0x0, 0xc0077fc620)
			gitlab.nethead.at/symflower/symflower/model/ast/walk_gen.go:1379 +0x36b
		gitlab.nethead.at/symflower/symflower/model/ast.(*Function).Walk(0xc000c4bd00, 0xc0047e3d40, 0x0, 0xc0077fc620)
			gitlab.nethead.at/symflower/symflower/model/ast/walk_gen.go:900 +0x5df
		gitlab.nethead.at/symflower/symflower/model/ast.WalkVerify(0xc0047e3d40, {0x2203368, 0xc000c4bd00})
			gitlab.nethead.at/symflower/symflower/model/ast/walk.go:46 +0x127
		gitlab.nethead.at/symflower/symflower/model.(*Symbol).Verify(0xc000c4bd00, 0x2205728?)
			gitlab.nethead.at/symflower/symflower/model/symbol.go:161 +0xf1
		gitlab.nethead.at/symflower/symflower/symbolicexecution.analyzeInternal(0xc0077fef60, 0x2088c88)
			gitlab.nethead.at/symflower/symflower/symbolicexecution/analyze.go:162 +0x668
		gitlab.nethead.at/symflower/symflower/symbolicexecution.AnalyzeResult(0x2d49d00?)
			gitlab.nethead.at/symflower/symflower/symbolicexecution/analyze.go:55 +0x32
		gitlab.nethead.at/symflower/symflower/cmd/symflower-local/generate.(*Generator).SymbolicExecutionTestsForSymbol(0xc00059f0e0, {0x21e8348, 0xc0027bf900}, 0xc000a3c810)
			gitlab.nethead.at/symflower/symflower/cmd/symflower-local/generate/generate.go:236 +0x3a5
		gitlab.nethead.at/symflower/symflower/cmd/symflower-local/generate.(*Generator).Tests(0xc00059f0e0, 0xc00059f110, 0x0?)
			gitlab.nethead.at/symflower/symflower/cmd/symflower-local/generate/generate.go:190 +0x2d3
		gitlab.nethead.at/symflower/symflower/cmd/symflower-local/generate.(*AnalyzeEngineDefault).UnitTests(0x2d?, 0x124bba0?, {0x21eb890?, 0xc00004c9d0?}, {0x80?, 0x47?, 0x4?, 0x0?}, 0x2d?, {0xc00059e720, ...})
			gitlab.nethead.at/symflower/symflower/cmd/symflower-local/generate/analyze.go:157 +0x98
		gitlab.nethead.at/symflower/symflower/cmd/symflower-local/cmd.(*commandUnitTests).Execute(0xc0005b48d8, {0xc0005b4508?, 0x7901505ce398?, 0xc0005b48d8?})
			gitlab.nethead.at/symflower/symflower/cmd/symflower-local/cmd/unit-tests.go:85 +0x2a6
		gitlab.nethead.at/symflower/symflower/cmd.ExecuteNoExit({0x21de020, 0xc0005b4508}, {0xc00019e000?, 0x44?, 0x0?})
			gitlab.nethead.at/symflower/symflower/cmd/execute.go:59 +0x2ad
		gitlab.nethead.at/symflower/symflower/cmd.Execute({0x21de020?, 0xc0005b4508?}, {0xc00019e000?, 0xc00011c0c0?, 0xc0004bbf10?})
			gitlab.nethead.at/symflower/symflower/cmd/execute.go:17 +0x26
		gitlab.nethead.at/symflower/symflower/cmd.ExecuteWithOSArguments(...)
			gitlab.nethead.at/symflower/symflower/cmd/execute.go:78
		main.main.func1()
			gitlab.nethead.at/symflower/symflower/cmd/symflower-demo/main.go:39 +0x34
		gitlab.nethead.at/symflower/symflower/cmd/symflower-local/cmd.(*Command).WithPanicReporter(0xc000110060?, 0x0?)
			gitlab.nethead.at/symflower/symflower/cmd/symflower-local/cmd/cmd.go:151 +0x33
		main.main()
			gitlab.nethead.at/symflower/symflower/cmd/symflower-demo/main.go:38 +0x7f
	
	data: ==(call(select(ensure_not_nil(select(select(this, current), entry)), getMethod!d41d8cd98f00b204e9800998ecf8427e), []), call(select(ensure_not_nil(call(org/apache/commons/compress/archivers/zip/@@ZipMethod//@@box!cfc7bf444a25aa0d25fb13b1e7550ad0, [&(composite(reference(org/apache/commons/compress/archivers/zip/ZipMethod), ["UNSHRINKING"]))])), getCode!d41d8cd98f00b204e9800998ecf8427e), []))
src/main/java/org/apache/commons/compress/archivers/zip/ZipArchiveInputStream.java: org.apache.commons.compress.archivers.zip.ZipArchiveInputStream.ZipArchiveInputStream: computing test cases
src/main/java/org/apache/commons/compress/archivers/zip/ZipArchiveInputStream.java: org.apache.commons.compress.archivers.zip.ZipArchiveInputStream.ZipArchiveInputStream: found 1 problems
src/main/java/org/apache/commons/compress/archivers/zip/ZipArchiveInputStream.java: internal error: org.apache.commons.compress.archivers.zip.ZipArchiveInputStream.ZipArchiveInputStream: unknown type kind
	data: unsupported(java/util/zip/Inflater)
src/main/java/org/apache/commons/compress/archivers/zip/ZipArchiveInputStream.java: org.apache.commons.compress.archivers.zip.ZipArchiveInputStream.ZipArchiveInputStream: computing test cases
src/main/java/org/apache/commons/compress/archivers/zip/ZipArchiveInputStream.java: org.apache.commons.compress.archivers.zip.ZipArchiveInputStream.ZipArchiveInputStream: found 1 problems
src/main/java/org/apache/commons/compress/archivers/zip/ZipArchiveInputStream.java: internal error: org.apache.commons.compress.archivers.zip.ZipArchiveInputStream.ZipArchiveInputStream: unknown type kind
	data: unsupported(java/util/zip/Inflater)
src/main/java/org/apache/commons/compress/archivers/dump/UnrecognizedFormatException.java: org.apache.commons.compress.archivers.dump.UnrecognizedFormatException.UnrecognizedFormatException: computing test cases
src/main/java/org/apache/commons/compress/archivers/dump/UnrecognizedFormatException.java: org.apache.commons.compress.archivers.dump.UnrecognizedFormatException.UnrecognizedFormatException: computed 1 unit tests
src/main/java/org/apache/commons/compress/archivers/dump/UnrecognizedFormatException.java: org.apache.commons.compress.archivers.dump.UnrecognizedFormatException.UnrecognizedFormatException: found 0 problems
src/main/java/org/apache/commons/compress/archivers/zip/UnsupportedZipFeatureException.java: org.apache.commons.compress.archivers.zip.UnsupportedZipFeatureException.UnsupportedZipFeatureException: computing test cases
src/main/java/org/apache/commons/compress/archivers/zip/UnsupportedZipFeatureException.java: org.apache.commons.compress.archivers.zip.UnsupportedZipFeatureException.UnsupportedZipFeatureException: computed 0 unit tests
src/main/java/org/apache/commons/compress/archivers/zip/UnsupportedZipFeatureException.java: org.apache.commons.compress.archivers.zip.UnsupportedZipFeatureException.UnsupportedZipFeatureException: found 0 problems
src/main/java/org/apache/commons/compress/archivers/zip/UnsupportedZipFeatureException.java: org.apache.commons.compress.archivers.zip.UnsupportedZipFeatureException.getFeature: computing test cases
src/main/java/org/apache/commons/compress/archivers/zip/UnsupportedZipFeatureException.java: org.apache.commons.compress.archivers.zip.UnsupportedZipFeatureException.getFeature: computed 1 unit tests
src/main/java/org/apache/commons/compress/archivers/zip/UnsupportedZipFeatureException.java: org.apache.commons.compress.archivers.zip.UnsupportedZipFeatureException.getFeature: found 0 problems
src/main/java/org/apache/commons/compress/archivers/zip/UnsupportedZipFeatureException.java: org.apache.commons.compress.archivers.zip.UnsupportedZipFeatureException.UnsupportedZipFeatureException: computing test cases
src/main/java/org/apache/commons/compress/archivers/zip/UnsupportedZipFeatureException.java: org.apache.commons.compress.archivers.zip.UnsupportedZipFeatureException.UnsupportedZipFeatureException: computed 0 unit tests
src/main/java/org/apache/commons/compress/archivers/zip/UnsupportedZipFeatureException.java: org.apache.commons.compress.archivers.zip.UnsupportedZipFeatureException.UnsupportedZipFeatureException: found 0 problems
src/main/java/org/apache/commons/compress/archivers/zip/UnsupportedZipFeatureException.java: org.apache.commons.compress.archivers.zip.UnsupportedZipFeatureException.getEntry: computing test cases
src/main/java/org/apache/commons/compress/archivers/zip/UnsupportedZipFeatureException.java: org.apache.commons.compress.archivers.zip.UnsupportedZipFeatureException.getEntry: computed 1 unit tests
src/main/java/org/apache/commons/compress/archivers/zip/UnsupportedZipFeatureException.java: org.apache.commons.compress.archivers.zip.UnsupportedZipFeatureException.getEntry: found 0 problems
src/main/java/org/apache/commons/compress/archivers/zip/UnsupportedZipFeatureException.java: org.apache.commons.compress.archivers.zip.UnsupportedZipFeatureException.Feature.toString: computing test cases
src/main/java/org/apache/commons/compress/archivers/zip/UnsupportedZipFeatureException.java: org.apache.commons.compress.archivers.zip.UnsupportedZipFeatureException.Feature.toString: computed 1 unit tests
src/main/java/org/apache/commons/compress/archivers/zip/UnsupportedZipFeatureException.java: org.apache.commons.compress.archivers.zip.UnsupportedZipFeatureException.Feature.toString: found 0 problems
src/main/java/org/apache/commons/compress/archivers/zip/UnsupportedZipFeatureException.java: org.apache.commons.compress.archivers.zip.UnsupportedZipFeatureException.UnsupportedZipFeatureException: computing test cases
src/main/java/org/apache/commons/compress/archivers/zip/UnsupportedZipFeatureException.java: org.apache.commons.compress.archivers.zip.UnsupportedZipFeatureException.UnsupportedZipFeatureException: computed 0 unit tests
src/main/java/org/apache/commons/compress/archivers/zip/UnsupportedZipFeatureException.java: org.apache.commons.compress.archivers.zip.UnsupportedZipFeatureException.UnsupportedZipFeatureException: found 0 problems
src/main/java/org/apache/commons/compress/archivers/ar/ArArchiveInputStream.java: org.apache.commons.compress.archivers.ar.ArArchiveInputStream.getNextArEntry: computing test cases
src/main/java/org/apache/commons/compress/archivers/ar/ArArchiveInputStream.java: org.apache.commons.compress.archivers.ar.ArArchiveInputStream.getNextArEntry: computed 0 unit tests
src/main/java/org/apache/commons/compress/archivers/ar/ArArchiveInputStream.java: org.apache.commons.compress.archivers.ar.ArArchiveInputStream.getNextArEntry: found 1 problems
src/main/java/org/apache/commons/compress/archivers/ar/ArArchiveInputStream.java: internal error: org.apache.commons.compress.archivers.ar.ArArchiveInputStream.getNextArEntry: unknown type kind
	data: [==(select(VariableReference(@m_0, pointer(struct(org/apache/commons/compress/archivers/ar/ArArchiveInputStream, [], [pointer(reference(org/apache/commons/compress/archivers/ArchiveInputStream))], [])), @m_0_0), NAME_BUF), nil) array(primitive(int, 8, false), primitive(int, 32, false), 0)]
src/main/java/org/apache/commons/compress/archivers/ar/ArArchiveInputStream.java: org.apache.commons.compress.archivers.ar.ArArchiveInputStream.ArArchiveInputStream: computing test cases
src/main/java/org/apache/commons/compress/archivers/ar/ArArchiveInputStream.java: org.apache.commons.compress.archivers.ar.ArArchiveInputStream.ArArchiveInputStream: computed 1 unit tests
src/main/java/org/apache/commons/compress/archivers/ar/ArArchiveInputStream.java: org.apache.commons.compress.archivers.ar.ArArchiveInputStream.ArArchiveInputStream: found 0 problems
src/main/java/org/apache/commons/compress/archivers/ar/ArArchiveInputStream.java: org.apache.commons.compress.archivers.ar.ArArchiveInputStream.close: computing test cases
src/main/java/org/apache/commons/compress/archivers/ar/ArArchiveInputStream.java: org.apache.commons.compress.archivers.ar.ArArchiveInputStream.close: computed 0 unit tests
src/main/java/org/apache/commons/compress/archivers/ar/ArArchiveInputStream.java: org.apache.commons.compress.archivers.ar.ArArchiveInputStream.close: found 1 problems
src/main/java/org/apache/commons/compress/archivers/ar/ArArchiveInputStream.java: internal error: org.apache.commons.compress.archivers.ar.ArArchiveInputStream.close: unknown type kind
	data: [==(select(VariableReference(@m_0, pointer(struct(org/apache/commons/compress/archivers/ar/ArArchiveInputStream, [], [pointer(reference(org/apache/commons/compress/archivers/ArchiveInputStream))], [])), @m_0_0), NAME_BUF), nil) array(primitive(int, 8, false), primitive(int, 32, false), 0)]
src/main/java/org/apache/commons/compress/archivers/ar/ArArchiveInputStream.java: org.apache.commons.compress.archivers.ar.ArArchiveInputStream.getNextEntry: computing test cases
src/main/java/org/apache/commons/compress/archivers/ar/ArArchiveInputStream.java: org.apache.commons.compress.archivers.ar.ArArchiveInputStream.getNextEntry: computed 0 unit tests
src/main/java/org/apache/commons/compress/archivers/ar/ArArchiveInputStream.java: org.apache.commons.compress.archivers.ar.ArArchiveInputStream.getNextEntry: found 1 problems
src/main/java/org/apache/commons/compress/archivers/ar/ArArchiveInputStream.java: internal error: org.apache.commons.compress.archivers.ar.ArArchiveInputStream.getNextEntry: unknown type kind
	data: [==(select(VariableReference(@m_0, pointer(struct(org/apache/commons/compress/archivers/ar/ArArchiveInputStream, [], [pointer(reference(org/apache/commons/compress/archivers/ArchiveInputStream))], [])), @m_0_0), NAME_BUF), nil) array(primitive(int, 8, false), primitive(int, 32, false), 0)]
src/main/java/org/apache/commons/compress/archivers/ar/ArArchiveInputStream.java: org.apache.commons.compress.archivers.ar.ArArchiveInputStream.matches: computing test cases
src/main/java/org/apache/commons/compress/archivers/ar/ArArchiveInputStream.java: org.apache.commons.compress.archivers.ar.ArArchiveInputStream.matches: computed 19 unit tests
src/main/java/org/apache/commons/compress/archivers/ar/ArArchiveInputStream.java: org.apache.commons.compress.archivers.ar.ArArchiveInputStream.matches: found 9 problems
src/main/java/org/apache/commons/compress/archivers/ar/ArArchiveInputStream.java:276:13: critical: org.apache.commons.compress.archivers.ar.ArArchiveInputStream.matches: uncaught ArrayIndexOutOfBoundsException
src/main/java/org/apache/commons/compress/archivers/ar/ArArchiveInputStream.java:279:13: critical: org.apache.commons.compress.archivers.ar.ArArchiveInputStream.matches: uncaught ArrayIndexOutOfBoundsException
src/main/java/org/apache/commons/compress/archivers/ar/ArArchiveInputStream.java:282:13: critical: org.apache.commons.compress.archivers.ar.ArArchiveInputStream.matches: uncaught ArrayIndexOutOfBoundsException
src/main/java/org/apache/commons/compress/archivers/ar/ArArchiveInputStream.java:285:13: critical: org.apache.commons.compress.archivers.ar.ArArchiveInputStream.matches: uncaught ArrayIndexOutOfBoundsException
src/main/java/org/apache/commons/compress/archivers/ar/ArArchiveInputStream.java:276:13: critical: org.apache.commons.compress.archivers.ar.ArArchiveInputStream.matches: uncaught java.lang.NullPointerException
src/main/java/org/apache/commons/compress/archivers/ar/ArArchiveInputStream.java:288:13: critical: org.apache.commons.compress.archivers.ar.ArArchiveInputStream.matches: uncaught ArrayIndexOutOfBoundsException
src/main/java/org/apache/commons/compress/archivers/ar/ArArchiveInputStream.java:291:13: critical: org.apache.commons.compress.archivers.ar.ArArchiveInputStream.matches: uncaught ArrayIndexOutOfBoundsException
src/main/java/org/apache/commons/compress/archivers/ar/ArArchiveInputStream.java:294:13: critical: org.apache.commons.compress.archivers.ar.ArArchiveInputStream.matches: uncaught ArrayIndexOutOfBoundsException
src/main/java/org/apache/commons/compress/archivers/ar/ArArchiveInputStream.java:297:13: critical: org.apache.commons.compress.archivers.ar.ArArchiveInputStream.matches: uncaught ArrayIndexOutOfBoundsException
src/main/java/org/apache/commons/compress/archivers/ar/ArArchiveInputStream.java: org.apache.commons.compress.archivers.ar.ArArchiveInputStream.read: computing test cases
src/main/java/org/apache/commons/compress/archivers/ar/ArArchiveInputStream.java: org.apache.commons.compress.archivers.ar.ArArchiveInputStream.read: computed 0 unit tests
src/main/java/org/apache/commons/compress/archivers/ar/ArArchiveInputStream.java: org.apache.commons.compress.archivers.ar.ArArchiveInputStream.read: found 1 problems
src/main/java/org/apache/commons/compress/archivers/ar/ArArchiveInputStream.java: internal error: org.apache.commons.compress.archivers.ar.ArArchiveInputStream.read: unknown type kind
	data: [==(select(VariableReference(@m_0, pointer(struct(org/apache/commons/compress/archivers/ar/ArArchiveInputStream, [], [pointer(reference(org/apache/commons/compress/archivers/ArchiveInputStream))], [])), @m_0_0), NAME_BUF), nil) array(primitive(int, 8, false), primitive(int, 32, false), 0)]
src/main/java/org/apache/commons/compress/archivers/zip/BinaryTree.java: org.apache.commons.compress.archivers.zip.BinaryTree.read: computing test cases
src/main/java/org/apache/commons/compress/archivers/zip/BinaryTree.java: org.apache.commons.compress.archivers.zip.BinaryTree.read: computed 0 unit tests
src/main/java/org/apache/commons/compress/archivers/zip/BinaryTree.java: org.apache.commons.compress.archivers.zip.BinaryTree.BinaryTree: computing test cases
src/main/java/org/apache/commons/compress/archivers/zip/BinaryTree.java: org.apache.commons.compress.archivers.zip.BinaryTree.BinaryTree: computed 0 unit tests
src/main/java/org/apache/commons/compress/archivers/zip/BinaryTree.java: org.apache.commons.compress.archivers.zip.BinaryTree.BinaryTree: found 0 problems
src/main/java/org/apache/commons/compress/archivers/zip/BinaryTree.java: org.apache.commons.compress.archivers.zip.BinaryTree.decode: computing test cases
src/main/java/org/apache/commons/compress/archivers/zip/BinaryTree.java: org.apache.commons.compress.archivers.zip.BinaryTree.decode: computed 0 unit tests
src/main/java/org/apache/commons/compress/archivers/zip/BinaryTree.java: org.apache.commons.compress.archivers.zip.BinaryTree.decode: found 1 problems
src/main/java/org/apache/commons/compress/archivers/zip/BinaryTree.java: unsupported: org.apache.commons.compress.archivers.zip.BinaryTree.decode: unsupported access
	data: function(variable(this, pointer(reference(java/io/InputStream))), java/io/InputStream//read!d41d8cd98f00b204e9800998ecf8427e, [], [variable(, primitive(int, 32, false))], <nil>)
src/main/java/org/apache/commons/compress/archivers/zip/BinaryTree.java: org.apache.commons.compress.archivers.zip.BinaryTree.addLeaf: computing test cases
src/main/java/org/apache/commons/compress/archivers/zip/BinaryTree.java: org.apache.commons.compress.archivers.zip.BinaryTree.addLeaf: computed 0 unit tests
src/main/java/org/apache/commons/compress/archivers/zip/BinaryTree.java: org.apache.commons.compress.archivers.zip.BinaryTree.addLeaf: found 1 problems
src/main/java/org/apache/commons/compress/archivers/zip/BinaryTree.java: internal error: org.apache.commons.compress.archivers.zip.BinaryTree.addLeaf: unknown type kind
	data: [==(select(VariableReference(@m_0, pointer(struct(org/apache/commons/compress/archivers/zip/BinaryTree, [], [pointer(reference(java/lang/Object))], [])), @m_0_0), tree), nil) array(primitive(int, 32, false), primitive(int, 32, false), 0)]
src/main/java/org/apache/commons/compress/archivers/zip/ScatterStatistics.java: org.apache.commons.compress.archivers.zip.ScatterStatistics.getMergingElapsed: computing test cases
src/main/java/org/apache/commons/compress/archivers/zip/ScatterStatistics.java: org.apache.commons.compress.archivers.zip.ScatterStatistics.getMergingElapsed: computed 1 unit tests
src/main/java/org/apache/commons/compress/archivers/zip/ScatterStatistics.java: org.apache.commons.compress.archivers.zip.ScatterStatistics.getMergingElapsed: found 0 problems
src/main/java/org/apache/commons/compress/archivers/zip/ScatterStatistics.java: org.apache.commons.compress.archivers.zip.ScatterStatistics.toString: computing test cases
src/main/java/org/apache/commons/compress/archivers/zip/ScatterStatistics.java: org.apache.commons.compress.archivers.zip.ScatterStatistics.toString: computed 1 unit tests
src/main/java/org/apache/commons/compress/archivers/zip/ScatterStatistics.java: org.apache.commons.compress.archivers.zip.ScatterStatistics.toString: found 0 problems
src/main/java/org/apache/commons/compress/archivers/zip/ScatterStatistics.java: org.apache.commons.compress.archivers.zip.ScatterStatistics.ScatterStatistics: computing test cases
src/main/java/org/apache/commons/compress/archivers/zip/ScatterStatistics.java: org.apache.commons.compress.archivers.zip.ScatterStatistics.ScatterStatistics: computed 1 unit tests
src/main/java/org/apache/commons/compress/archivers/zip/ScatterStatistics.java: org.apache.commons.compress.archivers.zip.ScatterStatistics.ScatterStatistics: found 0 problems
src/main/java/org/apache/commons/compress/archivers/zip/ScatterStatistics.java: org.apache.commons.compress.archivers.zip.ScatterStatistics.getCompressionElapsed: computing test cases
src/main/java/org/apache/commons/compress/archivers/zip/ScatterStatistics.java: org.apache.commons.compress.archivers.zip.ScatterStatistics.getCompressionElapsed: computed 1 unit tests
src/main/java/org/apache/commons/compress/archivers/zip/ScatterStatistics.java: org.apache.commons.compress.archivers.zip.ScatterStatistics.getCompressionElapsed: found 0 problems
src/main/java/org/apache/commons/compress/archivers/zip/FallbackZipEncoding.java: org.apache.commons.compress.archivers.zip.FallbackZipEncoding.FallbackZipEncoding: computing test cases
src/main/java/org/apache/commons/compress/archivers/zip/FallbackZipEncoding.java: org.apache.commons.compress.archivers.zip.FallbackZipEncoding.FallbackZipEncoding: computed 1 unit tests
src/main/java/org/apache/commons/compress/archivers/zip/FallbackZipEncoding.java: org.apache.commons.compress.archivers.zip.FallbackZipEncoding.FallbackZipEncoding: found 0 problems
src/main/java/org/apache/commons/compress/archivers/zip/FallbackZipEncoding.java: org.apache.commons.compress.archivers.zip.FallbackZipEncoding.decode: computing test cases
src/main/java/org/apache/commons/compress/archivers/zip/FallbackZipEncoding.java: org.apache.commons.compress.archivers.zip.FallbackZipEncoding.decode: computed 0 unit tests
src/main/java/org/apache/commons/compress/archivers/zip/FallbackZipEncoding.java: org.apache.commons.compress.archivers.zip.FallbackZipEncoding.decode: found 0 problems
src/main/java/org/apache/commons/compress/archivers/zip/FallbackZipEncoding.java: org.apache.commons.compress.archivers.zip.FallbackZipEncoding.encode: computing test cases
src/main/java/org/apache/commons/compress/archivers/zip/FallbackZipEncoding.java: org.apache.commons.compress.archivers.zip.FallbackZipEncoding.encode: computed 0 unit tests
src/main/java/org/apache/commons/compress/archivers/zip/FallbackZipEncoding.java: org.apache.commons.compress.archivers.zip.FallbackZipEncoding.encode: found 0 problems
src/main/java/org/apache/commons/compress/archivers/zip/FallbackZipEncoding.java: org.apache.commons.compress.archivers.zip.FallbackZipEncoding.canEncode: computing test cases
src/main/java/org/apache/commons/compress/archivers/zip/FallbackZipEncoding.java: org.apache.commons.compress.archivers.zip.FallbackZipEncoding.canEncode: computed 1 unit tests
src/main/java/org/apache/commons/compress/archivers/zip/FallbackZipEncoding.java: org.apache.commons.compress.archivers.zip.FallbackZipEncoding.canEncode: found 0 problems
src/main/java/org/apache/commons/compress/archivers/zip/FallbackZipEncoding.java: org.apache.commons.compress.archivers.zip.FallbackZipEncoding.FallbackZipEncoding: computing test cases
src/main/java/org/apache/commons/compress/archivers/zip/FallbackZipEncoding.java: org.apache.commons.compress.archivers.zip.FallbackZipEncoding.FallbackZipEncoding: computed 1 unit tests
src/main/java/org/apache/commons/compress/archivers/zip/FallbackZipEncoding.java: org.apache.commons.compress.archivers.zip.FallbackZipEncoding.FallbackZipEncoding: found 0 problems
src/main/java/org/apache/commons/compress/archivers/ArchiveInputStream.java: org.apache.commons.compress.archivers.ArchiveInputStream.read: computing test cases
src/main/java/org/apache/commons/compress/archivers/ArchiveInputStream.java: org.apache.commons.compress.archivers.ArchiveInputStream.read: computed 0 unit tests
src/main/java/org/apache/commons/compress/archivers/ArchiveInputStream.java: org.apache.commons.compress.archivers.ArchiveInputStream.getNextEntry: computing test cases
src/main/java/org/apache/commons/compress/archivers/ArchiveInputStream.java: org.apache.commons.compress.archivers.ArchiveInputStream.getNextEntry: function is abstract and therefore inaccessible for tests
src/main/java/org/apache/commons/compress/archivers/ArchiveInputStream.java: org.apache.commons.compress.archivers.ArchiveInputStream.canReadEntryData: computing test cases
src/main/java/org/apache/commons/compress/archivers/ArchiveInputStream.java: org.apache.commons.compress.archivers.ArchiveInputStream.canReadEntryData: computed 0 unit tests
src/main/java/org/apache/commons/compress/archivers/ArchiveInputStream.java: org.apache.commons.compress.archivers.ArchiveInputStream.getBytesRead: computing test cases
src/main/java/org/apache/commons/compress/archivers/ArchiveInputStream.java: org.apache.commons.compress.archivers.ArchiveInputStream.getBytesRead: computed 0 unit tests
src/main/java/org/apache/commons/compress/archivers/ArchiveInputStream.java: org.apache.commons.compress.archivers.ArchiveInputStream.count: computing test cases
src/main/java/org/apache/commons/compress/archivers/ArchiveInputStream.java: org.apache.commons.compress.archivers.ArchiveInputStream.count: computed 0 unit tests
src/main/java/org/apache/commons/compress/archivers/ArchiveInputStream.java: org.apache.commons.compress.archivers.ArchiveInputStream.count: computing test cases
src/main/java/org/apache/commons/compress/archivers/ArchiveInputStream.java: org.apache.commons.compress.archivers.ArchiveInputStream.count: computed 0 unit tests
src/main/java/org/apache/commons/compress/archivers/ArchiveInputStream.java: org.apache.commons.compress.archivers.ArchiveInputStream.getCount: computing test cases
src/main/java/org/apache/commons/compress/archivers/ArchiveInputStream.java: org.apache.commons.compress.archivers.ArchiveInputStream.getCount: computed 0 unit tests
src/main/java/org/apache/commons/compress/archivers/ArchiveInputStream.java: org.apache.commons.compress.archivers.ArchiveInputStream.pushedBackBytes: computing test cases
src/main/java/org/apache/commons/compress/archivers/ArchiveInputStream.java: org.apache.commons.compress.archivers.ArchiveInputStream.pushedBackBytes: computed 0 unit tests
src/main/java/org/apache/commons/compress/archivers/sevenz/AES256SHA256Decoder.java: org.apache.commons.compress.archivers.sevenz.AES256SHA256Decoder.decode: computing test cases
src/main/java/org/apache/commons/compress/archivers/sevenz/AES256SHA256Decoder.java: org.apache.commons.compress.archivers.sevenz.AES256SHA256Decoder.decode: computed 0 unit tests
src/main/java/org/apache/commons/compress/archivers/sevenz/AES256SHA256Decoder.java: org.apache.commons.compress.archivers.sevenz.AES256SHA256Decoder.decode: found 1 problems
src/main/java/org/apache/commons/compress/archivers/sevenz/AES256SHA256Decoder.java: unsupported: org.apache.commons.compress.archivers.sevenz.AES256SHA256Decoder.decode: unsupported type
	data: wildcard(, pointer(reference(java/lang/Object)))
src/main/java/org/apache/commons/compress/archivers/zip/ExtraFieldUtils.java: org.apache.commons.compress.archivers.zip.ExtraFieldUtils.createExtraField: computing test cases
src/main/java/org/apache/commons/compress/archivers/zip/ExtraFieldUtils.java: org.apache.commons.compress.archivers.zip.ExtraFieldUtils.createExtraField: computed 0 unit tests
src/main/java/org/apache/commons/compress/archivers/zip/ExtraFieldUtils.java: org.apache.commons.compress.archivers.zip.ExtraFieldUtils.createExtraField: found 0 problems
src/main/java/org/apache/commons/compress/archivers/zip/ExtraFieldUtils.java: org.apache.commons.compress.archivers.zip.ExtraFieldUtils.UnparseableExtraField.getKey: computing test cases
src/main/java/org/apache/commons/compress/archivers/zip/ExtraFieldUtils.java: org.apache.commons.compress.archivers.zip.ExtraFieldUtils.UnparseableExtraField.getKey: computed 1 unit tests
src/main/java/org/apache/commons/compress/archivers/zip/ExtraFieldUtils.java: org.apache.commons.compress.archivers.zip.ExtraFieldUtils.UnparseableExtraField.getKey: found 0 problems
src/main/java/org/apache/commons/compress/archivers/zip/ExtraFieldUtils.java: org.apache.commons.compress.archivers.zip.ExtraFieldUtils.parse: computing test cases
src/main/java/org/apache/commons/compress/archivers/zip/ExtraFieldUtils.java: org.apache.commons.compress.archivers.zip.ExtraFieldUtils.parse: computed 0 unit tests
src/main/java/org/apache/commons/compress/archivers/zip/ExtraFieldUtils.java: org.apache.commons.compress.archivers.zip.ExtraFieldUtils.parse: computing test cases
src/main/java/org/apache/commons/compress/archivers/zip/ExtraFieldUtils.java: org.apache.commons.compress.archivers.zip.ExtraFieldUtils.parse: computed 0 unit tests
src/main/java/org/apache/commons/compress/archivers/zip/ExtraFieldUtils.java: org.apache.commons.compress.archivers.zip.ExtraFieldUtils.parse: found 0 problems
src/main/java/org/apache/commons/compress/archivers/zip/ExtraFieldUtils.java: org.apache.commons.compress.archivers.zip.ExtraFieldUtils.mergeLocalFileDataData: computing test cases
src/main/java/org/apache/commons/compress/archivers/zip/ExtraFieldUtils.java: org.apache.commons.compress.archivers.zip.ExtraFieldUtils.mergeLocalFileDataData: computed 0 unit tests
src/main/java/org/apache/commons/compress/archivers/zip/ExtraFieldUtils.java: org.apache.commons.compress.archivers.zip.ExtraFieldUtils.mergeLocalFileDataData: found 0 problems
src/main/java/org/apache/commons/compress/archivers/zip/ExtraFieldUtils.java: org.apache.commons.compress.archivers.zip.ExtraFieldUtils.mergeCentralDirectoryData: computing test cases
src/main/java/org/apache/commons/compress/archivers/zip/ExtraFieldUtils.java: org.apache.commons.compress.archivers.zip.ExtraFieldUtils.mergeCentralDirectoryData: computed 0 unit tests
src/main/java/org/apache/commons/compress/archivers/zip/ExtraFieldUtils.java: org.apache.commons.compress.archivers.zip.ExtraFieldUtils.mergeCentralDirectoryData: found 0 problems
src/main/java/org/apache/commons/compress/archivers/zip/ExtraFieldUtils.java: org.apache.commons.compress.archivers.zip.ExtraFieldUtils.register: computing test cases
src/main/java/org/apache/commons/compress/archivers/zip/ExtraFieldUtils.java: org.apache.commons.compress.archivers.zip.ExtraFieldUtils.register: computed 0 unit tests
src/main/java/org/apache/commons/compress/archivers/zip/ExtraFieldUtils.java: org.apache.commons.compress.archivers.zip.ExtraFieldUtils.register: found 0 problems
src/main/java/org/apache/commons/compress/archivers/zip/ExtraFieldUtils.java: org.apache.commons.compress.archivers.zip.ExtraFieldUtils.parse: computing test cases
src/main/java/org/apache/commons/compress/archivers/zip/ExtraFieldUtils.java: org.apache.commons.compress.archivers.zip.ExtraFieldUtils.parse: computed 0 unit tests
src/main/java/org/apache/commons/compress/archivers/zip/ExtraFieldUtils.java: org.apache.commons.compress.archivers.zip.ExtraFieldUtils.parse: found 0 problems
src/main/java/org/apache/commons/compress/archivers/zip/ScatterZipOutputStream.java: org.apache.commons.compress.archivers.zip.ScatterZipOutputStream.ScatterZipOutputStream: computing test cases
src/main/java/org/apache/commons/compress/archivers/zip/ScatterZipOutputStream.java: org.apache.commons.compress.archivers.zip.ScatterZipOutputStream.ScatterZipOutputStream: found 1 problems
src/main/java/org/apache/commons/compress/archivers/zip/ScatterZipOutputStream.java: internal error: org.apache.commons.compress.archivers.zip.ScatterZipOutputStream.ScatterZipOutputStream: unknown type kind
	data: unsupported(java/util/zip/Deflater)
src/main/java/org/apache/commons/compress/archivers/zip/ScatterZipOutputStream.java: org.apache.commons.compress.archivers.zip.ScatterZipOutputStream.fileBased: computing test cases
src/main/java/org/apache/commons/compress/archivers/zip/ScatterZipOutputStream.java: org.apache.commons.compress.archivers.zip.ScatterZipOutputStream.fileBased: found 1 problems
src/main/java/org/apache/commons/compress/archivers/zip/ScatterZipOutputStream.java: internal error: org.apache.commons.compress.archivers.zip.ScatterZipOutputStream.fileBased: unknown type kind
	data: unsupported(org/apache/commons/compress/parallel/ScatterGatherBackingStore)
src/main/java/org/apache/commons/compress/archivers/zip/ScatterZipOutputStream.java: org.apache.commons.compress.archivers.zip.ScatterZipOutputStream.addArchiveEntry: computing test cases
src/main/java/org/apache/commons/compress/archivers/zip/ScatterZipOutputStream.java: org.apache.commons.compress.archivers.zip.ScatterZipOutputStream.addArchiveEntry: found 1 problems
src/main/java/org/apache/commons/compress/archivers/zip/ScatterZipOutputStream.java: internal error: org.apache.commons.compress.archivers.zip.ScatterZipOutputStream.addArchiveEntry: unknown type kind
	data: unsupported(org/apache/commons/compress/parallel/ScatterGatherBackingStore)
src/main/java/org/apache/commons/compress/archivers/zip/ScatterZipOutputStream.java: org.apache.commons.compress.archivers.zip.ScatterZipOutputStream.close: computing test cases
src/main/java/org/apache/commons/compress/archivers/zip/ScatterZipOutputStream.java: org.apache.commons.compress.archivers.zip.ScatterZipOutputStream.close: found 1 problems
src/main/java/org/apache/commons/compress/archivers/zip/ScatterZipOutputStream.java: internal error: org.apache.commons.compress.archivers.zip.ScatterZipOutputStream.close: unknown type kind
	data: unsupported(org/apache/commons/compress/parallel/ScatterGatherBackingStore)
src/main/java/org/apache/commons/compress/archivers/zip/ScatterZipOutputStream.java: org.apache.commons.compress.archivers.zip.ScatterZipOutputStream.writeTo: computing test cases
src/main/java/org/apache/commons/compress/archivers/zip/ScatterZipOutputStream.java: org.apache.commons.compress.archivers.zip.ScatterZipOutputStream.writeTo: found 1 problems
src/main/java/org/apache/commons/compress/archivers/zip/ScatterZipOutputStream.java: internal error: org.apache.commons.compress.archivers.zip.ScatterZipOutputStream.writeTo: unknown type kind
	data: unsupported(org/apache/commons/compress/parallel/ScatterGatherBackingStore)
src/main/java/org/apache/commons/compress/archivers/zip/ScatterZipOutputStream.java: org.apache.commons.compress.archivers.zip.ScatterZipOutputStream.fileBased: computing test cases
src/main/java/org/apache/commons/compress/archivers/zip/ScatterZipOutputStream.java: org.apache.commons.compress.archivers.zip.ScatterZipOutputStream.fileBased: found 1 problems
src/main/java/org/apache/commons/compress/archivers/zip/ScatterZipOutputStream.java: internal error: org.apache.commons.compress.archivers.zip.ScatterZipOutputStream.fileBased: unknown type kind
	data: unsupported(org/apache/commons/compress/parallel/ScatterGatherBackingStore)
src/main/java/org/apache/commons/compress/archivers/zip/ParallelScatterZipCreator.java: org.apache.commons.compress.archivers.zip.ParallelScatterZipCreator.writeTo: computing test cases
src/main/java/org/apache/commons/compress/archivers/zip/ParallelScatterZipCreator.java: org.apache.commons.compress.archivers.zip.ParallelScatterZipCreator.writeTo: found 1 problems
src/main/java/org/apache/commons/compress/archivers/zip/ParallelScatterZipCreator.java: internal error: org.apache.commons.compress.archivers.zip.ParallelScatterZipCreator.writeTo: unknown type kind
	data: unsupported(java/util/concurrent/ExecutorService)
src/main/java/org/apache/commons/compress/archivers/zip/ParallelScatterZipCreator.java: org.apache.commons.compress.archivers.zip.ParallelScatterZipCreator.ParallelScatterZipCreator: computing test cases
src/main/java/org/apache/commons/compress/archivers/zip/ParallelScatterZipCreator.java: org.apache.commons.compress.archivers.zip.ParallelScatterZipCreator.ParallelScatterZipCreator: found 1 problems
src/main/java/org/apache/commons/compress/archivers/zip/ParallelScatterZipCreator.java: internal error: org.apache.commons.compress.archivers.zip.ParallelScatterZipCreator.ParallelScatterZipCreator: unknown type kind
	data: unsupported(java/util/concurrent/ExecutorService)
src/main/java/org/apache/commons/compress/archivers/zip/ParallelScatterZipCreator.java: org.apache.commons.compress.archivers.zip.ParallelScatterZipCreator.submit: computing test cases
src/main/java/org/apache/commons/compress/archivers/zip/ParallelScatterZipCreator.java: org.apache.commons.compress.archivers.zip.ParallelScatterZipCreator.submit: found 1 problems
src/main/java/org/apache/commons/compress/archivers/zip/ParallelScatterZipCreator.java: internal error: org.apache.commons.compress.archivers.zip.ParallelScatterZipCreator.submit: unknown type kind
	data: unsupported(java/util/concurrent/ExecutorService)
src/main/java/org/apache/commons/compress/archivers/zip/ParallelScatterZipCreator.java: org.apache.commons.compress.archivers.zip.ParallelScatterZipCreator.getStatisticsMessage: computing test cases
src/main/java/org/apache/commons/compress/archivers/zip/ParallelScatterZipCreator.java: org.apache.commons.compress.archivers.zip.ParallelScatterZipCreator.getStatisticsMessage: found 1 problems
src/main/java/org/apache/commons/compress/archivers/zip/ParallelScatterZipCreator.java: internal error: org.apache.commons.compress.archivers.zip.ParallelScatterZipCreator.getStatisticsMessage: unknown type kind
	data: unsupported(java/util/concurrent/ExecutorService)
src/main/java/org/apache/commons/compress/archivers/zip/ParallelScatterZipCreator.java: org.apache.commons.compress.archivers.zip.ParallelScatterZipCreator.createCallable: computing test cases
src/main/java/org/apache/commons/compress/archivers/zip/ParallelScatterZipCreator.java: org.apache.commons.compress.archivers.zip.ParallelScatterZipCreator.createCallable: computed 0 unit tests
src/main/java/org/apache/commons/compress/archivers/zip/ParallelScatterZipCreator.java: org.apache.commons.compress.archivers.zip.ParallelScatterZipCreator.addArchiveEntry: computing test cases
src/main/java/org/apache/commons/compress/archivers/zip/ParallelScatterZipCreator.java: org.apache.commons.compress.archivers.zip.ParallelScatterZipCreator.addArchiveEntry: found 1 problems
src/main/java/org/apache/commons/compress/archivers/zip/ParallelScatterZipCreator.java: internal error: org.apache.commons.compress.archivers.zip.ParallelScatterZipCreator.addArchiveEntry: unknown type kind
	data: unsupported(java/util/concurrent/ExecutorService)
src/main/java/org/apache/commons/compress/archivers/zip/ParallelScatterZipCreator.java: org.apache.commons.compress.archivers.zip.ParallelScatterZipCreator.ParallelScatterZipCreator: computing test cases
src/main/java/org/apache/commons/compress/archivers/zip/ParallelScatterZipCreator.java: org.apache.commons.compress.archivers.zip.ParallelScatterZipCreator.ParallelScatterZipCreator: found 1 problems
src/main/java/org/apache/commons/compress/archivers/zip/ParallelScatterZipCreator.java: internal error: org.apache.commons.compress.archivers.zip.ParallelScatterZipCreator.ParallelScatterZipCreator: unknown type kind
	data: unsupported(java/util/concurrent/ExecutorService)
src/main/java/org/apache/commons/compress/archivers/zip/ParallelScatterZipCreator.java: org.apache.commons.compress.archivers.zip.ParallelScatterZipCreator.ParallelScatterZipCreator: computing test cases
src/main/java/org/apache/commons/compress/archivers/zip/ParallelScatterZipCreator.java: org.apache.commons.compress.archivers.zip.ParallelScatterZipCreator.ParallelScatterZipCreator: found 1 problems
src/main/java/org/apache/commons/compress/archivers/zip/ParallelScatterZipCreator.java: internal error: org.apache.commons.compress.archivers.zip.ParallelScatterZipCreator.ParallelScatterZipCreator: unknown type kind
	data: unsupported(java/util/concurrent/ExecutorService)
src/main/java/org/apache/commons/compress/archivers/ArchiveEntry.java: org.apache.commons.compress.archivers.ArchiveEntry.getName: computing test cases
src/main/java/org/apache/commons/compress/archivers/ArchiveEntry.java: org.apache.commons.compress.archivers.ArchiveEntry.getName: function is abstract and therefore inaccessible for tests
src/main/java/org/apache/commons/compress/archivers/ArchiveEntry.java: org.apache.commons.compress.archivers.ArchiveEntry.isDirectory: computing test cases
src/main/java/org/apache/commons/compress/archivers/ArchiveEntry.java: org.apache.commons.compress.archivers.ArchiveEntry.isDirectory: function is abstract and therefore inaccessible for tests
src/main/java/org/apache/commons/compress/archivers/ArchiveEntry.java: org.apache.commons.compress.archivers.ArchiveEntry.getLastModifiedDate: computing test cases
src/main/java/org/apache/commons/compress/archivers/ArchiveEntry.java: org.apache.commons.compress.archivers.ArchiveEntry.getLastModifiedDate: function is abstract and therefore inaccessible for tests
src/main/java/org/apache/commons/compress/archivers/ArchiveEntry.java: org.apache.commons.compress.archivers.ArchiveEntry.getSize: computing test cases
src/main/java/org/apache/commons/compress/archivers/ArchiveEntry.java: org.apache.commons.compress.archivers.ArchiveEntry.getSize: function is abstract and therefore inaccessible for tests
src/main/java/org/apache/commons/compress/archivers/tar/TarUtils.java: org.apache.commons.compress.archivers.tar.TarUtils.formatCheckSumOctalBytes: computing test cases
src/main/java/org/apache/commons/compress/archivers/tar/TarUtils.java: org.apache.commons.compress.archivers.tar.TarUtils.formatCheckSumOctalBytes: computed 0 unit tests
src/main/java/org/apache/commons/compress/archivers/tar/TarUtils.java: org.apache.commons.compress.archivers.tar.TarUtils.formatCheckSumOctalBytes: found 0 problems
src/main/java/org/apache/commons/compress/archivers/tar/TarUtils.java: org.apache.commons.compress.archivers.tar.TarUtils.parseBoolean: computing test cases
src/main/java/org/apache/commons/compress/archivers/tar/TarUtils.java: org.apache.commons.compress.archivers.tar.TarUtils.parseBoolean: computed 0 unit tests
src/main/java/org/apache/commons/compress/archivers/tar/TarUtils.java: org.apache.commons.compress.archivers.tar.TarUtils.parseBoolean: found 0 problems
src/main/java/org/apache/commons/compress/archivers/tar/TarUtils.java: org.apache.commons.compress.archivers.tar.TarUtils.parseOctal: computing test cases
src/main/java/org/apache/commons/compress/archivers/tar/TarUtils.java: org.apache.commons.compress.archivers.tar.TarUtils.parseOctal: computed 0 unit tests
src/main/java/org/apache/commons/compress/archivers/tar/TarUtils.java: org.apache.commons.compress.archivers.tar.TarUtils.parseOctal: found 0 problems
src/main/java/org/apache/commons/compress/archivers/tar/TarUtils.java: org.apache.commons.compress.archivers.tar.TarUtils.verifyCheckSum: computing test cases
src/main/java/org/apache/commons/compress/archivers/tar/TarUtils.java: org.apache.commons.compress.archivers.tar.TarUtils.verifyCheckSum: computed 0 unit tests
src/main/java/org/apache/commons/compress/archivers/tar/TarUtils.java: org.apache.commons.compress.archivers.tar.TarUtils.verifyCheckSum: found 0 problems
src/main/java/org/apache/commons/compress/archivers/tar/TarUtils.java: org.apache.commons.compress.archivers.tar.TarUtils.formatLongOctalOrBinaryBytes: computing test cases
src/main/java/org/apache/commons/compress/archivers/tar/TarUtils.java: org.apache.commons.compress.archivers.tar.TarUtils.formatLongOctalOrBinaryBytes: computed 0 unit tests
src/main/java/org/apache/commons/compress/archivers/tar/TarUtils.java: org.apache.commons.compress.archivers.tar.TarUtils.formatLongOctalOrBinaryBytes: found 0 problems
src/main/java/org/apache/commons/compress/archivers/tar/TarUtils.java: org.apache.commons.compress.archivers.tar.TarUtils.formatUnsignedOctalString: computing test cases
src/main/java/org/apache/commons/compress/archivers/tar/TarUtils.java: org.apache.commons.compress.archivers.tar.TarUtils.formatUnsignedOctalString: computed 0 unit tests
src/main/java/org/apache/commons/compress/archivers/tar/TarUtils.java: org.apache.commons.compress.archivers.tar.TarUtils.formatUnsignedOctalString: found 0 problems
src/main/java/org/apache/commons/compress/archivers/tar/TarUtils.java: org.apache.commons.compress.archivers.tar.TarUtils.formatNameBytes: computing test cases
src/main/java/org/apache/commons/compress/archivers/tar/TarUtils.java: org.apache.commons.compress.archivers.tar.TarUtils.formatNameBytes: computed 0 unit tests
src/main/java/org/apache/commons/compress/archivers/tar/TarUtils.java: org.apache.commons.compress.archivers.tar.TarUtils.formatNameBytes: found 0 problems
src/main/java/org/apache/commons/compress/archivers/tar/TarUtils.java: org.apache.commons.compress.archivers.tar.TarUtils.formatNameBytes: computing test cases
src/main/java/org/apache/commons/compress/archivers/tar/TarUtils.java: org.apache.commons.compress.archivers.tar.TarUtils.formatNameBytes: computed 0 unit tests
src/main/java/org/apache/commons/compress/archivers/tar/TarUtils.java: org.apache.commons.compress.archivers.tar.TarUtils.formatNameBytes: found 0 problems
src/main/java/org/apache/commons/compress/archivers/tar/TarUtils.java: org.apache.commons.compress.archivers.tar.TarUtils.formatLongOctalBytes: computing test cases
src/main/java/org/apache/commons/compress/archivers/tar/TarUtils.java: org.apache.commons.compress.archivers.tar.TarUtils.formatLongOctalBytes: computed 0 unit tests
src/main/java/org/apache/commons/compress/archivers/tar/TarUtils.java: org.apache.commons.compress.archivers.tar.TarUtils.formatLongOctalBytes: found 0 problems
src/main/java/org/apache/commons/compress/archivers/tar/TarUtils.java: org.apache.commons.compress.archivers.tar.TarUtils.parseName: computing test cases
src/main/java/org/apache/commons/compress/archivers/tar/TarUtils.java: org.apache.commons.compress.archivers.tar.TarUtils.parseName: computed 0 unit tests
src/main/java/org/apache/commons/compress/archivers/tar/TarUtils.java: org.apache.commons.compress.archivers.tar.TarUtils.parseName: found 0 problems
src/main/java/org/apache/commons/compress/archivers/tar/TarUtils.java: org.apache.commons.compress.archivers.tar.TarUtils.computeCheckSum: computing test cases
src/main/java/org/apache/commons/compress/archivers/tar/TarUtils.java: org.apache.commons.compress.archivers.tar.TarUtils.computeCheckSum: computed 0 unit tests
src/main/java/org/apache/commons/compress/archivers/tar/TarUtils.java: org.apache.commons.compress.archivers.tar.TarUtils.computeCheckSum: found 0 problems
src/main/java/org/apache/commons/compress/archivers/tar/TarUtils.java: org.apache.commons.compress.archivers.tar.TarUtils.parseOctalOrBinary: computing test cases
src/main/java/org/apache/commons/compress/archivers/tar/TarUtils.java: org.apache.commons.compress.archivers.tar.TarUtils.parseOctalOrBinary: computed 0 unit tests
src/main/java/org/apache/commons/compress/archivers/tar/TarUtils.java: org.apache.commons.compress.archivers.tar.TarUtils.parseOctalOrBinary: found 0 problems
src/main/java/org/apache/commons/compress/archivers/tar/TarUtils.java: org.apache.commons.compress.archivers.tar.TarUtils.parseName: computing test cases
src/main/java/org/apache/commons/compress/archivers/tar/TarUtils.java: org.apache.commons.compress.archivers.tar.TarUtils.parseName: computed 0 unit tests
src/main/java/org/apache/commons/compress/archivers/tar/TarUtils.java: org.apache.commons.compress.archivers.tar.TarUtils.parseName: found 0 problems
src/main/java/org/apache/commons/compress/archivers/tar/TarUtils.java: org.apache.commons.compress.archivers.tar.TarUtils.formatOctalBytes: computing test cases
src/main/java/org/apache/commons/compress/archivers/tar/TarUtils.java: org.apache.commons.compress.archivers.tar.TarUtils.formatOctalBytes: computed 0 unit tests
src/main/java/org/apache/commons/compress/archivers/tar/TarUtils.java: org.apache.commons.compress.archivers.tar.TarUtils.formatOctalBytes: found 0 problems
src/main/java/org/apache/commons/compress/archivers/zip/ZipArchiveOutputStream.java: org.apache.commons.compress.archivers.zip.ZipArchiveOutputStream.setUseZip64: computing test cases
src/main/java/org/apache/commons/compress/archivers/zip/ZipArchiveOutputStream.java: org.apache.commons.compress.archivers.zip.ZipArchiveOutputStream.setUseZip64: found 1 problems
src/main/java/org/apache/commons/compress/archivers/zip/ZipArchiveOutputStream.java: internal error: org.apache.commons.compress.archivers.zip.ZipArchiveOutputStream.setUseZip64: unknown type kind
	data: unsupported(java/util/zip/Deflater)
src/main/java/org/apache/commons/compress/archivers/zip/ZipArchiveOutputStream.java: org.apache.commons.compress.archivers.zip.ZipArchiveOutputStream.setFallbackToUTF8: computing test cases
src/main/java/org/apache/commons/compress/archivers/zip/ZipArchiveOutputStream.java: org.apache.commons.compress.archivers.zip.ZipArchiveOutputStream.setFallbackToUTF8: found 1 problems
src/main/java/org/apache/commons/compress/archivers/zip/ZipArchiveOutputStream.java: internal error: org.apache.commons.compress.archivers.zip.ZipArchiveOutputStream.setFallbackToUTF8: unknown type kind
	data: unsupported(java/util/zip/Deflater)
src/main/java/org/apache/commons/compress/archivers/zip/ZipArchiveOutputStream.java: org.apache.commons.compress.archivers.zip.ZipArchiveOutputStream.createArchiveEntry: computing test cases
src/main/java/org/apache/commons/compress/archivers/zip/ZipArchiveOutputStream.java: org.apache.commons.compress.archivers.zip.ZipArchiveOutputStream.createArchiveEntry: found 1 problems
src/main/java/org/apache/commons/compress/archivers/zip/ZipArchiveOutputStream.java: internal error: org.apache.commons.compress.archivers.zip.ZipArchiveOutputStream.createArchiveEntry: unknown type kind
	data: unsupported(java/util/zip/Deflater)
src/main/java/org/apache/commons/compress/archivers/zip/ZipArchiveOutputStream.java: org.apache.commons.compress.archivers.zip.ZipArchiveOutputStream.write: computing test cases
src/main/java/org/apache/commons/compress/archivers/zip/ZipArchiveOutputStream.java: org.apache.commons.compress.archivers.zip.ZipArchiveOutputStream.write: found 1 problems
src/main/java/org/apache/commons/compress/archivers/zip/ZipArchiveOutputStream.java: internal error: org.apache.commons.compress.archivers.zip.ZipArchiveOutputStream.write: unknown type kind
	data: unsupported(java/util/zip/Deflater)
src/main/java/org/apache/commons/compress/archivers/zip/ZipArchiveOutputStream.java: org.apache.commons.compress.archivers.zip.ZipArchiveOutputStream.writeOut: computing test cases
src/main/java/org/apache/commons/compress/archivers/zip/ZipArchiveOutputStream.java: org.apache.commons.compress.archivers.zip.ZipArchiveOutputStream.writeOut: found 1 problems
src/main/java/org/apache/commons/compress/archivers/zip/ZipArchiveOutputStream.java: internal error: org.apache.commons.compress.archivers.zip.ZipArchiveOutputStream.writeOut: unknown type kind
	data: unsupported(java/util/zip/Deflater)
src/main/java/org/apache/commons/compress/archivers/zip/ZipArchiveOutputStream.java: org.apache.commons.compress.archivers.zip.ZipArchiveOutputStream.finish: computing test cases
src/main/java/org/apache/commons/compress/archivers/zip/ZipArchiveOutputStream.java: org.apache.commons.compress.archivers.zip.ZipArchiveOutputStream.finish: found 1 problems
src/main/java/org/apache/commons/compress/archivers/zip/ZipArchiveOutputStream.java: internal error: org.apache.commons.compress.archivers.zip.ZipArchiveOutputStream.finish: unknown type kind
	data: unsupported(java/util/zip/Deflater)
src/main/java/org/apache/commons/compress/archivers/zip/ZipArchiveOutputStream.java: org.apache.commons.compress.archivers.zip.ZipArchiveOutputStream.writeDataDescriptor: computing test cases
src/main/java/org/apache/commons/compress/archivers/zip/ZipArchiveOutputStream.java: org.apache.commons.compress.archivers.zip.ZipArchiveOutputStream.writeDataDescriptor: found 1 problems
src/main/java/org/apache/commons/compress/archivers/zip/ZipArchiveOutputStream.java: internal error: org.apache.commons.compress.archivers.zip.ZipArchiveOutputStream.writeDataDescriptor: unknown type kind
	data: unsupported(java/util/zip/Deflater)
src/main/java/org/apache/commons/compress/archivers/zip/ZipArchiveOutputStream.java: org.apache.commons.compress.archivers.zip.ZipArchiveOutputStream.deflate: computing test cases
src/main/java/org/apache/commons/compress/archivers/zip/ZipArchiveOutputStream.java: org.apache.commons.compress.archivers.zip.ZipArchiveOutputStream.deflate: found 1 problems
src/main/java/org/apache/commons/compress/archivers/zip/ZipArchiveOutputStream.java: internal error: org.apache.commons.compress.archivers.zip.ZipArchiveOutputStream.deflate: unknown type kind
	data: unsupported(java/util/zip/Deflater)
src/main/java/org/apache/commons/compress/archivers/zip/ZipArchiveOutputStream.java: org.apache.commons.compress.archivers.zip.ZipArchiveOutputStream.closeArchiveEntry: computing test cases
src/main/java/org/apache/commons/compress/archivers/zip/ZipArchiveOutputStream.java: org.apache.commons.compress.archivers.zip.ZipArchiveOutputStream.closeArchiveEntry: found 1 problems
src/main/java/org/apache/commons/compress/archivers/zip/ZipArchiveOutputStream.java: internal error: org.apache.commons.compress.archivers.zip.ZipArchiveOutputStream.closeArchiveEntry: unknown type kind
	data: unsupported(java/util/zip/Deflater)
src/main/java/org/apache/commons/compress/archivers/zip/ZipArchiveOutputStream.java: org.apache.commons.compress.archivers.zip.ZipArchiveOutputStream.setLevel: computing test cases
src/main/java/org/apache/commons/compress/archivers/zip/ZipArchiveOutputStream.java: org.apache.commons.compress.archivers.zip.ZipArchiveOutputStream.setLevel: found 1 problems
src/main/java/org/apache/commons/compress/archivers/zip/ZipArchiveOutputStream.java: internal error: org.apache.commons.compress.archivers.zip.ZipArchiveOutputStream.setLevel: unknown type kind
	data: unsupported(java/util/zip/Deflater)
src/main/java/org/apache/commons/compress/archivers/zip/ZipArchiveOutputStream.java: org.apache.commons.compress.archivers.zip.ZipArchiveOutputStream.writeOut: computing test cases
src/main/java/org/apache/commons/compress/archivers/zip/ZipArchiveOutputStream.java: org.apache.commons.compress.archivers.zip.ZipArchiveOutputStream.writeOut: found 1 problems
src/main/java/org/apache/commons/compress/archivers/zip/ZipArchiveOutputStream.java: internal error: org.apache.commons.compress.archivers.zip.ZipArchiveOutputStream.writeOut: unknown type kind
	data: unsupported(java/util/zip/Deflater)
src/main/java/org/apache/commons/compress/archivers/zip/ZipArchiveOutputStream.java: org.apache.commons.compress.archivers.zip.ZipArchiveOutputStream.canWriteEntryData: computing test cases
src/main/java/org/apache/commons/compress/archivers/zip/ZipArchiveOutputStream.java: org.apache.commons.compress.archivers.zip.ZipArchiveOutputStream.canWriteEntryData: found 1 problems
src/main/java/org/apache/commons/compress/archivers/zip/ZipArchiveOutputStream.java: internal error: org.apache.commons.compress.archivers.zip.ZipArchiveOutputStream.canWriteEntryData: Internal error: unknown function:
		&modelast.Call{
		    Function: &modelast.Identifier{
		        Name: "org/apache/commons/compress/archivers/zip/@@ZipMethod//@@box!cfc7bf444a25aa0d25fb13b1e7550ad0",
		    },
		    Arguments: []modelast.Expression{
		        &modelast.ExpressionUnary{
		            CompactFileRange: location.CompactFileRange{Start:location.NewCompactFileLocationRaw(33, 870, 39), End:location.NewCompactFileLocationRaw(33, 870, 57)},
		            Operator:         "&",
		            X:                &modelast.LiteralComposite{
		                Type: &modelast.TypeReference{
		                    Name: "org/apache/commons/compress/archivers/zip/ZipMethod",
		                },
		                Values: []modelast.Expression{
		                    &modelast.Literal{
		                        Type: &modelast.TypePrimitive{
		                            Kind: "string",
		                            Size: 0x25,
		                        },
		                        Value: "IMPLODING",
		                    },
		                },
		            },
		        },
		    },
		}
		Stacktrace: goroutine 1 [running]:
		gitlab.nethead.at/symflower/symflower/model/errors.NewInternalError({0x21de060, 0x2d25950}, {0x13dc340, 0xc00212fef0})
			gitlab.nethead.at/symflower/symflower/model/errors/error.go:852 +0x4e
		gitlab.nethead.at/symflower/symflower/model/ast.(*Call).ExpressionType(0xc00212fef0, 0xc006f22360)
			gitlab.nethead.at/symflower/symflower/model/ast/function.go:1002 +0x297
		gitlab.nethead.at/symflower/symflower/model/ast.(*ExpressionUnary).ExpressionType(0xc003733bf0, 0xc006f22360)
			gitlab.nethead.at/symflower/symflower/model/ast/expression.go:1258 +0x2a
		gitlab.nethead.at/symflower/symflower/model/ast.(*Scope).GetFunctionWithEffectiveReceiver(0xc006f22360, {0x2208dd0?, 0xc003733c20})
			gitlab.nethead.at/symflower/symflower/model/ast/scope.go:677 +0x182
		gitlab.nethead.at/symflower/symflower/model/ast.(*Scope).GetFunction(...)
			gitlab.nethead.at/symflower/symflower/model/ast/scope.go:662
		gitlab.nethead.at/symflower/symflower/model/ast.VerifyCallForExpression(0x2208b10?, {0x2208590, 0xc00212fea0?})
			gitlab.nethead.at/symflower/symflower/model/ast/verify.go:41 +0x53
		gitlab.nethead.at/symflower/symflower/model/ast.(*ExpressionBinary).Verify(0xc0031ecf40, 0xc006f22360)
			gitlab.nethead.at/symflower/symflower/model/ast/expression.go:439 +0x8c
		gitlab.nethead.at/symflower/symflower/model/ast.WalkVerify.func2(0xc006f22360, {0x2203ad8, 0xc0031ecf40})
			gitlab.nethead.at/symflower/symflower/model/ast/walk.go:52 +0x6d
		gitlab.nethead.at/symflower/symflower/model/ast.(*ExpressionBinary).Walk(0xc0031ecf40, 0xc006f22360, 0x0, 0xc003d43410)
			gitlab.nethead.at/symflower/symflower/model/ast/walk_gen.go:273 +0xa2
		gitlab.nethead.at/symflower/symflower/model/ast.(*ExpressionBinary).Walk(0xc0031eda00, 0xc006f22360, 0x0, 0xc003d43410)
			gitlab.nethead.at/symflower/symflower/model/ast/walk_gen.go:281 +0x122
		gitlab.nethead.at/symflower/symflower/model/ast.(*ExpressionBinary).Walk(0xc0031eda40, 0xc006f22360, 0x0, 0xc003d43410)
			gitlab.nethead.at/symflower/symflower/model/ast/walk_gen.go:281 +0x122
		gitlab.nethead.at/symflower/symflower/model/ast.(*StatementReturn).Walk(0xc0037337d0, 0xc006f22360, 0x0, 0xc003d43410)
			gitlab.nethead.at/symflower/symflower/model/ast/walk_gen.go:1586 +0x175
		gitlab.nethead.at/symflower/symflower/model/ast.(*StatementBlock).Walk(0xc003733f20, 0xc006f22360, 0x0, 0xc003d43410)
			gitlab.nethead.at/symflower/symflower/model/ast/walk_gen.go:1379 +0x36b
		gitlab.nethead.at/symflower/symflower/model/ast.(*StatementIf).Walk(0xc0031eda80, 0xc006f22360, 0x0, 0xc003d43410)
			gitlab.nethead.at/symflower/symflower/model/ast/walk_gen.go:1487 +0x194
		gitlab.nethead.at/symflower/symflower/model/ast.(*StatementBlock).Walk(0xc00354a060, 0xc006f22360, 0x0, 0xc003d43410)
			gitlab.nethead.at/symflower/symflower/model/ast/walk_gen.go:1379 +0x36b
		gitlab.nethead.at/symflower/symflower/model/ast.(*Function).Walk(0xc001072e00, 0xc006f22360, 0x0, 0xc003d43410)
			gitlab.nethead.at/symflower/symflower/model/ast/walk_gen.go:900 +0x5df
		gitlab.nethead.at/symflower/symflower/model/ast.WalkVerify(0xc006f22360, {0x2203368, 0xc001072e00})
			gitlab.nethead.at/symflower/symflower/model/ast/walk.go:46 +0x127
		gitlab.nethead.at/symflower/symflower/model.(*Symbol).Verify(0xc001072e00, 0x2205728?)
			gitlab.nethead.at/symflower/symflower/model/symbol.go:161 +0xf1
		gitlab.nethead.at/symflower/symflower/symbolicexecution.analyzeInternal(0xc001d39240, 0x2088c88)
			gitlab.nethead.at/symflower/symflower/symbolicexecution/analyze.go:162 +0x668
		gitlab.nethead.at/symflower/symflower/symbolicexecution.AnalyzeResult(0x2d49d00?)
			gitlab.nethead.at/symflower/symflower/symbolicexecution/analyze.go:55 +0x32
		gitlab.nethead.at/symflower/symflower/cmd/symflower-local/generate.(*Generator).SymbolicExecutionTestsForSymbol(0xc00059f0e0, {0x21e8348, 0xc0027bf900}, 0xc000a3d620)
			gitlab.nethead.at/symflower/symflower/cmd/symflower-local/generate/generate.go:236 +0x3a5
		gitlab.nethead.at/symflower/symflower/cmd/symflower-local/generate.(*Generator).Tests(0xc00059f0e0, 0xc00059f110, 0x0?)
			gitlab.nethead.at/symflower/symflower/cmd/symflower-local/generate/generate.go:190 +0x2d3
		gitlab.nethead.at/symflower/symflower/cmd/symflower-local/generate.(*AnalyzeEngineDefault).UnitTests(0x2d?, 0x124bba0?, {0x21eb890?, 0xc00004c9d0?}, {0x80?, 0x47?, 0x4?, 0x0?}, 0x2d?, {0xc00059e720, ...})
			gitlab.nethead.at/symflower/symflower/cmd/symflower-local/generate/analyze.go:157 +0x98
		gitlab.nethead.at/symflower/symflower/cmd/symflower-local/cmd.(*commandUnitTests).Execute(0xc0005b48d8, {0xc0005b4508?, 0x7901505ce398?, 0xc0005b48d8?})
			gitlab.nethead.at/symflower/symflower/cmd/symflower-local/cmd/unit-tests.go:85 +0x2a6
		gitlab.nethead.at/symflower/symflower/cmd.ExecuteNoExit({0x21de020, 0xc0005b4508}, {0xc00019e000?, 0x44?, 0x0?})
			gitlab.nethead.at/symflower/symflower/cmd/execute.go:59 +0x2ad
		gitlab.nethead.at/symflower/symflower/cmd.Execute({0x21de020?, 0xc0005b4508?}, {0xc00019e000?, 0xc00011c0c0?, 0xc0004bbf10?})
			gitlab.nethead.at/symflower/symflower/cmd/execute.go:17 +0x26
		gitlab.nethead.at/symflower/symflower/cmd.ExecuteWithOSArguments(...)
			gitlab.nethead.at/symflower/symflower/cmd/execute.go:78
		main.main.func1()
			gitlab.nethead.at/symflower/symflower/cmd/symflower-demo/main.go:39 +0x34
		gitlab.nethead.at/symflower/symflower/cmd/symflower-local/cmd.(*Command).WithPanicReporter(0xc000110060?, 0x0?)
			gitlab.nethead.at/symflower/symflower/cmd/symflower-local/cmd/cmd.go:151 +0x33
		main.main()
			gitlab.nethead.at/symflower/symflower/cmd/symflower-demo/main.go:38 +0x7f
	
	data: !=(call(select(ensure_not_nil(zae), getMethod!d41d8cd98f00b204e9800998ecf8427e), []), call(select(ensure_not_nil(call(org/apache/commons/compress/archivers/zip/@@ZipMethod//@@box!cfc7bf444a25aa0d25fb13b1e7550ad0, [&(composite(reference(org/apache/commons/compress/archivers/zip/ZipMethod), ["IMPLODING"]))])), getCode!d41d8cd98f00b204e9800998ecf8427e), []))
src/main/java/org/apache/commons/compress/archivers/zip/ZipArchiveOutputStream.java: org.apache.commons.compress.archivers.zip.ZipArchiveOutputStream.destroy: computing test cases
src/main/java/org/apache/commons/compress/archivers/zip/ZipArchiveOutputStream.java: org.apache.commons.compress.archivers.zip.ZipArchiveOutputStream.destroy: found 1 problems
src/main/java/org/apache/commons/compress/archivers/zip/ZipArchiveOutputStream.java: internal error: org.apache.commons.compress.archivers.zip.ZipArchiveOutputStream.destroy: unknown type kind
	data: unsupported(java/util/zip/Deflater)
src/main/java/org/apache/commons/compress/archivers/zip/ZipArchiveOutputStream.java: org.apache.commons.compress.archivers.zip.ZipArchiveOutputStream.setEncoding: computing test cases
src/main/java/org/apache/commons/compress/archivers/zip/ZipArchiveOutputStream.java: org.apache.commons.compress.archivers.zip.ZipArchiveOutputStream.setEncoding: found 1 problems
src/main/java/org/apache/commons/compress/archivers/zip/ZipArchiveOutputStream.java: internal error: org.apache.commons.compress.archivers.zip.ZipArchiveOutputStream.setEncoding: unknown type kind
	data: unsupported(java/util/zip/Deflater)
src/main/java/org/apache/commons/compress/archivers/zip/ZipArchiveOutputStream.java: org.apache.commons.compress.archivers.zip.ZipArchiveOutputStream.writeLocalFileHeader: computing test cases
src/main/java/org/apache/commons/compress/archivers/zip/ZipArchiveOutputStream.java: org.apache.commons.compress.archivers.zip.ZipArchiveOutputStream.writeLocalFileHeader: found 1 problems
src/main/java/org/apache/commons/compress/archivers/zip/ZipArchiveOutputStream.java: internal error: org.apache.commons.compress.archivers.zip.ZipArchiveOutputStream.writeLocalFileHeader: unknown type kind
	data: unsupported(java/util/zip/Deflater)
src/main/java/org/apache/commons/compress/archivers/zip/ZipArchiveOutputStream.java: org.apache.commons.compress.archivers.zip.ZipArchiveOutputStream.putArchiveEntry: computing test cases
src/main/java/org/apache/commons/compress/archivers/zip/ZipArchiveOutputStream.java: org.apache.commons.compress.archivers.zip.ZipArchiveOutputStream.putArchiveEntry: found 1 problems
src/main/java/org/apache/commons/compress/archivers/zip/ZipArchiveOutputStream.java: internal error: org.apache.commons.compress.archivers.zip.ZipArchiveOutputStream.putArchiveEntry: unknown type kind
	data: unsupported(java/util/zip/Deflater)
src/main/java/org/apache/commons/compress/archivers/zip/ZipArchiveOutputStream.java: org.apache.commons.compress.archivers.zip.ZipArchiveOutputStream.writeZip64CentralDirectory: computing test cases
src/main/java/org/apache/commons/compress/archivers/zip/ZipArchiveOutputStream.java: org.apache.commons.compress.archivers.zip.ZipArchiveOutputStream.writeZip64CentralDirectory: found 1 problems
src/main/java/org/apache/commons/compress/archivers/zip/ZipArchiveOutputStream.java: internal error: org.apache.commons.compress.archivers.zip.ZipArchiveOutputStream.writeZip64CentralDirectory: unknown type kind
	data: unsupported(java/util/zip/Deflater)
src/main/java/org/apache/commons/compress/archivers/zip/ZipArchiveOutputStream.java: org.apache.commons.compress.archivers.zip.ZipArchiveOutputStream.ZipArchiveOutputStream: computing test cases
src/main/java/org/apache/commons/compress/archivers/zip/ZipArchiveOutputStream.java: org.apache.commons.compress.archivers.zip.ZipArchiveOutputStream.ZipArchiveOutputStream: found 1 problems
src/main/java/org/apache/commons/compress/archivers/zip/ZipArchiveOutputStream.java: internal error: org.apache.commons.compress.archivers.zip.ZipArchiveOutputStream.ZipArchiveOutputStream: unknown type kind
	data: unsupported(java/util/zip/Deflater)
src/main/java/org/apache/commons/compress/archivers/zip/ZipArchiveOutputStream.java: org.apache.commons.compress.archivers.zip.ZipArchiveOutputStream.setMethod: computing test cases
src/main/java/org/apache/commons/compress/archivers/zip/ZipArchiveOutputStream.java: org.apache.commons.compress.archivers.zip.ZipArchiveOutputStream.setMethod: found 1 problems
src/main/java/org/apache/commons/compress/archivers/zip/ZipArchiveOutputStream.java: internal error: org.apache.commons.compress.archivers.zip.ZipArchiveOutputStream.setMethod: unknown type kind
	data: unsupported(java/util/zip/Deflater)
src/main/java/org/apache/commons/compress/archivers/zip/ZipArchiveOutputStream.java: org.apache.commons.compress.archivers.zip.ZipArchiveOutputStream.ZipArchiveOutputStream: computing test cases
src/main/java/org/apache/commons/compress/archivers/zip/ZipArchiveOutputStream.java: org.apache.commons.compress.archivers.zip.ZipArchiveOutputStream.ZipArchiveOutputStream: found 1 problems
src/main/java/org/apache/commons/compress/archivers/zip/ZipArchiveOutputStream.java: internal error: org.apache.commons.compress.archivers.zip.ZipArchiveOutputStream.ZipArchiveOutputStream: unknown type kind
	data: unsupported(java/util/zip/Deflater)
src/main/java/org/apache/commons/compress/archivers/zip/ZipArchiveOutputStream.java: org.apache.commons.compress.archivers.zip.ZipArchiveOutputStream.isSeekable: computing test cases
src/main/java/org/apache/commons/compress/archivers/zip/ZipArchiveOutputStream.java: org.apache.commons.compress.archivers.zip.ZipArchiveOutputStream.isSeekable: found 1 problems
src/main/java/org/apache/commons/compress/archivers/zip/ZipArchiveOutputStream.java: internal error: org.apache.commons.compress.archivers.zip.ZipArchiveOutputStream.isSeekable: unknown type kind
	data: unsupported(java/util/zip/Deflater)
src/main/java/org/apache/commons/compress/archivers/zip/ZipArchiveOutputStream.java: org.apache.commons.compress.archivers.zip.ZipArchiveOutputStream.writeCentralFileHeader: computing test cases
src/main/java/org/apache/commons/compress/archivers/zip/ZipArchiveOutputStream.java: org.apache.commons.compress.archivers.zip.ZipArchiveOutputStream.writeCentralFileHeader: found 1 problems
src/main/java/org/apache/commons/compress/archivers/zip/ZipArchiveOutputStream.java: internal error: org.apache.commons.compress.archivers.zip.ZipArchiveOutputStream.writeCentralFileHeader: unknown type kind
	data: unsupported(java/util/zip/Deflater)
src/main/java/org/apache/commons/compress/archivers/zip/ZipArchiveOutputStream.java: org.apache.commons.compress.archivers.zip.ZipArchiveOutputStream.addRawArchiveEntry: computing test cases
src/main/java/org/apache/commons/compress/archivers/zip/ZipArchiveOutputStream.java: org.apache.commons.compress.archivers.zip.ZipArchiveOutputStream.addRawArchiveEntry: found 1 problems
src/main/java/org/apache/commons/compress/archivers/zip/ZipArchiveOutputStream.java: internal error: org.apache.commons.compress.archivers.zip.ZipArchiveOutputStream.addRawArchiveEntry: unknown type kind
	data: unsupported(java/util/zip/Deflater)
src/main/java/org/apache/commons/compress/archivers/zip/ZipArchiveOutputStream.java: org.apache.commons.compress.archivers.zip.ZipArchiveOutputStream.flush: computing test cases
src/main/java/org/apache/commons/compress/archivers/zip/ZipArchiveOutputStream.java: org.apache.commons.compress.archivers.zip.ZipArchiveOutputStream.flush: found 1 problems
src/main/java/org/apache/commons/compress/archivers/zip/ZipArchiveOutputStream.java: internal error: org.apache.commons.compress.archivers.zip.ZipArchiveOutputStream.flush: unknown type kind
	data: unsupported(java/util/zip/Deflater)
src/main/java/org/apache/commons/compress/archivers/zip/ZipArchiveOutputStream.java: org.apache.commons.compress.archivers.zip.ZipArchiveOutputStream.writeCentralDirectoryEnd: computing test cases
src/main/java/org/apache/commons/compress/archivers/zip/ZipArchiveOutputStream.java: org.apache.commons.compress.archivers.zip.ZipArchiveOutputStream.writeCentralDirectoryEnd: found 1 problems
src/main/java/org/apache/commons/compress/archivers/zip/ZipArchiveOutputStream.java: internal error: org.apache.commons.compress.archivers.zip.ZipArchiveOutputStream.writeCentralDirectoryEnd: unknown type kind
	data: unsupported(java/util/zip/Deflater)
src/main/java/org/apache/commons/compress/archivers/zip/ZipArchiveOutputStream.java: org.apache.commons.compress.archivers.zip.ZipArchiveOutputStream.setUseLanguageEncodingFlag: computing test cases
src/main/java/org/apache/commons/compress/archivers/zip/ZipArchiveOutputStream.java: org.apache.commons.compress.archivers.zip.ZipArchiveOutputStream.setUseLanguageEncodingFlag: found 1 problems
src/main/java/org/apache/commons/compress/archivers/zip/ZipArchiveOutputStream.java: internal error: org.apache.commons.compress.archivers.zip.ZipArchiveOutputStream.setUseLanguageEncodingFlag: unknown type kind
	data: unsupported(java/util/zip/Deflater)
src/main/java/org/apache/commons/compress/archivers/zip/ZipArchiveOutputStream.java: org.apache.commons.compress.archivers.zip.ZipArchiveOutputStream.getEncoding: computing test cases
src/main/java/org/apache/commons/compress/archivers/zip/ZipArchiveOutputStream.java: org.apache.commons.compress.archivers.zip.ZipArchiveOutputStream.getEncoding: found 1 problems
src/main/java/org/apache/commons/compress/archivers/zip/ZipArchiveOutputStream.java: internal error: org.apache.commons.compress.archivers.zip.ZipArchiveOutputStream.getEncoding: unknown type kind
	data: unsupported(java/util/zip/Deflater)
src/main/java/org/apache/commons/compress/archivers/zip/ZipArchiveOutputStream.java: org.apache.commons.compress.archivers.zip.ZipArchiveOutputStream.UnicodeExtraFieldPolicy.toString: computing test cases
src/main/java/org/apache/commons/compress/archivers/zip/ZipArchiveOutputStream.java: org.apache.commons.compress.archivers.zip.ZipArchiveOutputStream.UnicodeExtraFieldPolicy.toString: computed 1 unit tests
src/main/java/org/apache/commons/compress/archivers/zip/ZipArchiveOutputStream.java: org.apache.commons.compress.archivers.zip.ZipArchiveOutputStream.UnicodeExtraFieldPolicy.toString: found 0 problems
src/main/java/org/apache/commons/compress/archivers/zip/ZipArchiveOutputStream.java: org.apache.commons.compress.archivers.zip.ZipArchiveOutputStream.setComment: computing test cases
src/main/java/org/apache/commons/compress/archivers/zip/ZipArchiveOutputStream.java: org.apache.commons.compress.archivers.zip.ZipArchiveOutputStream.setComment: found 1 problems
src/main/java/org/apache/commons/compress/archivers/zip/ZipArchiveOutputStream.java: internal error: org.apache.commons.compress.archivers.zip.ZipArchiveOutputStream.setComment: unknown type kind
	data: unsupported(java/util/zip/Deflater)
src/main/java/org/apache/commons/compress/archivers/zip/ZipArchiveOutputStream.java: org.apache.commons.compress.archivers.zip.ZipArchiveOutputStream.close: computing test cases
src/main/java/org/apache/commons/compress/archivers/zip/ZipArchiveOutputStream.java: org.apache.commons.compress.archivers.zip.ZipArchiveOutputStream.close: found 1 problems
src/main/java/org/apache/commons/compress/archivers/zip/ZipArchiveOutputStream.java: internal error: org.apache.commons.compress.archivers.zip.ZipArchiveOutputStream.close: unknown type kind
	data: unsupported(java/util/zip/Deflater)
src/main/java/org/apache/commons/compress/archivers/zip/ZipArchiveOutputStream.java: org.apache.commons.compress.archivers.zip.ZipArchiveOutputStream.setCreateUnicodeExtraFields: computing test cases
src/main/java/org/apache/commons/compress/archivers/zip/ZipArchiveOutputStream.java: org.apache.commons.compress.archivers.zip.ZipArchiveOutputStream.setCreateUnicodeExtraFields: found 1 problems
src/main/java/org/apache/commons/compress/archivers/zip/ZipArchiveOutputStream.java: internal error: org.apache.commons.compress.archivers.zip.ZipArchiveOutputStream.setCreateUnicodeExtraFields: unknown type kind
	data: unsupported(java/util/zip/Deflater)
src/main/java/org/apache/commons/compress/archivers/zip/ZipEncoding.java: org.apache.commons.compress.archivers.zip.ZipEncoding.canEncode: computing test cases
src/main/java/org/apache/commons/compress/archivers/zip/ZipEncoding.java: org.apache.commons.compress.archivers.zip.ZipEncoding.canEncode: function is abstract and therefore inaccessible for tests
src/main/java/org/apache/commons/compress/archivers/zip/ZipEncoding.java: org.apache.commons.compress.archivers.zip.ZipEncoding.decode: computing test cases
src/main/java/org/apache/commons/compress/archivers/zip/ZipEncoding.java: org.apache.commons.compress.archivers.zip.ZipEncoding.decode: function is abstract and therefore inaccessible for tests
src/main/java/org/apache/commons/compress/archivers/zip/ZipEncoding.java: org.apache.commons.compress.archivers.zip.ZipEncoding.encode: computing test cases
src/main/java/org/apache/commons/compress/archivers/zip/ZipEncoding.java: org.apache.commons.compress.archivers.zip.ZipEncoding.encode: function is abstract and therefore inaccessible for tests
src/main/java/org/apache/commons/compress/archivers/sevenz/SevenZOutputFile.java: org.apache.commons.compress.archivers.sevenz.SevenZOutputFile.setContentMethods: computing test cases
src/main/java/org/apache/commons/compress/archivers/sevenz/SevenZOutputFile.java: org.apache.commons.compress.archivers.sevenz.SevenZOutputFile.setContentMethods: found 1 problems
src/main/java/org/apache/commons/compress/archivers/sevenz/SevenZOutputFile.java: internal error: org.apache.commons.compress.archivers.sevenz.SevenZOutputFile.setContentMethods: unknown type kind
	data: unsupported(java/io/RandomAccessFile)
src/main/java/org/apache/commons/compress/archivers/sevenz/SevenZOutputFile.java: org.apache.commons.compress.archivers.sevenz.SevenZOutputFile.setContentCompression: computing test cases
src/main/java/org/apache/commons/compress/archivers/sevenz/SevenZOutputFile.java: org.apache.commons.compress.archivers.sevenz.SevenZOutputFile.setContentCompression: found 1 problems
src/main/java/org/apache/commons/compress/archivers/sevenz/SevenZOutputFile.java: internal error: org.apache.commons.compress.archivers.sevenz.SevenZOutputFile.setContentCompression: unknown type kind
	data: unsupported(java/io/RandomAccessFile)
src/main/java/org/apache/commons/compress/archivers/sevenz/SevenZOutputFile.java: org.apache.commons.compress.archivers.sevenz.SevenZOutputFile.createArchiveEntry: computing test cases
src/main/java/org/apache/commons/compress/archivers/sevenz/SevenZOutputFile.java: org.apache.commons.compress.archivers.sevenz.SevenZOutputFile.createArchiveEntry: found 1 problems
src/main/java/org/apache/commons/compress/archivers/sevenz/SevenZOutputFile.java: internal error: org.apache.commons.compress.archivers.sevenz.SevenZOutputFile.createArchiveEntry: unknown type kind
	data: unsupported(java/io/RandomAccessFile)
src/main/java/org/apache/commons/compress/archivers/sevenz/SevenZOutputFile.java: org.apache.commons.compress.archivers.sevenz.SevenZOutputFile.closeArchiveEntry: computing test cases
src/main/java/org/apache/commons/compress/archivers/sevenz/SevenZOutputFile.java: org.apache.commons.compress.archivers.sevenz.SevenZOutputFile.closeArchiveEntry: found 1 problems
src/main/java/org/apache/commons/compress/archivers/sevenz/SevenZOutputFile.java: internal error: org.apache.commons.compress.archivers.sevenz.SevenZOutputFile.closeArchiveEntry: unknown type kind
	data: unsupported(java/io/RandomAccessFile)
src/main/java/org/apache/commons/compress/archivers/sevenz/SevenZOutputFile.java: org.apache.commons.compress.archivers.sevenz.SevenZOutputFile.putArchiveEntry: computing test cases
src/main/java/org/apache/commons/compress/archivers/sevenz/SevenZOutputFile.java: org.apache.commons.compress.archivers.sevenz.SevenZOutputFile.putArchiveEntry: found 1 problems
src/main/java/org/apache/commons/compress/archivers/sevenz/SevenZOutputFile.java: internal error: org.apache.commons.compress.archivers.sevenz.SevenZOutputFile.putArchiveEntry: unknown type kind
	data: unsupported(java/io/RandomAccessFile)
src/main/java/org/apache/commons/compress/archivers/sevenz/SevenZOutputFile.java: org.apache.commons.compress.archivers.sevenz.SevenZOutputFile.finish: computing test cases
src/main/java/org/apache/commons/compress/archivers/sevenz/SevenZOutputFile.java: org.apache.commons.compress.archivers.sevenz.SevenZOutputFile.finish: found 1 problems
src/main/java/org/apache/commons/compress/archivers/sevenz/SevenZOutputFile.java: internal error: org.apache.commons.compress.archivers.sevenz.SevenZOutputFile.finish: unknown type kind
	data: unsupported(java/io/RandomAccessFile)
src/main/java/org/apache/commons/compress/archivers/sevenz/SevenZOutputFile.java: org.apache.commons.compress.archivers.sevenz.SevenZOutputFile.SevenZOutputFile: computing test cases
src/main/java/org/apache/commons/compress/archivers/sevenz/SevenZOutputFile.java: org.apache.commons.compress.archivers.sevenz.SevenZOutputFile.SevenZOutputFile: found 1 problems
src/main/java/org/apache/commons/compress/archivers/sevenz/SevenZOutputFile.java: internal error: org.apache.commons.compress.archivers.sevenz.SevenZOutputFile.SevenZOutputFile: unknown type kind
	data: unsupported(java/io/RandomAccessFile)
src/main/java/org/apache/commons/compress/archivers/sevenz/SevenZOutputFile.java: org.apache.commons.compress.archivers.sevenz.SevenZOutputFile.write: computing test cases
src/main/java/org/apache/commons/compress/archivers/sevenz/SevenZOutputFile.java: org.apache.commons.compress.archivers.sevenz.SevenZOutputFile.write: found 1 problems
src/main/java/org/apache/commons/compress/archivers/sevenz/SevenZOutputFile.java: internal error: org.apache.commons.compress.archivers.sevenz.SevenZOutputFile.write: unknown type kind
	data: unsupported(java/io/RandomAccessFile)
src/main/java/org/apache/commons/compress/archivers/sevenz/SevenZOutputFile.java: org.apache.commons.compress.archivers.sevenz.SevenZOutputFile.close: computing test cases
src/main/java/org/apache/commons/compress/archivers/sevenz/SevenZOutputFile.java: org.apache.commons.compress.archivers.sevenz.SevenZOutputFile.close: found 1 problems
src/main/java/org/apache/commons/compress/archivers/sevenz/SevenZOutputFile.java: internal error: org.apache.commons.compress.archivers.sevenz.SevenZOutputFile.close: unknown type kind
	data: unsupported(java/io/RandomAccessFile)
src/main/java/org/apache/commons/compress/archivers/sevenz/SevenZOutputFile.java: org.apache.commons.compress.archivers.sevenz.SevenZOutputFile.write: computing test cases
src/main/java/org/apache/commons/compress/archivers/sevenz/SevenZOutputFile.java: org.apache.commons.compress.archivers.sevenz.SevenZOutputFile.write: found 1 problems
src/main/java/org/apache/commons/compress/archivers/sevenz/SevenZOutputFile.java: internal error: org.apache.commons.compress.archivers.sevenz.SevenZOutputFile.write: unknown type kind
	data: unsupported(java/io/RandomAccessFile)
src/main/java/org/apache/commons/compress/archivers/sevenz/SevenZOutputFile.java: org.apache.commons.compress.archivers.sevenz.SevenZOutputFile.write: computing test cases
src/main/java/org/apache/commons/compress/archivers/sevenz/SevenZOutputFile.java: org.apache.commons.compress.archivers.sevenz.SevenZOutputFile.write: found 1 problems
src/main/java/org/apache/commons/compress/archivers/sevenz/SevenZOutputFile.java: internal error: org.apache.commons.compress.archivers.sevenz.SevenZOutputFile.write: unknown type kind
	data: unsupported(java/io/RandomAccessFile)
src/main/java/org/apache/commons/compress/archivers/zip/UnparseableExtraFieldData.java: org.apache.commons.compress.archivers.zip.UnparseableExtraFieldData.parseFromLocalFileData: computing test cases
src/main/java/org/apache/commons/compress/archivers/zip/UnparseableExtraFieldData.java: org.apache.commons.compress.archivers.zip.UnparseableExtraFieldData.parseFromLocalFileData: computed 1 unit tests
src/main/java/org/apache/commons/compress/archivers/zip/UnparseableExtraFieldData.java: org.apache.commons.compress.archivers.zip.UnparseableExtraFieldData.parseFromLocalFileData: found 1 problems
src/main/java/org/apache/commons/compress/archivers/zip/UnparseableExtraFieldData.java:93:25: critical: org.apache.commons.compress.archivers.zip.UnparseableExtraFieldData.parseFromLocalFileData: uncaught NegativeArraySizeException
src/main/java/org/apache/commons/compress/archivers/zip/UnparseableExtraFieldData.java: org.apache.commons.compress.archivers.zip.UnparseableExtraFieldData.getLocalFileDataLength: computing test cases
src/main/java/org/apache/commons/compress/archivers/zip/UnparseableExtraFieldData.java: org.apache.commons.compress.archivers.zip.UnparseableExtraFieldData.getLocalFileDataLength: computed 2 unit tests
src/main/java/org/apache/commons/compress/archivers/zip/UnparseableExtraFieldData.java: org.apache.commons.compress.archivers.zip.UnparseableExtraFieldData.getLocalFileDataLength: found 0 problems
src/main/java/org/apache/commons/compress/archivers/zip/UnparseableExtraFieldData.java: org.apache.commons.compress.archivers.zip.UnparseableExtraFieldData.getHeaderId: computing test cases
src/main/java/org/apache/commons/compress/archivers/zip/UnparseableExtraFieldData.java: org.apache.commons.compress.archivers.zip.UnparseableExtraFieldData.getHeaderId: computed 1 unit tests
src/main/java/org/apache/commons/compress/archivers/zip/UnparseableExtraFieldData.java: org.apache.commons.compress.archivers.zip.UnparseableExtraFieldData.getHeaderId: found 0 problems
src/main/java/org/apache/commons/compress/archivers/zip/UnparseableExtraFieldData.java: org.apache.commons.compress.archivers.zip.UnparseableExtraFieldData.getCentralDirectoryData: computing test cases
src/main/java/org/apache/commons/compress/archivers/zip/UnparseableExtraFieldData.java: org.apache.commons.compress.archivers.zip.UnparseableExtraFieldData.getCentralDirectoryData: computed 0 unit tests
src/main/java/org/apache/commons/compress/archivers/zip/UnparseableExtraFieldData.java: org.apache.commons.compress.archivers.zip.UnparseableExtraFieldData.getCentralDirectoryData: found 1 problems
src/main/java/org/apache/commons/compress/archivers/zip/UnparseableExtraFieldData.java: internal error: org.apache.commons.compress.archivers.zip.UnparseableExtraFieldData.getCentralDirectoryData: malformed data
src/main/java/org/apache/commons/compress/archivers/zip/UnparseableExtraFieldData.java: org.apache.commons.compress.archivers.zip.UnparseableExtraFieldData.getCentralDirectoryLength: computing test cases
src/main/java/org/apache/commons/compress/archivers/zip/UnparseableExtraFieldData.java: org.apache.commons.compress.archivers.zip.UnparseableExtraFieldData.getCentralDirectoryLength: computed 2 unit tests
src/main/java/org/apache/commons/compress/archivers/zip/UnparseableExtraFieldData.java: org.apache.commons.compress.archivers.zip.UnparseableExtraFieldData.getCentralDirectoryLength: found 0 problems
src/main/java/org/apache/commons/compress/archivers/zip/UnparseableExtraFieldData.java: org.apache.commons.compress.archivers.zip.UnparseableExtraFieldData.getLocalFileDataData: computing test cases
src/main/java/org/apache/commons/compress/archivers/zip/UnparseableExtraFieldData.java: org.apache.commons.compress.archivers.zip.UnparseableExtraFieldData.getLocalFileDataData: computed 0 unit tests
src/main/java/org/apache/commons/compress/archivers/zip/UnparseableExtraFieldData.java: org.apache.commons.compress.archivers.zip.UnparseableExtraFieldData.getLocalFileDataData: found 1 problems
src/main/java/org/apache/commons/compress/archivers/zip/UnparseableExtraFieldData.java: internal error: org.apache.commons.compress.archivers.zip.UnparseableExtraFieldData.getLocalFileDataData: malformed data
src/main/java/org/apache/commons/compress/archivers/zip/UnparseableExtraFieldData.java: org.apache.commons.compress.archivers.zip.UnparseableExtraFieldData.parseFromCentralDirectoryData: computing test cases
src/main/java/org/apache/commons/compress/archivers/zip/UnparseableExtraFieldData.java: org.apache.commons.compress.archivers.zip.UnparseableExtraFieldData.parseFromCentralDirectoryData: computed 1 unit tests
src/main/java/org/apache/commons/compress/archivers/zip/UnparseableExtraFieldData.java: org.apache.commons.compress.archivers.zip.UnparseableExtraFieldData.parseFromCentralDirectoryData: found 1 problems
src/main/java/org/apache/commons/compress/archivers/zip/UnparseableExtraFieldData.java:106:32: critical: org.apache.commons.compress.archivers.zip.UnparseableExtraFieldData.parseFromCentralDirectoryData: uncaught NegativeArraySizeException
src/main/java/org/apache/commons/compress/archivers/zip/Zip64RequiredException.java: org.apache.commons.compress.archivers.zip.Zip64RequiredException.Zip64RequiredException: computing test cases
src/main/java/org/apache/commons/compress/archivers/zip/Zip64RequiredException.java: org.apache.commons.compress.archivers.zip.Zip64RequiredException.Zip64RequiredException: computed 0 unit tests
src/main/java/org/apache/commons/compress/archivers/zip/Zip64RequiredException.java: org.apache.commons.compress.archivers.zip.Zip64RequiredException.Zip64RequiredException: found 0 problems
src/main/java/org/apache/commons/compress/archivers/zip/Zip64RequiredException.java: org.apache.commons.compress.archivers.zip.Zip64RequiredException.getEntryTooBigMessage: computing test cases
src/main/java/org/apache/commons/compress/archivers/zip/Zip64RequiredException.java: org.apache.commons.compress.archivers.zip.Zip64RequiredException.getEntryTooBigMessage: computed 1 unit tests
src/main/java/org/apache/commons/compress/archivers/zip/Zip64RequiredException.java: org.apache.commons.compress.archivers.zip.Zip64RequiredException.getEntryTooBigMessage: found 1 problems
src/main/java/org/apache/commons/compress/archivers/zip/Zip64RequiredException.java:37:16: critical: org.apache.commons.compress.archivers.zip.Zip64RequiredException.getEntryTooBigMessage: uncaught java.lang.NullPointerException
src/main/java/org/apache/commons/compress/archivers/zip/Zip64ExtendedInformationExtraField.java: org.apache.commons.compress.archivers.zip.Zip64ExtendedInformationExtraField.setDiskStartNumber: computing test cases
src/main/java/org/apache/commons/compress/archivers/zip/Zip64ExtendedInformationExtraField.java: org.apache.commons.compress.archivers.zip.Zip64ExtendedInformationExtraField.setDiskStartNumber: found 1 problems
src/main/java/org/apache/commons/compress/archivers/zip/Zip64ExtendedInformationExtraField.java: internal error: org.apache.commons.compress.archivers.zip.Zip64ExtendedInformationExtraField.setDiskStartNumber: unknown type kind
	data: unsupported(java/math/BigInteger)
src/main/java/org/apache/commons/compress/archivers/zip/Zip64ExtendedInformationExtraField.java: org.apache.commons.compress.archivers.zip.Zip64ExtendedInformationExtraField.getSize: computing test cases
src/main/java/org/apache/commons/compress/archivers/zip/Zip64ExtendedInformationExtraField.java: org.apache.commons.compress.archivers.zip.Zip64ExtendedInformationExtraField.getSize: found 1 problems
src/main/java/org/apache/commons/compress/archivers/zip/Zip64ExtendedInformationExtraField.java: internal error: org.apache.commons.compress.archivers.zip.Zip64ExtendedInformationExtraField.getSize: unknown type kind
	data: unsupported(java/math/BigInteger)
src/main/java/org/apache/commons/compress/archivers/zip/Zip64ExtendedInformationExtraField.java: org.apache.commons.compress.archivers.zip.Zip64ExtendedInformationExtraField.getHeaderId: computing test cases
src/main/java/org/apache/commons/compress/archivers/zip/Zip64ExtendedInformationExtraField.java: org.apache.commons.compress.archivers.zip.Zip64ExtendedInformationExtraField.getHeaderId: found 1 problems
src/main/java/org/apache/commons/compress/archivers/zip/Zip64ExtendedInformationExtraField.java: internal error: org.apache.commons.compress.archivers.zip.Zip64ExtendedInformationExtraField.getHeaderId: unknown type kind
	data: unsupported(java/math/BigInteger)
src/main/java/org/apache/commons/compress/archivers/zip/Zip64ExtendedInformationExtraField.java: org.apache.commons.compress.archivers.zip.Zip64ExtendedInformationExtraField.getRelativeHeaderOffset: computing test cases
src/main/java/org/apache/commons/compress/archivers/zip/Zip64ExtendedInformationExtraField.java: org.apache.commons.compress.archivers.zip.Zip64ExtendedInformationExtraField.getRelativeHeaderOffset: found 1 problems
src/main/java/org/apache/commons/compress/archivers/zip/Zip64ExtendedInformationExtraField.java: internal error: org.apache.commons.compress.archivers.zip.Zip64ExtendedInformationExtraField.getRelativeHeaderOffset: unknown type kind
	data: unsupported(java/math/BigInteger)
src/main/java/org/apache/commons/compress/archivers/zip/Zip64ExtendedInformationExtraField.java: org.apache.commons.compress.archivers.zip.Zip64ExtendedInformationExtraField.setRelativeHeaderOffset: computing test cases
src/main/java/org/apache/commons/compress/archivers/zip/Zip64ExtendedInformationExtraField.java: org.apache.commons.compress.archivers.zip.Zip64ExtendedInformationExtraField.setRelativeHeaderOffset: found 1 problems
src/main/java/org/apache/commons/compress/archivers/zip/Zip64ExtendedInformationExtraField.java: internal error: org.apache.commons.compress.archivers.zip.Zip64ExtendedInformationExtraField.setRelativeHeaderOffset: unknown type kind
	data: unsupported(java/math/BigInteger)
src/main/java/org/apache/commons/compress/archivers/zip/Zip64ExtendedInformationExtraField.java: org.apache.commons.compress.archivers.zip.Zip64ExtendedInformationExtraField.getCentralDirectoryData: computing test cases
src/main/java/org/apache/commons/compress/archivers/zip/Zip64ExtendedInformationExtraField.java: org.apache.commons.compress.archivers.zip.Zip64ExtendedInformationExtraField.getCentralDirectoryData: found 1 problems
src/main/java/org/apache/commons/compress/archivers/zip/Zip64ExtendedInformationExtraField.java: internal error: org.apache.commons.compress.archivers.zip.Zip64ExtendedInformationExtraField.getCentralDirectoryData: unknown type kind
	data: unsupported(java/math/BigInteger)
src/main/java/org/apache/commons/compress/archivers/zip/Zip64ExtendedInformationExtraField.java: org.apache.commons.compress.archivers.zip.Zip64ExtendedInformationExtraField.reparseCentralDirectoryData: computing test cases
src/main/java/org/apache/commons/compress/archivers/zip/Zip64ExtendedInformationExtraField.java: org.apache.commons.compress.archivers.zip.Zip64ExtendedInformationExtraField.reparseCentralDirectoryData: found 1 problems
src/main/java/org/apache/commons/compress/archivers/zip/Zip64ExtendedInformationExtraField.java: internal error: org.apache.commons.compress.archivers.zip.Zip64ExtendedInformationExtraField.reparseCentralDirectoryData: unknown type kind
	data: unsupported(java/math/BigInteger)
src/main/java/org/apache/commons/compress/archivers/zip/Zip64ExtendedInformationExtraField.java: org.apache.commons.compress.archivers.zip.Zip64ExtendedInformationExtraField.getCompressedSize: computing test cases
src/main/java/org/apache/commons/compress/archivers/zip/Zip64ExtendedInformationExtraField.java: org.apache.commons.compress.archivers.zip.Zip64ExtendedInformationExtraField.getCompressedSize: found 1 problems
src/main/java/org/apache/commons/compress/archivers/zip/Zip64ExtendedInformationExtraField.java: internal error: org.apache.commons.compress.archivers.zip.Zip64ExtendedInformationExtraField.getCompressedSize: unknown type kind
	data: unsupported(java/math/BigInteger)
src/main/java/org/apache/commons/compress/archivers/zip/Zip64ExtendedInformationExtraField.java: org.apache.commons.compress.archivers.zip.Zip64ExtendedInformationExtraField.parseFromLocalFileData: computing test cases
src/main/java/org/apache/commons/compress/archivers/zip/Zip64ExtendedInformationExtraField.java: org.apache.commons.compress.archivers.zip.Zip64ExtendedInformationExtraField.parseFromLocalFileData: found 1 problems
src/main/java/org/apache/commons/compress/archivers/zip/Zip64ExtendedInformationExtraField.java: internal error: org.apache.commons.compress.archivers.zip.Zip64ExtendedInformationExtraField.parseFromLocalFileData: unknown type kind
	data: unsupported(java/math/BigInteger)
src/main/java/org/apache/commons/compress/archivers/zip/Zip64ExtendedInformationExtraField.java: org.apache.commons.compress.archivers.zip.Zip64ExtendedInformationExtraField.getLocalFileDataData: computing test cases
src/main/java/org/apache/commons/compress/archivers/zip/Zip64ExtendedInformationExtraField.java: org.apache.commons.compress.archivers.zip.Zip64ExtendedInformationExtraField.getLocalFileDataData: found 1 problems
src/main/java/org/apache/commons/compress/archivers/zip/Zip64ExtendedInformationExtraField.java: internal error: org.apache.commons.compress.archivers.zip.Zip64ExtendedInformationExtraField.getLocalFileDataData: unknown type kind
	data: unsupported(java/math/BigInteger)
src/main/java/org/apache/commons/compress/archivers/zip/Zip64ExtendedInformationExtraField.java: org.apache.commons.compress.archivers.zip.Zip64ExtendedInformationExtraField.setSize: computing test cases
src/main/java/org/apache/commons/compress/archivers/zip/Zip64ExtendedInformationExtraField.java: org.apache.commons.compress.archivers.zip.Zip64ExtendedInformationExtraField.setSize: found 1 problems
src/main/java/org/apache/commons/compress/archivers/zip/Zip64ExtendedInformationExtraField.java: internal error: org.apache.commons.compress.archivers.zip.Zip64ExtendedInformationExtraField.setSize: unknown type kind
	data: unsupported(java/math/BigInteger)
src/main/java/org/apache/commons/compress/archivers/zip/Zip64ExtendedInformationExtraField.java: org.apache.commons.compress.archivers.zip.Zip64ExtendedInformationExtraField.getCentralDirectoryLength: computing test cases
src/main/java/org/apache/commons/compress/archivers/zip/Zip64ExtendedInformationExtraField.java: org.apache.commons.compress.archivers.zip.Zip64ExtendedInformationExtraField.getCentralDirectoryLength: found 1 problems
src/main/java/org/apache/commons/compress/archivers/zip/Zip64ExtendedInformationExtraField.java: internal error: org.apache.commons.compress.archivers.zip.Zip64ExtendedInformationExtraField.getCentralDirectoryLength: unknown type kind
	data: unsupported(java/math/BigInteger)
src/main/java/org/apache/commons/compress/archivers/zip/Zip64ExtendedInformationExtraField.java: org.apache.commons.compress.archivers.zip.Zip64ExtendedInformationExtraField.Zip64ExtendedInformationExtraField: computing test cases
src/main/java/org/apache/commons/compress/archivers/zip/Zip64ExtendedInformationExtraField.java: org.apache.commons.compress.archivers.zip.Zip64ExtendedInformationExtraField.Zip64ExtendedInformationExtraField: found 1 problems
src/main/java/org/apache/commons/compress/archivers/zip/Zip64ExtendedInformationExtraField.java: internal error: org.apache.commons.compress.archivers.zip.Zip64ExtendedInformationExtraField.Zip64ExtendedInformationExtraField: unknown type kind
	data: unsupported(java/math/BigInteger)
src/main/java/org/apache/commons/compress/archivers/zip/Zip64ExtendedInformationExtraField.java: org.apache.commons.compress.archivers.zip.Zip64ExtendedInformationExtraField.getDiskStartNumber: computing test cases
src/main/java/org/apache/commons/compress/archivers/zip/Zip64ExtendedInformationExtraField.java: org.apache.commons.compress.archivers.zip.Zip64ExtendedInformationExtraField.getDiskStartNumber: found 1 problems
src/main/java/org/apache/commons/compress/archivers/zip/Zip64ExtendedInformationExtraField.java: internal error: org.apache.commons.compress.archivers.zip.Zip64ExtendedInformationExtraField.getDiskStartNumber: unknown type kind
	data: unsupported(java/math/BigInteger)
src/main/java/org/apache/commons/compress/archivers/zip/Zip64ExtendedInformationExtraField.java: org.apache.commons.compress.archivers.zip.Zip64ExtendedInformationExtraField.Zip64ExtendedInformationExtraField: computing test cases
src/main/java/org/apache/commons/compress/archivers/zip/Zip64ExtendedInformationExtraField.java: org.apache.commons.compress.archivers.zip.Zip64ExtendedInformationExtraField.Zip64ExtendedInformationExtraField: found 1 problems
src/main/java/org/apache/commons/compress/archivers/zip/Zip64ExtendedInformationExtraField.java: internal error: org.apache.commons.compress.archivers.zip.Zip64ExtendedInformationExtraField.Zip64ExtendedInformationExtraField: unknown type kind
	data: unsupported(java/math/BigInteger)
src/main/java/org/apache/commons/compress/archivers/zip/Zip64ExtendedInformationExtraField.java: org.apache.commons.compress.archivers.zip.Zip64ExtendedInformationExtraField.setCompressedSize: computing test cases
src/main/java/org/apache/commons/compress/archivers/zip/Zip64ExtendedInformationExtraField.java: org.apache.commons.compress.archivers.zip.Zip64ExtendedInformationExtraField.setCompressedSize: found 1 problems
src/main/java/org/apache/commons/compress/archivers/zip/Zip64ExtendedInformationExtraField.java: internal error: org.apache.commons.compress.archivers.zip.Zip64ExtendedInformationExtraField.setCompressedSize: unknown type kind
	data: unsupported(java/math/BigInteger)
src/main/java/org/apache/commons/compress/archivers/zip/Zip64ExtendedInformationExtraField.java: org.apache.commons.compress.archivers.zip.Zip64ExtendedInformationExtraField.Zip64ExtendedInformationExtraField: computing test cases
src/main/java/org/apache/commons/compress/archivers/zip/Zip64ExtendedInformationExtraField.java: org.apache.commons.compress.archivers.zip.Zip64ExtendedInformationExtraField.Zip64ExtendedInformationExtraField: found 1 problems
src/main/java/org/apache/commons/compress/archivers/zip/Zip64ExtendedInformationExtraField.java: internal error: org.apache.commons.compress.archivers.zip.Zip64ExtendedInformationExtraField.Zip64ExtendedInformationExtraField: unknown type kind
	data: unsupported(java/math/BigInteger)
src/main/java/org/apache/commons/compress/archivers/zip/Zip64ExtendedInformationExtraField.java: org.apache.commons.compress.archivers.zip.Zip64ExtendedInformationExtraField.parseFromCentralDirectoryData: computing test cases
src/main/java/org/apache/commons/compress/archivers/zip/Zip64ExtendedInformationExtraField.java: org.apache.commons.compress.archivers.zip.Zip64ExtendedInformationExtraField.parseFromCentralDirectoryData: found 1 problems
src/main/java/org/apache/commons/compress/archivers/zip/Zip64ExtendedInformationExtraField.java: internal error: org.apache.commons.compress.archivers.zip.Zip64ExtendedInformationExtraField.parseFromCentralDirectoryData: unknown type kind
	data: unsupported(java/math/BigInteger)
src/main/java/org/apache/commons/compress/archivers/zip/Zip64ExtendedInformationExtraField.java: org.apache.commons.compress.archivers.zip.Zip64ExtendedInformationExtraField.getLocalFileDataLength: computing test cases
src/main/java/org/apache/commons/compress/archivers/zip/Zip64ExtendedInformationExtraField.java: org.apache.commons.compress.archivers.zip.Zip64ExtendedInformationExtraField.getLocalFileDataLength: found 1 problems
src/main/java/org/apache/commons/compress/archivers/zip/Zip64ExtendedInformationExtraField.java: internal error: org.apache.commons.compress.archivers.zip.Zip64ExtendedInformationExtraField.getLocalFileDataLength: unknown type kind
	data: unsupported(java/math/BigInteger)
src/main/java/org/apache/commons/compress/archivers/zip/ZipExtraField.java: org.apache.commons.compress.archivers.zip.ZipExtraField.parseFromCentralDirectoryData: computing test cases
src/main/java/org/apache/commons/compress/archivers/zip/ZipExtraField.java: org.apache.commons.compress.archivers.zip.ZipExtraField.parseFromCentralDirectoryData: function is abstract and therefore inaccessible for tests
src/main/java/org/apache/commons/compress/archivers/zip/ZipExtraField.java: org.apache.commons.compress.archivers.zip.ZipExtraField.getCentralDirectoryData: computing test cases
src/main/java/org/apache/commons/compress/archivers/zip/ZipExtraField.java: org.apache.commons.compress.archivers.zip.ZipExtraField.getCentralDirectoryData: function is abstract and therefore inaccessible for tests
src/main/java/org/apache/commons/compress/archivers/zip/ZipExtraField.java: org.apache.commons.compress.archivers.zip.ZipExtraField.parseFromLocalFileData: computing test cases
src/main/java/org/apache/commons/compress/archivers/zip/ZipExtraField.java: org.apache.commons.compress.archivers.zip.ZipExtraField.parseFromLocalFileData: function is abstract and therefore inaccessible for tests
src/main/java/org/apache/commons/compress/archivers/zip/ZipExtraField.java: org.apache.commons.compress.archivers.zip.ZipExtraField.getCentralDirectoryLength: computing test cases
src/main/java/org/apache/commons/compress/archivers/zip/ZipExtraField.java: org.apache.commons.compress.archivers.zip.ZipExtraField.getCentralDirectoryLength: function is abstract and therefore inaccessible for tests
src/main/java/org/apache/commons/compress/archivers/zip/ZipExtraField.java: org.apache.commons.compress.archivers.zip.ZipExtraField.getHeaderId: computing test cases
src/main/java/org/apache/commons/compress/archivers/zip/ZipExtraField.java: org.apache.commons.compress.archivers.zip.ZipExtraField.getHeaderId: function is abstract and therefore inaccessible for tests
src/main/java/org/apache/commons/compress/archivers/zip/ZipExtraField.java: org.apache.commons.compress.archivers.zip.ZipExtraField.getLocalFileDataLength: computing test cases
src/main/java/org/apache/commons/compress/archivers/zip/ZipExtraField.java: org.apache.commons.compress.archivers.zip.ZipExtraField.getLocalFileDataLength: function is abstract and therefore inaccessible for tests
src/main/java/org/apache/commons/compress/archivers/zip/ZipExtraField.java: org.apache.commons.compress.archivers.zip.ZipExtraField.getLocalFileDataData: computing test cases
src/main/java/org/apache/commons/compress/archivers/zip/ZipExtraField.java: org.apache.commons.compress.archivers.zip.ZipExtraField.getLocalFileDataData: function is abstract and therefore inaccessible for tests
src/main/java/org/apache/commons/compress/archivers/ArchiveException.java: org.apache.commons.compress.archivers.ArchiveException.ArchiveException: computing test cases
src/main/java/org/apache/commons/compress/archivers/ArchiveException.java: org.apache.commons.compress.archivers.ArchiveException.ArchiveException: computed 0 unit tests
src/main/java/org/apache/commons/compress/archivers/ArchiveException.java: org.apache.commons.compress.archivers.ArchiveException.ArchiveException: found 0 problems
src/main/java/org/apache/commons/compress/archivers/ArchiveException.java: org.apache.commons.compress.archivers.ArchiveException.ArchiveException: computing test cases
src/main/java/org/apache/commons/compress/archivers/ArchiveException.java: org.apache.commons.compress.archivers.ArchiveException.ArchiveException: computed 1 unit tests
src/main/java/org/apache/commons/compress/archivers/ArchiveException.java: org.apache.commons.compress.archivers.ArchiveException.ArchiveException: found 0 problems
src/main/java/org/apache/commons/compress/archivers/sevenz/SevenZMethod.java: org.apache.commons.compress.archivers.sevenz.@@SevenZMethod.@@getId: computing test cases
src/main/java/org/apache/commons/compress/archivers/sevenz/SevenZMethod.java: org.apache.commons.compress.archivers.sevenz.@@SevenZMethod.@@getId: computed 0 unit tests
src/main/java/org/apache/commons/compress/archivers/sevenz/SevenZMethod.java: org.apache.commons.compress.archivers.sevenz.@@SevenZMethod.@@getId: found 1 problems
src/main/java/org/apache/commons/compress/archivers/sevenz/SevenZMethod.java: internal error: org.apache.commons.compress.archivers.sevenz.@@SevenZMethod.@@getId: unknown type kind
	data: [==(select(VariableReference(@m_0, pointer(struct(org/apache/commons/compress/archivers/sevenz/@@SevenZMethod, [], [pointer(genericInstance(reference(java/lang/Enum), [pointer(reference(org/apache/commons/compress/archivers/sevenz/@@SevenZMethod))]))], [])), @m_0_0), id), nil) array(primitive(int, 8, false), primitive(int, 32, false), 0)]
src/main/java/org/apache/commons/compress/archivers/sevenz/SevenZMethod.java: org.apache.commons.compress.archivers.sevenz.@@SevenZMethod.byId: computing test cases
src/main/java/org/apache/commons/compress/archivers/sevenz/SevenZMethod.java: org.apache.commons.compress.archivers.sevenz.@@SevenZMethod.byId: computed 0 unit tests
src/main/java/org/apache/commons/compress/archivers/sevenz/SevenZMethod.java: org.apache.commons.compress.archivers.sevenz.@@SevenZMethod.byId: found 0 problems
src/main/java/org/apache/commons/compress/archivers/dump/ShortFileException.java: org.apache.commons.compress.archivers.dump.ShortFileException.ShortFileException: computing test cases
src/main/java/org/apache/commons/compress/archivers/dump/ShortFileException.java: org.apache.commons.compress.archivers.dump.ShortFileException.ShortFileException: computed 1 unit tests
src/main/java/org/apache/commons/compress/archivers/dump/ShortFileException.java: org.apache.commons.compress.archivers.dump.ShortFileException.ShortFileException: found 0 problems
src/main/java/org/apache/commons/compress/archivers/cpio/CpioArchiveEntry.java: org.apache.commons.compress.archivers.cpio.CpioArchiveEntry.CpioArchiveEntry: computing test cases
src/main/java/org/apache/commons/compress/archivers/cpio/CpioArchiveEntry.java: org.apache.commons.compress.archivers.cpio.CpioArchiveEntry.CpioArchiveEntry: computed 0 unit tests
src/main/java/org/apache/commons/compress/archivers/cpio/CpioArchiveEntry.java: org.apache.commons.compress.archivers.cpio.CpioArchiveEntry.CpioArchiveEntry: found 1 problems
src/main/java/org/apache/commons/compress/archivers/cpio/CpioArchiveEntry.java: unsupported: org.apache.commons.compress.archivers.cpio.CpioArchiveEntry.CpioArchiveEntry: encountered an unsupported type
	data: unsupported(java/io/File)
src/main/java/org/apache/commons/compress/archivers/cpio/CpioArchiveEntry.java: org.apache.commons.compress.archivers.cpio.CpioArchiveEntry.getGID: computing test cases
src/main/java/org/apache/commons/compress/archivers/cpio/CpioArchiveEntry.java: org.apache.commons.compress.archivers.cpio.CpioArchiveEntry.getGID: computed 1 unit tests
src/main/java/org/apache/commons/compress/archivers/cpio/CpioArchiveEntry.java: org.apache.commons.compress.archivers.cpio.CpioArchiveEntry.getGID: found 0 problems
src/main/java/org/apache/commons/compress/archivers/cpio/CpioArchiveEntry.java: org.apache.commons.compress.archivers.cpio.CpioArchiveEntry.setDeviceMaj: computing test cases
src/main/java/org/apache/commons/compress/archivers/cpio/CpioArchiveEntry.java: org.apache.commons.compress.archivers.cpio.CpioArchiveEntry.setDeviceMaj: computed 1 unit tests
src/main/java/org/apache/commons/compress/archivers/cpio/CpioArchiveEntry.java: org.apache.commons.compress.archivers.cpio.CpioArchiveEntry.setDeviceMaj: found 1 problems
src/main/java/org/apache/commons/compress/archivers/cpio/CpioArchiveEntry.java:357:13: critical: org.apache.commons.compress.archivers.cpio.CpioArchiveEntry.setDeviceMaj: uncaught java.lang.UnsupportedOperationException
src/main/java/org/apache/commons/compress/archivers/cpio/CpioArchiveEntry.java: org.apache.commons.compress.archivers.cpio.CpioArchiveEntry.getName: computing test cases
src/main/java/org/apache/commons/compress/archivers/cpio/CpioArchiveEntry.java: org.apache.commons.compress.archivers.cpio.CpioArchiveEntry.getName: computed 1 unit tests
src/main/java/org/apache/commons/compress/archivers/cpio/CpioArchiveEntry.java: org.apache.commons.compress.archivers.cpio.CpioArchiveEntry.getName: found 0 problems
src/main/java/org/apache/commons/compress/archivers/cpio/CpioArchiveEntry.java: org.apache.commons.compress.archivers.cpio.CpioArchiveEntry.getFormat: computing test cases
src/main/java/org/apache/commons/compress/archivers/cpio/CpioArchiveEntry.java: org.apache.commons.compress.archivers.cpio.CpioArchiveEntry.getFormat: computed 1 unit tests
src/main/java/org/apache/commons/compress/archivers/cpio/CpioArchiveEntry.java: org.apache.commons.compress.archivers.cpio.CpioArchiveEntry.getFormat: found 0 problems
src/main/java/org/apache/commons/compress/archivers/cpio/CpioArchiveEntry.java: org.apache.commons.compress.archivers.cpio.CpioArchiveEntry.getTime: computing test cases
src/main/java/org/apache/commons/compress/archivers/cpio/CpioArchiveEntry.java: org.apache.commons.compress.archivers.cpio.CpioArchiveEntry.getTime: computed 1 unit tests
src/main/java/org/apache/commons/compress/archivers/cpio/CpioArchiveEntry.java: org.apache.commons.compress.archivers.cpio.CpioArchiveEntry.getTime: found 0 problems
src/main/java/org/apache/commons/compress/archivers/cpio/CpioArchiveEntry.java: org.apache.commons.compress.archivers.cpio.CpioArchiveEntry.setSize: computing test cases
src/main/java/org/apache/commons/compress/archivers/cpio/CpioArchiveEntry.java: org.apache.commons.compress.archivers.cpio.CpioArchiveEntry.setSize: computed 2 unit tests
src/main/java/org/apache/commons/compress/archivers/cpio/CpioArchiveEntry.java: org.apache.commons.compress.archivers.cpio.CpioArchiveEntry.setSize: found 2 problems
src/main/java/org/apache/commons/compress/archivers/cpio/CpioArchiveEntry.java: info: org.apache.commons.compress.archivers.cpio.CpioArchiveEntry.setSize: solver timed out
	data: ExecutionResult{ExitStatus:-1, ResourceUsage{WallTime:10.005350406s, CPUTimeUser:9.979969s, CPUTimeSystem:19.991ms, MemoryUsage:204788}}
src/main/java/org/apache/commons/compress/archivers/cpio/CpioArchiveEntry.java:725:13: critical: org.apache.commons.compress.archivers.cpio.CpioArchiveEntry.setSize: uncaught java.lang.IllegalArgumentException
src/main/java/org/apache/commons/compress/archivers/cpio/CpioArchiveEntry.java: org.apache.commons.compress.archivers.cpio.CpioArchiveEntry.getDeviceMaj: computing test cases
src/main/java/org/apache/commons/compress/archivers/cpio/CpioArchiveEntry.java: org.apache.commons.compress.archivers.cpio.CpioArchiveEntry.getDeviceMaj: computed 1 unit tests
src/main/java/org/apache/commons/compress/archivers/cpio/CpioArchiveEntry.java: org.apache.commons.compress.archivers.cpio.CpioArchiveEntry.getDeviceMaj: found 1 problems
src/main/java/org/apache/commons/compress/archivers/cpio/CpioArchiveEntry.java:357:13: critical: org.apache.commons.compress.archivers.cpio.CpioArchiveEntry.getDeviceMaj: uncaught java.lang.UnsupportedOperationException
src/main/java/org/apache/commons/compress/archivers/cpio/CpioArchiveEntry.java: org.apache.commons.compress.archivers.cpio.CpioArchiveEntry.setChksum: computing test cases
src/main/java/org/apache/commons/compress/archivers/cpio/CpioArchiveEntry.java: org.apache.commons.compress.archivers.cpio.CpioArchiveEntry.setChksum: computed 1 unit tests
src/main/java/org/apache/commons/compress/archivers/cpio/CpioArchiveEntry.java: org.apache.commons.compress.archivers.cpio.CpioArchiveEntry.setChksum: found 1 problems
src/main/java/org/apache/commons/compress/archivers/cpio/CpioArchiveEntry.java:357:13: critical: org.apache.commons.compress.archivers.cpio.CpioArchiveEntry.setChksum: uncaught java.lang.UnsupportedOperationException
src/main/java/org/apache/commons/compress/archivers/cpio/CpioArchiveEntry.java: org.apache.commons.compress.archivers.cpio.CpioArchiveEntry.CpioArchiveEntry: computing test cases
src/main/java/org/apache/commons/compress/archivers/cpio/CpioArchiveEntry.java: org.apache.commons.compress.archivers.cpio.CpioArchiveEntry.CpioArchiveEntry: computed 5 unit tests
src/main/java/org/apache/commons/compress/archivers/cpio/CpioArchiveEntry.java: org.apache.commons.compress.archivers.cpio.CpioArchiveEntry.CpioArchiveEntry: found 1 problems
src/main/java/org/apache/commons/compress/archivers/cpio/CpioArchiveEntry.java:223:13: critical: org.apache.commons.compress.archivers.cpio.CpioArchiveEntry.CpioArchiveEntry: uncaught java.lang.IllegalArgumentException
src/main/java/org/apache/commons/compress/archivers/cpio/CpioArchiveEntry.java: org.apache.commons.compress.archivers.cpio.CpioArchiveEntry.CpioArchiveEntry: computing test cases
src/main/java/org/apache/commons/compress/archivers/cpio/CpioArchiveEntry.java: org.apache.commons.compress.archivers.cpio.CpioArchiveEntry.CpioArchiveEntry: computed 1 unit tests
src/main/java/org/apache/commons/compress/archivers/cpio/CpioArchiveEntry.java: org.apache.commons.compress.archivers.cpio.CpioArchiveEntry.CpioArchiveEntry: found 0 problems
src/main/java/org/apache/commons/compress/archivers/cpio/CpioArchiveEntry.java: org.apache.commons.compress.archivers.cpio.CpioArchiveEntry.isNetwork: computing test cases
src/main/java/org/apache/commons/compress/archivers/cpio/CpioArchiveEntry.java: org.apache.commons.compress.archivers.cpio.CpioArchiveEntry.isNetwork: computed 2 unit tests
src/main/java/org/apache/commons/compress/archivers/cpio/CpioArchiveEntry.java: org.apache.commons.compress.archivers.cpio.CpioArchiveEntry.isNetwork: found 0 problems
src/main/java/org/apache/commons/compress/archivers/cpio/CpioArchiveEntry.java: org.apache.commons.compress.archivers.cpio.CpioArchiveEntry.getMode: computing test cases
src/main/java/org/apache/commons/compress/archivers/cpio/CpioArchiveEntry.java: org.apache.commons.compress.archivers.cpio.CpioArchiveEntry.getMode: computed 3 unit tests
src/main/java/org/apache/commons/compress/archivers/cpio/CpioArchiveEntry.java: org.apache.commons.compress.archivers.cpio.CpioArchiveEntry.getMode: found 0 problems
src/main/java/org/apache/commons/compress/archivers/cpio/CpioArchiveEntry.java: org.apache.commons.compress.archivers.cpio.CpioArchiveEntry.CpioArchiveEntry: computing test cases
src/main/java/org/apache/commons/compress/archivers/cpio/CpioArchiveEntry.java: org.apache.commons.compress.archivers.cpio.CpioArchiveEntry.CpioArchiveEntry: computed 1 unit tests
src/main/java/org/apache/commons/compress/archivers/cpio/CpioArchiveEntry.java: org.apache.commons.compress.archivers.cpio.CpioArchiveEntry.CpioArchiveEntry: found 0 problems
src/main/java/org/apache/commons/compress/archivers/cpio/CpioArchiveEntry.java: org.apache.commons.compress.archivers.cpio.CpioArchiveEntry.setRemoteDeviceMin: computing test cases
src/main/java/org/apache/commons/compress/archivers/cpio/CpioArchiveEntry.java: org.apache.commons.compress.archivers.cpio.CpioArchiveEntry.setRemoteDeviceMin: computed 1 unit tests
src/main/java/org/apache/commons/compress/archivers/cpio/CpioArchiveEntry.java: org.apache.commons.compress.archivers.cpio.CpioArchiveEntry.setRemoteDeviceMin: found 1 problems
src/main/java/org/apache/commons/compress/archivers/cpio/CpioArchiveEntry.java:357:13: critical: org.apache.commons.compress.archivers.cpio.CpioArchiveEntry.setRemoteDeviceMin: uncaught java.lang.UnsupportedOperationException
src/main/java/org/apache/commons/compress/archivers/cpio/CpioArchiveEntry.java: org.apache.commons.compress.archivers.cpio.CpioArchiveEntry.isPipe: computing test cases
src/main/java/org/apache/commons/compress/archivers/cpio/CpioArchiveEntry.java: org.apache.commons.compress.archivers.cpio.CpioArchiveEntry.isPipe: computed 2 unit tests
src/main/java/org/apache/commons/compress/archivers/cpio/CpioArchiveEntry.java: org.apache.commons.compress.archivers.cpio.CpioArchiveEntry.isPipe: found 0 problems
src/main/java/org/apache/commons/compress/archivers/cpio/CpioArchiveEntry.java: org.apache.commons.compress.archivers.cpio.CpioArchiveEntry.setMode: computing test cases
src/main/java/org/apache/commons/compress/archivers/cpio/CpioArchiveEntry.java: org.apache.commons.compress.archivers.cpio.CpioArchiveEntry.setMode: computed 8 unit tests
src/main/java/org/apache/commons/compress/archivers/cpio/CpioArchiveEntry.java: org.apache.commons.compress.archivers.cpio.CpioArchiveEntry.setMode: found 0 problems
src/main/java/org/apache/commons/compress/archivers/cpio/CpioArchiveEntry.java: org.apache.commons.compress.archivers.cpio.CpioArchiveEntry.getUID: computing test cases
src/main/java/org/apache/commons/compress/archivers/cpio/CpioArchiveEntry.java: org.apache.commons.compress.archivers.cpio.CpioArchiveEntry.getUID: computed 1 unit tests
src/main/java/org/apache/commons/compress/archivers/cpio/CpioArchiveEntry.java: org.apache.commons.compress.archivers.cpio.CpioArchiveEntry.getUID: found 0 problems
src/main/java/org/apache/commons/compress/archivers/cpio/CpioArchiveEntry.java: org.apache.commons.compress.archivers.cpio.CpioArchiveEntry.setRemoteDeviceMaj: computing test cases
src/main/java/org/apache/commons/compress/archivers/cpio/CpioArchiveEntry.java: org.apache.commons.compress.archivers.cpio.CpioArchiveEntry.setRemoteDeviceMaj: computed 1 unit tests
src/main/java/org/apache/commons/compress/archivers/cpio/CpioArchiveEntry.java: org.apache.commons.compress.archivers.cpio.CpioArchiveEntry.setRemoteDeviceMaj: found 1 problems
src/main/java/org/apache/commons/compress/archivers/cpio/CpioArchiveEntry.java:357:13: critical: org.apache.commons.compress.archivers.cpio.CpioArchiveEntry.setRemoteDeviceMaj: uncaught java.lang.UnsupportedOperationException
src/main/java/org/apache/commons/compress/archivers/cpio/CpioArchiveEntry.java: org.apache.commons.compress.archivers.cpio.CpioArchiveEntry.getRemoteDeviceMaj: computing test cases
src/main/java/org/apache/commons/compress/archivers/cpio/CpioArchiveEntry.java: org.apache.commons.compress.archivers.cpio.CpioArchiveEntry.getRemoteDeviceMaj: computed 1 unit tests
src/main/java/org/apache/commons/compress/archivers/cpio/CpioArchiveEntry.java: org.apache.commons.compress.archivers.cpio.CpioArchiveEntry.getRemoteDeviceMaj: found 1 problems
src/main/java/org/apache/commons/compress/archivers/cpio/CpioArchiveEntry.java:357:13: critical: org.apache.commons.compress.archivers.cpio.CpioArchiveEntry.getRemoteDeviceMaj: uncaught java.lang.UnsupportedOperationException
src/main/java/org/apache/commons/compress/archivers/cpio/CpioArchiveEntry.java: org.apache.commons.compress.archivers.cpio.CpioArchiveEntry.setGID: computing test cases
src/main/java/org/apache/commons/compress/archivers/cpio/CpioArchiveEntry.java: org.apache.commons.compress.archivers.cpio.CpioArchiveEntry.setGID: computed 1 unit tests
src/main/java/org/apache/commons/compress/archivers/cpio/CpioArchiveEntry.java: org.apache.commons.compress.archivers.cpio.CpioArchiveEntry.setGID: found 0 problems
src/main/java/org/apache/commons/compress/archivers/cpio/CpioArchiveEntry.java: org.apache.commons.compress.archivers.cpio.CpioArchiveEntry.CpioArchiveEntry: computing test cases
src/main/java/org/apache/commons/compress/archivers/cpio/CpioArchiveEntry.java: org.apache.commons.compress.archivers.cpio.CpioArchiveEntry.CpioArchiveEntry: computed 0 unit tests
src/main/java/org/apache/commons/compress/archivers/cpio/CpioArchiveEntry.java: org.apache.commons.compress.archivers.cpio.CpioArchiveEntry.CpioArchiveEntry: found 1 problems
src/main/java/org/apache/commons/compress/archivers/cpio/CpioArchiveEntry.java: unsupported: org.apache.commons.compress.archivers.cpio.CpioArchiveEntry.CpioArchiveEntry: encountered an unsupported type
	data: unsupported(java/io/File)
src/main/java/org/apache/commons/compress/archivers/cpio/CpioArchiveEntry.java: org.apache.commons.compress.archivers.cpio.CpioArchiveEntry.getChksum: computing test cases
src/main/java/org/apache/commons/compress/archivers/cpio/CpioArchiveEntry.java: org.apache.commons.compress.archivers.cpio.CpioArchiveEntry.getChksum: computed 1 unit tests
src/main/java/org/apache/commons/compress/archivers/cpio/CpioArchiveEntry.java: org.apache.commons.compress.archivers.cpio.CpioArchiveEntry.getChksum: found 1 problems
src/main/java/org/apache/commons/compress/archivers/cpio/CpioArchiveEntry.java:357:13: critical: org.apache.commons.compress.archivers.cpio.CpioArchiveEntry.getChksum: uncaught java.lang.UnsupportedOperationException
src/main/java/org/apache/commons/compress/archivers/cpio/CpioArchiveEntry.java: org.apache.commons.compress.archivers.cpio.CpioArchiveEntry.setRemoteDevice: computing test cases
src/main/java/org/apache/commons/compress/archivers/cpio/CpioArchiveEntry.java: org.apache.commons.compress.archivers.cpio.CpioArchiveEntry.setRemoteDevice: computed 1 unit tests
src/main/java/org/apache/commons/compress/archivers/cpio/CpioArchiveEntry.java: org.apache.commons.compress.archivers.cpio.CpioArchiveEntry.setRemoteDevice: found 1 problems
src/main/java/org/apache/commons/compress/archivers/cpio/CpioArchiveEntry.java:366:13: critical: org.apache.commons.compress.archivers.cpio.CpioArchiveEntry.setRemoteDevice: uncaught java.lang.UnsupportedOperationException
src/main/java/org/apache/commons/compress/archivers/cpio/CpioArchiveEntry.java: org.apache.commons.compress.archivers.cpio.CpioArchiveEntry.getSize: computing test cases
src/main/java/org/apache/commons/compress/archivers/cpio/CpioArchiveEntry.java: org.apache.commons.compress.archivers.cpio.CpioArchiveEntry.getSize: computed 1 unit tests
src/main/java/org/apache/commons/compress/archivers/cpio/CpioArchiveEntry.java: org.apache.commons.compress.archivers.cpio.CpioArchiveEntry.getSize: found 0 problems
src/main/java/org/apache/commons/compress/archivers/cpio/CpioArchiveEntry.java: org.apache.commons.compress.archivers.cpio.CpioArchiveEntry.setUID: computing test cases
src/main/java/org/apache/commons/compress/archivers/cpio/CpioArchiveEntry.java: org.apache.commons.compress.archivers.cpio.CpioArchiveEntry.setUID: computed 1 unit tests
src/main/java/org/apache/commons/compress/archivers/cpio/CpioArchiveEntry.java: org.apache.commons.compress.archivers.cpio.CpioArchiveEntry.setUID: found 0 problems
src/main/java/org/apache/commons/compress/archivers/cpio/CpioArchiveEntry.java: org.apache.commons.compress.archivers.cpio.CpioArchiveEntry.CpioArchiveEntry: computing test cases
src/main/java/org/apache/commons/compress/archivers/cpio/CpioArchiveEntry.java: org.apache.commons.compress.archivers.cpio.CpioArchiveEntry.CpioArchiveEntry: computed 1 unit tests
src/main/java/org/apache/commons/compress/archivers/cpio/CpioArchiveEntry.java: org.apache.commons.compress.archivers.cpio.CpioArchiveEntry.CpioArchiveEntry: found 0 problems
src/main/java/org/apache/commons/compress/archivers/cpio/CpioArchiveEntry.java: org.apache.commons.compress.archivers.cpio.CpioArchiveEntry.hashCode: computing test cases
src/main/java/org/apache/commons/compress/archivers/cpio/CpioArchiveEntry.java: org.apache.commons.compress.archivers.cpio.CpioArchiveEntry.hashCode: computed 1 unit tests
src/main/java/org/apache/commons/compress/archivers/cpio/CpioArchiveEntry.java: org.apache.commons.compress.archivers.cpio.CpioArchiveEntry.hashCode: found 0 problems
src/main/java/org/apache/commons/compress/archivers/cpio/CpioArchiveEntry.java: org.apache.commons.compress.archivers.cpio.CpioArchiveEntry.getInode: computing test cases
src/main/java/org/apache/commons/compress/archivers/cpio/CpioArchiveEntry.java: org.apache.commons.compress.archivers.cpio.CpioArchiveEntry.getInode: computed 1 unit tests
src/main/java/org/apache/commons/compress/archivers/cpio/CpioArchiveEntry.java: org.apache.commons.compress.archivers.cpio.CpioArchiveEntry.getInode: found 0 problems
src/main/java/org/apache/commons/compress/archivers/cpio/CpioArchiveEntry.java: org.apache.commons.compress.archivers.cpio.CpioArchiveEntry.getRemoteDeviceMin: computing test cases
src/main/java/org/apache/commons/compress/archivers/cpio/CpioArchiveEntry.java: org.apache.commons.compress.archivers.cpio.CpioArchiveEntry.getRemoteDeviceMin: computed 1 unit tests
src/main/java/org/apache/commons/compress/archivers/cpio/CpioArchiveEntry.java: org.apache.commons.compress.archivers.cpio.CpioArchiveEntry.getRemoteDeviceMin: found 1 problems
src/main/java/org/apache/commons/compress/archivers/cpio/CpioArchiveEntry.java:357:13: critical: org.apache.commons.compress.archivers.cpio.CpioArchiveEntry.getRemoteDeviceMin: uncaught java.lang.UnsupportedOperationException
src/main/java/org/apache/commons/compress/archivers/cpio/CpioArchiveEntry.java: org.apache.commons.compress.archivers.cpio.CpioArchiveEntry.setInode: computing test cases
src/main/java/org/apache/commons/compress/archivers/cpio/CpioArchiveEntry.java: org.apache.commons.compress.archivers.cpio.CpioArchiveEntry.setInode: computed 1 unit tests
src/main/java/org/apache/commons/compress/archivers/cpio/CpioArchiveEntry.java: org.apache.commons.compress.archivers.cpio.CpioArchiveEntry.setInode: found 0 problems
src/main/java/org/apache/commons/compress/archivers/cpio/CpioArchiveEntry.java: org.apache.commons.compress.archivers.cpio.CpioArchiveEntry.getDeviceMin: computing test cases
src/main/java/org/apache/commons/compress/archivers/cpio/CpioArchiveEntry.java: org.apache.commons.compress.archivers.cpio.CpioArchiveEntry.getDeviceMin: computed 1 unit tests
src/main/java/org/apache/commons/compress/archivers/cpio/CpioArchiveEntry.java: org.apache.commons.compress.archivers.cpio.CpioArchiveEntry.getDeviceMin: found 1 problems
src/main/java/org/apache/commons/compress/archivers/cpio/CpioArchiveEntry.java:357:13: critical: org.apache.commons.compress.archivers.cpio.CpioArchiveEntry.getDeviceMin: uncaught java.lang.UnsupportedOperationException
src/main/java/org/apache/commons/compress/archivers/cpio/CpioArchiveEntry.java: org.apache.commons.compress.archivers.cpio.CpioArchiveEntry.getNumberOfLinks: computing test cases
src/main/java/org/apache/commons/compress/archivers/cpio/CpioArchiveEntry.java: org.apache.commons.compress.archivers.cpio.CpioArchiveEntry.getNumberOfLinks: computed 3 unit tests
src/main/java/org/apache/commons/compress/archivers/cpio/CpioArchiveEntry.java: org.apache.commons.compress.archivers.cpio.CpioArchiveEntry.getNumberOfLinks: found 0 problems
src/main/java/org/apache/commons/compress/archivers/cpio/CpioArchiveEntry.java: org.apache.commons.compress.archivers.cpio.CpioArchiveEntry.getRemoteDevice: computing test cases
src/main/java/org/apache/commons/compress/archivers/cpio/CpioArchiveEntry.java: org.apache.commons.compress.archivers.cpio.CpioArchiveEntry.getRemoteDevice: computed 1 unit tests
src/main/java/org/apache/commons/compress/archivers/cpio/CpioArchiveEntry.java: org.apache.commons.compress.archivers.cpio.CpioArchiveEntry.getRemoteDevice: found 1 problems
src/main/java/org/apache/commons/compress/archivers/cpio/CpioArchiveEntry.java:366:13: critical: org.apache.commons.compress.archivers.cpio.CpioArchiveEntry.getRemoteDevice: uncaught java.lang.UnsupportedOperationException
src/main/java/org/apache/commons/compress/archivers/cpio/CpioArchiveEntry.java: org.apache.commons.compress.archivers.cpio.CpioArchiveEntry.setNumberOfLinks: computing test cases
src/main/java/org/apache/commons/compress/archivers/cpio/CpioArchiveEntry.java: org.apache.commons.compress.archivers.cpio.CpioArchiveEntry.setNumberOfLinks: computed 1 unit tests
src/main/java/org/apache/commons/compress/archivers/cpio/CpioArchiveEntry.java: org.apache.commons.compress.archivers.cpio.CpioArchiveEntry.setNumberOfLinks: found 0 problems
src/main/java/org/apache/commons/compress/archivers/cpio/CpioArchiveEntry.java: org.apache.commons.compress.archivers.cpio.CpioArchiveEntry.getDataPadCount: computing test cases
src/main/java/org/apache/commons/compress/archivers/cpio/CpioArchiveEntry.java: org.apache.commons.compress.archivers.cpio.CpioArchiveEntry.getDataPadCount: computed 1 unit tests
src/main/java/org/apache/commons/compress/archivers/cpio/CpioArchiveEntry.java: org.apache.commons.compress.archivers.cpio.CpioArchiveEntry.getDataPadCount: found 0 problems
src/main/java/org/apache/commons/compress/archivers/cpio/CpioArchiveEntry.java: org.apache.commons.compress.archivers.cpio.CpioArchiveEntry.equals: computing test cases
src/main/java/org/apache/commons/compress/archivers/cpio/CpioArchiveEntry.java: org.apache.commons.compress.archivers.cpio.CpioArchiveEntry.equals: computed 2 unit tests
src/main/java/org/apache/commons/compress/archivers/cpio/CpioArchiveEntry.java: org.apache.commons.compress.archivers.cpio.CpioArchiveEntry.equals: found 0 problems
src/main/java/org/apache/commons/compress/archivers/cpio/CpioArchiveEntry.java: org.apache.commons.compress.archivers.cpio.CpioArchiveEntry.isDirectory: computing test cases
src/main/java/org/apache/commons/compress/archivers/cpio/CpioArchiveEntry.java: org.apache.commons.compress.archivers.cpio.CpioArchiveEntry.isDirectory: computed 2 unit tests
src/main/java/org/apache/commons/compress/archivers/cpio/CpioArchiveEntry.java: org.apache.commons.compress.archivers.cpio.CpioArchiveEntry.isDirectory: found 0 problems
src/main/java/org/apache/commons/compress/archivers/cpio/CpioArchiveEntry.java: org.apache.commons.compress.archivers.cpio.CpioArchiveEntry.setTime: computing test cases
src/main/java/org/apache/commons/compress/archivers/cpio/CpioArchiveEntry.java: org.apache.commons.compress.archivers.cpio.CpioArchiveEntry.setTime: computed 1 unit tests
src/main/java/org/apache/commons/compress/archivers/cpio/CpioArchiveEntry.java: org.apache.commons.compress.archivers.cpio.CpioArchiveEntry.setTime: found 0 problems
src/main/java/org/apache/commons/compress/archivers/cpio/CpioArchiveEntry.java: org.apache.commons.compress.archivers.cpio.CpioArchiveEntry.CpioArchiveEntry: computing test cases
src/main/java/org/apache/commons/compress/archivers/cpio/CpioArchiveEntry.java: org.apache.commons.compress.archivers.cpio.CpioArchiveEntry.CpioArchiveEntry: computed 1 unit tests
src/main/java/org/apache/commons/compress/archivers/cpio/CpioArchiveEntry.java: org.apache.commons.compress.archivers.cpio.CpioArchiveEntry.CpioArchiveEntry: found 0 problems
src/main/java/org/apache/commons/compress/archivers/cpio/CpioArchiveEntry.java: org.apache.commons.compress.archivers.cpio.CpioArchiveEntry.isRegularFile: computing test cases
src/main/java/org/apache/commons/compress/archivers/cpio/CpioArchiveEntry.java: org.apache.commons.compress.archivers.cpio.CpioArchiveEntry.isRegularFile: computed 2 unit tests
src/main/java/org/apache/commons/compress/archivers/cpio/CpioArchiveEntry.java: org.apache.commons.compress.archivers.cpio.CpioArchiveEntry.isRegularFile: found 0 problems
src/main/java/org/apache/commons/compress/archivers/cpio/CpioArchiveEntry.java: org.apache.commons.compress.archivers.cpio.CpioArchiveEntry.isBlockDevice: computing test cases
src/main/java/org/apache/commons/compress/archivers/cpio/CpioArchiveEntry.java: org.apache.commons.compress.archivers.cpio.CpioArchiveEntry.isBlockDevice: computed 2 unit tests
src/main/java/org/apache/commons/compress/archivers/cpio/CpioArchiveEntry.java: org.apache.commons.compress.archivers.cpio.CpioArchiveEntry.isBlockDevice: found 0 problems
src/main/java/org/apache/commons/compress/archivers/cpio/CpioArchiveEntry.java: org.apache.commons.compress.archivers.cpio.CpioArchiveEntry.getAlignmentBoundary: computing test cases
src/main/java/org/apache/commons/compress/archivers/cpio/CpioArchiveEntry.java: org.apache.commons.compress.archivers.cpio.CpioArchiveEntry.getAlignmentBoundary: computed 1 unit tests
src/main/java/org/apache/commons/compress/archivers/cpio/CpioArchiveEntry.java: org.apache.commons.compress.archivers.cpio.CpioArchiveEntry.getAlignmentBoundary: found 0 problems
src/main/java/org/apache/commons/compress/archivers/cpio/CpioArchiveEntry.java: org.apache.commons.compress.archivers.cpio.CpioArchiveEntry.isSocket: computing test cases
src/main/java/org/apache/commons/compress/archivers/cpio/CpioArchiveEntry.java: org.apache.commons.compress.archivers.cpio.CpioArchiveEntry.isSocket: computed 2 unit tests
src/main/java/org/apache/commons/compress/archivers/cpio/CpioArchiveEntry.java: org.apache.commons.compress.archivers.cpio.CpioArchiveEntry.isSocket: found 0 problems
src/main/java/org/apache/commons/compress/archivers/cpio/CpioArchiveEntry.java: org.apache.commons.compress.archivers.cpio.CpioArchiveEntry.isSymbolicLink: computing test cases
src/main/java/org/apache/commons/compress/archivers/cpio/CpioArchiveEntry.java: org.apache.commons.compress.archivers.cpio.CpioArchiveEntry.isSymbolicLink: computed 2 unit tests
src/main/java/org/apache/commons/compress/archivers/cpio/CpioArchiveEntry.java: org.apache.commons.compress.archivers.cpio.CpioArchiveEntry.isSymbolicLink: found 0 problems
src/main/java/org/apache/commons/compress/archivers/cpio/CpioArchiveEntry.java: org.apache.commons.compress.archivers.cpio.CpioArchiveEntry.getLastModifiedDate: computing test cases
src/main/java/org/apache/commons/compress/archivers/cpio/CpioArchiveEntry.java: org.apache.commons.compress.archivers.cpio.CpioArchiveEntry.getLastModifiedDate: computed 0 unit tests
src/main/java/org/apache/commons/compress/archivers/cpio/CpioArchiveEntry.java: org.apache.commons.compress.archivers.cpio.CpioArchiveEntry.getLastModifiedDate: found 0 problems
src/main/java/org/apache/commons/compress/archivers/cpio/CpioArchiveEntry.java: org.apache.commons.compress.archivers.cpio.CpioArchiveEntry.isCharacterDevice: computing test cases
src/main/java/org/apache/commons/compress/archivers/cpio/CpioArchiveEntry.java: org.apache.commons.compress.archivers.cpio.CpioArchiveEntry.isCharacterDevice: computed 2 unit tests
src/main/java/org/apache/commons/compress/archivers/cpio/CpioArchiveEntry.java: org.apache.commons.compress.archivers.cpio.CpioArchiveEntry.isCharacterDevice: found 0 problems
src/main/java/org/apache/commons/compress/archivers/cpio/CpioArchiveEntry.java: org.apache.commons.compress.archivers.cpio.CpioArchiveEntry.getHeaderSize: computing test cases
src/main/java/org/apache/commons/compress/archivers/cpio/CpioArchiveEntry.java: org.apache.commons.compress.archivers.cpio.CpioArchiveEntry.getHeaderSize: computed 1 unit tests
src/main/java/org/apache/commons/compress/archivers/cpio/CpioArchiveEntry.java: org.apache.commons.compress.archivers.cpio.CpioArchiveEntry.getHeaderSize: found 0 problems
src/main/java/org/apache/commons/compress/archivers/cpio/CpioArchiveEntry.java: org.apache.commons.compress.archivers.cpio.CpioArchiveEntry.getDevice: computing test cases
src/main/java/org/apache/commons/compress/archivers/cpio/CpioArchiveEntry.java: org.apache.commons.compress.archivers.cpio.CpioArchiveEntry.getDevice: computed 1 unit tests
src/main/java/org/apache/commons/compress/archivers/cpio/CpioArchiveEntry.java: org.apache.commons.compress.archivers.cpio.CpioArchiveEntry.getDevice: found 1 problems
src/main/java/org/apache/commons/compress/archivers/cpio/CpioArchiveEntry.java:366:13: critical: org.apache.commons.compress.archivers.cpio.CpioArchiveEntry.getDevice: uncaught java.lang.UnsupportedOperationException
src/main/java/org/apache/commons/compress/archivers/cpio/CpioArchiveEntry.java: org.apache.commons.compress.archivers.cpio.CpioArchiveEntry.setDeviceMin: computing test cases
src/main/java/org/apache/commons/compress/archivers/cpio/CpioArchiveEntry.java: org.apache.commons.compress.archivers.cpio.CpioArchiveEntry.setDeviceMin: computed 1 unit tests
src/main/java/org/apache/commons/compress/archivers/cpio/CpioArchiveEntry.java: org.apache.commons.compress.archivers.cpio.CpioArchiveEntry.setDeviceMin: found 1 problems
src/main/java/org/apache/commons/compress/archivers/cpio/CpioArchiveEntry.java:357:13: critical: org.apache.commons.compress.archivers.cpio.CpioArchiveEntry.setDeviceMin: uncaught java.lang.UnsupportedOperationException
src/main/java/org/apache/commons/compress/archivers/cpio/CpioArchiveEntry.java: org.apache.commons.compress.archivers.cpio.CpioArchiveEntry.setName: computing test cases
src/main/java/org/apache/commons/compress/archivers/cpio/CpioArchiveEntry.java: org.apache.commons.compress.archivers.cpio.CpioArchiveEntry.setName: computed 1 unit tests
src/main/java/org/apache/commons/compress/archivers/cpio/CpioArchiveEntry.java: org.apache.commons.compress.archivers.cpio.CpioArchiveEntry.setName: found 0 problems
src/main/java/org/apache/commons/compress/archivers/cpio/CpioArchiveEntry.java: org.apache.commons.compress.archivers.cpio.CpioArchiveEntry.getHeaderPadCount: computing test cases
src/main/java/org/apache/commons/compress/archivers/cpio/CpioArchiveEntry.java: org.apache.commons.compress.archivers.cpio.CpioArchiveEntry.getHeaderPadCount: computed 1 unit tests
src/main/java/org/apache/commons/compress/archivers/cpio/CpioArchiveEntry.java: org.apache.commons.compress.archivers.cpio.CpioArchiveEntry.getHeaderPadCount: found 0 problems
src/main/java/org/apache/commons/compress/archivers/cpio/CpioArchiveEntry.java: org.apache.commons.compress.archivers.cpio.CpioArchiveEntry.setDevice: computing test cases
src/main/java/org/apache/commons/compress/archivers/cpio/CpioArchiveEntry.java: org.apache.commons.compress.archivers.cpio.CpioArchiveEntry.setDevice: computed 1 unit tests
src/main/java/org/apache/commons/compress/archivers/cpio/CpioArchiveEntry.java: org.apache.commons.compress.archivers.cpio.CpioArchiveEntry.setDevice: found 1 problems
src/main/java/org/apache/commons/compress/archivers/cpio/CpioArchiveEntry.java:366:13: critical: org.apache.commons.compress.archivers.cpio.CpioArchiveEntry.setDevice: uncaught java.lang.UnsupportedOperationException
src/main/java/org/apache/commons/compress/archivers/sevenz/StreamMap.java: org.apache.commons.compress.archivers.sevenz.StreamMap.toString: computing test cases
src/main/java/org/apache/commons/compress/archivers/sevenz/StreamMap.java: org.apache.commons.compress.archivers.sevenz.StreamMap.toString: computed 5 unit tests
src/main/java/org/apache/commons/compress/archivers/sevenz/StreamMap.java: org.apache.commons.compress.archivers.sevenz.StreamMap.toString: found 4 problems
src/main/java/org/apache/commons/compress/archivers/sevenz/StreamMap.java:33:47: critical: org.apache.commons.compress.archivers.sevenz.StreamMap.toString: uncaught java.lang.NullPointerException
src/main/java/org/apache/commons/compress/archivers/sevenz/StreamMap.java:34:41: critical: org.apache.commons.compress.archivers.sevenz.StreamMap.toString: uncaught java.lang.NullPointerException
src/main/java/org/apache/commons/compress/archivers/sevenz/StreamMap.java:35:36: critical: org.apache.commons.compress.archivers.sevenz.StreamMap.toString: uncaught java.lang.NullPointerException
src/main/java/org/apache/commons/compress/archivers/sevenz/StreamMap.java:36:40: critical: org.apache.commons.compress.archivers.sevenz.StreamMap.toString: uncaught java.lang.NullPointerException
src/main/java/org/apache/commons/compress/archivers/sevenz/Folder.java: org.apache.commons.compress.archivers.sevenz.Folder.findBindPairForOutStream: computing test cases
src/main/java/org/apache/commons/compress/archivers/sevenz/Folder.java: org.apache.commons.compress.archivers.sevenz.Folder.findBindPairForOutStream: computed 5 unit tests
src/main/java/org/apache/commons/compress/archivers/sevenz/Folder.java: org.apache.commons.compress.archivers.sevenz.Folder.findBindPairForOutStream: found 2 problems
src/main/java/org/apache/commons/compress/archivers/sevenz/Folder.java:75:29: critical: org.apache.commons.compress.archivers.sevenz.Folder.findBindPairForOutStream: uncaught java.lang.NullPointerException
src/main/java/org/apache/commons/compress/archivers/sevenz/Folder.java:76:17: critical: org.apache.commons.compress.archivers.sevenz.Folder.findBindPairForOutStream: uncaught java.lang.NullPointerException
src/main/java/org/apache/commons/compress/archivers/sevenz/Folder.java: org.apache.commons.compress.archivers.sevenz.Folder.getUnpackSize: computing test cases
src/main/java/org/apache/commons/compress/archivers/sevenz/Folder.java: org.apache.commons.compress.archivers.sevenz.Folder.getUnpackSize: computed 13 unit tests
src/main/java/org/apache/commons/compress/archivers/sevenz/Folder.java: org.apache.commons.compress.archivers.sevenz.Folder.getUnpackSize: found 12 problems
src/main/java/org/apache/commons/compress/archivers/sevenz/Folder.java:89:24: critical: org.apache.commons.compress.archivers.sevenz.Folder.getUnpackSize: uncaught ArrayIndexOutOfBoundsException
src/main/java/org/apache/commons/compress/archivers/sevenz/Folder.java:87:22: critical: org.apache.commons.compress.archivers.sevenz.Folder.getUnpackSize: uncaught ArithmeticException: integer overflow
		at java.lang.Math.subtractExact
src/main/java/org/apache/commons/compress/archivers/sevenz/Folder.java:89:24: critical: org.apache.commons.compress.archivers.sevenz.Folder.getUnpackSize: uncaught ArrayIndexOutOfBoundsException
src/main/java/org/apache/commons/compress/archivers/sevenz/Folder.java:75:29: critical: org.apache.commons.compress.archivers.sevenz.Folder.getUnpackSize: uncaught java.lang.NullPointerException
src/main/java/org/apache/commons/compress/archivers/sevenz/Folder.java:87:22: critical: org.apache.commons.compress.archivers.sevenz.Folder.getUnpackSize: uncaught ArithmeticException: integer overflow
		at java.lang.Math.subtractExact
src/main/java/org/apache/commons/compress/archivers/sevenz/Folder.java:75:29: critical: org.apache.commons.compress.archivers.sevenz.Folder.getUnpackSize: uncaught java.lang.NullPointerException
src/main/java/org/apache/commons/compress/archivers/sevenz/Folder.java:89:24: critical: org.apache.commons.compress.archivers.sevenz.Folder.getUnpackSize: uncaught java.lang.NullPointerException
src/main/java/org/apache/commons/compress/archivers/sevenz/Folder.java:87:22: critical: org.apache.commons.compress.archivers.sevenz.Folder.getUnpackSize: uncaught ArithmeticException: integer overflow
		at java.lang.Math.subtractExact
src/main/java/org/apache/commons/compress/archivers/sevenz/Folder.java:89:24: critical: org.apache.commons.compress.archivers.sevenz.Folder.getUnpackSize: uncaught java.lang.NullPointerException
src/main/java/org/apache/commons/compress/archivers/sevenz/Folder.java:76:17: critical: org.apache.commons.compress.archivers.sevenz.Folder.getUnpackSize: uncaught java.lang.NullPointerException
src/main/java/org/apache/commons/compress/archivers/sevenz/Folder.java:87:22: critical: org.apache.commons.compress.archivers.sevenz.Folder.getUnpackSize: uncaught ArithmeticException: integer overflow
		at java.lang.Math.subtractExact
src/main/java/org/apache/commons/compress/archivers/sevenz/Folder.java:76:17: critical: org.apache.commons.compress.archivers.sevenz.Folder.getUnpackSize: uncaught java.lang.NullPointerException
src/main/java/org/apache/commons/compress/archivers/sevenz/Folder.java: org.apache.commons.compress.archivers.sevenz.Folder.getUnpackSizeForCoder: computing test cases
src/main/java/org/apache/commons/compress/archivers/sevenz/Folder.java: org.apache.commons.compress.archivers.sevenz.Folder.getUnpackSizeForCoder: computed 6 unit tests
src/main/java/org/apache/commons/compress/archivers/sevenz/Folder.java: org.apache.commons.compress.archivers.sevenz.Folder.getUnpackSizeForCoder: found 2 problems
src/main/java/org/apache/commons/compress/archivers/sevenz/Folder.java:99:28: critical: org.apache.commons.compress.archivers.sevenz.Folder.getUnpackSizeForCoder: uncaught ArrayIndexOutOfBoundsException
src/main/java/org/apache/commons/compress/archivers/sevenz/Folder.java:99:28: critical: org.apache.commons.compress.archivers.sevenz.Folder.getUnpackSizeForCoder: uncaught java.lang.NullPointerException
src/main/java/org/apache/commons/compress/archivers/sevenz/Folder.java: org.apache.commons.compress.archivers.sevenz.Folder.toString: computing test cases
src/main/java/org/apache/commons/compress/archivers/sevenz/Folder.java: org.apache.commons.compress.archivers.sevenz.Folder.toString: computed 5 unit tests
src/main/java/org/apache/commons/compress/archivers/sevenz/Folder.java: org.apache.commons.compress.archivers.sevenz.Folder.toString: found 5 problems
src/main/java/org/apache/commons/compress/archivers/sevenz/Folder.java: info: org.apache.commons.compress.archivers.sevenz.Folder.toString: solver timed out
	data: ExecutionResult{ExitStatus:-1, ResourceUsage{WallTime:10.002256157s, CPUTimeUser:9.972387s, CPUTimeSystem:28.012ms, MemoryUsage:204788}}
src/main/java/org/apache/commons/compress/archivers/sevenz/Folder.java:108:33: critical: org.apache.commons.compress.archivers.sevenz.Folder.toString: uncaught java.lang.NullPointerException
src/main/java/org/apache/commons/compress/archivers/sevenz/Folder.java:110:15: critical: org.apache.commons.compress.archivers.sevenz.Folder.toString: uncaught java.lang.NullPointerException
src/main/java/org/apache/commons/compress/archivers/sevenz/Folder.java:110:52: critical: org.apache.commons.compress.archivers.sevenz.Folder.toString: uncaught java.lang.NullPointerException
src/main/java/org/apache/commons/compress/archivers/sevenz/Folder.java:111:37: critical: org.apache.commons.compress.archivers.sevenz.Folder.toString: uncaught java.lang.NullPointerException
src/main/java/org/apache/commons/compress/archivers/sevenz/Folder.java: org.apache.commons.compress.archivers.sevenz.Folder.findBindPairForInStream: computing test cases
src/main/java/org/apache/commons/compress/archivers/sevenz/Folder.java: org.apache.commons.compress.archivers.sevenz.Folder.findBindPairForInStream: computed 5 unit tests
src/main/java/org/apache/commons/compress/archivers/sevenz/Folder.java: org.apache.commons.compress.archivers.sevenz.Folder.findBindPairForInStream: found 2 problems
src/main/java/org/apache/commons/compress/archivers/sevenz/Folder.java:66:29: critical: org.apache.commons.compress.archivers.sevenz.Folder.findBindPairForInStream: uncaught java.lang.NullPointerException
src/main/java/org/apache/commons/compress/archivers/sevenz/Folder.java:67:17: critical: org.apache.commons.compress.archivers.sevenz.Folder.findBindPairForInStream: uncaught java.lang.NullPointerException
src/main/java/org/apache/commons/compress/archivers/sevenz/Folder.java: org.apache.commons.compress.archivers.sevenz.Folder.getOrderedCoders: computing test cases
src/main/java/org/apache/commons/compress/archivers/sevenz/Folder.java: org.apache.commons.compress.archivers.sevenz.Folder.getOrderedCoders: computed 0 unit tests
src/main/java/org/apache/commons/compress/archivers/zip/ZipArchiveEntryPredicate.java: org.apache.commons.compress.archivers.zip.ZipArchiveEntryPredicate.test: computing test cases
src/main/java/org/apache/commons/compress/archivers/zip/ZipArchiveEntryPredicate.java: org.apache.commons.compress.archivers.zip.ZipArchiveEntryPredicate.test: function is abstract and therefore inaccessible for tests
src/main/java/org/apache/commons/compress/archivers/zip/StreamCompressor.java: org.apache.commons.compress.archivers.zip.StreamCompressor.create: computing test cases
src/main/java/org/apache/commons/compress/archivers/zip/StreamCompressor.java: org.apache.commons.compress.archivers.zip.StreamCompressor.create: found 1 problems
src/main/java/org/apache/commons/compress/archivers/zip/StreamCompressor.java: internal error: org.apache.commons.compress.archivers.zip.StreamCompressor.create: unknown type kind
	data: unsupported(java/util/zip/Deflater)
src/main/java/org/apache/commons/compress/archivers/zip/StreamCompressor.java: org.apache.commons.compress.archivers.zip.StreamCompressor.StreamCompressor: computing test cases
src/main/java/org/apache/commons/compress/archivers/zip/StreamCompressor.java: org.apache.commons.compress.archivers.zip.StreamCompressor.StreamCompressor: computed 0 unit tests
src/main/java/org/apache/commons/compress/archivers/zip/StreamCompressor.java: org.apache.commons.compress.archivers.zip.StreamCompressor.create: computing test cases
src/main/java/org/apache/commons/compress/archivers/zip/StreamCompressor.java: org.apache.commons.compress.archivers.zip.StreamCompressor.create: found 1 problems
src/main/java/org/apache/commons/compress/archivers/zip/StreamCompressor.java: internal error: org.apache.commons.compress.archivers.zip.StreamCompressor.create: unknown type kind
	data: unsupported(java/util/zip/Deflater)
src/main/java/org/apache/commons/compress/archivers/zip/StreamCompressor.java: org.apache.commons.compress.archivers.zip.StreamCompressor.writeOut: computing test cases
src/main/java/org/apache/commons/compress/archivers/zip/StreamCompressor.java: org.apache.commons.compress.archivers.zip.StreamCompressor.writeOut: function is abstract and therefore inaccessible for tests
src/main/java/org/apache/commons/compress/archivers/zip/StreamCompressor.java: org.apache.commons.compress.archivers.zip.StreamCompressor.close: computing test cases
src/main/java/org/apache/commons/compress/archivers/zip/StreamCompressor.java: org.apache.commons.compress.archivers.zip.StreamCompressor.close: computed 0 unit tests
src/main/java/org/apache/commons/compress/archivers/zip/StreamCompressor.java: org.apache.commons.compress.archivers.zip.StreamCompressor.writeCounted: computing test cases
src/main/java/org/apache/commons/compress/archivers/zip/StreamCompressor.java: org.apache.commons.compress.archivers.zip.StreamCompressor.writeCounted: computed 0 unit tests
src/main/java/org/apache/commons/compress/archivers/zip/StreamCompressor.java: org.apache.commons.compress.archivers.zip.StreamCompressor.deflate: computing test cases
src/main/java/org/apache/commons/compress/archivers/zip/StreamCompressor.java: org.apache.commons.compress.archivers.zip.StreamCompressor.deflate: computed 0 unit tests
src/main/java/org/apache/commons/compress/archivers/zip/StreamCompressor.java: org.apache.commons.compress.archivers.zip.StreamCompressor.write: computing test cases
src/main/java/org/apache/commons/compress/archivers/zip/StreamCompressor.java: org.apache.commons.compress.archivers.zip.StreamCompressor.write: computed 0 unit tests
src/main/java/org/apache/commons/compress/archivers/zip/StreamCompressor.java: org.apache.commons.compress.archivers.zip.StreamCompressor.getBytesRead: computing test cases
src/main/java/org/apache/commons/compress/archivers/zip/StreamCompressor.java: org.apache.commons.compress.archivers.zip.StreamCompressor.getBytesRead: computed 0 unit tests
src/main/java/org/apache/commons/compress/archivers/zip/StreamCompressor.java: org.apache.commons.compress.archivers.zip.StreamCompressor.deflate: computing test cases
src/main/java/org/apache/commons/compress/archivers/zip/StreamCompressor.java: org.apache.commons.compress.archivers.zip.StreamCompressor.deflate: computed 0 unit tests
src/main/java/org/apache/commons/compress/archivers/zip/StreamCompressor.java: org.apache.commons.compress.archivers.zip.StreamCompressor.create: computing test cases
src/main/java/org/apache/commons/compress/archivers/zip/StreamCompressor.java: org.apache.commons.compress.archivers.zip.StreamCompressor.create: found 1 problems
src/main/java/org/apache/commons/compress/archivers/zip/StreamCompressor.java: internal error: org.apache.commons.compress.archivers.zip.StreamCompressor.create: unknown type kind
	data: unsupported(java/util/zip/Deflater)
src/main/java/org/apache/commons/compress/archivers/zip/StreamCompressor.java: org.apache.commons.compress.archivers.zip.StreamCompressor.getBytesWrittenForLastEntry: computing test cases
src/main/java/org/apache/commons/compress/archivers/zip/StreamCompressor.java: org.apache.commons.compress.archivers.zip.StreamCompressor.getBytesWrittenForLastEntry: computed 0 unit tests
src/main/java/org/apache/commons/compress/archivers/zip/StreamCompressor.java: org.apache.commons.compress.archivers.zip.StreamCompressor.reset: computing test cases
src/main/java/org/apache/commons/compress/archivers/zip/StreamCompressor.java: org.apache.commons.compress.archivers.zip.StreamCompressor.reset: computed 0 unit tests
src/main/java/org/apache/commons/compress/archivers/zip/StreamCompressor.java: org.apache.commons.compress.archivers.zip.StreamCompressor.create: computing test cases
src/main/java/org/apache/commons/compress/archivers/zip/StreamCompressor.java: org.apache.commons.compress.archivers.zip.StreamCompressor.create: found 1 problems
src/main/java/org/apache/commons/compress/archivers/zip/StreamCompressor.java: internal error: org.apache.commons.compress.archivers.zip.StreamCompressor.create: unknown type kind
	data: unsupported(java/util/zip/Deflater)
src/main/java/org/apache/commons/compress/archivers/zip/StreamCompressor.java: org.apache.commons.compress.archivers.zip.StreamCompressor.getCrc32: computing test cases
src/main/java/org/apache/commons/compress/archivers/zip/StreamCompressor.java: org.apache.commons.compress.archivers.zip.StreamCompressor.getCrc32: computed 0 unit tests
src/main/java/org/apache/commons/compress/archivers/zip/StreamCompressor.java: org.apache.commons.compress.archivers.zip.StreamCompressor.flushDeflater: computing test cases
src/main/java/org/apache/commons/compress/archivers/zip/StreamCompressor.java: org.apache.commons.compress.archivers.zip.StreamCompressor.flushDeflater: computed 0 unit tests
src/main/java/org/apache/commons/compress/archivers/zip/StreamCompressor.java: org.apache.commons.compress.archivers.zip.StreamCompressor.create: computing test cases
src/main/java/org/apache/commons/compress/archivers/zip/StreamCompressor.java: org.apache.commons.compress.archivers.zip.StreamCompressor.create: found 1 problems
src/main/java/org/apache/commons/compress/archivers/zip/StreamCompressor.java: internal error: org.apache.commons.compress.archivers.zip.StreamCompressor.create: unknown type kind
	data: unsupported(java/util/zip/Deflater)
src/main/java/org/apache/commons/compress/archivers/zip/StreamCompressor.java: org.apache.commons.compress.archivers.zip.StreamCompressor.getTotalBytesWritten: computing test cases
src/main/java/org/apache/commons/compress/archivers/zip/StreamCompressor.java: org.apache.commons.compress.archivers.zip.StreamCompressor.getTotalBytesWritten: computed 0 unit tests
src/main/java/org/apache/commons/compress/archivers/zip/StreamCompressor.java: org.apache.commons.compress.archivers.zip.StreamCompressor.writeCounted: computing test cases
src/main/java/org/apache/commons/compress/archivers/zip/StreamCompressor.java: org.apache.commons.compress.archivers.zip.StreamCompressor.writeCounted: computed 0 unit tests
src/main/java/org/apache/commons/compress/archivers/cpio/CpioUtil.java: org.apache.commons.compress.archivers.cpio.CpioUtil.byteArray2long: computing test cases
src/main/java/org/apache/commons/compress/archivers/cpio/CpioUtil.java: org.apache.commons.compress.archivers.cpio.CpioUtil.byteArray2long: computed 2 unit tests
src/main/java/org/apache/commons/compress/archivers/cpio/CpioUtil.java: org.apache.commons.compress.archivers.cpio.CpioUtil.byteArray2long: found 2 problems
src/main/java/org/apache/commons/compress/archivers/cpio/CpioUtil.java:47:13: critical: org.apache.commons.compress.archivers.cpio.CpioUtil.byteArray2long: uncaught java.lang.NullPointerException
src/main/java/org/apache/commons/compress/archivers/cpio/CpioUtil.java:48:13: critical: org.apache.commons.compress.archivers.cpio.CpioUtil.byteArray2long: uncaught java.lang.UnsupportedOperationException
src/main/java/org/apache/commons/compress/archivers/cpio/CpioUtil.java: org.apache.commons.compress.archivers.cpio.CpioUtil.fileType: computing test cases
src/main/java/org/apache/commons/compress/archivers/cpio/CpioUtil.java: org.apache.commons.compress.archivers.cpio.CpioUtil.fileType: computed 1 unit tests
src/main/java/org/apache/commons/compress/archivers/cpio/CpioUtil.java: org.apache.commons.compress.archivers.cpio.CpioUtil.fileType: found 0 problems
src/main/java/org/apache/commons/compress/archivers/cpio/CpioUtil.java: org.apache.commons.compress.archivers.cpio.CpioUtil.long2byteArray: computing test cases
src/main/java/org/apache/commons/compress/archivers/cpio/CpioUtil.java: org.apache.commons.compress.archivers.cpio.CpioUtil.long2byteArray: computed 5 unit tests
src/main/java/org/apache/commons/compress/archivers/cpio/CpioUtil.java: org.apache.commons.compress.archivers.cpio.CpioUtil.long2byteArray: found 3 problems
src/main/java/org/apache/commons/compress/archivers/cpio/CpioUtil.java:89:22: critical: org.apache.commons.compress.archivers.cpio.CpioUtil.long2byteArray: uncaught NegativeArraySizeException
src/main/java/org/apache/commons/compress/archivers/cpio/CpioUtil.java:94:13: critical: org.apache.commons.compress.archivers.cpio.CpioUtil.long2byteArray: uncaught java.lang.UnsupportedOperationException
src/main/java/org/apache/commons/compress/archivers/cpio/CpioUtil.java:94:13: critical: org.apache.commons.compress.archivers.cpio.CpioUtil.long2byteArray: uncaught java.lang.UnsupportedOperationException
src/main/java/org/apache/commons/compress/archivers/zip/ZipShort.java: org.apache.commons.compress.archivers.zip.ZipShort.clone: computing test cases
src/main/java/org/apache/commons/compress/archivers/zip/ZipShort.java: org.apache.commons.compress.archivers.zip.ZipShort.clone: computed 0 unit tests
src/main/java/org/apache/commons/compress/archivers/zip/ZipShort.java: org.apache.commons.compress.archivers.zip.ZipShort.clone: found 0 problems
src/main/java/org/apache/commons/compress/archivers/zip/ZipShort.java: org.apache.commons.compress.archivers.zip.ZipShort.ZipShort: computing test cases
src/main/java/org/apache/commons/compress/archivers/zip/ZipShort.java: org.apache.commons.compress.archivers.zip.ZipShort.ZipShort: computed 6 unit tests
src/main/java/org/apache/commons/compress/archivers/zip/ZipShort.java: org.apache.commons.compress.archivers.zip.ZipShort.ZipShort: found 7 problems
src/main/java/org/apache/commons/compress/archivers/zip/ZipShort.java:112:22: critical: org.apache.commons.compress.archivers.zip.ZipShort.ZipShort: uncaught ArrayIndexOutOfBoundsException
src/main/java/org/apache/commons/compress/archivers/zip/ZipShort.java:113:19: critical: org.apache.commons.compress.archivers.zip.ZipShort.ZipShort: uncaught ArrayIndexOutOfBoundsException
src/main/java/org/apache/commons/compress/archivers/zip/ZipShort.java:112:28: critical: org.apache.commons.compress.archivers.zip.ZipShort.ZipShort: uncaught ArithmeticException: integer overflow
		at java.lang.Math.addExact
src/main/java/org/apache/commons/compress/archivers/zip/ZipShort.java:112:22: critical: org.apache.commons.compress.archivers.zip.ZipShort.ZipShort: uncaught ArrayIndexOutOfBoundsException
src/main/java/org/apache/commons/compress/archivers/zip/ZipShort.java:112:22: critical: org.apache.commons.compress.archivers.zip.ZipShort.ZipShort: uncaught java.lang.NullPointerException
src/main/java/org/apache/commons/compress/archivers/zip/ZipShort.java:112:28: critical: org.apache.commons.compress.archivers.zip.ZipShort.ZipShort: uncaught ArithmeticException: integer overflow
		at java.lang.Math.addExact
src/main/java/org/apache/commons/compress/archivers/zip/ZipShort.java:112:22: critical: org.apache.commons.compress.archivers.zip.ZipShort.ZipShort: uncaught java.lang.NullPointerException
src/main/java/org/apache/commons/compress/archivers/zip/ZipShort.java: org.apache.commons.compress.archivers.zip.ZipShort.ZipShort: computing test cases
src/main/java/org/apache/commons/compress/archivers/zip/ZipShort.java: org.apache.commons.compress.archivers.zip.ZipShort.ZipShort: computed 3 unit tests
src/main/java/org/apache/commons/compress/archivers/zip/ZipShort.java: org.apache.commons.compress.archivers.zip.ZipShort.ZipShort: found 2 problems
src/main/java/org/apache/commons/compress/archivers/zip/ZipShort.java:112:22: critical: org.apache.commons.compress.archivers.zip.ZipShort.ZipShort: uncaught ArrayIndexOutOfBoundsException
src/main/java/org/apache/commons/compress/archivers/zip/ZipShort.java:112:22: critical: org.apache.commons.compress.archivers.zip.ZipShort.ZipShort: uncaught java.lang.NullPointerException
src/main/java/org/apache/commons/compress/archivers/zip/ZipShort.java: org.apache.commons.compress.archivers.zip.ZipShort.toString: computing test cases
src/main/java/org/apache/commons/compress/archivers/zip/ZipShort.java: org.apache.commons.compress.archivers.zip.ZipShort.toString: computed 1 unit tests
src/main/java/org/apache/commons/compress/archivers/zip/ZipShort.java: org.apache.commons.compress.archivers.zip.ZipShort.toString: found 0 problems
src/main/java/org/apache/commons/compress/archivers/zip/ZipShort.java: org.apache.commons.compress.archivers.zip.ZipShort.equals: computing test cases
src/main/java/org/apache/commons/compress/archivers/zip/ZipShort.java: org.apache.commons.compress.archivers.zip.ZipShort.equals: computed 4 unit tests
src/main/java/org/apache/commons/compress/archivers/zip/ZipShort.java: org.apache.commons.compress.archivers.zip.ZipShort.equals: found 0 problems
src/main/java/org/apache/commons/compress/archivers/zip/ZipShort.java: org.apache.commons.compress.archivers.zip.ZipShort.getBytes: computing test cases
src/main/java/org/apache/commons/compress/archivers/zip/ZipShort.java: org.apache.commons.compress.archivers.zip.ZipShort.getBytes: computed 1 unit tests
src/main/java/org/apache/commons/compress/archivers/zip/ZipShort.java: org.apache.commons.compress.archivers.zip.ZipShort.getBytes: found 0 problems
src/main/java/org/apache/commons/compress/archivers/zip/ZipShort.java: org.apache.commons.compress.archivers.zip.ZipShort.getBytes: computing test cases
src/main/java/org/apache/commons/compress/archivers/zip/ZipShort.java: org.apache.commons.compress.archivers.zip.ZipShort.getBytes: computed 1 unit tests
src/main/java/org/apache/commons/compress/archivers/zip/ZipShort.java: org.apache.commons.compress.archivers.zip.ZipShort.getBytes: found 0 problems
src/main/java/org/apache/commons/compress/archivers/zip/ZipShort.java: org.apache.commons.compress.archivers.zip.ZipShort.putShort: computing test cases
src/main/java/org/apache/commons/compress/archivers/zip/ZipShort.java: org.apache.commons.compress.archivers.zip.ZipShort.putShort: computed 4 unit tests
src/main/java/org/apache/commons/compress/archivers/zip/ZipShort.java: org.apache.commons.compress.archivers.zip.ZipShort.putShort: found 3 problems
src/main/java/org/apache/commons/compress/archivers/zip/ZipShort.java:101:9: critical: org.apache.commons.compress.archivers.zip.ZipShort.putShort: uncaught ArrayIndexOutOfBoundsException
src/main/java/org/apache/commons/compress/archivers/zip/ZipShort.java:102:9: critical: org.apache.commons.compress.archivers.zip.ZipShort.putShort: uncaught ArrayIndexOutOfBoundsException
src/main/java/org/apache/commons/compress/archivers/zip/ZipShort.java:101:9: critical: org.apache.commons.compress.archivers.zip.ZipShort.putShort: uncaught java.lang.NullPointerException
src/main/java/org/apache/commons/compress/archivers/zip/ZipShort.java: org.apache.commons.compress.archivers.zip.ZipShort.getValue: computing test cases
src/main/java/org/apache/commons/compress/archivers/zip/ZipShort.java: org.apache.commons.compress.archivers.zip.ZipShort.getValue: computed 6 unit tests
src/main/java/org/apache/commons/compress/archivers/zip/ZipShort.java: org.apache.commons.compress.archivers.zip.ZipShort.getValue: found 7 problems
src/main/java/org/apache/commons/compress/archivers/zip/ZipShort.java:112:22: critical: org.apache.commons.compress.archivers.zip.ZipShort.getValue: uncaught ArrayIndexOutOfBoundsException
src/main/java/org/apache/commons/compress/archivers/zip/ZipShort.java:113:19: critical: org.apache.commons.compress.archivers.zip.ZipShort.getValue: uncaught ArrayIndexOutOfBoundsException
src/main/java/org/apache/commons/compress/archivers/zip/ZipShort.java:112:28: critical: org.apache.commons.compress.archivers.zip.ZipShort.getValue: uncaught ArithmeticException: integer overflow
		at java.lang.Math.addExact
src/main/java/org/apache/commons/compress/archivers/zip/ZipShort.java:112:22: critical: org.apache.commons.compress.archivers.zip.ZipShort.getValue: uncaught ArrayIndexOutOfBoundsException
src/main/java/org/apache/commons/compress/archivers/zip/ZipShort.java:112:22: critical: org.apache.commons.compress.archivers.zip.ZipShort.getValue: uncaught java.lang.NullPointerException
src/main/java/org/apache/commons/compress/archivers/zip/ZipShort.java:112:28: critical: org.apache.commons.compress.archivers.zip.ZipShort.getValue: uncaught ArithmeticException: integer overflow
		at java.lang.Math.addExact
src/main/java/org/apache/commons/compress/archivers/zip/ZipShort.java:112:22: critical: org.apache.commons.compress.archivers.zip.ZipShort.getValue: uncaught java.lang.NullPointerException
src/main/java/org/apache/commons/compress/archivers/zip/ZipShort.java: org.apache.commons.compress.archivers.zip.ZipShort.getValue: computing test cases
src/main/java/org/apache/commons/compress/archivers/zip/ZipShort.java: org.apache.commons.compress.archivers.zip.ZipShort.getValue: computed 1 unit tests
src/main/java/org/apache/commons/compress/archivers/zip/ZipShort.java: org.apache.commons.compress.archivers.zip.ZipShort.getValue: found 0 problems
src/main/java/org/apache/commons/compress/archivers/zip/ZipShort.java: org.apache.commons.compress.archivers.zip.ZipShort.ZipShort: computing test cases
src/main/java/org/apache/commons/compress/archivers/zip/ZipShort.java: org.apache.commons.compress.archivers.zip.ZipShort.ZipShort: computed 1 unit tests
src/main/java/org/apache/commons/compress/archivers/zip/ZipShort.java: org.apache.commons.compress.archivers.zip.ZipShort.ZipShort: found 0 problems
src/main/java/org/apache/commons/compress/archivers/zip/ZipShort.java: org.apache.commons.compress.archivers.zip.ZipShort.getValue: computing test cases
src/main/java/org/apache/commons/compress/archivers/zip/ZipShort.java: org.apache.commons.compress.archivers.zip.ZipShort.getValue: computed 3 unit tests
src/main/java/org/apache/commons/compress/archivers/zip/ZipShort.java: org.apache.commons.compress.archivers.zip.ZipShort.getValue: found 2 problems
src/main/java/org/apache/commons/compress/archivers/zip/ZipShort.java:112:22: critical: org.apache.commons.compress.archivers.zip.ZipShort.getValue: uncaught ArrayIndexOutOfBoundsException
src/main/java/org/apache/commons/compress/archivers/zip/ZipShort.java:112:22: critical: org.apache.commons.compress.archivers.zip.ZipShort.getValue: uncaught java.lang.NullPointerException
src/main/java/org/apache/commons/compress/archivers/zip/ZipShort.java: org.apache.commons.compress.archivers.zip.ZipShort.hashCode: computing test cases
src/main/java/org/apache/commons/compress/archivers/zip/ZipShort.java: org.apache.commons.compress.archivers.zip.ZipShort.hashCode: computed 1 unit tests
src/main/java/org/apache/commons/compress/archivers/zip/ZipShort.java: org.apache.commons.compress.archivers.zip.ZipShort.hashCode: found 0 problems
src/main/java/org/apache/commons/compress/archivers/dump/DumpArchiveException.java: org.apache.commons.compress.archivers.dump.DumpArchiveException.DumpArchiveException: computing test cases
src/main/java/org/apache/commons/compress/archivers/dump/DumpArchiveException.java: org.apache.commons.compress.archivers.dump.DumpArchiveException.DumpArchiveException: computed 0 unit tests
src/main/java/org/apache/commons/compress/archivers/dump/DumpArchiveException.java: org.apache.commons.compress.archivers.dump.DumpArchiveException.DumpArchiveException: found 0 problems
src/main/java/org/apache/commons/compress/archivers/dump/DumpArchiveException.java: org.apache.commons.compress.archivers.dump.DumpArchiveException.DumpArchiveException: computing test cases
src/main/java/org/apache/commons/compress/archivers/dump/DumpArchiveException.java: org.apache.commons.compress.archivers.dump.DumpArchiveException.DumpArchiveException: computed 0 unit tests
src/main/java/org/apache/commons/compress/archivers/dump/DumpArchiveException.java: org.apache.commons.compress.archivers.dump.DumpArchiveException.DumpArchiveException: found 0 problems
src/main/java/org/apache/commons/compress/archivers/dump/DumpArchiveException.java: org.apache.commons.compress.archivers.dump.DumpArchiveException.DumpArchiveException: computing test cases
src/main/java/org/apache/commons/compress/archivers/dump/DumpArchiveException.java: org.apache.commons.compress.archivers.dump.DumpArchiveException.DumpArchiveException: computed 1 unit tests
src/main/java/org/apache/commons/compress/archivers/dump/DumpArchiveException.java: org.apache.commons.compress.archivers.dump.DumpArchiveException.DumpArchiveException: found 0 problems
src/main/java/org/apache/commons/compress/archivers/dump/DumpArchiveException.java: org.apache.commons.compress.archivers.dump.DumpArchiveException.DumpArchiveException: computing test cases
src/main/java/org/apache/commons/compress/archivers/dump/DumpArchiveException.java: org.apache.commons.compress.archivers.dump.DumpArchiveException.DumpArchiveException: computed 1 unit tests
src/main/java/org/apache/commons/compress/archivers/dump/DumpArchiveException.java: org.apache.commons.compress.archivers.dump.DumpArchiveException.DumpArchiveException: found 0 problems
src/main/java/org/apache/commons/compress/archivers/zip/X7875_NewUnix.java: org.apache.commons.compress.archivers.zip.X7875_NewUnix.getGID: computing test cases
src/main/java/org/apache/commons/compress/archivers/zip/X7875_NewUnix.java: org.apache.commons.compress.archivers.zip.X7875_NewUnix.getGID: found 1 problems
src/main/java/org/apache/commons/compress/archivers/zip/X7875_NewUnix.java: internal error: org.apache.commons.compress.archivers.zip.X7875_NewUnix.getGID: unknown type kind
	data: unsupported(java/math/BigInteger)
src/main/java/org/apache/commons/compress/archivers/zip/X7875_NewUnix.java: org.apache.commons.compress.archivers.zip.X7875_NewUnix.trimLeadingZeroesForceMinLength: computing test cases
src/main/java/org/apache/commons/compress/archivers/zip/X7875_NewUnix.java: org.apache.commons.compress.archivers.zip.X7875_NewUnix.trimLeadingZeroesForceMinLength: computed 0 unit tests
src/main/java/org/apache/commons/compress/archivers/zip/X7875_NewUnix.java: org.apache.commons.compress.archivers.zip.X7875_NewUnix.trimLeadingZeroesForceMinLength: found 0 problems
src/main/java/org/apache/commons/compress/archivers/zip/X7875_NewUnix.java: org.apache.commons.compress.archivers.zip.X7875_NewUnix.getLocalFileDataData: computing test cases
src/main/java/org/apache/commons/compress/archivers/zip/X7875_NewUnix.java: org.apache.commons.compress.archivers.zip.X7875_NewUnix.getLocalFileDataData: found 1 problems
src/main/java/org/apache/commons/compress/archivers/zip/X7875_NewUnix.java: internal error: org.apache.commons.compress.archivers.zip.X7875_NewUnix.getLocalFileDataData: unknown type kind
	data: unsupported(java/math/BigInteger)
src/main/java/org/apache/commons/compress/archivers/zip/X7875_NewUnix.java: org.apache.commons.compress.archivers.zip.X7875_NewUnix.toString: computing test cases
src/main/java/org/apache/commons/compress/archivers/zip/X7875_NewUnix.java: org.apache.commons.compress.archivers.zip.X7875_NewUnix.toString: found 1 problems
src/main/java/org/apache/commons/compress/archivers/zip/X7875_NewUnix.java: internal error: org.apache.commons.compress.archivers.zip.X7875_NewUnix.toString: unknown type kind
	data: unsupported(java/math/BigInteger)
src/main/java/org/apache/commons/compress/archivers/zip/X7875_NewUnix.java: org.apache.commons.compress.archivers.zip.X7875_NewUnix.parseFromCentralDirectoryData: computing test cases
src/main/java/org/apache/commons/compress/archivers/zip/X7875_NewUnix.java: org.apache.commons.compress.archivers.zip.X7875_NewUnix.parseFromCentralDirectoryData: found 1 problems
src/main/java/org/apache/commons/compress/archivers/zip/X7875_NewUnix.java: internal error: org.apache.commons.compress.archivers.zip.X7875_NewUnix.parseFromCentralDirectoryData: unknown type kind
	data: unsupported(java/math/BigInteger)
src/main/java/org/apache/commons/compress/archivers/zip/X7875_NewUnix.java: org.apache.commons.compress.archivers.zip.X7875_NewUnix.setUID: computing test cases
src/main/java/org/apache/commons/compress/archivers/zip/X7875_NewUnix.java: org.apache.commons.compress.archivers.zip.X7875_NewUnix.setUID: found 1 problems
src/main/java/org/apache/commons/compress/archivers/zip/X7875_NewUnix.java: internal error: org.apache.commons.compress.archivers.zip.X7875_NewUnix.setUID: unknown type kind
	data: unsupported(java/math/BigInteger)
src/main/java/org/apache/commons/compress/archivers/zip/X7875_NewUnix.java: org.apache.commons.compress.archivers.zip.X7875_NewUnix.getCentralDirectoryData: computing test cases
src/main/java/org/apache/commons/compress/archivers/zip/X7875_NewUnix.java: org.apache.commons.compress.archivers.zip.X7875_NewUnix.getCentralDirectoryData: found 1 problems
src/main/java/org/apache/commons/compress/archivers/zip/X7875_NewUnix.java: internal error: org.apache.commons.compress.archivers.zip.X7875_NewUnix.getCentralDirectoryData: unknown type kind
	data: unsupported(java/math/BigInteger)
src/main/java/org/apache/commons/compress/archivers/zip/X7875_NewUnix.java: org.apache.commons.compress.archivers.zip.X7875_NewUnix.equals: computing test cases
src/main/java/org/apache/commons/compress/archivers/zip/X7875_NewUnix.java: org.apache.commons.compress.archivers.zip.X7875_NewUnix.equals: found 1 problems
src/main/java/org/apache/commons/compress/archivers/zip/X7875_NewUnix.java: internal error: org.apache.commons.compress.archivers.zip.X7875_NewUnix.equals: unknown type kind
	data: unsupported(java/math/BigInteger)
src/main/java/org/apache/commons/compress/archivers/zip/X7875_NewUnix.java: org.apache.commons.compress.archivers.zip.X7875_NewUnix.parseFromLocalFileData: computing test cases
src/main/java/org/apache/commons/compress/archivers/zip/X7875_NewUnix.java: org.apache.commons.compress.archivers.zip.X7875_NewUnix.parseFromLocalFileData: found 1 problems
src/main/java/org/apache/commons/compress/archivers/zip/X7875_NewUnix.java: internal error: org.apache.commons.compress.archivers.zip.X7875_NewUnix.parseFromLocalFileData: unknown type kind
	data: unsupported(java/math/BigInteger)
src/main/java/org/apache/commons/compress/archivers/zip/X7875_NewUnix.java: org.apache.commons.compress.archivers.zip.X7875_NewUnix.setGID: computing test cases
src/main/java/org/apache/commons/compress/archivers/zip/X7875_NewUnix.java: org.apache.commons.compress.archivers.zip.X7875_NewUnix.setGID: found 1 problems
src/main/java/org/apache/commons/compress/archivers/zip/X7875_NewUnix.java: internal error: org.apache.commons.compress.archivers.zip.X7875_NewUnix.setGID: unknown type kind
	data: unsupported(java/math/BigInteger)
src/main/java/org/apache/commons/compress/archivers/zip/X7875_NewUnix.java: org.apache.commons.compress.archivers.zip.X7875_NewUnix.getHeaderId: computing test cases
src/main/java/org/apache/commons/compress/archivers/zip/X7875_NewUnix.java: org.apache.commons.compress.archivers.zip.X7875_NewUnix.getHeaderId: found 1 problems
src/main/java/org/apache/commons/compress/archivers/zip/X7875_NewUnix.java: internal error: org.apache.commons.compress.archivers.zip.X7875_NewUnix.getHeaderId: unknown type kind
	data: unsupported(java/math/BigInteger)
src/main/java/org/apache/commons/compress/archivers/zip/X7875_NewUnix.java: org.apache.commons.compress.archivers.zip.X7875_NewUnix.getUID: computing test cases
src/main/java/org/apache/commons/compress/archivers/zip/X7875_NewUnix.java: org.apache.commons.compress.archivers.zip.X7875_NewUnix.getUID: found 1 problems
src/main/java/org/apache/commons/compress/archivers/zip/X7875_NewUnix.java: internal error: org.apache.commons.compress.archivers.zip.X7875_NewUnix.getUID: unknown type kind
	data: unsupported(java/math/BigInteger)
src/main/java/org/apache/commons/compress/archivers/zip/X7875_NewUnix.java: org.apache.commons.compress.archivers.zip.X7875_NewUnix.X7875_NewUnix: computing test cases
src/main/java/org/apache/commons/compress/archivers/zip/X7875_NewUnix.java: org.apache.commons.compress.archivers.zip.X7875_NewUnix.X7875_NewUnix: found 1 problems
src/main/java/org/apache/commons/compress/archivers/zip/X7875_NewUnix.java: internal error: org.apache.commons.compress.archivers.zip.X7875_NewUnix.X7875_NewUnix: unknown type kind
	data: unsupported(java/math/BigInteger)
src/main/java/org/apache/commons/compress/archivers/zip/X7875_NewUnix.java: org.apache.commons.compress.archivers.zip.X7875_NewUnix.hashCode: computing test cases
src/main/java/org/apache/commons/compress/archivers/zip/X7875_NewUnix.java: org.apache.commons.compress.archivers.zip.X7875_NewUnix.hashCode: found 1 problems
src/main/java/org/apache/commons/compress/archivers/zip/X7875_NewUnix.java: internal error: org.apache.commons.compress.archivers.zip.X7875_NewUnix.hashCode: unknown type kind
	data: unsupported(java/math/BigInteger)
src/main/java/org/apache/commons/compress/archivers/zip/X7875_NewUnix.java: org.apache.commons.compress.archivers.zip.X7875_NewUnix.clone: computing test cases
src/main/java/org/apache/commons/compress/archivers/zip/X7875_NewUnix.java: org.apache.commons.compress.archivers.zip.X7875_NewUnix.clone: found 1 problems
src/main/java/org/apache/commons/compress/archivers/zip/X7875_NewUnix.java: internal error: org.apache.commons.compress.archivers.zip.X7875_NewUnix.clone: unknown type kind
	data: unsupported(java/math/BigInteger)
src/main/java/org/apache/commons/compress/archivers/zip/X7875_NewUnix.java: org.apache.commons.compress.archivers.zip.X7875_NewUnix.getLocalFileDataLength: computing test cases
src/main/java/org/apache/commons/compress/archivers/zip/X7875_NewUnix.java: org.apache.commons.compress.archivers.zip.X7875_NewUnix.getLocalFileDataLength: found 1 problems
src/main/java/org/apache/commons/compress/archivers/zip/X7875_NewUnix.java: internal error: org.apache.commons.compress.archivers.zip.X7875_NewUnix.getLocalFileDataLength: unknown type kind
	data: unsupported(java/math/BigInteger)
src/main/java/org/apache/commons/compress/archivers/zip/X7875_NewUnix.java: org.apache.commons.compress.archivers.zip.X7875_NewUnix.getCentralDirectoryLength: computing test cases
src/main/java/org/apache/commons/compress/archivers/zip/X7875_NewUnix.java: org.apache.commons.compress.archivers.zip.X7875_NewUnix.getCentralDirectoryLength: found 1 problems
src/main/java/org/apache/commons/compress/archivers/zip/X7875_NewUnix.java: internal error: org.apache.commons.compress.archivers.zip.X7875_NewUnix.getCentralDirectoryLength: unknown type kind
	data: unsupported(java/math/BigInteger)
src/main/java/org/apache/commons/compress/archivers/jar/JarArchiveEntry.java: org.apache.commons.compress.archivers.jar.JarArchiveEntry.JarArchiveEntry: computing test cases
src/main/java/org/apache/commons/compress/archivers/jar/JarArchiveEntry.java: org.apache.commons.compress.archivers.jar.JarArchiveEntry.JarArchiveEntry: found 1 problems
src/main/java/org/apache/commons/compress/archivers/jar/JarArchiveEntry.java: internal error: org.apache.commons.compress.archivers.jar.JarArchiveEntry.JarArchiveEntry: unknown type kind
	data: unsupported(java/util/jar/Attributes)
src/main/java/org/apache/commons/compress/archivers/jar/JarArchiveEntry.java: org.apache.commons.compress.archivers.jar.JarArchiveEntry.JarArchiveEntry: computing test cases
src/main/java/org/apache/commons/compress/archivers/jar/JarArchiveEntry.java: org.apache.commons.compress.archivers.jar.JarArchiveEntry.JarArchiveEntry: found 1 problems
src/main/java/org/apache/commons/compress/archivers/jar/JarArchiveEntry.java: internal error: org.apache.commons.compress.archivers.jar.JarArchiveEntry.JarArchiveEntry: unknown type kind
	data: unsupported(java/util/jar/Attributes)
src/main/java/org/apache/commons/compress/archivers/jar/JarArchiveEntry.java: org.apache.commons.compress.archivers.jar.JarArchiveEntry.getManifestAttributes: computing test cases
src/main/java/org/apache/commons/compress/archivers/jar/JarArchiveEntry.java: org.apache.commons.compress.archivers.jar.JarArchiveEntry.getManifestAttributes: found 1 problems
src/main/java/org/apache/commons/compress/archivers/jar/JarArchiveEntry.java: internal error: org.apache.commons.compress.archivers.jar.JarArchiveEntry.getManifestAttributes: unknown type kind
	data: unsupported(java/util/jar/Attributes)
src/main/java/org/apache/commons/compress/archivers/jar/JarArchiveEntry.java: org.apache.commons.compress.archivers.jar.JarArchiveEntry.JarArchiveEntry: computing test cases
src/main/java/org/apache/commons/compress/archivers/jar/JarArchiveEntry.java: org.apache.commons.compress.archivers.jar.JarArchiveEntry.JarArchiveEntry: found 1 problems
src/main/java/org/apache/commons/compress/archivers/jar/JarArchiveEntry.java: internal error: org.apache.commons.compress.archivers.jar.JarArchiveEntry.JarArchiveEntry: unknown type kind
	data: unsupported(java/util/jar/Attributes)
src/main/java/org/apache/commons/compress/archivers/jar/JarArchiveEntry.java: org.apache.commons.compress.archivers.jar.JarArchiveEntry.getCertificates: computing test cases
src/main/java/org/apache/commons/compress/archivers/jar/JarArchiveEntry.java: org.apache.commons.compress.archivers.jar.JarArchiveEntry.getCertificates: found 1 problems
src/main/java/org/apache/commons/compress/archivers/jar/JarArchiveEntry.java: internal error: org.apache.commons.compress.archivers.jar.JarArchiveEntry.getCertificates: unknown type kind
	data: unsupported(java/util/jar/Attributes)
src/main/java/org/apache/commons/compress/archivers/jar/JarArchiveEntry.java: org.apache.commons.compress.archivers.jar.JarArchiveEntry.JarArchiveEntry: computing test cases
src/main/java/org/apache/commons/compress/archivers/jar/JarArchiveEntry.java: org.apache.commons.compress.archivers.jar.JarArchiveEntry.JarArchiveEntry: found 1 problems
src/main/java/org/apache/commons/compress/archivers/jar/JarArchiveEntry.java: internal error: org.apache.commons.compress.archivers.jar.JarArchiveEntry.JarArchiveEntry: unknown type kind
	data: unsupported(java/util/jar/Attributes)
src/main/java/org/apache/commons/compress/archivers/sevenz/CoderBase.java: org.apache.commons.compress.archivers.sevenz.CoderBase.getOptionsFromCoder: computing test cases
src/main/java/org/apache/commons/compress/archivers/sevenz/CoderBase.java: org.apache.commons.compress.archivers.sevenz.CoderBase.getOptionsFromCoder: computed 0 unit tests
src/main/java/org/apache/commons/compress/archivers/sevenz/CoderBase.java: org.apache.commons.compress.archivers.sevenz.CoderBase.CoderBase: computing test cases
src/main/java/org/apache/commons/compress/archivers/sevenz/CoderBase.java: org.apache.commons.compress.archivers.sevenz.CoderBase.CoderBase: computed 0 unit tests
src/main/java/org/apache/commons/compress/archivers/sevenz/CoderBase.java: org.apache.commons.compress.archivers.sevenz.CoderBase.getOptionsAsProperties: computing test cases
src/main/java/org/apache/commons/compress/archivers/sevenz/CoderBase.java: org.apache.commons.compress.archivers.sevenz.CoderBase.getOptionsAsProperties: computed 0 unit tests
src/main/java/org/apache/commons/compress/archivers/sevenz/CoderBase.java: org.apache.commons.compress.archivers.sevenz.CoderBase.decode: computing test cases
src/main/java/org/apache/commons/compress/archivers/sevenz/CoderBase.java: org.apache.commons.compress.archivers.sevenz.CoderBase.decode: function is abstract and therefore inaccessible for tests
src/main/java/org/apache/commons/compress/archivers/sevenz/CoderBase.java: org.apache.commons.compress.archivers.sevenz.CoderBase.encode: computing test cases
src/main/java/org/apache/commons/compress/archivers/sevenz/CoderBase.java: org.apache.commons.compress.archivers.sevenz.CoderBase.encode: computed 0 unit tests
src/main/java/org/apache/commons/compress/archivers/sevenz/CoderBase.java: org.apache.commons.compress.archivers.sevenz.CoderBase.canAcceptOptions: computing test cases
src/main/java/org/apache/commons/compress/archivers/sevenz/CoderBase.java: org.apache.commons.compress.archivers.sevenz.CoderBase.canAcceptOptions: computed 0 unit tests
src/main/java/org/apache/commons/compress/archivers/sevenz/CoderBase.java: org.apache.commons.compress.archivers.sevenz.CoderBase.numberOptionOrDefault: computing test cases
src/main/java/org/apache/commons/compress/archivers/sevenz/CoderBase.java: org.apache.commons.compress.archivers.sevenz.CoderBase.numberOptionOrDefault: computed 1 unit tests
src/main/java/org/apache/commons/compress/archivers/sevenz/CoderBase.java: org.apache.commons.compress.archivers.sevenz.CoderBase.numberOptionOrDefault: found 1 problems
src/main/java/org/apache/commons/compress/archivers/sevenz/CoderBase.java: unsupported: org.apache.commons.compress.archivers.sevenz.CoderBase.numberOptionOrDefault: unsupported access
	data: function(variable(this, pointer(reference(java/lang/Number))), java/lang/Number//intValue!d41d8cd98f00b204e9800998ecf8427e, [], [variable(, primitive(int, 32, false))], <nil>)
src/main/java/org/apache/commons/compress/archivers/zip/ZipEightByteInteger.java: org.apache.commons.compress.archivers.zip.ZipEightByteInteger.getLongValue: computing test cases
src/main/java/org/apache/commons/compress/archivers/zip/ZipEightByteInteger.java: org.apache.commons.compress.archivers.zip.ZipEightByteInteger.getLongValue: found 1 problems
src/main/java/org/apache/commons/compress/archivers/zip/ZipEightByteInteger.java: internal error: org.apache.commons.compress.archivers.zip.ZipEightByteInteger.getLongValue: unknown type kind
	data: unsupported(java/math/BigInteger)
src/main/java/org/apache/commons/compress/archivers/zip/ZipEightByteInteger.java: org.apache.commons.compress.archivers.zip.ZipEightByteInteger.getBytes: computing test cases
src/main/java/org/apache/commons/compress/archivers/zip/ZipEightByteInteger.java: org.apache.commons.compress.archivers.zip.ZipEightByteInteger.getBytes: found 1 problems
src/main/java/org/apache/commons/compress/archivers/zip/ZipEightByteInteger.java: internal error: org.apache.commons.compress.archivers.zip.ZipEightByteInteger.getBytes: unknown type kind
	data: unsupported(java/math/BigInteger)
src/main/java/org/apache/commons/compress/archivers/zip/ZipEightByteInteger.java: org.apache.commons.compress.archivers.zip.ZipEightByteInteger.ZipEightByteInteger: computing test cases
src/main/java/org/apache/commons/compress/archivers/zip/ZipEightByteInteger.java: org.apache.commons.compress.archivers.zip.ZipEightByteInteger.ZipEightByteInteger: found 1 problems
src/main/java/org/apache/commons/compress/archivers/zip/ZipEightByteInteger.java: internal error: org.apache.commons.compress.archivers.zip.ZipEightByteInteger.ZipEightByteInteger: unknown type kind
	data: unsupported(java/math/BigInteger)
src/main/java/org/apache/commons/compress/archivers/zip/ZipEightByteInteger.java: org.apache.commons.compress.archivers.zip.ZipEightByteInteger.ZipEightByteInteger: computing test cases
src/main/java/org/apache/commons/compress/archivers/zip/ZipEightByteInteger.java: org.apache.commons.compress.archivers.zip.ZipEightByteInteger.ZipEightByteInteger: found 1 problems
src/main/java/org/apache/commons/compress/archivers/zip/ZipEightByteInteger.java: internal error: org.apache.commons.compress.archivers.zip.ZipEightByteInteger.ZipEightByteInteger: unknown type kind
	data: unsupported(java/math/BigInteger)
src/main/java/org/apache/commons/compress/archivers/zip/ZipEightByteInteger.java: org.apache.commons.compress.archivers.zip.ZipEightByteInteger.equals: computing test cases
src/main/java/org/apache/commons/compress/archivers/zip/ZipEightByteInteger.java: org.apache.commons.compress.archivers.zip.ZipEightByteInteger.equals: found 1 problems
src/main/java/org/apache/commons/compress/archivers/zip/ZipEightByteInteger.java: internal error: org.apache.commons.compress.archivers.zip.ZipEightByteInteger.equals: unknown type kind
	data: unsupported(java/math/BigInteger)
src/main/java/org/apache/commons/compress/archivers/zip/ZipEightByteInteger.java: org.apache.commons.compress.archivers.zip.ZipEightByteInteger.ZipEightByteInteger: computing test cases
src/main/java/org/apache/commons/compress/archivers/zip/ZipEightByteInteger.java: org.apache.commons.compress.archivers.zip.ZipEightByteInteger.ZipEightByteInteger: found 1 problems
src/main/java/org/apache/commons/compress/archivers/zip/ZipEightByteInteger.java: internal error: org.apache.commons.compress.archivers.zip.ZipEightByteInteger.ZipEightByteInteger: unknown type kind
	data: unsupported(java/math/BigInteger)
src/main/java/org/apache/commons/compress/archivers/zip/ZipEightByteInteger.java: org.apache.commons.compress.archivers.zip.ZipEightByteInteger.getLongValue: computing test cases
src/main/java/org/apache/commons/compress/archivers/zip/ZipEightByteInteger.java: org.apache.commons.compress.archivers.zip.ZipEightByteInteger.getLongValue: computed 0 unit tests
src/main/java/org/apache/commons/compress/archivers/zip/ZipEightByteInteger.java: org.apache.commons.compress.archivers.zip.ZipEightByteInteger.getLongValue: found 0 problems
src/main/java/org/apache/commons/compress/archivers/zip/ZipEightByteInteger.java: org.apache.commons.compress.archivers.zip.ZipEightByteInteger.ZipEightByteInteger: computing test cases
src/main/java/org/apache/commons/compress/archivers/zip/ZipEightByteInteger.java: org.apache.commons.compress.archivers.zip.ZipEightByteInteger.ZipEightByteInteger: found 1 problems
src/main/java/org/apache/commons/compress/archivers/zip/ZipEightByteInteger.java: internal error: org.apache.commons.compress.archivers.zip.ZipEightByteInteger.ZipEightByteInteger: unknown type kind
	data: unsupported(java/math/BigInteger)
src/main/java/org/apache/commons/compress/archivers/zip/ZipEightByteInteger.java: org.apache.commons.compress.archivers.zip.ZipEightByteInteger.hashCode: computing test cases
src/main/java/org/apache/commons/compress/archivers/zip/ZipEightByteInteger.java: org.apache.commons.compress.archivers.zip.ZipEightByteInteger.hashCode: found 1 problems
src/main/java/org/apache/commons/compress/archivers/zip/ZipEightByteInteger.java: internal error: org.apache.commons.compress.archivers.zip.ZipEightByteInteger.hashCode: unknown type kind
	data: unsupported(java/math/BigInteger)
src/main/java/org/apache/commons/compress/archivers/zip/ZipEightByteInteger.java: org.apache.commons.compress.archivers.zip.ZipEightByteInteger.toString: computing test cases
src/main/java/org/apache/commons/compress/archivers/zip/ZipEightByteInteger.java: org.apache.commons.compress.archivers.zip.ZipEightByteInteger.toString: found 1 problems
src/main/java/org/apache/commons/compress/archivers/zip/ZipEightByteInteger.java: internal error: org.apache.commons.compress.archivers.zip.ZipEightByteInteger.toString: unknown type kind
	data: unsupported(java/math/BigInteger)
src/main/java/org/apache/commons/compress/archivers/zip/ZipEightByteInteger.java: org.apache.commons.compress.archivers.zip.ZipEightByteInteger.getBytes: computing test cases
src/main/java/org/apache/commons/compress/archivers/zip/ZipEightByteInteger.java: org.apache.commons.compress.archivers.zip.ZipEightByteInteger.getBytes: computed 0 unit tests
src/main/java/org/apache/commons/compress/archivers/zip/ZipEightByteInteger.java: org.apache.commons.compress.archivers.zip.ZipEightByteInteger.getBytes: found 0 problems
src/main/java/org/apache/commons/compress/archivers/zip/ZipEightByteInteger.java: org.apache.commons.compress.archivers.zip.ZipEightByteInteger.getValue: computing test cases
src/main/java/org/apache/commons/compress/archivers/zip/ZipEightByteInteger.java: org.apache.commons.compress.archivers.zip.ZipEightByteInteger.getValue: found 1 problems
src/main/java/org/apache/commons/compress/archivers/zip/ZipEightByteInteger.java: internal error: org.apache.commons.compress.archivers.zip.ZipEightByteInteger.getValue: unknown type kind
	data: unsupported(java/math/BigInteger)
src/main/java/org/apache/commons/compress/archivers/zip/ZipEightByteInteger.java: org.apache.commons.compress.archivers.zip.ZipEightByteInteger.getValue: computing test cases
src/main/java/org/apache/commons/compress/archivers/zip/ZipEightByteInteger.java: org.apache.commons.compress.archivers.zip.ZipEightByteInteger.getValue: computed 0 unit tests
src/main/java/org/apache/commons/compress/archivers/zip/ZipEightByteInteger.java: org.apache.commons.compress.archivers.zip.ZipEightByteInteger.getValue: found 0 problems
src/main/java/org/apache/commons/compress/archivers/zip/ZipEightByteInteger.java: org.apache.commons.compress.archivers.zip.ZipEightByteInteger.getLongValue: computing test cases
src/main/java/org/apache/commons/compress/archivers/zip/ZipEightByteInteger.java: org.apache.commons.compress.archivers.zip.ZipEightByteInteger.getLongValue: found 1 problems
src/main/java/org/apache/commons/compress/archivers/zip/ZipEightByteInteger.java: internal error: org.apache.commons.compress.archivers.zip.ZipEightByteInteger.getLongValue: unknown type kind
	data: unsupported(java/math/BigInteger)
src/main/java/org/apache/commons/compress/archivers/zip/ZipEightByteInteger.java: org.apache.commons.compress.archivers.zip.ZipEightByteInteger.getBytes: computing test cases
src/main/java/org/apache/commons/compress/archivers/zip/ZipEightByteInteger.java: org.apache.commons.compress.archivers.zip.ZipEightByteInteger.getBytes: computed 0 unit tests
src/main/java/org/apache/commons/compress/archivers/zip/ZipEightByteInteger.java: org.apache.commons.compress.archivers.zip.ZipEightByteInteger.getBytes: found 0 problems
src/main/java/org/apache/commons/compress/archivers/zip/ZipEightByteInteger.java: org.apache.commons.compress.archivers.zip.ZipEightByteInteger.getValue: computing test cases
src/main/java/org/apache/commons/compress/archivers/zip/ZipEightByteInteger.java: org.apache.commons.compress.archivers.zip.ZipEightByteInteger.getValue: found 1 problems
src/main/java/org/apache/commons/compress/archivers/zip/ZipEightByteInteger.java: internal error: org.apache.commons.compress.archivers.zip.ZipEightByteInteger.getValue: unknown type kind
	data: unsupported(java/math/BigInteger)
src/main/java/org/apache/commons/compress/archivers/sevenz/Archive.java: org.apache.commons.compress.archivers.sevenz.Archive.toString: computing test cases
src/main/java/org/apache/commons/compress/archivers/sevenz/Archive.java: org.apache.commons.compress.archivers.sevenz.Archive.toString: found 1 problems
src/main/java/org/apache/commons/compress/archivers/sevenz/Archive.java: internal error: org.apache.commons.compress.archivers.sevenz.Archive.toString: unknown type kind
	data: unsupported(java/util/BitSet)
src/main/java/org/apache/commons/compress/archivers/arj/ArjArchiveEntry.java: org.apache.commons.compress.archivers.arj.ArjArchiveEntry.ArjArchiveEntry: computing test cases
src/main/java/org/apache/commons/compress/archivers/arj/ArjArchiveEntry.java: org.apache.commons.compress.archivers.arj.ArjArchiveEntry.ArjArchiveEntry: computed 1 unit tests
src/main/java/org/apache/commons/compress/archivers/arj/ArjArchiveEntry.java: org.apache.commons.compress.archivers.arj.ArjArchiveEntry.ArjArchiveEntry: found 0 problems
src/main/java/org/apache/commons/compress/archivers/arj/ArjArchiveEntry.java: org.apache.commons.compress.archivers.arj.ArjArchiveEntry.getMode: computing test cases
src/main/java/org/apache/commons/compress/archivers/arj/ArjArchiveEntry.java: org.apache.commons.compress.archivers.arj.ArjArchiveEntry.getMode: computed 2 unit tests
src/main/java/org/apache/commons/compress/archivers/arj/ArjArchiveEntry.java: org.apache.commons.compress.archivers.arj.ArjArchiveEntry.getMode: found 1 problems
src/main/java/org/apache/commons/compress/archivers/arj/ArjArchiveEntry.java:97:16: critical: org.apache.commons.compress.archivers.arj.ArjArchiveEntry.getMode: uncaught java.lang.NullPointerException
src/main/java/org/apache/commons/compress/archivers/arj/ArjArchiveEntry.java: org.apache.commons.compress.archivers.arj.ArjArchiveEntry.isHostOsUnix: computing test cases
src/main/java/org/apache/commons/compress/archivers/arj/ArjArchiveEntry.java: org.apache.commons.compress.archivers.arj.ArjArchiveEntry.isHostOsUnix: computed 4 unit tests
src/main/java/org/apache/commons/compress/archivers/arj/ArjArchiveEntry.java: org.apache.commons.compress.archivers.arj.ArjArchiveEntry.isHostOsUnix: found 1 problems
src/main/java/org/apache/commons/compress/archivers/arj/ArjArchiveEntry.java:114:16: critical: org.apache.commons.compress.archivers.arj.ArjArchiveEntry.isHostOsUnix: uncaught java.lang.NullPointerException
src/main/java/org/apache/commons/compress/archivers/arj/ArjArchiveEntry.java: org.apache.commons.compress.archivers.arj.ArjArchiveEntry.ArjArchiveEntry: computing test cases
src/main/java/org/apache/commons/compress/archivers/arj/ArjArchiveEntry.java: org.apache.commons.compress.archivers.arj.ArjArchiveEntry.ArjArchiveEntry: computed 1 unit tests
src/main/java/org/apache/commons/compress/archivers/arj/ArjArchiveEntry.java: org.apache.commons.compress.archivers.arj.ArjArchiveEntry.ArjArchiveEntry: found 0 problems
src/main/java/org/apache/commons/compress/archivers/arj/ArjArchiveEntry.java: org.apache.commons.compress.archivers.arj.ArjArchiveEntry.getUnixMode: computing test cases
src/main/java/org/apache/commons/compress/archivers/arj/ArjArchiveEntry.java: org.apache.commons.compress.archivers.arj.ArjArchiveEntry.getUnixMode: computed 4 unit tests
src/main/java/org/apache/commons/compress/archivers/arj/ArjArchiveEntry.java: org.apache.commons.compress.archivers.arj.ArjArchiveEntry.getUnixMode: found 1 problems
src/main/java/org/apache/commons/compress/archivers/arj/ArjArchiveEntry.java:114:16: critical: org.apache.commons.compress.archivers.arj.ArjArchiveEntry.getUnixMode: uncaught java.lang.NullPointerException
src/main/java/org/apache/commons/compress/archivers/arj/ArjArchiveEntry.java: org.apache.commons.compress.archivers.arj.ArjArchiveEntry.getMethod: computing test cases
src/main/java/org/apache/commons/compress/archivers/arj/ArjArchiveEntry.java: org.apache.commons.compress.archivers.arj.ArjArchiveEntry.getMethod: computed 2 unit tests
src/main/java/org/apache/commons/compress/archivers/arj/ArjArchiveEntry.java: org.apache.commons.compress.archivers.arj.ArjArchiveEntry.getMethod: found 1 problems
src/main/java/org/apache/commons/compress/archivers/arj/ArjArchiveEntry.java:126:16: critical: org.apache.commons.compress.archivers.arj.ArjArchiveEntry.getMethod: uncaught java.lang.NullPointerException
src/main/java/org/apache/commons/compress/archivers/arj/ArjArchiveEntry.java: org.apache.commons.compress.archivers.arj.ArjArchiveEntry.getName: computing test cases
src/main/java/org/apache/commons/compress/archivers/arj/ArjArchiveEntry.java: org.apache.commons.compress.archivers.arj.ArjArchiveEntry.getName: computed 2 unit tests
src/main/java/org/apache/commons/compress/archivers/arj/ArjArchiveEntry.java: org.apache.commons.compress.archivers.arj.ArjArchiveEntry.getName: found 1 problems
src/main/java/org/apache/commons/compress/archivers/arj/ArjArchiveEntry.java:50:14: critical: org.apache.commons.compress.archivers.arj.ArjArchiveEntry.getName: uncaught java.lang.NullPointerException
src/main/java/org/apache/commons/compress/archivers/arj/ArjArchiveEntry.java: org.apache.commons.compress.archivers.arj.ArjArchiveEntry.getHostOs: computing test cases
src/main/java/org/apache/commons/compress/archivers/arj/ArjArchiveEntry.java: org.apache.commons.compress.archivers.arj.ArjArchiveEntry.getHostOs: computed 2 unit tests
src/main/java/org/apache/commons/compress/archivers/arj/ArjArchiveEntry.java: org.apache.commons.compress.archivers.arj.ArjArchiveEntry.getHostOs: found 1 problems
src/main/java/org/apache/commons/compress/archivers/arj/ArjArchiveEntry.java:114:16: critical: org.apache.commons.compress.archivers.arj.ArjArchiveEntry.getHostOs: uncaught java.lang.NullPointerException
src/main/java/org/apache/commons/compress/archivers/arj/ArjArchiveEntry.java: org.apache.commons.compress.archivers.arj.ArjArchiveEntry.getLastModifiedDate: computing test cases
src/main/java/org/apache/commons/compress/archivers/arj/ArjArchiveEntry.java: org.apache.commons.compress.archivers.arj.ArjArchiveEntry.getLastModifiedDate: computed 0 unit tests
src/main/java/org/apache/commons/compress/archivers/arj/ArjArchiveEntry.java: org.apache.commons.compress.archivers.arj.ArjArchiveEntry.getLastModifiedDate: found 1 problems
src/main/java/org/apache/commons/compress/archivers/arj/ArjArchiveEntry.java: internal error: org.apache.commons.compress.archivers.arj.ArjArchiveEntry.getLastModifiedDate: malformed data
src/main/java/org/apache/commons/compress/archivers/arj/ArjArchiveEntry.java: org.apache.commons.compress.archivers.arj.ArjArchiveEntry.getSize: computing test cases
src/main/java/org/apache/commons/compress/archivers/arj/ArjArchiveEntry.java: org.apache.commons.compress.archivers.arj.ArjArchiveEntry.getSize: computed 2 unit tests
src/main/java/org/apache/commons/compress/archivers/arj/ArjArchiveEntry.java: org.apache.commons.compress.archivers.arj.ArjArchiveEntry.getSize: found 1 problems
src/main/java/org/apache/commons/compress/archivers/arj/ArjArchiveEntry.java:64:16: critical: org.apache.commons.compress.archivers.arj.ArjArchiveEntry.getSize: uncaught java.lang.NullPointerException
src/main/java/org/apache/commons/compress/archivers/arj/ArjArchiveEntry.java: org.apache.commons.compress.archivers.arj.ArjArchiveEntry.isDirectory: computing test cases
src/main/java/org/apache/commons/compress/archivers/arj/ArjArchiveEntry.java: org.apache.commons.compress.archivers.arj.ArjArchiveEntry.isDirectory: computed 3 unit tests
src/main/java/org/apache/commons/compress/archivers/arj/ArjArchiveEntry.java: org.apache.commons.compress.archivers.arj.ArjArchiveEntry.isDirectory: found 1 problems
src/main/java/org/apache/commons/compress/archivers/arj/ArjArchiveEntry.java:69:16: critical: org.apache.commons.compress.archivers.arj.ArjArchiveEntry.isDirectory: uncaught java.lang.NullPointerException
src/main/java/org/apache/commons/compress/archivers/arj/ArjArchiveInputStream.java: org.apache.commons.compress.archivers.arj.ArjArchiveInputStream.close: computing test cases
src/main/java/org/apache/commons/compress/archivers/arj/ArjArchiveInputStream.java: org.apache.commons.compress.archivers.arj.ArjArchiveInputStream.close: found 1 problems
src/main/java/org/apache/commons/compress/archivers/arj/ArjArchiveInputStream.java: internal error: org.apache.commons.compress.archivers.arj.ArjArchiveInputStream.close: unknown type kind
	data: unsupported(java/io/DataInputStream)
src/main/java/org/apache/commons/compress/archivers/arj/ArjArchiveInputStream.java: org.apache.commons.compress.archivers.arj.ArjArchiveInputStream.getArchiveComment: computing test cases
src/main/java/org/apache/commons/compress/archivers/arj/ArjArchiveInputStream.java: org.apache.commons.compress.archivers.arj.ArjArchiveInputStream.getArchiveComment: found 1 problems
src/main/java/org/apache/commons/compress/archivers/arj/ArjArchiveInputStream.java: internal error: org.apache.commons.compress.archivers.arj.ArjArchiveInputStream.getArchiveComment: unknown type kind
	data: unsupported(java/io/DataInputStream)
src/main/java/org/apache/commons/compress/archivers/arj/ArjArchiveInputStream.java: org.apache.commons.compress.archivers.arj.ArjArchiveInputStream.getNextEntry: computing test cases
src/main/java/org/apache/commons/compress/archivers/arj/ArjArchiveInputStream.java: org.apache.commons.compress.archivers.arj.ArjArchiveInputStream.getNextEntry: found 1 problems
src/main/java/org/apache/commons/compress/archivers/arj/ArjArchiveInputStream.java: internal error: org.apache.commons.compress.archivers.arj.ArjArchiveInputStream.getNextEntry: unknown type kind
	data: unsupported(java/io/DataInputStream)
src/main/java/org/apache/commons/compress/archivers/arj/ArjArchiveInputStream.java: org.apache.commons.compress.archivers.arj.ArjArchiveInputStream.canReadEntryData: computing test cases
src/main/java/org/apache/commons/compress/archivers/arj/ArjArchiveInputStream.java: org.apache.commons.compress.archivers.arj.ArjArchiveInputStream.canReadEntryData: found 1 problems
src/main/java/org/apache/commons/compress/archivers/arj/ArjArchiveInputStream.java: internal error: org.apache.commons.compress.archivers.arj.ArjArchiveInputStream.canReadEntryData: unknown type kind
	data: unsupported(java/io/DataInputStream)
src/main/java/org/apache/commons/compress/archivers/arj/ArjArchiveInputStream.java: org.apache.commons.compress.archivers.arj.ArjArchiveInputStream.ArjArchiveInputStream: computing test cases
src/main/java/org/apache/commons/compress/archivers/arj/ArjArchiveInputStream.java: org.apache.commons.compress.archivers.arj.ArjArchiveInputStream.ArjArchiveInputStream: found 1 problems
src/main/java/org/apache/commons/compress/archivers/arj/ArjArchiveInputStream.java: internal error: org.apache.commons.compress.archivers.arj.ArjArchiveInputStream.ArjArchiveInputStream: unknown type kind
	data: unsupported(java/io/DataInputStream)
src/main/java/org/apache/commons/compress/archivers/arj/ArjArchiveInputStream.java: org.apache.commons.compress.archivers.arj.ArjArchiveInputStream.ArjArchiveInputStream: computing test cases
src/main/java/org/apache/commons/compress/archivers/arj/ArjArchiveInputStream.java: org.apache.commons.compress.archivers.arj.ArjArchiveInputStream.ArjArchiveInputStream: found 1 problems
src/main/java/org/apache/commons/compress/archivers/arj/ArjArchiveInputStream.java: internal error: org.apache.commons.compress.archivers.arj.ArjArchiveInputStream.ArjArchiveInputStream: unknown type kind
	data: unsupported(java/io/DataInputStream)
src/main/java/org/apache/commons/compress/archivers/arj/ArjArchiveInputStream.java: org.apache.commons.compress.archivers.arj.ArjArchiveInputStream.read: computing test cases
src/main/java/org/apache/commons/compress/archivers/arj/ArjArchiveInputStream.java: org.apache.commons.compress.archivers.arj.ArjArchiveInputStream.read: found 1 problems
src/main/java/org/apache/commons/compress/archivers/arj/ArjArchiveInputStream.java: internal error: org.apache.commons.compress.archivers.arj.ArjArchiveInputStream.read: unknown type kind
	data: unsupported(java/io/DataInputStream)
src/main/java/org/apache/commons/compress/archivers/arj/ArjArchiveInputStream.java: org.apache.commons.compress.archivers.arj.ArjArchiveInputStream.matches: computing test cases
src/main/java/org/apache/commons/compress/archivers/arj/ArjArchiveInputStream.java: org.apache.commons.compress.archivers.arj.ArjArchiveInputStream.matches: computed 7 unit tests
src/main/java/org/apache/commons/compress/archivers/arj/ArjArchiveInputStream.java: org.apache.commons.compress.archivers.arj.ArjArchiveInputStream.matches: found 3 problems
src/main/java/org/apache/commons/compress/archivers/arj/ArjArchiveInputStream.java:295:25: critical: org.apache.commons.compress.archivers.arj.ArjArchiveInputStream.matches: uncaught ArrayIndexOutOfBoundsException
src/main/java/org/apache/commons/compress/archivers/arj/ArjArchiveInputStream.java:296:25: critical: org.apache.commons.compress.archivers.arj.ArjArchiveInputStream.matches: uncaught ArrayIndexOutOfBoundsException
src/main/java/org/apache/commons/compress/archivers/arj/ArjArchiveInputStream.java:295:25: critical: org.apache.commons.compress.archivers.arj.ArjArchiveInputStream.matches: uncaught java.lang.NullPointerException
src/main/java/org/apache/commons/compress/archivers/arj/ArjArchiveInputStream.java: org.apache.commons.compress.archivers.arj.ArjArchiveInputStream.getArchiveName: computing test cases
src/main/java/org/apache/commons/compress/archivers/arj/ArjArchiveInputStream.java: org.apache.commons.compress.archivers.arj.ArjArchiveInputStream.getArchiveName: found 1 problems
src/main/java/org/apache/commons/compress/archivers/arj/ArjArchiveInputStream.java: internal error: org.apache.commons.compress.archivers.arj.ArjArchiveInputStream.getArchiveName: unknown type kind
	data: unsupported(java/io/DataInputStream)
src/main/java/org/apache/commons/compress/archivers/dump/DumpArchiveEntry.java: org.apache.commons.compress.archivers.dump.DumpArchiveEntry.setSimpleName: computing test cases
src/main/java/org/apache/commons/compress/archivers/dump/DumpArchiveEntry.java: org.apache.commons.compress.archivers.dump.DumpArchiveEntry.setSimpleName: computed 0 unit tests
src/main/java/org/apache/commons/compress/archivers/dump/DumpArchiveEntry.java: org.apache.commons.compress.archivers.dump.DumpArchiveEntry.setSimpleName: found 1 problems
src/main/java/org/apache/commons/compress/archivers/dump/DumpArchiveEntry.java: internal error: org.apache.commons.compress.archivers.dump.DumpArchiveEntry.setSimpleName: not a struct type
	data: unsupported(java/util/Set)
src/main/java/org/apache/commons/compress/archivers/dump/DumpArchiveEntry.java: org.apache.commons.compress.archivers.dump.DumpArchiveEntry.getOffset: computing test cases
src/main/java/org/apache/commons/compress/archivers/dump/DumpArchiveEntry.java: org.apache.commons.compress.archivers.dump.DumpArchiveEntry.getOffset: computed 0 unit tests
src/main/java/org/apache/commons/compress/archivers/dump/DumpArchiveEntry.java: org.apache.commons.compress.archivers.dump.DumpArchiveEntry.getOffset: found 1 problems
src/main/java/org/apache/commons/compress/archivers/dump/DumpArchiveEntry.java: internal error: org.apache.commons.compress.archivers.dump.DumpArchiveEntry.getOffset: not a struct type
	data: unsupported(java/util/Set)
src/main/java/org/apache/commons/compress/archivers/dump/DumpArchiveEntry.java: org.apache.commons.compress.archivers.dump.DumpArchiveEntry.TapeSegmentHeader.getVolume: computing test cases
src/main/java/org/apache/commons/compress/archivers/dump/DumpArchiveEntry.java: org.apache.commons.compress.archivers.dump.DumpArchiveEntry.TapeSegmentHeader.getVolume: computed 0 unit tests
src/main/java/org/apache/commons/compress/archivers/dump/DumpArchiveEntry.java: org.apache.commons.compress.archivers.dump.DumpArchiveEntry.TapeSegmentHeader.getVolume: found 1 problems
src/main/java/org/apache/commons/compress/archivers/dump/DumpArchiveEntry.java: internal error: org.apache.commons.compress.archivers.dump.DumpArchiveEntry.TapeSegmentHeader.getVolume: unknown type kind
	data: [==(select(VariableReference(@m_0, pointer(struct(org/apache/commons/compress/archivers/dump/DumpArchiveEntry//TapeSegmentHeader, [], [pointer(reference(java/lang/Object))], [])), @m_0_0), cdata), nil) array(primitive(int, 8, false), primitive(int, 32, false), 0)]
src/main/java/org/apache/commons/compress/archivers/dump/DumpArchiveEntry.java: org.apache.commons.compress.archivers.dump.DumpArchiveEntry.getHeaderCount: computing test cases
src/main/java/org/apache/commons/compress/archivers/dump/DumpArchiveEntry.java: org.apache.commons.compress.archivers.dump.DumpArchiveEntry.getHeaderCount: computed 0 unit tests
src/main/java/org/apache/commons/compress/archivers/dump/DumpArchiveEntry.java: org.apache.commons.compress.archivers.dump.DumpArchiveEntry.getHeaderCount: found 1 problems
src/main/java/org/apache/commons/compress/archivers/dump/DumpArchiveEntry.java: internal error: org.apache.commons.compress.archivers.dump.DumpArchiveEntry.getHeaderCount: not a struct type
	data: unsupported(java/util/Set)
src/main/java/org/apache/commons/compress/archivers/dump/DumpArchiveEntry.java: org.apache.commons.compress.archivers.dump.DumpArchiveEntry.equals: computing test cases
src/main/java/org/apache/commons/compress/archivers/dump/DumpArchiveEntry.java: org.apache.commons.compress.archivers.dump.DumpArchiveEntry.equals: computed 0 unit tests
src/main/java/org/apache/commons/compress/archivers/dump/DumpArchiveEntry.java: org.apache.commons.compress.archivers.dump.DumpArchiveEntry.equals: found 1 problems
src/main/java/org/apache/commons/compress/archivers/dump/DumpArchiveEntry.java: internal error: org.apache.commons.compress.archivers.dump.DumpArchiveEntry.equals: not a struct type
	data: unsupported(java/util/Set)
src/main/java/org/apache/commons/compress/archivers/dump/DumpArchiveEntry.java: org.apache.commons.compress.archivers.dump.DumpArchiveEntry.isChrDev: computing test cases
src/main/java/org/apache/commons/compress/archivers/dump/DumpArchiveEntry.java: org.apache.commons.compress.archivers.dump.DumpArchiveEntry.isChrDev: computed 0 unit tests
src/main/java/org/apache/commons/compress/archivers/dump/DumpArchiveEntry.java: org.apache.commons.compress.archivers.dump.DumpArchiveEntry.isChrDev: found 1 problems
src/main/java/org/apache/commons/compress/archivers/dump/DumpArchiveEntry.java: internal error: org.apache.commons.compress.archivers.dump.DumpArchiveEntry.isChrDev: not a struct type
	data: unsupported(java/util/Set)
src/main/java/org/apache/commons/compress/archivers/dump/DumpArchiveEntry.java: org.apache.commons.compress.archivers.dump.DumpArchiveEntry.setOffset: computing test cases
src/main/java/org/apache/commons/compress/archivers/dump/DumpArchiveEntry.java: org.apache.commons.compress.archivers.dump.DumpArchiveEntry.setOffset: computed 0 unit tests
src/main/java/org/apache/commons/compress/archivers/dump/DumpArchiveEntry.java: org.apache.commons.compress.archivers.dump.DumpArchiveEntry.setOffset: found 1 problems
src/main/java/org/apache/commons/compress/archivers/dump/DumpArchiveEntry.java: internal error: org.apache.commons.compress.archivers.dump.DumpArchiveEntry.setOffset: not a struct type
	data: unsupported(java/util/Set)
src/main/java/org/apache/commons/compress/archivers/dump/DumpArchiveEntry.java: org.apache.commons.compress.archivers.dump.DumpArchiveEntry.setGeneration: computing test cases
src/main/java/org/apache/commons/compress/archivers/dump/DumpArchiveEntry.java: org.apache.commons.compress.archivers.dump.DumpArchiveEntry.setGeneration: computed 0 unit tests
src/main/java/org/apache/commons/compress/archivers/dump/DumpArchiveEntry.java: org.apache.commons.compress.archivers.dump.DumpArchiveEntry.setGeneration: found 1 problems
src/main/java/org/apache/commons/compress/archivers/dump/DumpArchiveEntry.java: internal error: org.apache.commons.compress.archivers.dump.DumpArchiveEntry.setGeneration: not a struct type
	data: unsupported(java/util/Set)
src/main/java/org/apache/commons/compress/archivers/dump/DumpArchiveEntry.java: org.apache.commons.compress.archivers.dump.DumpArchiveEntry.getLastModifiedDate: computing test cases
src/main/java/org/apache/commons/compress/archivers/dump/DumpArchiveEntry.java: org.apache.commons.compress.archivers.dump.DumpArchiveEntry.getLastModifiedDate: computed 0 unit tests
src/main/java/org/apache/commons/compress/archivers/dump/DumpArchiveEntry.java: org.apache.commons.compress.archivers.dump.DumpArchiveEntry.getLastModifiedDate: found 1 problems
src/main/java/org/apache/commons/compress/archivers/dump/DumpArchiveEntry.java: internal error: org.apache.commons.compress.archivers.dump.DumpArchiveEntry.getLastModifiedDate: not a struct type
	data: unsupported(java/util/Set)
src/main/java/org/apache/commons/compress/archivers/dump/DumpArchiveEntry.java: org.apache.commons.compress.archivers.dump.DumpArchiveEntry.getVolume: computing test cases
src/main/java/org/apache/commons/compress/archivers/dump/DumpArchiveEntry.java: org.apache.commons.compress.archivers.dump.DumpArchiveEntry.getVolume: computed 0 unit tests
src/main/java/org/apache/commons/compress/archivers/dump/DumpArchiveEntry.java: org.apache.commons.compress.archivers.dump.DumpArchiveEntry.getVolume: found 1 problems
src/main/java/org/apache/commons/compress/archivers/dump/DumpArchiveEntry.java: internal error: org.apache.commons.compress.archivers.dump.DumpArchiveEntry.getVolume: not a struct type
	data: unsupported(java/util/Set)
src/main/java/org/apache/commons/compress/archivers/dump/DumpArchiveEntry.java: org.apache.commons.compress.archivers.dump.DumpArchiveEntry.setType: computing test cases
src/main/java/org/apache/commons/compress/archivers/dump/DumpArchiveEntry.java: org.apache.commons.compress.archivers.dump.DumpArchiveEntry.setType: computed 0 unit tests
src/main/java/org/apache/commons/compress/archivers/dump/DumpArchiveEntry.java: org.apache.commons.compress.archivers.dump.DumpArchiveEntry.setType: found 1 problems
src/main/java/org/apache/commons/compress/archivers/dump/DumpArchiveEntry.java: internal error: org.apache.commons.compress.archivers.dump.DumpArchiveEntry.setType: not a struct type
	data: unsupported(java/util/Set)
src/main/java/org/apache/commons/compress/archivers/dump/DumpArchiveEntry.java: org.apache.commons.compress.archivers.dump.DumpArchiveEntry.hashCode: computing test cases
src/main/java/org/apache/commons/compress/archivers/dump/DumpArchiveEntry.java: org.apache.commons.compress.archivers.dump.DumpArchiveEntry.hashCode: computed 0 unit tests
src/main/java/org/apache/commons/compress/archivers/dump/DumpArchiveEntry.java: org.apache.commons.compress.archivers.dump.DumpArchiveEntry.hashCode: found 1 problems
src/main/java/org/apache/commons/compress/archivers/dump/DumpArchiveEntry.java: internal error: org.apache.commons.compress.archivers.dump.DumpArchiveEntry.hashCode: not a struct type
	data: unsupported(java/util/Set)
src/main/java/org/apache/commons/compress/archivers/dump/DumpArchiveEntry.java: org.apache.commons.compress.archivers.dump.DumpArchiveEntry.DumpArchiveEntry: computing test cases
src/main/java/org/apache/commons/compress/archivers/dump/DumpArchiveEntry.java: org.apache.commons.compress.archivers.dump.DumpArchiveEntry.DumpArchiveEntry: computed 0 unit tests
src/main/java/org/apache/commons/compress/archivers/dump/DumpArchiveEntry.java: org.apache.commons.compress.archivers.dump.DumpArchiveEntry.DumpArchiveEntry: found 1 problems
src/main/java/org/apache/commons/compress/archivers/dump/DumpArchiveEntry.java: internal error: org.apache.commons.compress.archivers.dump.DumpArchiveEntry.DumpArchiveEntry: unknown type kind
	data: unsupported
src/main/java/org/apache/commons/compress/archivers/dump/DumpArchiveEntry.java: org.apache.commons.compress.archivers.dump.DumpArchiveEntry.getIno: computing test cases
src/main/java/org/apache/commons/compress/archivers/dump/DumpArchiveEntry.java: org.apache.commons.compress.archivers.dump.DumpArchiveEntry.getIno: computed 0 unit tests
src/main/java/org/apache/commons/compress/archivers/dump/DumpArchiveEntry.java: org.apache.commons.compress.archivers.dump.DumpArchiveEntry.getIno: found 1 problems
src/main/java/org/apache/commons/compress/archivers/dump/DumpArchiveEntry.java: internal error: org.apache.commons.compress.archivers.dump.DumpArchiveEntry.getIno: not a struct type
	data: unsupported(java/util/Set)
src/main/java/org/apache/commons/compress/archivers/dump/DumpArchiveEntry.java: org.apache.commons.compress.archivers.dump.DumpArchiveEntry.TapeSegmentHeader.getCount: computing test cases
src/main/java/org/apache/commons/compress/archivers/dump/DumpArchiveEntry.java: org.apache.commons.compress.archivers.dump.DumpArchiveEntry.TapeSegmentHeader.getCount: computed 0 unit tests
src/main/java/org/apache/commons/compress/archivers/dump/DumpArchiveEntry.java: org.apache.commons.compress.archivers.dump.DumpArchiveEntry.TapeSegmentHeader.getCount: found 1 problems
src/main/java/org/apache/commons/compress/archivers/dump/DumpArchiveEntry.java: internal error: org.apache.commons.compress.archivers.dump.DumpArchiveEntry.TapeSegmentHeader.getCount: unknown type kind
	data: [==(select(VariableReference(@m_0, pointer(struct(org/apache/commons/compress/archivers/dump/DumpArchiveEntry//TapeSegmentHeader, [], [pointer(reference(java/lang/Object))], [])), @m_0_0), cdata), nil) array(primitive(int, 8, false), primitive(int, 32, false), 0)]
src/main/java/org/apache/commons/compress/archivers/dump/DumpArchiveEntry.java: org.apache.commons.compress.archivers.dump.DumpArchiveEntry.getName: computing test cases
src/main/java/org/apache/commons/compress/archivers/dump/DumpArchiveEntry.java: org.apache.commons.compress.archivers.dump.DumpArchiveEntry.getName: computed 0 unit tests
src/main/java/org/apache/commons/compress/archivers/dump/DumpArchiveEntry.java: org.apache.commons.compress.archivers.dump.DumpArchiveEntry.getName: found 1 problems
src/main/java/org/apache/commons/compress/archivers/dump/DumpArchiveEntry.java: internal error: org.apache.commons.compress.archivers.dump.DumpArchiveEntry.getName: not a struct type
	data: unsupported(java/util/Set)
src/main/java/org/apache/commons/compress/archivers/dump/DumpArchiveEntry.java: org.apache.commons.compress.archivers.dump.DumpArchiveEntry.getGeneration: computing test cases
src/main/java/org/apache/commons/compress/archivers/dump/DumpArchiveEntry.java: org.apache.commons.compress.archivers.dump.DumpArchiveEntry.getGeneration: computed 0 unit tests
src/main/java/org/apache/commons/compress/archivers/dump/DumpArchiveEntry.java: org.apache.commons.compress.archivers.dump.DumpArchiveEntry.getGeneration: found 1 problems
src/main/java/org/apache/commons/compress/archivers/dump/DumpArchiveEntry.java: internal error: org.apache.commons.compress.archivers.dump.DumpArchiveEntry.getGeneration: not a struct type
	data: unsupported(java/util/Set)
src/main/java/org/apache/commons/compress/archivers/dump/DumpArchiveEntry.java: org.apache.commons.compress.archivers.dump.DumpArchiveEntry.toString: computing test cases
src/main/java/org/apache/commons/compress/archivers/dump/DumpArchiveEntry.java: org.apache.commons.compress.archivers.dump.DumpArchiveEntry.toString: computed 0 unit tests
src/main/java/org/apache/commons/compress/archivers/dump/DumpArchiveEntry.java: org.apache.commons.compress.archivers.dump.DumpArchiveEntry.toString: found 1 problems
src/main/java/org/apache/commons/compress/archivers/dump/DumpArchiveEntry.java: internal error: org.apache.commons.compress.archivers.dump.DumpArchiveEntry.toString: not a struct type
	data: unsupported(java/util/Set)
src/main/java/org/apache/commons/compress/archivers/dump/DumpArchiveEntry.java: org.apache.commons.compress.archivers.dump.DumpArchiveEntry.getHeaderType: computing test cases
src/main/java/org/apache/commons/compress/archivers/dump/DumpArchiveEntry.java: org.apache.commons.compress.archivers.dump.DumpArchiveEntry.getHeaderType: computed 0 unit tests
src/main/java/org/apache/commons/compress/archivers/dump/DumpArchiveEntry.java: org.apache.commons.compress.archivers.dump.DumpArchiveEntry.getHeaderType: found 1 problems
src/main/java/org/apache/commons/compress/archivers/dump/DumpArchiveEntry.java: internal error: org.apache.commons.compress.archivers.dump.DumpArchiveEntry.getHeaderType: not a struct type
	data: unsupported(java/util/Set)
src/main/java/org/apache/commons/compress/archivers/dump/DumpArchiveEntry.java: org.apache.commons.compress.archivers.dump.DumpArchiveEntry.getCreationTime: computing test cases
src/main/java/org/apache/commons/compress/archivers/dump/DumpArchiveEntry.java: org.apache.commons.compress.archivers.dump.DumpArchiveEntry.getCreationTime: computed 0 unit tests
src/main/java/org/apache/commons/compress/archivers/dump/DumpArchiveEntry.java: org.apache.commons.compress.archivers.dump.DumpArchiveEntry.getCreationTime: found 1 problems
src/main/java/org/apache/commons/compress/archivers/dump/DumpArchiveEntry.java: internal error: org.apache.commons.compress.archivers.dump.DumpArchiveEntry.getCreationTime: not a struct type
	data: unsupported(java/util/Set)
src/main/java/org/apache/commons/compress/archivers/dump/DumpArchiveEntry.java: org.apache.commons.compress.archivers.dump.DumpArchiveEntry.getAccessTime: computing test cases
src/main/java/org/apache/commons/compress/archivers/dump/DumpArchiveEntry.java: org.apache.commons.compress.archivers.dump.DumpArchiveEntry.getAccessTime: computed 0 unit tests
src/main/java/org/apache/commons/compress/archivers/dump/DumpArchiveEntry.java: org.apache.commons.compress.archivers.dump.DumpArchiveEntry.getAccessTime: found 1 problems
src/main/java/org/apache/commons/compress/archivers/dump/DumpArchiveEntry.java: internal error: org.apache.commons.compress.archivers.dump.DumpArchiveEntry.getAccessTime: not a struct type
	data: unsupported(java/util/Set)
src/main/java/org/apache/commons/compress/archivers/dump/DumpArchiveEntry.java: org.apache.commons.compress.archivers.dump.DumpArchiveEntry.getSize: computing test cases
src/main/java/org/apache/commons/compress/archivers/dump/DumpArchiveEntry.java: org.apache.commons.compress.archivers.dump.DumpArchiveEntry.getSize: computed 0 unit tests
src/main/java/org/apache/commons/compress/archivers/dump/DumpArchiveEntry.java: org.apache.commons.compress.archivers.dump.DumpArchiveEntry.getSize: found 1 problems
src/main/java/org/apache/commons/compress/archivers/dump/DumpArchiveEntry.java: internal error: org.apache.commons.compress.archivers.dump.DumpArchiveEntry.getSize: not a struct type
	data: unsupported(java/util/Set)
src/main/java/org/apache/commons/compress/archivers/dump/DumpArchiveEntry.java: org.apache.commons.compress.archivers.dump.DumpArchiveEntry.setLastModifiedDate: computing test cases
src/main/java/org/apache/commons/compress/archivers/dump/DumpArchiveEntry.java: org.apache.commons.compress.archivers.dump.DumpArchiveEntry.setLastModifiedDate: computed 0 unit tests
src/main/java/org/apache/commons/compress/archivers/dump/DumpArchiveEntry.java: org.apache.commons.compress.archivers.dump.DumpArchiveEntry.setLastModifiedDate: found 1 problems
src/main/java/org/apache/commons/compress/archivers/dump/DumpArchiveEntry.java: unsupported: org.apache.commons.compress.archivers.dump.DumpArchiveEntry.setLastModifiedDate: encountered an unsupported type
	data: unsupported(java/util/Date)
src/main/java/org/apache/commons/compress/archivers/dump/DumpArchiveEntry.java: org.apache.commons.compress.archivers.dump.DumpArchiveEntry.TapeSegmentHeader.getIno: computing test cases
src/main/java/org/apache/commons/compress/archivers/dump/DumpArchiveEntry.java: org.apache.commons.compress.archivers.dump.DumpArchiveEntry.TapeSegmentHeader.getIno: computed 0 unit tests
src/main/java/org/apache/commons/compress/archivers/dump/DumpArchiveEntry.java: org.apache.commons.compress.archivers.dump.DumpArchiveEntry.TapeSegmentHeader.getIno: found 1 problems
src/main/java/org/apache/commons/compress/archivers/dump/DumpArchiveEntry.java: internal error: org.apache.commons.compress.archivers.dump.DumpArchiveEntry.TapeSegmentHeader.getIno: unknown type kind
	data: [==(select(VariableReference(@m_0, pointer(struct(org/apache/commons/compress/archivers/dump/DumpArchiveEntry//TapeSegmentHeader, [], [pointer(reference(java/lang/Object))], [])), @m_0_0), cdata), nil) array(primitive(int, 8, false), primitive(int, 32, false), 0)]
src/main/java/org/apache/commons/compress/archivers/dump/DumpArchiveEntry.java: org.apache.commons.compress.archivers.dump.DumpArchiveEntry.setNlink: computing test cases
src/main/java/org/apache/commons/compress/archivers/dump/DumpArchiveEntry.java: org.apache.commons.compress.archivers.dump.DumpArchiveEntry.setNlink: computed 0 unit tests
src/main/java/org/apache/commons/compress/archivers/dump/DumpArchiveEntry.java: org.apache.commons.compress.archivers.dump.DumpArchiveEntry.setNlink: found 1 problems
src/main/java/org/apache/commons/compress/archivers/dump/DumpArchiveEntry.java: internal error: org.apache.commons.compress.archivers.dump.DumpArchiveEntry.setNlink: not a struct type
	data: unsupported(java/util/Set)
src/main/java/org/apache/commons/compress/archivers/dump/DumpArchiveEntry.java: org.apache.commons.compress.archivers.dump.DumpArchiveEntry.isDirectory: computing test cases
src/main/java/org/apache/commons/compress/archivers/dump/DumpArchiveEntry.java: org.apache.commons.compress.archivers.dump.DumpArchiveEntry.isDirectory: computed 0 unit tests
src/main/java/org/apache/commons/compress/archivers/dump/DumpArchiveEntry.java: org.apache.commons.compress.archivers.dump.DumpArchiveEntry.isDirectory: found 1 problems
src/main/java/org/apache/commons/compress/archivers/dump/DumpArchiveEntry.java: internal error: org.apache.commons.compress.archivers.dump.DumpArchiveEntry.isDirectory: not a struct type
	data: unsupported(java/util/Set)
src/main/java/org/apache/commons/compress/archivers/dump/DumpArchiveEntry.java: org.apache.commons.compress.archivers.dump.DumpArchiveEntry.getPermissions: computing test cases
src/main/java/org/apache/commons/compress/archivers/dump/DumpArchiveEntry.java: org.apache.commons.compress.archivers.dump.DumpArchiveEntry.getPermissions: computed 0 unit tests
src/main/java/org/apache/commons/compress/archivers/dump/DumpArchiveEntry.java: org.apache.commons.compress.archivers.dump.DumpArchiveEntry.getPermissions: found 1 problems
src/main/java/org/apache/commons/compress/archivers/dump/DumpArchiveEntry.java: internal error: org.apache.commons.compress.archivers.dump.DumpArchiveEntry.getPermissions: not a struct type
	data: unsupported(java/util/Set)
src/main/java/org/apache/commons/compress/archivers/dump/DumpArchiveEntry.java: org.apache.commons.compress.archivers.dump.DumpArchiveEntry.isSocket: computing test cases
src/main/java/org/apache/commons/compress/archivers/dump/DumpArchiveEntry.java: org.apache.commons.compress.archivers.dump.DumpArchiveEntry.isSocket: computed 0 unit tests
src/main/java/org/apache/commons/compress/archivers/dump/DumpArchiveEntry.java: org.apache.commons.compress.archivers.dump.DumpArchiveEntry.isSocket: found 1 problems
src/main/java/org/apache/commons/compress/archivers/dump/DumpArchiveEntry.java: internal error: org.apache.commons.compress.archivers.dump.DumpArchiveEntry.isSocket: not a struct type
	data: unsupported(java/util/Set)
src/main/java/org/apache/commons/compress/archivers/dump/DumpArchiveEntry.java: org.apache.commons.compress.archivers.dump.DumpArchiveEntry.getSimpleName: computing test cases
src/main/java/org/apache/commons/compress/archivers/dump/DumpArchiveEntry.java: org.apache.commons.compress.archivers.dump.DumpArchiveEntry.getSimpleName: computed 0 unit tests
src/main/java/org/apache/commons/compress/archivers/dump/DumpArchiveEntry.java: org.apache.commons.compress.archivers.dump.DumpArchiveEntry.getSimpleName: found 1 problems
src/main/java/org/apache/commons/compress/archivers/dump/DumpArchiveEntry.java: internal error: org.apache.commons.compress.archivers.dump.DumpArchiveEntry.getSimpleName: not a struct type
	data: unsupported(java/util/Set)
src/main/java/org/apache/commons/compress/archivers/dump/DumpArchiveEntry.java: org.apache.commons.compress.archivers.dump.DumpArchiveEntry.setVolume: computing test cases
src/main/java/org/apache/commons/compress/archivers/dump/DumpArchiveEntry.java: org.apache.commons.compress.archivers.dump.DumpArchiveEntry.setVolume: computed 0 unit tests
src/main/java/org/apache/commons/compress/archivers/dump/DumpArchiveEntry.java: org.apache.commons.compress.archivers.dump.DumpArchiveEntry.setVolume: found 1 problems
src/main/java/org/apache/commons/compress/archivers/dump/DumpArchiveEntry.java: internal error: org.apache.commons.compress.archivers.dump.DumpArchiveEntry.setVolume: not a struct type
	data: unsupported(java/util/Set)
src/main/java/org/apache/commons/compress/archivers/dump/DumpArchiveEntry.java: org.apache.commons.compress.archivers.dump.DumpArchiveEntry.parse: computing test cases
src/main/java/org/apache/commons/compress/archivers/dump/DumpArchiveEntry.java: org.apache.commons.compress.archivers.dump.DumpArchiveEntry.parse: computed 0 unit tests
src/main/java/org/apache/commons/compress/archivers/dump/DumpArchiveEntry.java: org.apache.commons.compress.archivers.dump.DumpArchiveEntry.parse: found 1 problems
src/main/java/org/apache/commons/compress/archivers/dump/DumpArchiveEntry.java: internal error: org.apache.commons.compress.archivers.dump.DumpArchiveEntry.parse: unknown type kind
	data: unsupported
src/main/java/org/apache/commons/compress/archivers/dump/DumpArchiveEntry.java: org.apache.commons.compress.archivers.dump.DumpArchiveEntry.getOriginalName: computing test cases
src/main/java/org/apache/commons/compress/archivers/dump/DumpArchiveEntry.java: org.apache.commons.compress.archivers.dump.DumpArchiveEntry.getOriginalName: computed 0 unit tests
src/main/java/org/apache/commons/compress/archivers/dump/DumpArchiveEntry.java: org.apache.commons.compress.archivers.dump.DumpArchiveEntry.getOriginalName: found 1 problems
src/main/java/org/apache/commons/compress/archivers/dump/DumpArchiveEntry.java: internal error: org.apache.commons.compress.archivers.dump.DumpArchiveEntry.getOriginalName: not a struct type
	data: unsupported(java/util/Set)
src/main/java/org/apache/commons/compress/archivers/dump/DumpArchiveEntry.java: org.apache.commons.compress.archivers.dump.DumpArchiveEntry.setSize: computing test cases
src/main/java/org/apache/commons/compress/archivers/dump/DumpArchiveEntry.java: org.apache.commons.compress.archivers.dump.DumpArchiveEntry.setSize: computed 0 unit tests
src/main/java/org/apache/commons/compress/archivers/dump/DumpArchiveEntry.java: org.apache.commons.compress.archivers.dump.DumpArchiveEntry.setSize: found 1 problems
src/main/java/org/apache/commons/compress/archivers/dump/DumpArchiveEntry.java: internal error: org.apache.commons.compress.archivers.dump.DumpArchiveEntry.setSize: not a struct type
	data: unsupported(java/util/Set)
src/main/java/org/apache/commons/compress/archivers/dump/DumpArchiveEntry.java: org.apache.commons.compress.archivers.dump.DumpArchiveEntry.TapeSegmentHeader.getType: computing test cases
src/main/java/org/apache/commons/compress/archivers/dump/DumpArchiveEntry.java: org.apache.commons.compress.archivers.dump.DumpArchiveEntry.TapeSegmentHeader.getType: computed 0 unit tests
src/main/java/org/apache/commons/compress/archivers/dump/DumpArchiveEntry.java: org.apache.commons.compress.archivers.dump.DumpArchiveEntry.TapeSegmentHeader.getType: found 1 problems
src/main/java/org/apache/commons/compress/archivers/dump/DumpArchiveEntry.java: internal error: org.apache.commons.compress.archivers.dump.DumpArchiveEntry.TapeSegmentHeader.getType: unknown type kind
	data: [==(select(VariableReference(@m_0, pointer(struct(org/apache/commons/compress/archivers/dump/DumpArchiveEntry//TapeSegmentHeader, [], [pointer(reference(java/lang/Object))], [])), @m_0_0), cdata), nil) array(primitive(int, 8, false), primitive(int, 32, false), 0)]
src/main/java/org/apache/commons/compress/archivers/dump/DumpArchiveEntry.java: org.apache.commons.compress.archivers.dump.DumpArchiveEntry.@@PERMISSION.find: computing test cases
src/main/java/org/apache/commons/compress/archivers/dump/DumpArchiveEntry.java: org.apache.commons.compress.archivers.dump.DumpArchiveEntry.@@PERMISSION.find: computed 0 unit tests
src/main/java/org/apache/commons/compress/archivers/dump/DumpArchiveEntry.java: org.apache.commons.compress.archivers.dump.DumpArchiveEntry.@@PERMISSION.find: found 0 problems
src/main/java/org/apache/commons/compress/archivers/dump/DumpArchiveEntry.java: org.apache.commons.compress.archivers.dump.DumpArchiveEntry.getEntrySize: computing test cases
src/main/java/org/apache/commons/compress/archivers/dump/DumpArchiveEntry.java: org.apache.commons.compress.archivers.dump.DumpArchiveEntry.getEntrySize: computed 0 unit tests
src/main/java/org/apache/commons/compress/archivers/dump/DumpArchiveEntry.java: org.apache.commons.compress.archivers.dump.DumpArchiveEntry.getEntrySize: found 1 problems
src/main/java/org/apache/commons/compress/archivers/dump/DumpArchiveEntry.java: internal error: org.apache.commons.compress.archivers.dump.DumpArchiveEntry.getEntrySize: not a struct type
	data: unsupported(java/util/Set)
src/main/java/org/apache/commons/compress/archivers/dump/DumpArchiveEntry.java: org.apache.commons.compress.archivers.dump.DumpArchiveEntry.setUserId: computing test cases
src/main/java/org/apache/commons/compress/archivers/dump/DumpArchiveEntry.java: org.apache.commons.compress.archivers.dump.DumpArchiveEntry.setUserId: computed 0 unit tests
src/main/java/org/apache/commons/compress/archivers/dump/DumpArchiveEntry.java: org.apache.commons.compress.archivers.dump.DumpArchiveEntry.setUserId: found 1 problems
src/main/java/org/apache/commons/compress/archivers/dump/DumpArchiveEntry.java: internal error: org.apache.commons.compress.archivers.dump.DumpArchiveEntry.setUserId: not a struct type
	data: unsupported(java/util/Set)
src/main/java/org/apache/commons/compress/archivers/dump/DumpArchiveEntry.java: org.apache.commons.compress.archivers.dump.DumpArchiveEntry.getGroupId: computing test cases
src/main/java/org/apache/commons/compress/archivers/dump/DumpArchiveEntry.java: org.apache.commons.compress.archivers.dump.DumpArchiveEntry.getGroupId: computed 0 unit tests
src/main/java/org/apache/commons/compress/archivers/dump/DumpArchiveEntry.java: org.apache.commons.compress.archivers.dump.DumpArchiveEntry.getGroupId: found 1 problems
src/main/java/org/apache/commons/compress/archivers/dump/DumpArchiveEntry.java: internal error: org.apache.commons.compress.archivers.dump.DumpArchiveEntry.getGroupId: not a struct type
	data: unsupported(java/util/Set)
src/main/java/org/apache/commons/compress/archivers/dump/DumpArchiveEntry.java: org.apache.commons.compress.archivers.dump.DumpArchiveEntry.isDeleted: computing test cases
src/main/java/org/apache/commons/compress/archivers/dump/DumpArchiveEntry.java: org.apache.commons.compress.archivers.dump.DumpArchiveEntry.isDeleted: computed 0 unit tests
src/main/java/org/apache/commons/compress/archivers/dump/DumpArchiveEntry.java: org.apache.commons.compress.archivers.dump.DumpArchiveEntry.isDeleted: found 1 problems
src/main/java/org/apache/commons/compress/archivers/dump/DumpArchiveEntry.java: internal error: org.apache.commons.compress.archivers.dump.DumpArchiveEntry.isDeleted: not a struct type
	data: unsupported(java/util/Set)
src/main/java/org/apache/commons/compress/archivers/dump/DumpArchiveEntry.java: org.apache.commons.compress.archivers.dump.DumpArchiveEntry.TapeSegmentHeader.getHoles: computing test cases
src/main/java/org/apache/commons/compress/archivers/dump/DumpArchiveEntry.java: org.apache.commons.compress.archivers.dump.DumpArchiveEntry.TapeSegmentHeader.getHoles: computed 0 unit tests
src/main/java/org/apache/commons/compress/archivers/dump/DumpArchiveEntry.java: org.apache.commons.compress.archivers.dump.DumpArchiveEntry.TapeSegmentHeader.getHoles: found 1 problems
src/main/java/org/apache/commons/compress/archivers/dump/DumpArchiveEntry.java: internal error: org.apache.commons.compress.archivers.dump.DumpArchiveEntry.TapeSegmentHeader.getHoles: unknown type kind
	data: [==(select(VariableReference(@m_0, pointer(struct(org/apache/commons/compress/archivers/dump/DumpArchiveEntry//TapeSegmentHeader, [], [pointer(reference(java/lang/Object))], [])), @m_0_0), cdata), nil) array(primitive(int, 8, false), primitive(int, 32, false), 0)]
src/main/java/org/apache/commons/compress/archivers/dump/DumpArchiveEntry.java: org.apache.commons.compress.archivers.dump.DumpArchiveEntry.isSparseRecord: computing test cases
src/main/java/org/apache/commons/compress/archivers/dump/DumpArchiveEntry.java: org.apache.commons.compress.archivers.dump.DumpArchiveEntry.isSparseRecord: computed 0 unit tests
src/main/java/org/apache/commons/compress/archivers/dump/DumpArchiveEntry.java: org.apache.commons.compress.archivers.dump.DumpArchiveEntry.isSparseRecord: found 1 problems
src/main/java/org/apache/commons/compress/archivers/dump/DumpArchiveEntry.java: internal error: org.apache.commons.compress.archivers.dump.DumpArchiveEntry.isSparseRecord: not a struct type
	data: unsupported(java/util/Set)
src/main/java/org/apache/commons/compress/archivers/dump/DumpArchiveEntry.java: org.apache.commons.compress.archivers.dump.DumpArchiveEntry.DumpArchiveEntry: computing test cases
src/main/java/org/apache/commons/compress/archivers/dump/DumpArchiveEntry.java: org.apache.commons.compress.archivers.dump.DumpArchiveEntry.DumpArchiveEntry: computed 0 unit tests
src/main/java/org/apache/commons/compress/archivers/dump/DumpArchiveEntry.java: org.apache.commons.compress.archivers.dump.DumpArchiveEntry.DumpArchiveEntry: found 1 problems
src/main/java/org/apache/commons/compress/archivers/dump/DumpArchiveEntry.java: internal error: org.apache.commons.compress.archivers.dump.DumpArchiveEntry.DumpArchiveEntry: unknown type kind
	data: unsupported
src/main/java/org/apache/commons/compress/archivers/dump/DumpArchiveEntry.java: org.apache.commons.compress.archivers.dump.DumpArchiveEntry.setMode: computing test cases
src/main/java/org/apache/commons/compress/archivers/dump/DumpArchiveEntry.java: org.apache.commons.compress.archivers.dump.DumpArchiveEntry.setMode: computed 0 unit tests
src/main/java/org/apache/commons/compress/archivers/dump/DumpArchiveEntry.java: org.apache.commons.compress.archivers.dump.DumpArchiveEntry.setMode: found 1 problems
src/main/java/org/apache/commons/compress/archivers/dump/DumpArchiveEntry.java: internal error: org.apache.commons.compress.archivers.dump.DumpArchiveEntry.setMode: not a struct type
	data: unsupported(java/util/Set)
src/main/java/org/apache/commons/compress/archivers/dump/DumpArchiveEntry.java: org.apache.commons.compress.archivers.dump.DumpArchiveEntry.setDeleted: computing test cases
src/main/java/org/apache/commons/compress/archivers/dump/DumpArchiveEntry.java: org.apache.commons.compress.archivers.dump.DumpArchiveEntry.setDeleted: computed 0 unit tests
src/main/java/org/apache/commons/compress/archivers/dump/DumpArchiveEntry.java: org.apache.commons.compress.archivers.dump.DumpArchiveEntry.setDeleted: found 1 problems
src/main/java/org/apache/commons/compress/archivers/dump/DumpArchiveEntry.java: internal error: org.apache.commons.compress.archivers.dump.DumpArchiveEntry.setDeleted: not a struct type
	data: unsupported(java/util/Set)
src/main/java/org/apache/commons/compress/archivers/dump/DumpArchiveEntry.java: org.apache.commons.compress.archivers.dump.DumpArchiveEntry.TapeSegmentHeader.getCdata: computing test cases
src/main/java/org/apache/commons/compress/archivers/dump/DumpArchiveEntry.java: org.apache.commons.compress.archivers.dump.DumpArchiveEntry.TapeSegmentHeader.getCdata: computed 0 unit tests
src/main/java/org/apache/commons/compress/archivers/dump/DumpArchiveEntry.java: org.apache.commons.compress.archivers.dump.DumpArchiveEntry.TapeSegmentHeader.getCdata: found 1 problems
src/main/java/org/apache/commons/compress/archivers/dump/DumpArchiveEntry.java: internal error: org.apache.commons.compress.archivers.dump.DumpArchiveEntry.TapeSegmentHeader.getCdata: unknown type kind
	data: [==(select(VariableReference(@m_0, pointer(struct(org/apache/commons/compress/archivers/dump/DumpArchiveEntry//TapeSegmentHeader, [], [pointer(reference(java/lang/Object))], [])), @m_0_0), cdata), nil) array(primitive(int, 8, false), primitive(int, 32, false), 0)]
src/main/java/org/apache/commons/compress/archivers/dump/DumpArchiveEntry.java: org.apache.commons.compress.archivers.dump.DumpArchiveEntry.setName: computing test cases
src/main/java/org/apache/commons/compress/archivers/dump/DumpArchiveEntry.java: org.apache.commons.compress.archivers.dump.DumpArchiveEntry.setName: computed 0 unit tests
src/main/java/org/apache/commons/compress/archivers/dump/DumpArchiveEntry.java: org.apache.commons.compress.archivers.dump.DumpArchiveEntry.setName: found 1 problems
src/main/java/org/apache/commons/compress/archivers/dump/DumpArchiveEntry.java: internal error: org.apache.commons.compress.archivers.dump.DumpArchiveEntry.setName: not a struct type
	data: unsupported(java/util/Set)
src/main/java/org/apache/commons/compress/archivers/dump/DumpArchiveEntry.java: org.apache.commons.compress.archivers.dump.DumpArchiveEntry.setGroupId: computing test cases
src/main/java/org/apache/commons/compress/archivers/dump/DumpArchiveEntry.java: org.apache.commons.compress.archivers.dump.DumpArchiveEntry.setGroupId: computed 0 unit tests
src/main/java/org/apache/commons/compress/archivers/dump/DumpArchiveEntry.java: org.apache.commons.compress.archivers.dump.DumpArchiveEntry.setGroupId: found 1 problems
src/main/java/org/apache/commons/compress/archivers/dump/DumpArchiveEntry.java: internal error: org.apache.commons.compress.archivers.dump.DumpArchiveEntry.setGroupId: not a struct type
	data: unsupported(java/util/Set)
src/main/java/org/apache/commons/compress/archivers/dump/DumpArchiveEntry.java: org.apache.commons.compress.archivers.dump.DumpArchiveEntry.setCreationTime: computing test cases
src/main/java/org/apache/commons/compress/archivers/dump/DumpArchiveEntry.java: org.apache.commons.compress.archivers.dump.DumpArchiveEntry.setCreationTime: computed 0 unit tests
src/main/java/org/apache/commons/compress/archivers/dump/DumpArchiveEntry.java: org.apache.commons.compress.archivers.dump.DumpArchiveEntry.setCreationTime: found 1 problems
src/main/java/org/apache/commons/compress/archivers/dump/DumpArchiveEntry.java: unsupported: org.apache.commons.compress.archivers.dump.DumpArchiveEntry.setCreationTime: encountered an unsupported type
	data: unsupported(java/util/Date)
src/main/java/org/apache/commons/compress/archivers/dump/DumpArchiveEntry.java: org.apache.commons.compress.archivers.dump.DumpArchiveEntry.TapeSegmentHeader.setIno: computing test cases
src/main/java/org/apache/commons/compress/archivers/dump/DumpArchiveEntry.java: org.apache.commons.compress.archivers.dump.DumpArchiveEntry.TapeSegmentHeader.setIno: computed 0 unit tests
src/main/java/org/apache/commons/compress/archivers/dump/DumpArchiveEntry.java: org.apache.commons.compress.archivers.dump.DumpArchiveEntry.TapeSegmentHeader.setIno: found 1 problems
src/main/java/org/apache/commons/compress/archivers/dump/DumpArchiveEntry.java: internal error: org.apache.commons.compress.archivers.dump.DumpArchiveEntry.TapeSegmentHeader.setIno: unknown type kind
	data: [==(select(VariableReference(@m_0, pointer(struct(org/apache/commons/compress/archivers/dump/DumpArchiveEntry//TapeSegmentHeader, [], [pointer(reference(java/lang/Object))], [])), @m_0_0), cdata), nil) array(primitive(int, 8, false), primitive(int, 32, false), 0)]
src/main/java/org/apache/commons/compress/archivers/dump/DumpArchiveEntry.java: org.apache.commons.compress.archivers.dump.DumpArchiveEntry.@@TYPE.find: computing test cases
src/main/java/org/apache/commons/compress/archivers/dump/DumpArchiveEntry.java: org.apache.commons.compress.archivers.dump.DumpArchiveEntry.@@TYPE.find: computed 2 unit tests
src/main/java/org/apache/commons/compress/archivers/dump/DumpArchiveEntry.java: org.apache.commons.compress.archivers.dump.DumpArchiveEntry.@@TYPE.find: found 0 problems
src/main/java/org/apache/commons/compress/archivers/dump/DumpArchiveEntry.java: org.apache.commons.compress.archivers.dump.DumpArchiveEntry.DumpArchiveEntry: computing test cases
src/main/java/org/apache/commons/compress/archivers/dump/DumpArchiveEntry.java: org.apache.commons.compress.archivers.dump.DumpArchiveEntry.DumpArchiveEntry: computed 0 unit tests
src/main/java/org/apache/commons/compress/archivers/dump/DumpArchiveEntry.java: org.apache.commons.compress.archivers.dump.DumpArchiveEntry.DumpArchiveEntry: found 1 problems
src/main/java/org/apache/commons/compress/archivers/dump/DumpArchiveEntry.java: internal error: org.apache.commons.compress.archivers.dump.DumpArchiveEntry.DumpArchiveEntry: unknown type kind
	data: unsupported
src/main/java/org/apache/commons/compress/archivers/dump/DumpArchiveEntry.java: org.apache.commons.compress.archivers.dump.DumpArchiveEntry.getHeaderHoles: computing test cases
src/main/java/org/apache/commons/compress/archivers/dump/DumpArchiveEntry.java: org.apache.commons.compress.archivers.dump.DumpArchiveEntry.getHeaderHoles: computed 0 unit tests
src/main/java/org/apache/commons/compress/archivers/dump/DumpArchiveEntry.java: org.apache.commons.compress.archivers.dump.DumpArchiveEntry.getHeaderHoles: found 1 problems
src/main/java/org/apache/commons/compress/archivers/dump/DumpArchiveEntry.java: internal error: org.apache.commons.compress.archivers.dump.DumpArchiveEntry.getHeaderHoles: not a struct type
	data: unsupported(java/util/Set)
src/main/java/org/apache/commons/compress/archivers/dump/DumpArchiveEntry.java: org.apache.commons.compress.archivers.dump.DumpArchiveEntry.isBlkDev: computing test cases
src/main/java/org/apache/commons/compress/archivers/dump/DumpArchiveEntry.java: org.apache.commons.compress.archivers.dump.DumpArchiveEntry.isBlkDev: computed 0 unit tests
src/main/java/org/apache/commons/compress/archivers/dump/DumpArchiveEntry.java: org.apache.commons.compress.archivers.dump.DumpArchiveEntry.isBlkDev: found 1 problems
src/main/java/org/apache/commons/compress/archivers/dump/DumpArchiveEntry.java: internal error: org.apache.commons.compress.archivers.dump.DumpArchiveEntry.isBlkDev: not a struct type
	data: unsupported(java/util/Set)
src/main/java/org/apache/commons/compress/archivers/dump/DumpArchiveEntry.java: org.apache.commons.compress.archivers.dump.DumpArchiveEntry.update: computing test cases
src/main/java/org/apache/commons/compress/archivers/dump/DumpArchiveEntry.java: org.apache.commons.compress.archivers.dump.DumpArchiveEntry.update: computed 0 unit tests
src/main/java/org/apache/commons/compress/archivers/dump/DumpArchiveEntry.java: org.apache.commons.compress.archivers.dump.DumpArchiveEntry.update: found 1 problems
src/main/java/org/apache/commons/compress/archivers/dump/DumpArchiveEntry.java: internal error: org.apache.commons.compress.archivers.dump.DumpArchiveEntry.update: not a struct type
	data: unsupported(java/util/Set)
src/main/java/org/apache/commons/compress/archivers/dump/DumpArchiveEntry.java: org.apache.commons.compress.archivers.dump.DumpArchiveEntry.isFile: computing test cases
src/main/java/org/apache/commons/compress/archivers/dump/DumpArchiveEntry.java: org.apache.commons.compress.archivers.dump.DumpArchiveEntry.isFile: computed 0 unit tests
src/main/java/org/apache/commons/compress/archivers/dump/DumpArchiveEntry.java: org.apache.commons.compress.archivers.dump.DumpArchiveEntry.isFile: found 1 problems
src/main/java/org/apache/commons/compress/archivers/dump/DumpArchiveEntry.java: internal error: org.apache.commons.compress.archivers.dump.DumpArchiveEntry.isFile: not a struct type
	data: unsupported(java/util/Set)
src/main/java/org/apache/commons/compress/archivers/dump/DumpArchiveEntry.java: org.apache.commons.compress.archivers.dump.DumpArchiveEntry.setAccessTime: computing test cases
src/main/java/org/apache/commons/compress/archivers/dump/DumpArchiveEntry.java: org.apache.commons.compress.archivers.dump.DumpArchiveEntry.setAccessTime: computed 0 unit tests
src/main/java/org/apache/commons/compress/archivers/dump/DumpArchiveEntry.java: org.apache.commons.compress.archivers.dump.DumpArchiveEntry.setAccessTime: found 1 problems
src/main/java/org/apache/commons/compress/archivers/dump/DumpArchiveEntry.java: unsupported: org.apache.commons.compress.archivers.dump.DumpArchiveEntry.setAccessTime: encountered an unsupported type
	data: unsupported(java/util/Date)
src/main/java/org/apache/commons/compress/archivers/dump/DumpArchiveEntry.java: org.apache.commons.compress.archivers.dump.DumpArchiveEntry.getType: computing test cases
src/main/java/org/apache/commons/compress/archivers/dump/DumpArchiveEntry.java: org.apache.commons.compress.archivers.dump.DumpArchiveEntry.getType: computed 0 unit tests
src/main/java/org/apache/commons/compress/archivers/dump/DumpArchiveEntry.java: org.apache.commons.compress.archivers.dump.DumpArchiveEntry.getType: found 1 problems
src/main/java/org/apache/commons/compress/archivers/dump/DumpArchiveEntry.java: internal error: org.apache.commons.compress.archivers.dump.DumpArchiveEntry.getType: not a struct type
	data: unsupported(java/util/Set)
src/main/java/org/apache/commons/compress/archivers/dump/DumpArchiveEntry.java: org.apache.commons.compress.archivers.dump.DumpArchiveEntry.getUserId: computing test cases
src/main/java/org/apache/commons/compress/archivers/dump/DumpArchiveEntry.java: org.apache.commons.compress.archivers.dump.DumpArchiveEntry.getUserId: computed 0 unit tests
src/main/java/org/apache/commons/compress/archivers/dump/DumpArchiveEntry.java: org.apache.commons.compress.archivers.dump.DumpArchiveEntry.getUserId: found 1 problems
src/main/java/org/apache/commons/compress/archivers/dump/DumpArchiveEntry.java: internal error: org.apache.commons.compress.archivers.dump.DumpArchiveEntry.getUserId: not a struct type
	data: unsupported(java/util/Set)
src/main/java/org/apache/commons/compress/archivers/dump/DumpArchiveEntry.java: org.apache.commons.compress.archivers.dump.DumpArchiveEntry.isFifo: computing test cases
src/main/java/org/apache/commons/compress/archivers/dump/DumpArchiveEntry.java: org.apache.commons.compress.archivers.dump.DumpArchiveEntry.isFifo: computed 0 unit tests
src/main/java/org/apache/commons/compress/archivers/dump/DumpArchiveEntry.java: org.apache.commons.compress.archivers.dump.DumpArchiveEntry.isFifo: found 1 problems
src/main/java/org/apache/commons/compress/archivers/dump/DumpArchiveEntry.java: internal error: org.apache.commons.compress.archivers.dump.DumpArchiveEntry.isFifo: not a struct type
	data: unsupported(java/util/Set)
src/main/java/org/apache/commons/compress/archivers/dump/DumpArchiveEntry.java: org.apache.commons.compress.archivers.dump.DumpArchiveEntry.getNlink: computing test cases
src/main/java/org/apache/commons/compress/archivers/dump/DumpArchiveEntry.java: org.apache.commons.compress.archivers.dump.DumpArchiveEntry.getNlink: computed 0 unit tests
src/main/java/org/apache/commons/compress/archivers/dump/DumpArchiveEntry.java: org.apache.commons.compress.archivers.dump.DumpArchiveEntry.getNlink: found 1 problems
src/main/java/org/apache/commons/compress/archivers/dump/DumpArchiveEntry.java: internal error: org.apache.commons.compress.archivers.dump.DumpArchiveEntry.getNlink: not a struct type
	data: unsupported(java/util/Set)
src/main/java/org/apache/commons/compress/archivers/dump/DumpArchiveEntry.java: org.apache.commons.compress.archivers.dump.DumpArchiveEntry.getMode: computing test cases
src/main/java/org/apache/commons/compress/archivers/dump/DumpArchiveEntry.java: org.apache.commons.compress.archivers.dump.DumpArchiveEntry.getMode: computed 0 unit tests
src/main/java/org/apache/commons/compress/archivers/dump/DumpArchiveEntry.java: org.apache.commons.compress.archivers.dump.DumpArchiveEntry.getMode: found 1 problems
src/main/java/org/apache/commons/compress/archivers/dump/DumpArchiveEntry.java: internal error: org.apache.commons.compress.archivers.dump.DumpArchiveEntry.getMode: not a struct type
	data: unsupported(java/util/Set)
src/main/java/org/apache/commons/compress/archivers/sevenz/SevenZFile.java: org.apache.commons.compress.archivers.sevenz.SevenZFile.read: computing test cases
src/main/java/org/apache/commons/compress/archivers/sevenz/SevenZFile.java: org.apache.commons.compress.archivers.sevenz.SevenZFile.read: found 1 problems
src/main/java/org/apache/commons/compress/archivers/sevenz/SevenZFile.java: internal error: org.apache.commons.compress.archivers.sevenz.SevenZFile.read: unknown type kind
	data: unsupported(java/io/RandomAccessFile)
src/main/java/org/apache/commons/compress/archivers/sevenz/SevenZFile.java: org.apache.commons.compress.archivers.sevenz.SevenZFile.SevenZFile: computing test cases
src/main/java/org/apache/commons/compress/archivers/sevenz/SevenZFile.java: org.apache.commons.compress.archivers.sevenz.SevenZFile.SevenZFile: found 1 problems
src/main/java/org/apache/commons/compress/archivers/sevenz/SevenZFile.java: internal error: org.apache.commons.compress.archivers.sevenz.SevenZFile.SevenZFile: unknown type kind
	data: unsupported(java/io/RandomAccessFile)
src/main/java/org/apache/commons/compress/archivers/sevenz/SevenZFile.java: org.apache.commons.compress.archivers.sevenz.SevenZFile.getNextEntry: computing test cases
src/main/java/org/apache/commons/compress/archivers/sevenz/SevenZFile.java: org.apache.commons.compress.archivers.sevenz.SevenZFile.getNextEntry: found 1 problems
src/main/java/org/apache/commons/compress/archivers/sevenz/SevenZFile.java: internal error: org.apache.commons.compress.archivers.sevenz.SevenZFile.getNextEntry: unknown type kind
	data: unsupported(java/io/RandomAccessFile)
src/main/java/org/apache/commons/compress/archivers/sevenz/SevenZFile.java: org.apache.commons.compress.archivers.sevenz.SevenZFile.close: computing test cases
src/main/java/org/apache/commons/compress/archivers/sevenz/SevenZFile.java: org.apache.commons.compress.archivers.sevenz.SevenZFile.close: found 1 problems
src/main/java/org/apache/commons/compress/archivers/sevenz/SevenZFile.java: internal error: org.apache.commons.compress.archivers.sevenz.SevenZFile.close: unknown type kind
	data: unsupported(java/io/RandomAccessFile)
src/main/java/org/apache/commons/compress/archivers/sevenz/SevenZFile.java: org.apache.commons.compress.archivers.sevenz.SevenZFile.read: computing test cases
src/main/java/org/apache/commons/compress/archivers/sevenz/SevenZFile.java: org.apache.commons.compress.archivers.sevenz.SevenZFile.read: found 1 problems
src/main/java/org/apache/commons/compress/archivers/sevenz/SevenZFile.java: internal error: org.apache.commons.compress.archivers.sevenz.SevenZFile.read: unknown type kind
	data: unsupported(java/io/RandomAccessFile)
src/main/java/org/apache/commons/compress/archivers/sevenz/SevenZFile.java: org.apache.commons.compress.archivers.sevenz.SevenZFile.SevenZFile: computing test cases
src/main/java/org/apache/commons/compress/archivers/sevenz/SevenZFile.java: org.apache.commons.compress.archivers.sevenz.SevenZFile.SevenZFile: found 1 problems
src/main/java/org/apache/commons/compress/archivers/sevenz/SevenZFile.java: internal error: org.apache.commons.compress.archivers.sevenz.SevenZFile.SevenZFile: unknown type kind
	data: unsupported(java/io/RandomAccessFile)
src/main/java/org/apache/commons/compress/archivers/sevenz/SevenZFile.java: org.apache.commons.compress.archivers.sevenz.SevenZFile.matches: computing test cases
src/main/java/org/apache/commons/compress/archivers/sevenz/SevenZFile.java: org.apache.commons.compress.archivers.sevenz.SevenZFile.matches: computed 0 unit tests
src/main/java/org/apache/commons/compress/archivers/sevenz/SevenZFile.java: org.apache.commons.compress.archivers.sevenz.SevenZFile.matches: found 0 problems
src/main/java/org/apache/commons/compress/archivers/sevenz/SevenZFile.java: org.apache.commons.compress.archivers.sevenz.SevenZFile.read: computing test cases
src/main/java/org/apache/commons/compress/archivers/sevenz/SevenZFile.java: org.apache.commons.compress.archivers.sevenz.SevenZFile.read: found 1 problems
src/main/java/org/apache/commons/compress/archivers/sevenz/SevenZFile.java: internal error: org.apache.commons.compress.archivers.sevenz.SevenZFile.read: unknown type kind
	data: unsupported(java/io/RandomAccessFile)
src/main/java/org/apache/commons/compress/archivers/tar/TarArchiveEntry.java: org.apache.commons.compress.archivers.tar.TarArchiveEntry.setUserId: computing test cases
src/main/java/org/apache/commons/compress/archivers/tar/TarArchiveEntry.java: org.apache.commons.compress.archivers.tar.TarArchiveEntry.setUserId: found 1 problems
src/main/java/org/apache/commons/compress/archivers/tar/TarArchiveEntry.java: internal error: org.apache.commons.compress.archivers.tar.TarArchiveEntry.setUserId: unknown type kind
	data: unsupported(java/io/File)
src/main/java/org/apache/commons/compress/archivers/tar/TarArchiveEntry.java: org.apache.commons.compress.archivers.tar.TarArchiveEntry.isDirectory: computing test cases
src/main/java/org/apache/commons/compress/archivers/tar/TarArchiveEntry.java: org.apache.commons.compress.archivers.tar.TarArchiveEntry.isDirectory: found 1 problems
src/main/java/org/apache/commons/compress/archivers/tar/TarArchiveEntry.java: internal error: org.apache.commons.compress.archivers.tar.TarArchiveEntry.isDirectory: unknown type kind
	data: unsupported(java/io/File)
src/main/java/org/apache/commons/compress/archivers/tar/TarArchiveEntry.java: org.apache.commons.compress.archivers.tar.TarArchiveEntry.isCharacterDevice: computing test cases
src/main/java/org/apache/commons/compress/archivers/tar/TarArchiveEntry.java: org.apache.commons.compress.archivers.tar.TarArchiveEntry.isCharacterDevice: found 1 problems
src/main/java/org/apache/commons/compress/archivers/tar/TarArchiveEntry.java: internal error: org.apache.commons.compress.archivers.tar.TarArchiveEntry.isCharacterDevice: unknown type kind
	data: unsupported(java/io/File)
src/main/java/org/apache/commons/compress/archivers/tar/TarArchiveEntry.java: org.apache.commons.compress.archivers.tar.TarArchiveEntry.setGroupName: computing test cases
src/main/java/org/apache/commons/compress/archivers/tar/TarArchiveEntry.java: org.apache.commons.compress.archivers.tar.TarArchiveEntry.setGroupName: found 1 problems
src/main/java/org/apache/commons/compress/archivers/tar/TarArchiveEntry.java: internal error: org.apache.commons.compress.archivers.tar.TarArchiveEntry.setGroupName: unknown type kind
	data: unsupported(java/io/File)
src/main/java/org/apache/commons/compress/archivers/tar/TarArchiveEntry.java: org.apache.commons.compress.archivers.tar.TarArchiveEntry.TarArchiveEntry: computing test cases
src/main/java/org/apache/commons/compress/archivers/tar/TarArchiveEntry.java: org.apache.commons.compress.archivers.tar.TarArchiveEntry.TarArchiveEntry: found 1 problems
src/main/java/org/apache/commons/compress/archivers/tar/TarArchiveEntry.java: internal error: org.apache.commons.compress.archivers.tar.TarArchiveEntry.TarArchiveEntry: unknown type kind
	data: unsupported(java/io/File)
src/main/java/org/apache/commons/compress/archivers/tar/TarArchiveEntry.java: org.apache.commons.compress.archivers.tar.TarArchiveEntry.TarArchiveEntry: computing test cases
src/main/java/org/apache/commons/compress/archivers/tar/TarArchiveEntry.java: org.apache.commons.compress.archivers.tar.TarArchiveEntry.TarArchiveEntry: found 1 problems
src/main/java/org/apache/commons/compress/archivers/tar/TarArchiveEntry.java: internal error: org.apache.commons.compress.archivers.tar.TarArchiveEntry.TarArchiveEntry: unknown type kind
	data: unsupported(java/io/File)
src/main/java/org/apache/commons/compress/archivers/tar/TarArchiveEntry.java: org.apache.commons.compress.archivers.tar.TarArchiveEntry.setDevMajor: computing test cases
src/main/java/org/apache/commons/compress/archivers/tar/TarArchiveEntry.java: org.apache.commons.compress.archivers.tar.TarArchiveEntry.setDevMajor: found 1 problems
src/main/java/org/apache/commons/compress/archivers/tar/TarArchiveEntry.java: internal error: org.apache.commons.compress.archivers.tar.TarArchiveEntry.setDevMajor: unknown type kind
	data: unsupported(java/io/File)
src/main/java/org/apache/commons/compress/archivers/tar/TarArchiveEntry.java: org.apache.commons.compress.archivers.tar.TarArchiveEntry.equals: computing test cases
src/main/java/org/apache/commons/compress/archivers/tar/TarArchiveEntry.java: org.apache.commons.compress.archivers.tar.TarArchiveEntry.equals: found 1 problems
src/main/java/org/apache/commons/compress/archivers/tar/TarArchiveEntry.java: internal error: org.apache.commons.compress.archivers.tar.TarArchiveEntry.equals: unknown type kind
	data: unsupported(java/io/File)
src/main/java/org/apache/commons/compress/archivers/tar/TarArchiveEntry.java: org.apache.commons.compress.archivers.tar.TarArchiveEntry.isFIFO: computing test cases
src/main/java/org/apache/commons/compress/archivers/tar/TarArchiveEntry.java: org.apache.commons.compress.archivers.tar.TarArchiveEntry.isFIFO: found 1 problems
src/main/java/org/apache/commons/compress/archivers/tar/TarArchiveEntry.java: internal error: org.apache.commons.compress.archivers.tar.TarArchiveEntry.isFIFO: unknown type kind
	data: unsupported(java/io/File)
src/main/java/org/apache/commons/compress/archivers/tar/TarArchiveEntry.java: org.apache.commons.compress.archivers.tar.TarArchiveEntry.getLastModifiedDate: computing test cases
src/main/java/org/apache/commons/compress/archivers/tar/TarArchiveEntry.java: org.apache.commons.compress.archivers.tar.TarArchiveEntry.getLastModifiedDate: found 1 problems
src/main/java/org/apache/commons/compress/archivers/tar/TarArchiveEntry.java: internal error: org.apache.commons.compress.archivers.tar.TarArchiveEntry.getLastModifiedDate: unknown type kind
	data: unsupported(java/io/File)
src/main/java/org/apache/commons/compress/archivers/tar/TarArchiveEntry.java: org.apache.commons.compress.archivers.tar.TarArchiveEntry.isLink: computing test cases
src/main/java/org/apache/commons/compress/archivers/tar/TarArchiveEntry.java: org.apache.commons.compress.archivers.tar.TarArchiveEntry.isLink: found 1 problems
src/main/java/org/apache/commons/compress/archivers/tar/TarArchiveEntry.java: internal error: org.apache.commons.compress.archivers.tar.TarArchiveEntry.isLink: unknown type kind
	data: unsupported(java/io/File)
src/main/java/org/apache/commons/compress/archivers/tar/TarArchiveEntry.java: org.apache.commons.compress.archivers.tar.TarArchiveEntry.isGNUSparse: computing test cases
src/main/java/org/apache/commons/compress/archivers/tar/TarArchiveEntry.java: org.apache.commons.compress.archivers.tar.TarArchiveEntry.isGNUSparse: found 1 problems
src/main/java/org/apache/commons/compress/archivers/tar/TarArchiveEntry.java: internal error: org.apache.commons.compress.archivers.tar.TarArchiveEntry.isGNUSparse: unknown type kind
	data: unsupported(java/io/File)
src/main/java/org/apache/commons/compress/archivers/tar/TarArchiveEntry.java: org.apache.commons.compress.archivers.tar.TarArchiveEntry.setUserName: computing test cases
src/main/java/org/apache/commons/compress/archivers/tar/TarArchiveEntry.java: org.apache.commons.compress.archivers.tar.TarArchiveEntry.setUserName: found 1 problems
src/main/java/org/apache/commons/compress/archivers/tar/TarArchiveEntry.java: internal error: org.apache.commons.compress.archivers.tar.TarArchiveEntry.setUserName: unknown type kind
	data: unsupported(java/io/File)
src/main/java/org/apache/commons/compress/archivers/tar/TarArchiveEntry.java: org.apache.commons.compress.archivers.tar.TarArchiveEntry.setName: computing test cases
src/main/java/org/apache/commons/compress/archivers/tar/TarArchiveEntry.java: org.apache.commons.compress.archivers.tar.TarArchiveEntry.setName: found 1 problems
src/main/java/org/apache/commons/compress/archivers/tar/TarArchiveEntry.java: internal error: org.apache.commons.compress.archivers.tar.TarArchiveEntry.setName: unknown type kind
	data: unsupported(java/io/File)
src/main/java/org/apache/commons/compress/archivers/tar/TarArchiveEntry.java: org.apache.commons.compress.archivers.tar.TarArchiveEntry.isGNULongNameEntry: computing test cases
src/main/java/org/apache/commons/compress/archivers/tar/TarArchiveEntry.java: org.apache.commons.compress.archivers.tar.TarArchiveEntry.isGNULongNameEntry: found 1 problems
src/main/java/org/apache/commons/compress/archivers/tar/TarArchiveEntry.java: internal error: org.apache.commons.compress.archivers.tar.TarArchiveEntry.isGNULongNameEntry: unknown type kind
	data: unsupported(java/io/File)
src/main/java/org/apache/commons/compress/archivers/tar/TarArchiveEntry.java: org.apache.commons.compress.archivers.tar.TarArchiveEntry.getGroupName: computing test cases
src/main/java/org/apache/commons/compress/archivers/tar/TarArchiveEntry.java: org.apache.commons.compress.archivers.tar.TarArchiveEntry.getGroupName: found 1 problems
src/main/java/org/apache/commons/compress/archivers/tar/TarArchiveEntry.java: internal error: org.apache.commons.compress.archivers.tar.TarArchiveEntry.getGroupName: unknown type kind
	data: unsupported(java/io/File)
src/main/java/org/apache/commons/compress/archivers/tar/TarArchiveEntry.java: org.apache.commons.compress.archivers.tar.TarArchiveEntry.setDevMinor: computing test cases
src/main/java/org/apache/commons/compress/archivers/tar/TarArchiveEntry.java: org.apache.commons.compress.archivers.tar.TarArchiveEntry.setDevMinor: found 1 problems
src/main/java/org/apache/commons/compress/archivers/tar/TarArchiveEntry.java: internal error: org.apache.commons.compress.archivers.tar.TarArchiveEntry.setDevMinor: unknown type kind
	data: unsupported(java/io/File)
src/main/java/org/apache/commons/compress/archivers/tar/TarArchiveEntry.java: org.apache.commons.compress.archivers.tar.TarArchiveEntry.setLinkName: computing test cases
src/main/java/org/apache/commons/compress/archivers/tar/TarArchiveEntry.java: org.apache.commons.compress.archivers.tar.TarArchiveEntry.setLinkName: found 1 problems
src/main/java/org/apache/commons/compress/archivers/tar/TarArchiveEntry.java: internal error: org.apache.commons.compress.archivers.tar.TarArchiveEntry.setLinkName: unknown type kind
	data: unsupported(java/io/File)
src/main/java/org/apache/commons/compress/archivers/tar/TarArchiveEntry.java: org.apache.commons.compress.archivers.tar.TarArchiveEntry.isExtended: computing test cases
src/main/java/org/apache/commons/compress/archivers/tar/TarArchiveEntry.java: org.apache.commons.compress.archivers.tar.TarArchiveEntry.isExtended: found 1 problems
src/main/java/org/apache/commons/compress/archivers/tar/TarArchiveEntry.java: internal error: org.apache.commons.compress.archivers.tar.TarArchiveEntry.isExtended: unknown type kind
	data: unsupported(java/io/File)
src/main/java/org/apache/commons/compress/archivers/tar/TarArchiveEntry.java: org.apache.commons.compress.archivers.tar.TarArchiveEntry.setIds: computing test cases
src/main/java/org/apache/commons/compress/archivers/tar/TarArchiveEntry.java: org.apache.commons.compress.archivers.tar.TarArchiveEntry.setIds: found 1 problems
src/main/java/org/apache/commons/compress/archivers/tar/TarArchiveEntry.java: internal error: org.apache.commons.compress.archivers.tar.TarArchiveEntry.setIds: unknown type kind
	data: unsupported(java/io/File)
src/main/java/org/apache/commons/compress/archivers/tar/TarArchiveEntry.java: org.apache.commons.compress.archivers.tar.TarArchiveEntry.parseTarHeader: computing test cases
src/main/java/org/apache/commons/compress/archivers/tar/TarArchiveEntry.java: org.apache.commons.compress.archivers.tar.TarArchiveEntry.parseTarHeader: found 1 problems
src/main/java/org/apache/commons/compress/archivers/tar/TarArchiveEntry.java: internal error: org.apache.commons.compress.archivers.tar.TarArchiveEntry.parseTarHeader: unknown type kind
	data: unsupported(java/io/File)
src/main/java/org/apache/commons/compress/archivers/tar/TarArchiveEntry.java: org.apache.commons.compress.archivers.tar.TarArchiveEntry.setNames: computing test cases
src/main/java/org/apache/commons/compress/archivers/tar/TarArchiveEntry.java: org.apache.commons.compress.archivers.tar.TarArchiveEntry.setNames: found 1 problems
src/main/java/org/apache/commons/compress/archivers/tar/TarArchiveEntry.java: internal error: org.apache.commons.compress.archivers.tar.TarArchiveEntry.setNames: unknown type kind
	data: unsupported(java/io/File)
src/main/java/org/apache/commons/compress/archivers/tar/TarArchiveEntry.java: org.apache.commons.compress.archivers.tar.TarArchiveEntry.hashCode: computing test cases
src/main/java/org/apache/commons/compress/archivers/tar/TarArchiveEntry.java: org.apache.commons.compress.archivers.tar.TarArchiveEntry.hashCode: found 1 problems
src/main/java/org/apache/commons/compress/archivers/tar/TarArchiveEntry.java: internal error: org.apache.commons.compress.archivers.tar.TarArchiveEntry.hashCode: unknown type kind
	data: unsupported(java/io/File)
src/main/java/org/apache/commons/compress/archivers/tar/TarArchiveEntry.java: org.apache.commons.compress.archivers.tar.TarArchiveEntry.TarArchiveEntry: computing test cases
src/main/java/org/apache/commons/compress/archivers/tar/TarArchiveEntry.java: org.apache.commons.compress.archivers.tar.TarArchiveEntry.TarArchiveEntry: found 1 problems
src/main/java/org/apache/commons/compress/archivers/tar/TarArchiveEntry.java: internal error: org.apache.commons.compress.archivers.tar.TarArchiveEntry.TarArchiveEntry: unknown type kind
	data: unsupported(java/io/File)
src/main/java/org/apache/commons/compress/archivers/tar/TarArchiveEntry.java: org.apache.commons.compress.archivers.tar.TarArchiveEntry.isGNULongLinkEntry: computing test cases
src/main/java/org/apache/commons/compress/archivers/tar/TarArchiveEntry.java: org.apache.commons.compress.archivers.tar.TarArchiveEntry.isGNULongLinkEntry: found 1 problems
src/main/java/org/apache/commons/compress/archivers/tar/TarArchiveEntry.java: internal error: org.apache.commons.compress.archivers.tar.TarArchiveEntry.isGNULongLinkEntry: unknown type kind
	data: unsupported(java/io/File)
src/main/java/org/apache/commons/compress/archivers/tar/TarArchiveEntry.java: org.apache.commons.compress.archivers.tar.TarArchiveEntry.writeEntryHeader: computing test cases
src/main/java/org/apache/commons/compress/archivers/tar/TarArchiveEntry.java: org.apache.commons.compress.archivers.tar.TarArchiveEntry.writeEntryHeader: found 1 problems
src/main/java/org/apache/commons/compress/archivers/tar/TarArchiveEntry.java: internal error: org.apache.commons.compress.archivers.tar.TarArchiveEntry.writeEntryHeader: unknown type kind
	data: unsupported(java/io/File)
src/main/java/org/apache/commons/compress/archivers/tar/TarArchiveEntry.java: org.apache.commons.compress.archivers.tar.TarArchiveEntry.isDescendent: computing test cases
src/main/java/org/apache/commons/compress/archivers/tar/TarArchiveEntry.java: org.apache.commons.compress.archivers.tar.TarArchiveEntry.isDescendent: found 1 problems
src/main/java/org/apache/commons/compress/archivers/tar/TarArchiveEntry.java: internal error: org.apache.commons.compress.archivers.tar.TarArchiveEntry.isDescendent: unknown type kind
	data: unsupported(java/io/File)
src/main/java/org/apache/commons/compress/archivers/tar/TarArchiveEntry.java: org.apache.commons.compress.archivers.tar.TarArchiveEntry.isGlobalPaxHeader: computing test cases
src/main/java/org/apache/commons/compress/archivers/tar/TarArchiveEntry.java: org.apache.commons.compress.archivers.tar.TarArchiveEntry.isGlobalPaxHeader: found 1 problems
src/main/java/org/apache/commons/compress/archivers/tar/TarArchiveEntry.java: internal error: org.apache.commons.compress.archivers.tar.TarArchiveEntry.isGlobalPaxHeader: unknown type kind
	data: unsupported(java/io/File)
src/main/java/org/apache/commons/compress/archivers/tar/TarArchiveEntry.java: org.apache.commons.compress.archivers.tar.TarArchiveEntry.isSymbolicLink: computing test cases
src/main/java/org/apache/commons/compress/archivers/tar/TarArchiveEntry.java: org.apache.commons.compress.archivers.tar.TarArchiveEntry.isSymbolicLink: found 1 problems
src/main/java/org/apache/commons/compress/archivers/tar/TarArchiveEntry.java: internal error: org.apache.commons.compress.archivers.tar.TarArchiveEntry.isSymbolicLink: unknown type kind
	data: unsupported(java/io/File)
src/main/java/org/apache/commons/compress/archivers/tar/TarArchiveEntry.java: org.apache.commons.compress.archivers.tar.TarArchiveEntry.getModTime: computing test cases
src/main/java/org/apache/commons/compress/archivers/tar/TarArchiveEntry.java: org.apache.commons.compress.archivers.tar.TarArchiveEntry.getModTime: found 1 problems
src/main/java/org/apache/commons/compress/archivers/tar/TarArchiveEntry.java: internal error: org.apache.commons.compress.archivers.tar.TarArchiveEntry.getModTime: unknown type kind
	data: unsupported(java/io/File)
src/main/java/org/apache/commons/compress/archivers/tar/TarArchiveEntry.java: org.apache.commons.compress.archivers.tar.TarArchiveEntry.getRealSize: computing test cases
src/main/java/org/apache/commons/compress/archivers/tar/TarArchiveEntry.java: org.apache.commons.compress.archivers.tar.TarArchiveEntry.getRealSize: found 1 problems
src/main/java/org/apache/commons/compress/archivers/tar/TarArchiveEntry.java: internal error: org.apache.commons.compress.archivers.tar.TarArchiveEntry.getRealSize: unknown type kind
	data: unsupported(java/io/File)
src/main/java/org/apache/commons/compress/archivers/tar/TarArchiveEntry.java: org.apache.commons.compress.archivers.tar.TarArchiveEntry.TarArchiveEntry: computing test cases
src/main/java/org/apache/commons/compress/archivers/tar/TarArchiveEntry.java: org.apache.commons.compress.archivers.tar.TarArchiveEntry.TarArchiveEntry: found 1 problems
src/main/java/org/apache/commons/compress/archivers/tar/TarArchiveEntry.java: internal error: org.apache.commons.compress.archivers.tar.TarArchiveEntry.TarArchiveEntry: unknown type kind
	data: unsupported(java/io/File)
src/main/java/org/apache/commons/compress/archivers/tar/TarArchiveEntry.java: org.apache.commons.compress.archivers.tar.TarArchiveEntry.setModTime: computing test cases
src/main/java/org/apache/commons/compress/archivers/tar/TarArchiveEntry.java: org.apache.commons.compress.archivers.tar.TarArchiveEntry.setModTime: found 1 problems
src/main/java/org/apache/commons/compress/archivers/tar/TarArchiveEntry.java: internal error: org.apache.commons.compress.archivers.tar.TarArchiveEntry.setModTime: unknown type kind
	data: unsupported(java/io/File)
src/main/java/org/apache/commons/compress/archivers/tar/TarArchiveEntry.java: org.apache.commons.compress.archivers.tar.TarArchiveEntry.equals: computing test cases
src/main/java/org/apache/commons/compress/archivers/tar/TarArchiveEntry.java: org.apache.commons.compress.archivers.tar.TarArchiveEntry.equals: found 1 problems
src/main/java/org/apache/commons/compress/archivers/tar/TarArchiveEntry.java: internal error: org.apache.commons.compress.archivers.tar.TarArchiveEntry.equals: unknown type kind
	data: unsupported(java/io/File)
src/main/java/org/apache/commons/compress/archivers/tar/TarArchiveEntry.java: org.apache.commons.compress.archivers.tar.TarArchiveEntry.getName: computing test cases
src/main/java/org/apache/commons/compress/archivers/tar/TarArchiveEntry.java: org.apache.commons.compress.archivers.tar.TarArchiveEntry.getName: found 1 problems
src/main/java/org/apache/commons/compress/archivers/tar/TarArchiveEntry.java: internal error: org.apache.commons.compress.archivers.tar.TarArchiveEntry.getName: unknown type kind
	data: unsupported(java/io/File)
src/main/java/org/apache/commons/compress/archivers/tar/TarArchiveEntry.java: org.apache.commons.compress.archivers.tar.TarArchiveEntry.getDirectoryEntries: computing test cases
src/main/java/org/apache/commons/compress/archivers/tar/TarArchiveEntry.java: org.apache.commons.compress.archivers.tar.TarArchiveEntry.getDirectoryEntries: computed 0 unit tests
src/main/java/org/apache/commons/compress/archivers/tar/TarArchiveEntry.java: org.apache.commons.compress.archivers.tar.TarArchiveEntry.getGroupId: computing test cases
src/main/java/org/apache/commons/compress/archivers/tar/TarArchiveEntry.java: org.apache.commons.compress.archivers.tar.TarArchiveEntry.getGroupId: found 1 problems
src/main/java/org/apache/commons/compress/archivers/tar/TarArchiveEntry.java: internal error: org.apache.commons.compress.archivers.tar.TarArchiveEntry.getGroupId: unknown type kind
	data: unsupported(java/io/File)
src/main/java/org/apache/commons/compress/archivers/tar/TarArchiveEntry.java: org.apache.commons.compress.archivers.tar.TarArchiveEntry.getLinkName: computing test cases
src/main/java/org/apache/commons/compress/archivers/tar/TarArchiveEntry.java: org.apache.commons.compress.archivers.tar.TarArchiveEntry.getLinkName: found 1 problems
src/main/java/org/apache/commons/compress/archivers/tar/TarArchiveEntry.java: internal error: org.apache.commons.compress.archivers.tar.TarArchiveEntry.getLinkName: unknown type kind
	data: unsupported(java/io/File)
src/main/java/org/apache/commons/compress/archivers/tar/TarArchiveEntry.java: org.apache.commons.compress.archivers.tar.TarArchiveEntry.parseTarHeader: computing test cases
src/main/java/org/apache/commons/compress/archivers/tar/TarArchiveEntry.java: org.apache.commons.compress.archivers.tar.TarArchiveEntry.parseTarHeader: found 1 problems
src/main/java/org/apache/commons/compress/archivers/tar/TarArchiveEntry.java: internal error: org.apache.commons.compress.archivers.tar.TarArchiveEntry.parseTarHeader: unknown type kind
	data: unsupported(java/io/File)
src/main/java/org/apache/commons/compress/archivers/tar/TarArchiveEntry.java: org.apache.commons.compress.archivers.tar.TarArchiveEntry.getUserId: computing test cases
src/main/java/org/apache/commons/compress/archivers/tar/TarArchiveEntry.java: org.apache.commons.compress.archivers.tar.TarArchiveEntry.getUserId: found 1 problems
src/main/java/org/apache/commons/compress/archivers/tar/TarArchiveEntry.java: internal error: org.apache.commons.compress.archivers.tar.TarArchiveEntry.getUserId: unknown type kind
	data: unsupported(java/io/File)
src/main/java/org/apache/commons/compress/archivers/tar/TarArchiveEntry.java: org.apache.commons.compress.archivers.tar.TarArchiveEntry.setModTime: computing test cases
src/main/java/org/apache/commons/compress/archivers/tar/TarArchiveEntry.java: org.apache.commons.compress.archivers.tar.TarArchiveEntry.setModTime: found 1 problems
src/main/java/org/apache/commons/compress/archivers/tar/TarArchiveEntry.java: internal error: org.apache.commons.compress.archivers.tar.TarArchiveEntry.setModTime: unknown type kind
	data: unsupported(java/io/File)
src/main/java/org/apache/commons/compress/archivers/tar/TarArchiveEntry.java: org.apache.commons.compress.archivers.tar.TarArchiveEntry.setMode: computing test cases
src/main/java/org/apache/commons/compress/archivers/tar/TarArchiveEntry.java: org.apache.commons.compress.archivers.tar.TarArchiveEntry.setMode: found 1 problems
src/main/java/org/apache/commons/compress/archivers/tar/TarArchiveEntry.java: internal error: org.apache.commons.compress.archivers.tar.TarArchiveEntry.setMode: unknown type kind
	data: unsupported(java/io/File)
src/main/java/org/apache/commons/compress/archivers/tar/TarArchiveEntry.java: org.apache.commons.compress.archivers.tar.TarArchiveEntry.getSize: computing test cases
src/main/java/org/apache/commons/compress/archivers/tar/TarArchiveEntry.java: org.apache.commons.compress.archivers.tar.TarArchiveEntry.getSize: found 1 problems
src/main/java/org/apache/commons/compress/archivers/tar/TarArchiveEntry.java: internal error: org.apache.commons.compress.archivers.tar.TarArchiveEntry.getSize: unknown type kind
	data: unsupported(java/io/File)
src/main/java/org/apache/commons/compress/archivers/tar/TarArchiveEntry.java: org.apache.commons.compress.archivers.tar.TarArchiveEntry.TarArchiveEntry: computing test cases
src/main/java/org/apache/commons/compress/archivers/tar/TarArchiveEntry.java: org.apache.commons.compress.archivers.tar.TarArchiveEntry.TarArchiveEntry: found 1 problems
src/main/java/org/apache/commons/compress/archivers/tar/TarArchiveEntry.java: internal error: org.apache.commons.compress.archivers.tar.TarArchiveEntry.TarArchiveEntry: unknown type kind
	data: unsupported(java/io/File)
src/main/java/org/apache/commons/compress/archivers/tar/TarArchiveEntry.java: org.apache.commons.compress.archivers.tar.TarArchiveEntry.writeEntryHeader: computing test cases
src/main/java/org/apache/commons/compress/archivers/tar/TarArchiveEntry.java: org.apache.commons.compress.archivers.tar.TarArchiveEntry.writeEntryHeader: found 1 problems
src/main/java/org/apache/commons/compress/archivers/tar/TarArchiveEntry.java: internal error: org.apache.commons.compress.archivers.tar.TarArchiveEntry.writeEntryHeader: unknown type kind
	data: unsupported(java/io/File)
src/main/java/org/apache/commons/compress/archivers/tar/TarArchiveEntry.java: org.apache.commons.compress.archivers.tar.TarArchiveEntry.TarArchiveEntry: computing test cases
src/main/java/org/apache/commons/compress/archivers/tar/TarArchiveEntry.java: org.apache.commons.compress.archivers.tar.TarArchiveEntry.TarArchiveEntry: found 1 problems
src/main/java/org/apache/commons/compress/archivers/tar/TarArchiveEntry.java: internal error: org.apache.commons.compress.archivers.tar.TarArchiveEntry.TarArchiveEntry: unknown type kind
	data: unsupported(java/io/File)
src/main/java/org/apache/commons/compress/archivers/tar/TarArchiveEntry.java: org.apache.commons.compress.archivers.tar.TarArchiveEntry.getFile: computing test cases
src/main/java/org/apache/commons/compress/archivers/tar/TarArchiveEntry.java: org.apache.commons.compress.archivers.tar.TarArchiveEntry.getFile: found 1 problems
src/main/java/org/apache/commons/compress/archivers/tar/TarArchiveEntry.java: internal error: org.apache.commons.compress.archivers.tar.TarArchiveEntry.getFile: unknown type kind
	data: unsupported(java/io/File)
src/main/java/org/apache/commons/compress/archivers/tar/TarArchiveEntry.java: org.apache.commons.compress.archivers.tar.TarArchiveEntry.isCheckSumOK: computing test cases
src/main/java/org/apache/commons/compress/archivers/tar/TarArchiveEntry.java: org.apache.commons.compress.archivers.tar.TarArchiveEntry.isCheckSumOK: found 1 problems
src/main/java/org/apache/commons/compress/archivers/tar/TarArchiveEntry.java: internal error: org.apache.commons.compress.archivers.tar.TarArchiveEntry.isCheckSumOK: unknown type kind
	data: unsupported(java/io/File)
src/main/java/org/apache/commons/compress/archivers/tar/TarArchiveEntry.java: org.apache.commons.compress.archivers.tar.TarArchiveEntry.isBlockDevice: computing test cases
src/main/java/org/apache/commons/compress/archivers/tar/TarArchiveEntry.java: org.apache.commons.compress.archivers.tar.TarArchiveEntry.isBlockDevice: found 1 problems
src/main/java/org/apache/commons/compress/archivers/tar/TarArchiveEntry.java: internal error: org.apache.commons.compress.archivers.tar.TarArchiveEntry.isBlockDevice: unknown type kind
	data: unsupported(java/io/File)
src/main/java/org/apache/commons/compress/archivers/tar/TarArchiveEntry.java: org.apache.commons.compress.archivers.tar.TarArchiveEntry.isPaxHeader: computing test cases
src/main/java/org/apache/commons/compress/archivers/tar/TarArchiveEntry.java: org.apache.commons.compress.archivers.tar.TarArchiveEntry.isPaxHeader: found 1 problems
src/main/java/org/apache/commons/compress/archivers/tar/TarArchiveEntry.java: internal error: org.apache.commons.compress.archivers.tar.TarArchiveEntry.isPaxHeader: unknown type kind
	data: unsupported(java/io/File)
src/main/java/org/apache/commons/compress/archivers/tar/TarArchiveEntry.java: org.apache.commons.compress.archivers.tar.TarArchiveEntry.TarArchiveEntry: computing test cases
src/main/java/org/apache/commons/compress/archivers/tar/TarArchiveEntry.java: org.apache.commons.compress.archivers.tar.TarArchiveEntry.TarArchiveEntry: found 1 problems
src/main/java/org/apache/commons/compress/archivers/tar/TarArchiveEntry.java: internal error: org.apache.commons.compress.archivers.tar.TarArchiveEntry.TarArchiveEntry: unknown type kind
	data: unsupported(java/io/File)
src/main/java/org/apache/commons/compress/archivers/tar/TarArchiveEntry.java: org.apache.commons.compress.archivers.tar.TarArchiveEntry.isFile: computing test cases
src/main/java/org/apache/commons/compress/archivers/tar/TarArchiveEntry.java: org.apache.commons.compress.archivers.tar.TarArchiveEntry.isFile: found 1 problems
src/main/java/org/apache/commons/compress/archivers/tar/TarArchiveEntry.java: internal error: org.apache.commons.compress.archivers.tar.TarArchiveEntry.isFile: unknown type kind
	data: unsupported(java/io/File)
src/main/java/org/apache/commons/compress/archivers/tar/TarArchiveEntry.java: org.apache.commons.compress.archivers.tar.TarArchiveEntry.setGroupId: computing test cases
src/main/java/org/apache/commons/compress/archivers/tar/TarArchiveEntry.java: org.apache.commons.compress.archivers.tar.TarArchiveEntry.setGroupId: found 1 problems
src/main/java/org/apache/commons/compress/archivers/tar/TarArchiveEntry.java: internal error: org.apache.commons.compress.archivers.tar.TarArchiveEntry.setGroupId: unknown type kind
	data: unsupported(java/io/File)
src/main/java/org/apache/commons/compress/archivers/tar/TarArchiveEntry.java: org.apache.commons.compress.archivers.tar.TarArchiveEntry.TarArchiveEntry: computing test cases
src/main/java/org/apache/commons/compress/archivers/tar/TarArchiveEntry.java: org.apache.commons.compress.archivers.tar.TarArchiveEntry.TarArchiveEntry: found 1 problems
src/main/java/org/apache/commons/compress/archivers/tar/TarArchiveEntry.java: internal error: org.apache.commons.compress.archivers.tar.TarArchiveEntry.TarArchiveEntry: unknown type kind
	data: unsupported(java/io/File)
src/main/java/org/apache/commons/compress/archivers/tar/TarArchiveEntry.java: org.apache.commons.compress.archivers.tar.TarArchiveEntry.getDevMajor: computing test cases
src/main/java/org/apache/commons/compress/archivers/tar/TarArchiveEntry.java: org.apache.commons.compress.archivers.tar.TarArchiveEntry.getDevMajor: found 1 problems
src/main/java/org/apache/commons/compress/archivers/tar/TarArchiveEntry.java: internal error: org.apache.commons.compress.archivers.tar.TarArchiveEntry.getDevMajor: unknown type kind
	data: unsupported(java/io/File)
src/main/java/org/apache/commons/compress/archivers/tar/TarArchiveEntry.java: org.apache.commons.compress.archivers.tar.TarArchiveEntry.setSize: computing test cases
src/main/java/org/apache/commons/compress/archivers/tar/TarArchiveEntry.java: org.apache.commons.compress.archivers.tar.TarArchiveEntry.setSize: found 1 problems
src/main/java/org/apache/commons/compress/archivers/tar/TarArchiveEntry.java: internal error: org.apache.commons.compress.archivers.tar.TarArchiveEntry.setSize: unknown type kind
	data: unsupported(java/io/File)
src/main/java/org/apache/commons/compress/archivers/tar/TarArchiveEntry.java: org.apache.commons.compress.archivers.tar.TarArchiveEntry.getDevMinor: computing test cases
src/main/java/org/apache/commons/compress/archivers/tar/TarArchiveEntry.java: org.apache.commons.compress.archivers.tar.TarArchiveEntry.getDevMinor: found 1 problems
src/main/java/org/apache/commons/compress/archivers/tar/TarArchiveEntry.java: internal error: org.apache.commons.compress.archivers.tar.TarArchiveEntry.getDevMinor: unknown type kind
	data: unsupported(java/io/File)
src/main/java/org/apache/commons/compress/archivers/tar/TarArchiveEntry.java: org.apache.commons.compress.archivers.tar.TarArchiveEntry.getUserName: computing test cases
src/main/java/org/apache/commons/compress/archivers/tar/TarArchiveEntry.java: org.apache.commons.compress.archivers.tar.TarArchiveEntry.getUserName: found 1 problems
src/main/java/org/apache/commons/compress/archivers/tar/TarArchiveEntry.java: internal error: org.apache.commons.compress.archivers.tar.TarArchiveEntry.getUserName: unknown type kind
	data: unsupported(java/io/File)
src/main/java/org/apache/commons/compress/archivers/tar/TarArchiveEntry.java: org.apache.commons.compress.archivers.tar.TarArchiveEntry.getMode: computing test cases
src/main/java/org/apache/commons/compress/archivers/tar/TarArchiveEntry.java: org.apache.commons.compress.archivers.tar.TarArchiveEntry.getMode: found 1 problems
src/main/java/org/apache/commons/compress/archivers/tar/TarArchiveEntry.java: internal error: org.apache.commons.compress.archivers.tar.TarArchiveEntry.getMode: unknown type kind
	data: unsupported(java/io/File)
src/main/java/org/apache/commons/compress/archivers/ar/ArArchiveOutputStream.java: org.apache.commons.compress.archivers.ar.ArArchiveOutputStream.close: computing test cases
src/main/java/org/apache/commons/compress/archivers/ar/ArArchiveOutputStream.java: org.apache.commons.compress.archivers.ar.ArArchiveOutputStream.close: computed 3 unit tests
src/main/java/org/apache/commons/compress/archivers/ar/ArArchiveOutputStream.java: org.apache.commons.compress.archivers.ar.ArArchiveOutputStream.close: found 1 problems
src/main/java/org/apache/commons/compress/archivers/ar/ArArchiveOutputStream.java:212:9: critical: org.apache.commons.compress.archivers.ar.ArArchiveOutputStream.close: uncaught java.lang.NullPointerException
src/main/java/org/apache/commons/compress/archivers/ar/ArArchiveOutputStream.java: org.apache.commons.compress.archivers.ar.ArArchiveOutputStream.setLongFileMode: computing test cases
src/main/java/org/apache/commons/compress/archivers/ar/ArArchiveOutputStream.java: org.apache.commons.compress.archivers.ar.ArArchiveOutputStream.setLongFileMode: computed 1 unit tests
src/main/java/org/apache/commons/compress/archivers/ar/ArArchiveOutputStream.java: org.apache.commons.compress.archivers.ar.ArArchiveOutputStream.setLongFileMode: found 0 problems
src/main/java/org/apache/commons/compress/archivers/ar/ArArchiveOutputStream.java: org.apache.commons.compress.archivers.ar.ArArchiveOutputStream.ArArchiveOutputStream: computing test cases
src/main/java/org/apache/commons/compress/archivers/ar/ArArchiveOutputStream.java: org.apache.commons.compress.archivers.ar.ArArchiveOutputStream.ArArchiveOutputStream: computed 1 unit tests
src/main/java/org/apache/commons/compress/archivers/ar/ArArchiveOutputStream.java: org.apache.commons.compress.archivers.ar.ArArchiveOutputStream.ArArchiveOutputStream: found 0 problems
src/main/java/org/apache/commons/compress/archivers/ar/ArArchiveOutputStream.java: org.apache.commons.compress.archivers.ar.ArArchiveOutputStream.write: computing test cases
src/main/java/org/apache/commons/compress/archivers/ar/ArArchiveOutputStream.java: org.apache.commons.compress.archivers.ar.ArArchiveOutputStream.write: computed 1 unit tests
src/main/java/org/apache/commons/compress/archivers/ar/ArArchiveOutputStream.java: org.apache.commons.compress.archivers.ar.ArArchiveOutputStream.write: found 2 problems
src/main/java/org/apache/commons/compress/archivers/ar/ArArchiveOutputStream.java: internal error: org.apache.commons.compress.archivers.ar.ArArchiveOutputStream.write: unknown selector
	data: select(this, out)
src/main/java/org/apache/commons/compress/archivers/ar/ArArchiveOutputStream.java:199:9: critical: org.apache.commons.compress.archivers.ar.ArArchiveOutputStream.write: uncaught java.lang.NullPointerException
src/main/java/org/apache/commons/compress/archivers/ar/ArArchiveOutputStream.java: org.apache.commons.compress.archivers.ar.ArArchiveOutputStream.putArchiveEntry: computing test cases
src/main/java/org/apache/commons/compress/archivers/ar/ArArchiveOutputStream.java: org.apache.commons.compress.archivers.ar.ArArchiveOutputStream.putArchiveEntry: computed 0 unit tests
src/main/java/org/apache/commons/compress/archivers/ar/ArArchiveOutputStream.java: org.apache.commons.compress.archivers.ar.ArArchiveOutputStream.putArchiveEntry: found 1 problems
src/main/java/org/apache/commons/compress/archivers/ar/ArArchiveOutputStream.java: unsupported: org.apache.commons.compress.archivers.ar.ArArchiveOutputStream.putArchiveEntry: unsupported type cast
	data: cast(variable(pEntry_0, struct(org/apache/commons/compress/archivers/ArchiveEntry, [], [pointer(reference(java/lang/Object))], [])), pointer(reference(org/apache/commons/compress/archivers/ar/ArArchiveEntry)))
src/main/java/org/apache/commons/compress/archivers/ar/ArArchiveOutputStream.java: org.apache.commons.compress.archivers.ar.ArArchiveOutputStream.finish: computing test cases
src/main/java/org/apache/commons/compress/archivers/ar/ArArchiveOutputStream.java: org.apache.commons.compress.archivers.ar.ArArchiveOutputStream.finish: computed 3 unit tests
src/main/java/org/apache/commons/compress/archivers/ar/ArArchiveOutputStream.java: org.apache.commons.compress.archivers.ar.ArArchiveOutputStream.finish: found 2 problems
src/main/java/org/apache/commons/compress/archivers/ar/ArArchiveOutputStream.java:228:13: critical: org.apache.commons.compress.archivers.ar.ArArchiveOutputStream.finish: uncaught java.io.IOException
src/main/java/org/apache/commons/compress/archivers/ar/ArArchiveOutputStream.java:230:13: critical: org.apache.commons.compress.archivers.ar.ArArchiveOutputStream.finish: uncaught java.io.IOException
src/main/java/org/apache/commons/compress/archivers/ar/ArArchiveOutputStream.java: org.apache.commons.compress.archivers.ar.ArArchiveOutputStream.closeArchiveEntry: computing test cases
src/main/java/org/apache/commons/compress/archivers/ar/ArArchiveOutputStream.java: org.apache.commons.compress.archivers.ar.ArArchiveOutputStream.closeArchiveEntry: computed 1 unit tests
src/main/java/org/apache/commons/compress/archivers/ar/ArArchiveOutputStream.java: org.apache.commons.compress.archivers.ar.ArArchiveOutputStream.closeArchiveEntry: found 1 problems
src/main/java/org/apache/commons/compress/archivers/ar/ArArchiveOutputStream.java: unsupported: org.apache.commons.compress.archivers.ar.ArArchiveOutputStream.closeArchiveEntry: unsupported access
	data: function(variable(this, pointer(reference(java/io/OutputStream))), java/io/OutputStream//write!82a13d2b9378b45b5451d30242dc1218, [variable(b, primitive(int, 32, false))], [], <nil>)
src/main/java/org/apache/commons/compress/archivers/ar/ArArchiveOutputStream.java: org.apache.commons.compress.archivers.ar.ArArchiveOutputStream.createArchiveEntry: computing test cases
src/main/java/org/apache/commons/compress/archivers/ar/ArArchiveOutputStream.java: org.apache.commons.compress.archivers.ar.ArArchiveOutputStream.createArchiveEntry: computed 0 unit tests
src/main/java/org/apache/commons/compress/archivers/ar/ArArchiveOutputStream.java: org.apache.commons.compress.archivers.ar.ArArchiveOutputStream.createArchiveEntry: found 1 problems
src/main/java/org/apache/commons/compress/archivers/ar/ArArchiveOutputStream.java: unsupported: org.apache.commons.compress.archivers.ar.ArArchiveOutputStream.createArchiveEntry: encountered an unsupported type
	data: unsupported(java/io/File)
src/main/java/org/apache/commons/compress/archivers/tar/TarArchiveInputStream.java: org.apache.commons.compress.archivers.tar.TarArchiveInputStream.getCurrentEntry: computing test cases
src/main/java/org/apache/commons/compress/archivers/tar/TarArchiveInputStream.java: org.apache.commons.compress.archivers.tar.TarArchiveInputStream.getCurrentEntry: found 1 problems
src/main/java/org/apache/commons/compress/archivers/tar/TarArchiveInputStream.java: internal error: org.apache.commons.compress.archivers.tar.TarArchiveInputStream.getCurrentEntry: unknown type kind
	data: unsupported(java/io/File)
src/main/java/org/apache/commons/compress/archivers/tar/TarArchiveInputStream.java: org.apache.commons.compress.archivers.tar.TarArchiveInputStream.TarArchiveInputStream: computing test cases
src/main/java/org/apache/commons/compress/archivers/tar/TarArchiveInputStream.java: org.apache.commons.compress.archivers.tar.TarArchiveInputStream.TarArchiveInputStream: found 1 problems
src/main/java/org/apache/commons/compress/archivers/tar/TarArchiveInputStream.java: internal error: org.apache.commons.compress.archivers.tar.TarArchiveInputStream.TarArchiveInputStream: unknown type kind
	data: unsupported(java/io/File)
src/main/java/org/apache/commons/compress/archivers/tar/TarArchiveInputStream.java: org.apache.commons.compress.archivers.tar.TarArchiveInputStream.isAtEOF: computing test cases
src/main/java/org/apache/commons/compress/archivers/tar/TarArchiveInputStream.java: org.apache.commons.compress.archivers.tar.TarArchiveInputStream.isAtEOF: found 1 problems
src/main/java/org/apache/commons/compress/archivers/tar/TarArchiveInputStream.java: internal error: org.apache.commons.compress.archivers.tar.TarArchiveInputStream.isAtEOF: unknown type kind
	data: unsupported(java/io/File)
src/main/java/org/apache/commons/compress/archivers/tar/TarArchiveInputStream.java: org.apache.commons.compress.archivers.tar.TarArchiveInputStream.canReadEntryData: computing test cases
src/main/java/org/apache/commons/compress/archivers/tar/TarArchiveInputStream.java: org.apache.commons.compress.archivers.tar.TarArchiveInputStream.canReadEntryData: found 1 problems
src/main/java/org/apache/commons/compress/archivers/tar/TarArchiveInputStream.java: internal error: org.apache.commons.compress.archivers.tar.TarArchiveInputStream.canReadEntryData: unknown type kind
	data: unsupported(java/io/File)
src/main/java/org/apache/commons/compress/archivers/tar/TarArchiveInputStream.java: org.apache.commons.compress.archivers.tar.TarArchiveInputStream.isEOFRecord: computing test cases
src/main/java/org/apache/commons/compress/archivers/tar/TarArchiveInputStream.java: org.apache.commons.compress.archivers.tar.TarArchiveInputStream.isEOFRecord: found 1 problems
src/main/java/org/apache/commons/compress/archivers/tar/TarArchiveInputStream.java: internal error: org.apache.commons.compress.archivers.tar.TarArchiveInputStream.isEOFRecord: unknown type kind
	data: unsupported(java/io/File)
src/main/java/org/apache/commons/compress/archivers/tar/TarArchiveInputStream.java: org.apache.commons.compress.archivers.tar.TarArchiveInputStream.TarArchiveInputStream: computing test cases
src/main/java/org/apache/commons/compress/archivers/tar/TarArchiveInputStream.java: org.apache.commons.compress.archivers.tar.TarArchiveInputStream.TarArchiveInputStream: found 1 problems
src/main/java/org/apache/commons/compress/archivers/tar/TarArchiveInputStream.java: internal error: org.apache.commons.compress.archivers.tar.TarArchiveInputStream.TarArchiveInputStream: unknown type kind
	data: unsupported(java/io/File)
src/main/java/org/apache/commons/compress/archivers/tar/TarArchiveInputStream.java: org.apache.commons.compress.archivers.tar.TarArchiveInputStream.setAtEOF: computing test cases
src/main/java/org/apache/commons/compress/archivers/tar/TarArchiveInputStream.java: org.apache.commons.compress.archivers.tar.TarArchiveInputStream.setAtEOF: found 1 problems
src/main/java/org/apache/commons/compress/archivers/tar/TarArchiveInputStream.java: internal error: org.apache.commons.compress.archivers.tar.TarArchiveInputStream.setAtEOF: unknown type kind
	data: unsupported(java/io/File)
src/main/java/org/apache/commons/compress/archivers/tar/TarArchiveInputStream.java: org.apache.commons.compress.archivers.tar.TarArchiveInputStream.TarArchiveInputStream: computing test cases
src/main/java/org/apache/commons/compress/archivers/tar/TarArchiveInputStream.java: org.apache.commons.compress.archivers.tar.TarArchiveInputStream.TarArchiveInputStream: found 1 problems
src/main/java/org/apache/commons/compress/archivers/tar/TarArchiveInputStream.java: internal error: org.apache.commons.compress.archivers.tar.TarArchiveInputStream.TarArchiveInputStream: unknown type kind
	data: unsupported(java/io/File)
src/main/java/org/apache/commons/compress/archivers/tar/TarArchiveInputStream.java: org.apache.commons.compress.archivers.tar.TarArchiveInputStream.getNextTarEntry: computing test cases
src/main/java/org/apache/commons/compress/archivers/tar/TarArchiveInputStream.java: org.apache.commons.compress.archivers.tar.TarArchiveInputStream.getNextTarEntry: found 1 problems
src/main/java/org/apache/commons/compress/archivers/tar/TarArchiveInputStream.java: internal error: org.apache.commons.compress.archivers.tar.TarArchiveInputStream.getNextTarEntry: unknown type kind
	data: unsupported(java/io/File)
src/main/java/org/apache/commons/compress/archivers/tar/TarArchiveInputStream.java: org.apache.commons.compress.archivers.tar.TarArchiveInputStream.matches: computing test cases
src/main/java/org/apache/commons/compress/archivers/tar/TarArchiveInputStream.java: org.apache.commons.compress.archivers.tar.TarArchiveInputStream.matches: computed 1 unit tests
src/main/java/org/apache/commons/compress/archivers/tar/TarArchiveInputStream.java: org.apache.commons.compress.archivers.tar.TarArchiveInputStream.matches: found 0 problems
src/main/java/org/apache/commons/compress/archivers/tar/TarArchiveInputStream.java: org.apache.commons.compress.archivers.tar.TarArchiveInputStream.read: computing test cases
src/main/java/org/apache/commons/compress/archivers/tar/TarArchiveInputStream.java: org.apache.commons.compress.archivers.tar.TarArchiveInputStream.read: found 1 problems
src/main/java/org/apache/commons/compress/archivers/tar/TarArchiveInputStream.java: internal error: org.apache.commons.compress.archivers.tar.TarArchiveInputStream.read: unknown type kind
	data: unsupported(java/io/File)
src/main/java/org/apache/commons/compress/archivers/tar/TarArchiveInputStream.java: org.apache.commons.compress.archivers.tar.TarArchiveInputStream.mark: computing test cases
src/main/java/org/apache/commons/compress/archivers/tar/TarArchiveInputStream.java: org.apache.commons.compress.archivers.tar.TarArchiveInputStream.mark: found 1 problems
src/main/java/org/apache/commons/compress/archivers/tar/TarArchiveInputStream.java: internal error: org.apache.commons.compress.archivers.tar.TarArchiveInputStream.mark: unknown type kind
	data: unsupported(java/io/File)
src/main/java/org/apache/commons/compress/archivers/tar/TarArchiveInputStream.java: org.apache.commons.compress.archivers.tar.TarArchiveInputStream.getLongNameData: computing test cases
src/main/java/org/apache/commons/compress/archivers/tar/TarArchiveInputStream.java: org.apache.commons.compress.archivers.tar.TarArchiveInputStream.getLongNameData: found 1 problems
src/main/java/org/apache/commons/compress/archivers/tar/TarArchiveInputStream.java: internal error: org.apache.commons.compress.archivers.tar.TarArchiveInputStream.getLongNameData: unknown type kind
	data: unsupported(java/io/File)
src/main/java/org/apache/commons/compress/archivers/tar/TarArchiveInputStream.java: org.apache.commons.compress.archivers.tar.TarArchiveInputStream.close: computing test cases
src/main/java/org/apache/commons/compress/archivers/tar/TarArchiveInputStream.java: org.apache.commons.compress.archivers.tar.TarArchiveInputStream.close: found 1 problems
src/main/java/org/apache/commons/compress/archivers/tar/TarArchiveInputStream.java: internal error: org.apache.commons.compress.archivers.tar.TarArchiveInputStream.close: unknown type kind
	data: unsupported(java/io/File)
src/main/java/org/apache/commons/compress/archivers/tar/TarArchiveInputStream.java: org.apache.commons.compress.archivers.tar.TarArchiveInputStream.markSupported: computing test cases
src/main/java/org/apache/commons/compress/archivers/tar/TarArchiveInputStream.java: org.apache.commons.compress.archivers.tar.TarArchiveInputStream.markSupported: found 1 problems
src/main/java/org/apache/commons/compress/archivers/tar/TarArchiveInputStream.java: internal error: org.apache.commons.compress.archivers.tar.TarArchiveInputStream.markSupported: unknown type kind
	data: unsupported(java/io/File)
src/main/java/org/apache/commons/compress/archivers/tar/TarArchiveInputStream.java: org.apache.commons.compress.archivers.tar.TarArchiveInputStream.TarArchiveInputStream: computing test cases
src/main/java/org/apache/commons/compress/archivers/tar/TarArchiveInputStream.java: org.apache.commons.compress.archivers.tar.TarArchiveInputStream.TarArchiveInputStream: found 1 problems
src/main/java/org/apache/commons/compress/archivers/tar/TarArchiveInputStream.java: internal error: org.apache.commons.compress.archivers.tar.TarArchiveInputStream.TarArchiveInputStream: unknown type kind
	data: unsupported(java/io/File)
src/main/java/org/apache/commons/compress/archivers/tar/TarArchiveInputStream.java: org.apache.commons.compress.archivers.tar.TarArchiveInputStream.parsePaxHeaders: computing test cases
src/main/java/org/apache/commons/compress/archivers/tar/TarArchiveInputStream.java: org.apache.commons.compress.archivers.tar.TarArchiveInputStream.parsePaxHeaders: found 1 problems
src/main/java/org/apache/commons/compress/archivers/tar/TarArchiveInputStream.java: internal error: org.apache.commons.compress.archivers.tar.TarArchiveInputStream.parsePaxHeaders: unknown type kind
	data: unsupported(java/io/File)
src/main/java/org/apache/commons/compress/archivers/tar/TarArchiveInputStream.java: org.apache.commons.compress.archivers.tar.TarArchiveInputStream.available: computing test cases
src/main/java/org/apache/commons/compress/archivers/tar/TarArchiveInputStream.java: org.apache.commons.compress.archivers.tar.TarArchiveInputStream.available: found 1 problems
src/main/java/org/apache/commons/compress/archivers/tar/TarArchiveInputStream.java: internal error: org.apache.commons.compress.archivers.tar.TarArchiveInputStream.available: unknown type kind
	data: unsupported(java/io/File)
src/main/java/org/apache/commons/compress/archivers/tar/TarArchiveInputStream.java: org.apache.commons.compress.archivers.tar.TarArchiveInputStream.reset: computing test cases
src/main/java/org/apache/commons/compress/archivers/tar/TarArchiveInputStream.java: org.apache.commons.compress.archivers.tar.TarArchiveInputStream.reset: found 1 problems
src/main/java/org/apache/commons/compress/archivers/tar/TarArchiveInputStream.java: internal error: org.apache.commons.compress.archivers.tar.TarArchiveInputStream.reset: unknown type kind
	data: unsupported(java/io/File)
src/main/java/org/apache/commons/compress/archivers/tar/TarArchiveInputStream.java: org.apache.commons.compress.archivers.tar.TarArchiveInputStream.setCurrentEntry: computing test cases
src/main/java/org/apache/commons/compress/archivers/tar/TarArchiveInputStream.java: org.apache.commons.compress.archivers.tar.TarArchiveInputStream.setCurrentEntry: found 1 problems
src/main/java/org/apache/commons/compress/archivers/tar/TarArchiveInputStream.java: internal error: org.apache.commons.compress.archivers.tar.TarArchiveInputStream.setCurrentEntry: unknown type kind
	data: unsupported(java/io/File)
src/main/java/org/apache/commons/compress/archivers/tar/TarArchiveInputStream.java: org.apache.commons.compress.archivers.tar.TarArchiveInputStream.skip: computing test cases
src/main/java/org/apache/commons/compress/archivers/tar/TarArchiveInputStream.java: org.apache.commons.compress.archivers.tar.TarArchiveInputStream.skip: found 1 problems
src/main/java/org/apache/commons/compress/archivers/tar/TarArchiveInputStream.java: internal error: org.apache.commons.compress.archivers.tar.TarArchiveInputStream.skip: unknown type kind
	data: unsupported(java/io/File)
src/main/java/org/apache/commons/compress/archivers/tar/TarArchiveInputStream.java: org.apache.commons.compress.archivers.tar.TarArchiveInputStream.TarArchiveInputStream: computing test cases
src/main/java/org/apache/commons/compress/archivers/tar/TarArchiveInputStream.java: org.apache.commons.compress.archivers.tar.TarArchiveInputStream.TarArchiveInputStream: found 1 problems
src/main/java/org/apache/commons/compress/archivers/tar/TarArchiveInputStream.java: internal error: org.apache.commons.compress.archivers.tar.TarArchiveInputStream.TarArchiveInputStream: unknown type kind
	data: unsupported(java/io/File)
src/main/java/org/apache/commons/compress/archivers/tar/TarArchiveInputStream.java: org.apache.commons.compress.archivers.tar.TarArchiveInputStream.readRecord: computing test cases
src/main/java/org/apache/commons/compress/archivers/tar/TarArchiveInputStream.java: org.apache.commons.compress.archivers.tar.TarArchiveInputStream.readRecord: found 1 problems
src/main/java/org/apache/commons/compress/archivers/tar/TarArchiveInputStream.java: internal error: org.apache.commons.compress.archivers.tar.TarArchiveInputStream.readRecord: unknown type kind
	data: unsupported(java/io/File)
src/main/java/org/apache/commons/compress/archivers/tar/TarArchiveInputStream.java: org.apache.commons.compress.archivers.tar.TarArchiveInputStream.TarArchiveInputStream: computing test cases
src/main/java/org/apache/commons/compress/archivers/tar/TarArchiveInputStream.java: org.apache.commons.compress.archivers.tar.TarArchiveInputStream.TarArchiveInputStream: found 1 problems
src/main/java/org/apache/commons/compress/archivers/tar/TarArchiveInputStream.java: internal error: org.apache.commons.compress.archivers.tar.TarArchiveInputStream.TarArchiveInputStream: unknown type kind
	data: unsupported(java/io/File)
src/main/java/org/apache/commons/compress/archivers/tar/TarArchiveInputStream.java: org.apache.commons.compress.archivers.tar.TarArchiveInputStream.getRecordSize: computing test cases
src/main/java/org/apache/commons/compress/archivers/tar/TarArchiveInputStream.java: org.apache.commons.compress.archivers.tar.TarArchiveInputStream.getRecordSize: found 1 problems
src/main/java/org/apache/commons/compress/archivers/tar/TarArchiveInputStream.java: internal error: org.apache.commons.compress.archivers.tar.TarArchiveInputStream.getRecordSize: unknown type kind
	data: unsupported(java/io/File)
src/main/java/org/apache/commons/compress/archivers/tar/TarArchiveInputStream.java: org.apache.commons.compress.archivers.tar.TarArchiveInputStream.getNextEntry: computing test cases
src/main/java/org/apache/commons/compress/archivers/tar/TarArchiveInputStream.java: org.apache.commons.compress.archivers.tar.TarArchiveInputStream.getNextEntry: found 1 problems
src/main/java/org/apache/commons/compress/archivers/tar/TarArchiveInputStream.java: internal error: org.apache.commons.compress.archivers.tar.TarArchiveInputStream.getNextEntry: unknown type kind
	data: unsupported(java/io/File)
Symflower's table driven test style is not supported, switching to basic style
src/main/java/org/apache/commons/compress/archivers/ArchiveException.java: generated unit test file src/main/java/org/apache/commons/compress/archivers/ArchiveExceptionSymflowerTest.java
Symflower's table driven test style is not supported, switching to basic style
src/main/java/org/apache/commons/compress/archivers/ArchiveStreamFactory.java: generated unit test file src/main/java/org/apache/commons/compress/archivers/ArchiveStreamFactorySymflowerTest.java
Symflower's table driven test style is not supported, switching to basic style
src/main/java/org/apache/commons/compress/archivers/StreamingNotSupportedException.java: generated unit test file src/main/java/org/apache/commons/compress/archivers/StreamingNotSupportedExceptionSymflowerTest.java
Symflower's table driven test style is not supported, switching to basic style
src/main/java/org/apache/commons/compress/archivers/ar/ArArchiveEntry.java: generated unit test file src/main/java/org/apache/commons/compress/archivers/ar/ArArchiveEntrySymflowerTest.java
Symflower's table driven test style is not supported, switching to basic style
src/main/java/org/apache/commons/compress/archivers/ar/ArArchiveInputStream.java: could not generate unit test file for "src/main/java/org/apache/commons/compress/archivers/ar/ArArchiveInputStream.java": Internal error: cannot set a final field:
	&modelast.Variable{
	    CompactFileRange: location.CompactFileRange{Start:location.NewCompactFileLocationRaw(2, 61, 26), End:location.NewCompactFileLocationRaw(2, 61, 52)},
	    Name:             "FILE_MODE_BUF",
	    Type:             &modelast.TypeArray{
	        CompactFileRange: location.CompactFileRange{Start:location.NewCompactFileLocationRaw(2, 61, 19), End:location.NewCompactFileLocationRaw(2, 61, 24)},
	        Type:             &modelast.TypePrimitive{
	            Kind: "int",
	            Size: 0x8,
	        },
	        IndexType: &modelast.TypePrimitive{
	            Kind: "int",
	            Size: 0x20,
	        },
	    },
	    Modifier: modelast.ModifierFinal|modelast.ModifierVisibilityPrivate,
	}
	Stacktrace: goroutine 1 [running]:
	gitlab.nethead.at/symflower/symflower/model/errors.NewInternalError({0x21de060, 0x2d25d80}, {0x13e5e60, 0xc001c7e120})
		gitlab.nethead.at/symflower/symflower/model/errors/error.go:852 +0x4e
	gitlab.nethead.at/symflower/symflower/language/java/ast.(*Generator).objectCreation(0xc0003c3650, {0x2205848?, 0xc0013281e0?}, {0x21f7de8, 0xc00674e600}, {0x2208850, 0xc003825c80})
		gitlab.nethead.at/symflower/symflower/language/java/ast/generate.go:1928 +0x34dc
	gitlab.nethead.at/symflower/symflower/language/java/ast.(*Generator).literalForReferenceType(0xc0003c3650, {0x21f7de8, 0xc00674e600}, {0x2205848?, 0xc0013281c0?}, {0x2208850, 0xc003825c80})
		gitlab.nethead.at/symflower/symflower/language/java/ast/generate.go:1427 +0x17da
	gitlab.nethead.at/symflower/symflower/language/java/ast.(*Generator).Literal(0xc0003c3650, {0x21f7de8, 0xc00674e600}, {0x2205848?, 0xc001328180?}, {0x2208850, 0xc003825c80})
		gitlab.nethead.at/symflower/symflower/language/java/ast/generate.go:1138 +0x1318
	gitlab.nethead.at/symflower/symflower/language/java/ast.(*Generator).Literal(0xc0003c3650, {0x21f7de8, 0xc00674e600}, {0x2205728?, 0xc00059b740?}, {0x22089b0, 0xc00413dda0})
		gitlab.nethead.at/symflower/symflower/language/java/ast/generate.go:1128 +0x245
	gitlab.nethead.at/symflower/symflower/language/java/ast.(*Generator).VariableDeclarationWithAssignment(0xc0003c3650, {0x2205728, 0xc00059b740}, {0x14113cd, 0x8}, {0x22089b0, 0xc00413dda0}, {0x0, 0x0})
		gitlab.nethead.at/symflower/symflower/language/java/ast/generate.go:548 +0x125
	gitlab.nethead.at/symflower/symflower/language/java/unittest.(*TestGeneratorJUnit).expressionExpected(0xc003d20e00, 0xc00160d860?, {0x22089b0, 0xc00413dda0}, {0x2205728, 0xc00059b740}, {0x14113cd, 0x8}, {0x0, 0x0})
		gitlab.nethead.at/symflower/symflower/language/java/unittest/junit.go:177 +0x27a
	gitlab.nethead.at/symflower/symflower/language/java/unittest.(*TestGeneratorJUnit).returnArgumentInitialization(0xc003d20e00, 0xc00160d860, {0x0, 0x0}, {0x0, 0x0, 0x0}, {0x21f7e40, 0xc00767f5f0})
		gitlab.nethead.at/symflower/symflower/language/java/unittest/junit.go:229 +0x429
	gitlab.nethead.at/symflower/symflower/language/java/unittest.(*TestGeneratorJUnit).generateUnitTestAddTestInternal(0xc003d20e00, 0xc003d60980, {0x0, 0x0})
		gitlab.nethead.at/symflower/symflower/language/java/unittest/junit.go:387 +0x1365
	gitlab.nethead.at/symflower/symflower/language/java/unittest.(*TestGeneratorJUnit).generateUnitTestAddTest(...)
		gitlab.nethead.at/symflower/symflower/language/java/unittest/junit.go:249
	gitlab.nethead.at/symflower/symflower/language/java/unittest.(*TestGeneratorJUnit).AddTest(0xc003d20e00, 0xc0052fd920?)
		gitlab.nethead.at/symflower/symflower/language/java/unittest/junit.go:61 +0x1d
	gitlab.nethead.at/symflower/symflower/language/java/unittest.(*testStyleBasic).addTest(0xc0011dc630, 0xc003d60980)
		gitlab.nethead.at/symflower/symflower/language/java/unittest/test-style-basic.go:253 +0x318
	gitlab.nethead.at/symflower/symflower/language/java/unittest.(*testStyleBasic).AddTest(0xc004e46fc0?, 0xc006505970?)
		gitlab.nethead.at/symflower/symflower/language/java/unittest/test-style-basic.go:215 +0x1a
	gitlab.nethead.at/symflower/symflower/language/java.generateUnitTestFileForType(0xc0074ffe80, {0xc000bb3a00, 0x14, 0x21?}, {0xc0028f1e30?, 0xc005ad90c8?}, 0xa8b5f9?)
		gitlab.nethead.at/symflower/symflower/language/java/unit-test.go:173 +0x647
	gitlab.nethead.at/symflower/symflower/language/java.Adapter.GenerateUnitTest({{{0x0, 0x0}, {0x0, 0x0}, {0x0, 0x0}}}, 0xc0074ffe80, {0xc006d94960, 0x14, 0x14})
		gitlab.nethead.at/symflower/symflower/language/java/unit-test.go:99 +0x8c8
	gitlab.nethead.at/symflower/symflower/cmd/symflower-local/generate.(*Generator).updateTestFiles.func1({0xc0000a60ae, 0x50})
		gitlab.nethead.at/symflower/symflower/cmd/symflower-local/generate/generate.go:345 +0x55e
	gitlab.nethead.at/symflower/symflower/cmd/symflower-local/generate.updateTestFiles({0xc000044810, 0x2e}, 0xc007cec270, {0xc0062e7688?, 0x1?, 0xc005ad9a00?}, 0x1, 0xc005ad9b08)
		gitlab.nethead.at/symflower/symflower/cmd/symflower-local/generate/tests.go:41 +0xc3
	gitlab.nethead.at/symflower/symflower/cmd/symflower-local/generate.(*Generator).updateTestFiles(0xc00059f0e0, 0xc0027b8240, 0x1, 0x1)
		gitlab.nethead.at/symflower/symflower/cmd/symflower-local/generate/generate.go:330 +0x3e5
	gitlab.nethead.at/symflower/symflower/cmd/symflower-local/generate.(*Generator).UpdateSymflowerTestSuite(0xc00059f0e0?, 0xc00059f110?)
		gitlab.nethead.at/symflower/symflower/cmd/symflower-local/generate/generate.go:307 +0x3b
	gitlab.nethead.at/symflower/symflower/cmd/symflower-local/generate.(*AnalyzeEngineDefault).UnitTests(0x2d?, 0x124bba0?, {0x21eb890?, 0xc00004c9d0?}, {0x80?, 0x47?, 0x4?, 0x0?}, 0x2d?, {0xc00059e720, ...})
		gitlab.nethead.at/symflower/symflower/cmd/symflower-local/generate/analyze.go:162 +0xaa
	gitlab.nethead.at/symflower/symflower/cmd/symflower-local/cmd.(*commandUnitTests).Execute(0xc0005b48d8, {0xc0005b4508?, 0x7901505ce398?, 0xc0005b48d8?})
		gitlab.nethead.at/symflower/symflower/cmd/symflower-local/cmd/unit-tests.go:85 +0x2a6
	gitlab.nethead.at/symflower/symflower/cmd.ExecuteNoExit({0x21de020, 0xc0005b4508}, {0xc00019e000?, 0x44?, 0x0?})
		gitlab.nethead.at/symflower/symflower/cmd/execute.go:59 +0x2ad
	gitlab.nethead.at/symflower/symflower/cmd.Execute({0x21de020?, 0xc0005b4508?}, {0xc00019e000?, 0xc00011c0c0?, 0xc0004bbf10?})
		gitlab.nethead.at/symflower/symflower/cmd/execute.go:17 +0x26
	gitlab.nethead.at/symflower/symflower/cmd.ExecuteWithOSArguments(...)
		gitlab.nethead.at/symflower/symflower/cmd/execute.go:78
	main.main.func1()
		gitlab.nethead.at/symflower/symflower/cmd/symflower-demo/main.go:39 +0x34
	gitlab.nethead.at/symflower/symflower/cmd/symflower-local/cmd.(*Command).WithPanicReporter(0xc000110060?, 0x0?)
		gitlab.nethead.at/symflower/symflower/cmd/symflower-local/cmd/cmd.go:151 +0x33
	main.main()
		gitlab.nethead.at/symflower/symflower/cmd/symflower-demo/main.go:38 +0x7f
Symflower's table driven test style is not supported, switching to basic style
src/main/java/org/apache/commons/compress/archivers/ar/ArArchiveOutputStream.java: could not generate unit test file for "src/main/java/org/apache/commons/compress/archivers/ar/ArArchiveOutputStream.java": Internal error: cannot set a final field:
	&modelast.Variable{
	    CompactFileRange: location.CompactFileRange{Start:location.NewCompactFileLocationRaw(4, 50, 26), End:location.NewCompactFileLocationRaw(4, 50, 46)},
	    Name:             "oneByte",
	    Type:             &modelast.TypeArray{
	        CompactFileRange: location.CompactFileRange{Start:location.NewCompactFileLocationRaw(4, 50, 19), End:location.NewCompactFileLocationRaw(4, 50, 24)},
	        Type:             &modelast.TypePrimitive{
	            Kind: "int",
	            Size: 0x8,
	        },
	        IndexType: &modelast.TypePrimitive{
	            Kind: "int",
	            Size: 0x20,
	        },
	    },
	    Modifier: modelast.ModifierFinal|modelast.ModifierVisibilityPrivate,
	}
	Stacktrace: goroutine 1 [running]:
	gitlab.nethead.at/symflower/symflower/model/errors.NewInternalError({0x21de060, 0x2d25d80}, {0x13e5e60, 0xc001c60ba0})
		gitlab.nethead.at/symflower/symflower/model/errors/error.go:852 +0x4e
	gitlab.nethead.at/symflower/symflower/language/java/ast.(*Generator).objectCreation(0xc0003c3880, {0x2205848?, 0xc001328fc0?}, {0x21f7de8, 0xc006c18080}, {0x2208850, 0xc00859ac80})
		gitlab.nethead.at/symflower/symflower/language/java/ast/generate.go:1928 +0x34dc
	gitlab.nethead.at/symflower/symflower/language/java/ast.(*Generator).literalForReferenceType(0xc0003c3880, {0x21f7de8, 0xc006c18080}, {0x2205848?, 0xc001328fa0?}, {0x2208850, 0xc00859ac80})
		gitlab.nethead.at/symflower/symflower/language/java/ast/generate.go:1427 +0x17da
	gitlab.nethead.at/symflower/symflower/language/java/ast.(*Generator).Literal(0xc0003c3880, {0x21f7de8, 0xc006c18080}, {0x2205848?, 0xc001328f40?}, {0x2208850, 0xc00859ac80})
		gitlab.nethead.at/symflower/symflower/language/java/ast/generate.go:1138 +0x1318
	gitlab.nethead.at/symflower/symflower/language/java/ast.(*Generator).Literal(0xc0003c3880, {0x21f7de8, 0xc006c18080}, {0x2205728?, 0xc000a382c0?}, {0x22089b0, 0xc003a60810})
		gitlab.nethead.at/symflower/symflower/language/java/ast/generate.go:1128 +0x245
	gitlab.nethead.at/symflower/symflower/language/java/ast.(*Generator).VariableDeclarationWithAssignment(0xc0003c3880, {0x2205728, 0xc000a382c0}, {0x14113cd, 0x8}, {0x22089b0, 0xc003a60810}, {0x0, 0x0})
		gitlab.nethead.at/symflower/symflower/language/java/ast/generate.go:548 +0x125
	gitlab.nethead.at/symflower/symflower/language/java/unittest.(*TestGeneratorJUnit).expressionExpected(0xc003d21680, 0xc005840280?, {0x22089b0, 0xc003a60810}, {0x2205728, 0xc000a382c0}, {0x14113cd, 0x8}, {0x0, 0x0})
		gitlab.nethead.at/symflower/symflower/language/java/unittest/junit.go:177 +0x27a
	gitlab.nethead.at/symflower/symflower/language/java/unittest.(*TestGeneratorJUnit).returnArgumentInitialization(0xc003d21680, 0xc005840280, {0x0, 0x0}, {0x0, 0x0, 0x0}, {0x21f7e40, 0xc0013b5930})
		gitlab.nethead.at/symflower/symflower/language/java/unittest/junit.go:229 +0x429
	gitlab.nethead.at/symflower/symflower/language/java/unittest.(*TestGeneratorJUnit).generateUnitTestAddTestInternal(0xc003d21680, 0xc00859b680, {0x0, 0x0})
		gitlab.nethead.at/symflower/symflower/language/java/unittest/junit.go:387 +0x1365
	gitlab.nethead.at/symflower/symflower/language/java/unittest.(*TestGeneratorJUnit).generateUnitTestAddTest(...)
		gitlab.nethead.at/symflower/symflower/language/java/unittest/junit.go:249
	gitlab.nethead.at/symflower/symflower/language/java/unittest.(*TestGeneratorJUnit).AddTest(0xc003d21680, 0xc00308c540?)
		gitlab.nethead.at/symflower/symflower/language/java/unittest/junit.go:61 +0x1d
	gitlab.nethead.at/symflower/symflower/language/java/unittest.(*testStyleBasic).addTest(0xc00118c6c0, 0xc00859b680)
		gitlab.nethead.at/symflower/symflower/language/java/unittest/test-style-basic.go:253 +0x318
	gitlab.nethead.at/symflower/symflower/language/java/unittest.(*testStyleBasic).AddTest(0xc004d149f0?, 0xc006ba8160?)
		gitlab.nethead.at/symflower/symflower/language/java/unittest/test-style-basic.go:215 +0x1a
	gitlab.nethead.at/symflower/symflower/language/java.generateUnitTestFileForType(0xc001328c80, {0xc006ba7500, 0xa, 0x22?}, {0xc0023167e0?, 0x2208900?}, 0xc0045d7a40?)
		gitlab.nethead.at/symflower/symflower/language/java/unit-test.go:173 +0x647
	gitlab.nethead.at/symflower/symflower/language/java.Adapter.GenerateUnitTest({{{0x0, 0x0}, {0x0, 0x0}, {0x0, 0x0}}}, 0xc001328c80, {0xc0066bb200, 0xa, 0xc})
		gitlab.nethead.at/symflower/symflower/language/java/unit-test.go:99 +0x8c8
	gitlab.nethead.at/symflower/symflower/cmd/symflower-local/generate.(*Generator).updateTestFiles.func1({0xc0000a62ae, 0x51})
		gitlab.nethead.at/symflower/symflower/cmd/symflower-local/generate/generate.go:345 +0x55e
	gitlab.nethead.at/symflower/symflower/cmd/symflower-local/generate.updateTestFiles({0xc000044810, 0x2e}, 0xc007cec270, {0xc0062e7688?, 0x1?, 0xc005ad9a00?}, 0x1, 0xc005ad9b08)
		gitlab.nethead.at/symflower/symflower/cmd/symflower-local/generate/tests.go:41 +0xc3
	gitlab.nethead.at/symflower/symflower/cmd/symflower-local/generate.(*Generator).updateTestFiles(0xc00059f0e0, 0xc0027b8240, 0x1, 0x1)
		gitlab.nethead.at/symflower/symflower/cmd/symflower-local/generate/generate.go:330 +0x3e5
	gitlab.nethead.at/symflower/symflower/cmd/symflower-local/generate.(*Generator).UpdateSymflowerTestSuite(0xc00059f0e0?, 0xc00059f110?)
		gitlab.nethead.at/symflower/symflower/cmd/symflower-local/generate/generate.go:307 +0x3b
	gitlab.nethead.at/symflower/symflower/cmd/symflower-local/generate.(*AnalyzeEngineDefault).UnitTests(0x2d?, 0x124bba0?, {0x21eb890?, 0xc00004c9d0?}, {0x80?, 0x47?, 0x4?, 0x0?}, 0x2d?, {0xc00059e720, ...})
		gitlab.nethead.at/symflower/symflower/cmd/symflower-local/generate/analyze.go:162 +0xaa
	gitlab.nethead.at/symflower/symflower/cmd/symflower-local/cmd.(*commandUnitTests).Execute(0xc0005b48d8, {0xc0005b4508?, 0x7901505ce398?, 0xc0005b48d8?})
		gitlab.nethead.at/symflower/symflower/cmd/symflower-local/cmd/unit-tests.go:85 +0x2a6
	gitlab.nethead.at/symflower/symflower/cmd.ExecuteNoExit({0x21de020, 0xc0005b4508}, {0xc00019e000?, 0x44?, 0x0?})
		gitlab.nethead.at/symflower/symflower/cmd/execute.go:59 +0x2ad
	gitlab.nethead.at/symflower/symflower/cmd.Execute({0x21de020?, 0xc0005b4508?}, {0xc00019e000?, 0xc00011c0c0?, 0xc0004bbf10?})
		gitlab.nethead.at/symflower/symflower/cmd/execute.go:17 +0x26
	gitlab.nethead.at/symflower/symflower/cmd.ExecuteWithOSArguments(...)
		gitlab.nethead.at/symflower/symflower/cmd/execute.go:78
	main.main.func1()
		gitlab.nethead.at/symflower/symflower/cmd/symflower-demo/main.go:39 +0x34
	gitlab.nethead.at/symflower/symflower/cmd/symflower-local/cmd.(*Command).WithPanicReporter(0xc000110060?, 0x0?)
		gitlab.nethead.at/symflower/symflower/cmd/symflower-local/cmd/cmd.go:151 +0x33
	main.main()
		gitlab.nethead.at/symflower/symflower/cmd/symflower-demo/main.go:38 +0x7f
Symflower's table driven test style is not supported, switching to basic style
src/main/java/org/apache/commons/compress/archivers/arj/ArjArchiveEntry.java: generated unit test file src/main/java/org/apache/commons/compress/archivers/arj/ArjArchiveEntrySymflowerTest.java
Symflower's table driven test style is not supported, switching to basic style
src/main/java/org/apache/commons/compress/archivers/arj/ArjArchiveInputStream.java: generated unit test file src/main/java/org/apache/commons/compress/archivers/arj/ArjArchiveInputStreamSymflowerTest.java
Symflower's table driven test style is not supported, switching to basic style
src/main/java/org/apache/commons/compress/archivers/cpio/CpioArchiveEntry.java: could not generate unit test file for "src/main/java/org/apache/commons/compress/archivers/cpio/CpioArchiveEntry.java": Internal error: cannot set a final field:
	&modelast.Variable{
	    CompactFileRange: location.CompactFileRange{Start:location.NewCompactFileLocationRaw(1, 159, 23), End:location.NewCompactFileLocationRaw(1, 159, 39)},
	    Name:             "alignmentBoundary",
	    Type:             &modelast.TypePrimitive{
	        Kind: "int",
	        Size: 0x20,
	    },
	    Modifier: modelast.ModifierFinal|modelast.ModifierVisibilityPrivate,
	}
	Stacktrace: goroutine 1 [running]:
	gitlab.nethead.at/symflower/symflower/model/errors.NewInternalError({0x21de060, 0x2d25d80}, {0x13e5e60, 0xc001c95aa0})
		gitlab.nethead.at/symflower/symflower/model/errors/error.go:852 +0x4e
	gitlab.nethead.at/symflower/symflower/language/java/ast.(*Generator).objectCreation(0xc0003eda40, {0x2205848?, 0xc0028e1c40?}, {0x21f7de8, 0xc007662180}, {0x2208850, 0xc0036b94c0})
		gitlab.nethead.at/symflower/symflower/language/java/ast/generate.go:1928 +0x34dc
	gitlab.nethead.at/symflower/symflower/language/java/ast.(*Generator).literalForReferenceType(0xc0003eda40, {0x21f7de8, 0xc007662180}, {0x2205848?, 0xc0028e1c20?}, {0x2208850, 0xc0036b94c0})
		gitlab.nethead.at/symflower/symflower/language/java/ast/generate.go:1427 +0x17da
	gitlab.nethead.at/symflower/symflower/language/java/ast.(*Generator).Literal(0xc0003eda40, {0x21f7de8, 0xc007662180}, {0x2205848?, 0xc0028e1bc0?}, {0x2208850, 0xc0036b94c0})
		gitlab.nethead.at/symflower/symflower/language/java/ast/generate.go:1138 +0x1318
	gitlab.nethead.at/symflower/symflower/language/java/ast.(*Generator).Literal(0xc0003eda40, {0x21f7de8, 0xc007662180}, {0x2205728?, 0xc00055e880?}, {0x22089b0, 0xc0027cec60})
		gitlab.nethead.at/symflower/symflower/language/java/ast/generate.go:1128 +0x245
	gitlab.nethead.at/symflower/symflower/language/java/ast.(*Generator).VariableDeclarationWithAssignment(0xc0003eda40, {0x2205728, 0xc00055e880}, {0x14113cd, 0x8}, {0x22089b0, 0xc0027cec60}, {0x0, 0x0})
		gitlab.nethead.at/symflower/symflower/language/java/ast/generate.go:548 +0x125
	gitlab.nethead.at/symflower/symflower/language/java/unittest.(*TestGeneratorJUnit).expressionExpected(0xc005264f00, 0xc006cf41e0?, {0x22089b0, 0xc0027cec60}, {0x2205728, 0xc00055e880}, {0x14113cd, 0x8}, {0x0, 0x0})
		gitlab.nethead.at/symflower/symflower/language/java/unittest/junit.go:177 +0x27a
	gitlab.nethead.at/symflower/symflower/language/java/unittest.(*TestGeneratorJUnit).returnArgumentInitialization(0xc005264f00, 0xc006cf41e0, {0x0, 0x0}, {0x0, 0x0, 0x0}, {0x21f7e40, 0xc003572c30})
		gitlab.nethead.at/symflower/symflower/language/java/unittest/junit.go:229 +0x429
	gitlab.nethead.at/symflower/symflower/language/java/unittest.(*TestGeneratorJUnit).generateUnitTestAddTestInternal(0xc005264f00, 0xc000145240, {0x0, 0x0})
		gitlab.nethead.at/symflower/symflower/language/java/unittest/junit.go:387 +0x1365
	gitlab.nethead.at/symflower/symflower/language/java/unittest.(*TestGeneratorJUnit).generateUnitTestAddTest(...)
		gitlab.nethead.at/symflower/symflower/language/java/unittest/junit.go:249
	gitlab.nethead.at/symflower/symflower/language/java/unittest.(*TestGeneratorJUnit).AddTest(0xc005264f00, 0xc00597a360?)
		gitlab.nethead.at/symflower/symflower/language/java/unittest/junit.go:61 +0x1d
	gitlab.nethead.at/symflower/symflower/language/java/unittest.(*testStyleBasic).addTest(0xc0012b8a20, 0xc000145240)
		gitlab.nethead.at/symflower/symflower/language/java/unittest/test-style-basic.go:253 +0x318
	gitlab.nethead.at/symflower/symflower/language/java/unittest.(*testStyleBasic).AddTest(0xc00756f680?, 0xc0075a8790?)
		gitlab.nethead.at/symflower/symflower/language/java/unittest/test-style-basic.go:215 +0x1a
	gitlab.nethead.at/symflower/symflower/language/java.generateUnitTestFileForType(0xc0028e1800, {0xc007612488, 0x4b, 0x1d?}, {0xc0075b0fc0?, 0x2208a60?}, 0xc003dc81e0?)
		gitlab.nethead.at/symflower/symflower/language/java/unit-test.go:173 +0x647
	gitlab.nethead.at/symflower/symflower/language/java.Adapter.GenerateUnitTest({{{0x0, 0x0}, {0x0, 0x0}, {0x0, 0x0}}}, 0xc0028e1800, {0xc007f79688, 0x4b, 0x8f})
		gitlab.nethead.at/symflower/symflower/language/java/unit-test.go:99 +0x8c8
	gitlab.nethead.at/symflower/symflower/cmd/symflower-local/generate.(*Generator).updateTestFiles.func1({0xc0000a67ae, 0x4e})
		gitlab.nethead.at/symflower/symflower/cmd/symflower-local/generate/generate.go:345 +0x55e
	gitlab.nethead.at/symflower/symflower/cmd/symflower-local/generate.updateTestFiles({0xc000044810, 0x2e}, 0xc007cec270, {0xc0062e7688?, 0x1?, 0xc005ad9a00?}, 0x1, 0xc005ad9b08)
		gitlab.nethead.at/symflower/symflower/cmd/symflower-local/generate/tests.go:41 +0xc3
	gitlab.nethead.at/symflower/symflower/cmd/symflower-local/generate.(*Generator).updateTestFiles(0xc00059f0e0, 0xc0027b8240, 0x1, 0x1)
		gitlab.nethead.at/symflower/symflower/cmd/symflower-local/generate/generate.go:330 +0x3e5
	gitlab.nethead.at/symflower/symflower/cmd/symflower-local/generate.(*Generator).UpdateSymflowerTestSuite(0xc00059f0e0?, 0xc00059f110?)
		gitlab.nethead.at/symflower/symflower/cmd/symflower-local/generate/generate.go:307 +0x3b
	gitlab.nethead.at/symflower/symflower/cmd/symflower-local/generate.(*AnalyzeEngineDefault).UnitTests(0x2d?, 0x124bba0?, {0x21eb890?, 0xc00004c9d0?}, {0x80?, 0x47?, 0x4?, 0x0?}, 0x2d?, {0xc00059e720, ...})
		gitlab.nethead.at/symflower/symflower/cmd/symflower-local/generate/analyze.go:162 +0xaa
	gitlab.nethead.at/symflower/symflower/cmd/symflower-local/cmd.(*commandUnitTests).Execute(0xc0005b48d8, {0xc0005b4508?, 0x7901505ce398?, 0xc0005b48d8?})
		gitlab.nethead.at/symflower/symflower/cmd/symflower-local/cmd/unit-tests.go:85 +0x2a6
	gitlab.nethead.at/symflower/symflower/cmd.ExecuteNoExit({0x21de020, 0xc0005b4508}, {0xc00019e000?, 0x44?, 0x0?})
		gitlab.nethead.at/symflower/symflower/cmd/execute.go:59 +0x2ad
	gitlab.nethead.at/symflower/symflower/cmd.Execute({0x21de020?, 0xc0005b4508?}, {0xc00019e000?, 0xc00011c0c0?, 0xc0004bbf10?})
		gitlab.nethead.at/symflower/symflower/cmd/execute.go:17 +0x26
	gitlab.nethead.at/symflower/symflower/cmd.ExecuteWithOSArguments(...)
		gitlab.nethead.at/symflower/symflower/cmd/execute.go:78
	main.main.func1()
		gitlab.nethead.at/symflower/symflower/cmd/symflower-demo/main.go:39 +0x34
	gitlab.nethead.at/symflower/symflower/cmd/symflower-local/cmd.(*Command).WithPanicReporter(0xc000110060?, 0x0?)
		gitlab.nethead.at/symflower/symflower/cmd/symflower-local/cmd/cmd.go:151 +0x33
	main.main()
		gitlab.nethead.at/symflower/symflower/cmd/symflower-demo/main.go:38 +0x7f
Symflower's table driven test style is not supported, switching to basic style
src/main/java/org/apache/commons/compress/archivers/cpio/CpioArchiveInputStream.java: generated unit test file src/main/java/org/apache/commons/compress/archivers/cpio/CpioArchiveInputStreamSymflowerTest.java
Symflower's table driven test style is not supported, switching to basic style
src/main/java/org/apache/commons/compress/archivers/cpio/CpioUtil.java: generated unit test file src/main/java/org/apache/commons/compress/archivers/cpio/CpioUtilSymflowerTest.java
Symflower's table driven test style is not supported, switching to basic style
src/main/java/org/apache/commons/compress/archivers/dump/Dirent.java: generated unit test file src/main/java/org/apache/commons/compress/archivers/dump/DirentSymflowerTest.java
Symflower's table driven test style is not supported, switching to basic style
src/main/java/org/apache/commons/compress/archivers/dump/DumpArchiveConstants.java: generated unit test file src/main/java/org/apache/commons/compress/archivers/dump/DumpArchiveConstantsSymflowerTest.java
Symflower's table driven test style is not supported, switching to basic style
src/main/java/org/apache/commons/compress/archivers/dump/DumpArchiveEntry.java: generated unit test file src/main/java/org/apache/commons/compress/archivers/dump/DumpArchiveEntrySymflowerTest.java
Symflower's table driven test style is not supported, switching to basic style
src/main/java/org/apache/commons/compress/archivers/dump/DumpArchiveException.java: generated unit test file src/main/java/org/apache/commons/compress/archivers/dump/DumpArchiveExceptionSymflowerTest.java
Symflower's table driven test style is not supported, switching to basic style
src/main/java/org/apache/commons/compress/archivers/dump/DumpArchiveInputStream.java: generated unit test file src/main/java/org/apache/commons/compress/archivers/dump/DumpArchiveInputStreamSymflowerTest.java
Symflower's table driven test style is not supported, switching to basic style
src/main/java/org/apache/commons/compress/archivers/dump/DumpArchiveSummary.java: generated unit test file src/main/java/org/apache/commons/compress/archivers/dump/DumpArchiveSummarySymflowerTest.java
Symflower's table driven test style is not supported, switching to basic style
src/main/java/org/apache/commons/compress/archivers/dump/DumpArchiveUtil.java: generated unit test file src/main/java/org/apache/commons/compress/archivers/dump/DumpArchiveUtilSymflowerTest.java
Symflower's table driven test style is not supported, switching to basic style
src/main/java/org/apache/commons/compress/archivers/dump/InvalidFormatException.java: generated unit test file src/main/java/org/apache/commons/compress/archivers/dump/InvalidFormatExceptionSymflowerTest.java
Symflower's table driven test style is not supported, switching to basic style
src/main/java/org/apache/commons/compress/archivers/dump/ShortFileException.java: generated unit test file src/main/java/org/apache/commons/compress/archivers/dump/ShortFileExceptionSymflowerTest.java
Symflower's table driven test style is not supported, switching to basic style
src/main/java/org/apache/commons/compress/archivers/dump/TapeInputStream.java: generated unit test file src/main/java/org/apache/commons/compress/archivers/dump/TapeInputStreamSymflowerTest.java
Symflower's table driven test style is not supported, switching to basic style
src/main/java/org/apache/commons/compress/archivers/dump/UnrecognizedFormatException.java: generated unit test file src/main/java/org/apache/commons/compress/archivers/dump/UnrecognizedFormatExceptionSymflowerTest.java
Symflower's table driven test style is not supported, switching to basic style
src/main/java/org/apache/commons/compress/archivers/dump/UnsupportedCompressionAlgorithmException.java: generated unit test file src/main/java/org/apache/commons/compress/archivers/dump/UnsupportedCompressionAlgorithmExceptionSymflowerTest.java
Symflower's table driven test style is not supported, switching to basic style
src/main/java/org/apache/commons/compress/archivers/sevenz/BindPair.java: generated unit test file src/main/java/org/apache/commons/compress/archivers/sevenz/BindPairSymflowerTest.java
Symflower's table driven test style is not supported, switching to basic style
src/main/java/org/apache/commons/compress/archivers/sevenz/CoderBase.java: generated unit test file src/main/java/org/apache/commons/compress/archivers/sevenz/CoderBaseSymflowerTest.java
Symflower's table driven test style is not supported, switching to basic style
src/main/java/org/apache/commons/compress/archivers/sevenz/Folder.java: generated unit test file src/main/java/org/apache/commons/compress/archivers/sevenz/FolderSymflowerTest.java
Symflower's table driven test style is not supported, switching to basic style
src/main/java/org/apache/commons/compress/archivers/sevenz/SevenZMethodConfiguration.java: generated unit test file src/main/java/org/apache/commons/compress/archivers/sevenz/SevenZMethodConfigurationSymflowerTest.java
Symflower's table driven test style is not supported, switching to basic style
src/main/java/org/apache/commons/compress/archivers/sevenz/StreamMap.java: generated unit test file src/main/java/org/apache/commons/compress/archivers/sevenz/StreamMapSymflowerTest.java
Symflower's table driven test style is not supported, switching to basic style
src/main/java/org/apache/commons/compress/archivers/tar/TarArchiveInputStream.java: generated unit test file src/main/java/org/apache/commons/compress/archivers/tar/TarArchiveInputStreamSymflowerTest.java
Symflower's table driven test style is not supported, switching to basic style
src/main/java/org/apache/commons/compress/archivers/tar/TarArchiveSparseEntry.java: could not generate unit test file for "src/main/java/org/apache/commons/compress/archivers/tar/TarArchiveSparseEntry.java": Internal error: cannot set a final field:
	&modelast.Variable{
	    CompactFileRange: location.CompactFileRange{Start:location.NewCompactFileLocationRaw(4, 45, 27), End:location.NewCompactFileLocationRaw(4, 45, 36)},
	    Name:             "isExtended",
	    Type:             &modelast.TypePrimitive{
	        Kind: "bool",
	    },
	    Modifier: modelast.ModifierFinal|modelast.ModifierVisibilityPrivate,
	}
	Stacktrace: goroutine 1 [running]:
	gitlab.nethead.at/symflower/symflower/model/errors.NewInternalError({0x21de060, 0x2d25d80}, {0x13e5e60, 0xc000945440})
		gitlab.nethead.at/symflower/symflower/model/errors/error.go:852 +0x4e
	gitlab.nethead.at/symflower/symflower/language/java/ast.(*Generator).objectCreation(0xc008dfd030, {0x2205848?, 0xc008e03b20?}, {0x21f7de8, 0xc008e75900}, {0x2208850, 0xc0034601c0})
		gitlab.nethead.at/symflower/symflower/language/java/ast/generate.go:1928 +0x34dc
	gitlab.nethead.at/symflower/symflower/language/java/ast.(*Generator).literalForReferenceType(0xc008dfd030, {0x21f7de8, 0xc008e75900}, {0x2205848?, 0xc008e03b00?}, {0x2208850, 0xc0034601c0})
		gitlab.nethead.at/symflower/symflower/language/java/ast/generate.go:1427 +0x17da
	gitlab.nethead.at/symflower/symflower/language/java/ast.(*Generator).Literal(0xc008dfd030, {0x21f7de8, 0xc008e75900}, {0x2205848?, 0xc008e03ac0?}, {0x2208850, 0xc0034601c0})
		gitlab.nethead.at/symflower/symflower/language/java/ast/generate.go:1138 +0x1318
	gitlab.nethead.at/symflower/symflower/language/java/ast.(*Generator).Literal(0xc008dfd030, {0x21f7de8, 0xc008e75900}, {0x2205728?, 0xc000ba5e40?}, {0x22089b0, 0xc003039e00})
		gitlab.nethead.at/symflower/symflower/language/java/ast/generate.go:1128 +0x245
	gitlab.nethead.at/symflower/symflower/language/java/ast.(*Generator).VariableDeclarationWithAssignment(0xc008dfd030, {0x2205728, 0xc000ba5e40}, {0xc001b58b10, 0x1}, {0x22089b0, 0xc003039e00}, {0x0, 0x0})
		gitlab.nethead.at/symflower/symflower/language/java/ast/generate.go:548 +0x125
	gitlab.nethead.at/symflower/symflower/language/java/ast.InitializeVariableOfType(0xc008dfd030, {0x2205728, 0xc000ba5e40}, {0x22089b0, 0xc003039e00}, {0x0, 0x0})
		gitlab.nethead.at/symflower/symflower/language/java/ast/generate.go:3198 +0x16c
	gitlab.nethead.at/symflower/symflower/language/java/unittest.(*TestGeneratorJUnit).receiverInitialization(0xc003824a40, 0xc00156c140, 0x0?)
		gitlab.nethead.at/symflower/symflower/language/java/unittest/junit.go:132 +0x61b
	gitlab.nethead.at/symflower/symflower/language/java/unittest.(*TestGeneratorJUnit).generateUnitTestAddTestInternal(0xc003824a40, 0xc0034611c0, {0x0, 0x0})
		gitlab.nethead.at/symflower/symflower/language/java/unittest/junit.go:356 +0xdc9
	gitlab.nethead.at/symflower/symflower/language/java/unittest.(*TestGeneratorJUnit).generateUnitTestAddTest(...)
		gitlab.nethead.at/symflower/symflower/language/java/unittest/junit.go:249
	gitlab.nethead.at/symflower/symflower/language/java/unittest.(*TestGeneratorJUnit).AddTest(0xc003824a40, 0xc00343fa40?)
		gitlab.nethead.at/symflower/symflower/language/java/unittest/junit.go:61 +0x1d
	gitlab.nethead.at/symflower/symflower/language/java/unittest.(*testStyleBasic).addTest(0xc008e73290, 0xc0034611c0)
		gitlab.nethead.at/symflower/symflower/language/java/unittest/test-style-basic.go:253 +0x318
	gitlab.nethead.at/symflower/symflower/language/java/unittest.(*testStyleBasic).AddTest(0xc0037604e0?, 0xc008e209a0?)
		gitlab.nethead.at/symflower/symflower/language/java/unittest/test-style-basic.go:215 +0x1a
	gitlab.nethead.at/symflower/symflower/language/java.generateUnitTestFileForType(0xc008e03900, {0xc0017d8b50, 0x1, 0x22?}, {0xc008f50510?, 0xc003bcc780?}, 0xae2483?)
		gitlab.nethead.at/symflower/symflower/language/java/unit-test.go:173 +0x647
	gitlab.nethead.at/symflower/symflower/language/java.Adapter.GenerateUnitTest({{{0x0, 0x0}, {0x0, 0x0}, {0x0, 0x0}}}, 0xc008e03900, {0xc000e06bf0, 0x1, 0x1})
		gitlab.nethead.at/symflower/symflower/language/java/unit-test.go:99 +0x8c8
	gitlab.nethead.at/symflower/symflower/cmd/symflower-local/generate.(*Generator).updateTestFiles.func1({0xc0000a7c2e, 0x52})
		gitlab.nethead.at/symflower/symflower/cmd/symflower-local/generate/generate.go:345 +0x55e
	gitlab.nethead.at/symflower/symflower/cmd/symflower-local/generate.updateTestFiles({0xc000044810, 0x2e}, 0xc007cec270, {0xc0062e7688?, 0x1?, 0xc005ad9a00?}, 0x1, 0xc005ad9b08)
		gitlab.nethead.at/symflower/symflower/cmd/symflower-local/generate/tests.go:41 +0xc3
	gitlab.nethead.at/symflower/symflower/cmd/symflower-local/generate.(*Generator).updateTestFiles(0xc00059f0e0, 0xc0027b8240, 0x1, 0x1)
		gitlab.nethead.at/symflower/symflower/cmd/symflower-local/generate/generate.go:330 +0x3e5
	gitlab.nethead.at/symflower/symflower/cmd/symflower-local/generate.(*Generator).UpdateSymflowerTestSuite(0xc00059f0e0?, 0xc00059f110?)
		gitlab.nethead.at/symflower/symflower/cmd/symflower-local/generate/generate.go:307 +0x3b
	gitlab.nethead.at/symflower/symflower/cmd/symflower-local/generate.(*AnalyzeEngineDefault).UnitTests(0x2d?, 0x124bba0?, {0x21eb890?, 0xc00004c9d0?}, {0x80?, 0x47?, 0x4?, 0x0?}, 0x2d?, {0xc00059e720, ...})
		gitlab.nethead.at/symflower/symflower/cmd/symflower-local/generate/analyze.go:162 +0xaa
	gitlab.nethead.at/symflower/symflower/cmd/symflower-local/cmd.(*commandUnitTests).Execute(0xc0005b48d8, {0xc0005b4508?, 0x7901505ce398?, 0xc0005b48d8?})
		gitlab.nethead.at/symflower/symflower/cmd/symflower-local/cmd/unit-tests.go:85 +0x2a6
	gitlab.nethead.at/symflower/symflower/cmd.ExecuteNoExit({0x21de020, 0xc0005b4508}, {0xc00019e000?, 0x44?, 0x0?})
		gitlab.nethead.at/symflower/symflower/cmd/execute.go:59 +0x2ad
	gitlab.nethead.at/symflower/symflower/cmd.Execute({0x21de020?, 0xc0005b4508?}, {0xc00019e000?, 0xc00011c0c0?, 0xc0004bbf10?})
		gitlab.nethead.at/symflower/symflower/cmd/execute.go:17 +0x26
	gitlab.nethead.at/symflower/symflower/cmd.ExecuteWithOSArguments(...)
		gitlab.nethead.at/symflower/symflower/cmd/execute.go:78
	main.main.func1()
		gitlab.nethead.at/symflower/symflower/cmd/symflower-demo/main.go:39 +0x34
	gitlab.nethead.at/symflower/symflower/cmd/symflower-local/cmd.(*Command).WithPanicReporter(0xc000110060?, 0x0?)
		gitlab.nethead.at/symflower/symflower/cmd/symflower-local/cmd/cmd.go:151 +0x33
	main.main()
		gitlab.nethead.at/symflower/symflower/cmd/symflower-demo/main.go:38 +0x7f
Symflower's table driven test style is not supported, switching to basic style
src/main/java/org/apache/commons/compress/archivers/zip/CircularBuffer.java: could not generate unit test file for "src/main/java/org/apache/commons/compress/archivers/zip/CircularBuffer.java": Internal error: cannot set a final field:
	&modelast.Variable{
	    CompactFileRange: location.CompactFileRange{Start:location.NewCompactFileLocationRaw(5, 34, 26), End:location.NewCompactFileLocationRaw(5, 34, 31)},
	    Name:             "buffer",
	    Type:             &modelast.TypeArray{
	        CompactFileRange: location.CompactFileRange{Start:location.NewCompactFileLocationRaw(5, 34, 19), End:location.NewCompactFileLocationRaw(5, 34, 24)},
	        Type:             &modelast.TypePrimitive{
	            Kind: "int",
	            Size: 0x8,
	        },
	        IndexType: &modelast.TypePrimitive{
	            Kind: "int",
	            Size: 0x20,
	        },
	    },
	    Modifier: modelast.ModifierFinal|modelast.ModifierVisibilityPrivate,
	}
	Stacktrace: goroutine 1 [running]:
	gitlab.nethead.at/symflower/symflower/model/errors.NewInternalError({0x21de060, 0x2d25d80}, {0x13e5e60, 0xc00145d680})
		gitlab.nethead.at/symflower/symflower/model/errors/error.go:852 +0x4e
	gitlab.nethead.at/symflower/symflower/language/java/ast.(*Generator).objectCreation(0xc008dfd340, {0x2205848?, 0xc008f7a0a0?}, {0x21f7de8, 0xc008f6cd00}, {0x2208850, 0xc0027d8940})
		gitlab.nethead.at/symflower/symflower/language/java/ast/generate.go:1928 +0x34dc
	gitlab.nethead.at/symflower/symflower/language/java/ast.(*Generator).literalForReferenceType(0xc008dfd340, {0x21f7de8, 0xc008f6cd00}, {0x2205848?, 0xc008f7a080?}, {0x2208850, 0xc0027d8940})
		gitlab.nethead.at/symflower/symflower/language/java/ast/generate.go:1427 +0x17da
	gitlab.nethead.at/symflower/symflower/language/java/ast.(*Generator).Literal(0xc008dfd340, {0x21f7de8, 0xc008f6cd00}, {0x2205848?, 0xc008f7a040?}, {0x2208850, 0xc0027d8940})
		gitlab.nethead.at/symflower/symflower/language/java/ast/generate.go:1138 +0x1318
	gitlab.nethead.at/symflower/symflower/language/java/ast.(*Generator).Literal(0xc008dfd340, {0x21f7de8, 0xc008f6cd00}, {0x2205728?, 0xc000c23a60?}, {0x22089b0, 0xc005b438f0})
		gitlab.nethead.at/symflower/symflower/language/java/ast/generate.go:1128 +0x245
	gitlab.nethead.at/symflower/symflower/language/java/ast.(*Generator).VariableDeclarationWithAssignment(0xc008dfd340, {0x2205728, 0xc000c23a60}, {0x14113cd, 0x8}, {0x22089b0, 0xc005b438f0}, {0x0, 0x0})
		gitlab.nethead.at/symflower/symflower/language/java/ast/generate.go:548 +0x125
	gitlab.nethead.at/symflower/symflower/language/java/unittest.(*TestGeneratorJUnit).expressionExpected(0xc003824e40, 0xc00119a640?, {0x22089b0, 0xc005b438f0}, {0x2205728, 0xc000c23a60}, {0x14113cd, 0x8}, {0x0, 0x0})
		gitlab.nethead.at/symflower/symflower/language/java/unittest/junit.go:177 +0x27a
	gitlab.nethead.at/symflower/symflower/language/java/unittest.(*TestGeneratorJUnit).returnArgumentInitialization(0xc003824e40, 0xc00119a640, {0x0, 0x0}, {0x0, 0x0, 0x0}, {0x21f7e40, 0xc008f52c30})
		gitlab.nethead.at/symflower/symflower/language/java/unittest/junit.go:229 +0x429
	gitlab.nethead.at/symflower/symflower/language/java/unittest.(*TestGeneratorJUnit).generateUnitTestAddTestInternal(0xc003824e40, 0xc0027d9000, {0x0, 0x0})
		gitlab.nethead.at/symflower/symflower/language/java/unittest/junit.go:387 +0x1365
	gitlab.nethead.at/symflower/symflower/language/java/unittest.(*TestGeneratorJUnit).generateUnitTestAddTest(...)
		gitlab.nethead.at/symflower/symflower/language/java/unittest/junit.go:249
	gitlab.nethead.at/symflower/symflower/language/java/unittest.(*TestGeneratorJUnit).AddTest(0xc003824e40, 0xc00090a100?)
		gitlab.nethead.at/symflower/symflower/language/java/unittest/junit.go:61 +0x1d
	gitlab.nethead.at/symflower/symflower/language/java/unittest.(*testStyleBasic).addTest(0xc008f54000, 0xc0027d9000)
		gitlab.nethead.at/symflower/symflower/language/java/unittest/test-style-basic.go:253 +0x318
	gitlab.nethead.at/symflower/symflower/language/java/unittest.(*testStyleBasic).AddTest(0xc003761260?, 0xc008e20dc0?)
		gitlab.nethead.at/symflower/symflower/language/java/unittest/test-style-basic.go:215 +0x1a
	gitlab.nethead.at/symflower/symflower/language/java.generateUnitTestFileForType(0xc008e03d80, {0xc00144d3e0, 0x2, 0x1b?}, {0xc008e4e600?, 0xc005ad90c8?}, 0xa8b5f9?)
		gitlab.nethead.at/symflower/symflower/language/java/unit-test.go:173 +0x647
	gitlab.nethead.at/symflower/symflower/language/java.Adapter.GenerateUnitTest({{{0x0, 0x0}, {0x0, 0x0}, {0x0, 0x0}}}, 0xc008e03d80, {0xc003e95ea0, 0x2, 0x2})
		gitlab.nethead.at/symflower/symflower/language/java/unit-test.go:99 +0x8c8
	gitlab.nethead.at/symflower/symflower/cmd/symflower-local/generate.(*Generator).updateTestFiles.func1({0xc0005b8dae, 0x4b})
		gitlab.nethead.at/symflower/symflower/cmd/symflower-local/generate/generate.go:345 +0x55e
	gitlab.nethead.at/symflower/symflower/cmd/symflower-local/generate.updateTestFiles({0xc000044810, 0x2e}, 0xc007cec270, {0xc0062e7688?, 0x1?, 0xc005ad9a00?}, 0x1, 0xc005ad9b08)
		gitlab.nethead.at/symflower/symflower/cmd/symflower-local/generate/tests.go:41 +0xc3
	gitlab.nethead.at/symflower/symflower/cmd/symflower-local/generate.(*Generator).updateTestFiles(0xc00059f0e0, 0xc0027b8240, 0x1, 0x1)
		gitlab.nethead.at/symflower/symflower/cmd/symflower-local/generate/generate.go:330 +0x3e5
	gitlab.nethead.at/symflower/symflower/cmd/symflower-local/generate.(*Generator).UpdateSymflowerTestSuite(0xc00059f0e0?, 0xc00059f110?)
		gitlab.nethead.at/symflower/symflower/cmd/symflower-local/generate/generate.go:307 +0x3b
	gitlab.nethead.at/symflower/symflower/cmd/symflower-local/generate.(*AnalyzeEngineDefault).UnitTests(0x2d?, 0x124bba0?, {0x21eb890?, 0xc00004c9d0?}, {0x80?, 0x47?, 0x4?, 0x0?}, 0x2d?, {0xc00059e720, ...})
		gitlab.nethead.at/symflower/symflower/cmd/symflower-local/generate/analyze.go:162 +0xaa
	gitlab.nethead.at/symflower/symflower/cmd/symflower-local/cmd.(*commandUnitTests).Execute(0xc0005b48d8, {0xc0005b4508?, 0x7901505ce398?, 0xc0005b48d8?})
		gitlab.nethead.at/symflower/symflower/cmd/symflower-local/cmd/unit-tests.go:85 +0x2a6
	gitlab.nethead.at/symflower/symflower/cmd.ExecuteNoExit({0x21de020, 0xc0005b4508}, {0xc00019e000?, 0x44?, 0x0?})
		gitlab.nethead.at/symflower/symflower/cmd/execute.go:59 +0x2ad
	gitlab.nethead.at/symflower/symflower/cmd.Execute({0x21de020?, 0xc0005b4508?}, {0xc00019e000?, 0xc00011c0c0?, 0xc0004bbf10?})
		gitlab.nethead.at/symflower/symflower/cmd/execute.go:17 +0x26
	gitlab.nethead.at/symflower/symflower/cmd.ExecuteWithOSArguments(...)
		gitlab.nethead.at/symflower/symflower/cmd/execute.go:78
	main.main.func1()
		gitlab.nethead.at/symflower/symflower/cmd/symflower-demo/main.go:39 +0x34
	gitlab.nethead.at/symflower/symflower/cmd/symflower-local/cmd.(*Command).WithPanicReporter(0xc000110060?, 0x0?)
		gitlab.nethead.at/symflower/symflower/cmd/symflower-local/cmd/cmd.go:151 +0x33
	main.main()
		gitlab.nethead.at/symflower/symflower/cmd/symflower-demo/main.go:38 +0x7f
Symflower's table driven test style is not supported, switching to basic style
src/main/java/org/apache/commons/compress/archivers/zip/ExplodingInputStream.java: generated unit test file src/main/java/org/apache/commons/compress/archivers/zip/ExplodingInputStreamSymflowerTest.java
Symflower's table driven test style is not supported, switching to basic style
src/main/java/org/apache/commons/compress/archivers/zip/ExtraFieldUtils.java: generated unit test file src/main/java/org/apache/commons/compress/archivers/zip/ExtraFieldUtilsSymflowerTest.java
Symflower's table driven test style is not supported, switching to basic style
src/main/java/org/apache/commons/compress/archivers/zip/FallbackZipEncoding.java: generated unit test file src/main/java/org/apache/commons/compress/archivers/zip/FallbackZipEncodingSymflowerTest.java
Symflower's table driven test style is not supported, switching to basic style
src/main/java/org/apache/commons/compress/archivers/zip/GeneralPurposeBit.java: generated unit test file src/main/java/org/apache/commons/compress/archivers/zip/GeneralPurposeBitSymflowerTest.java
Symflower's table driven test style is not supported, switching to basic style
src/main/java/org/apache/commons/compress/archivers/zip/JarMarker.java: generated unit test file src/main/java/org/apache/commons/compress/archivers/zip/JarMarkerSymflowerTest.java
Symflower's table driven test style is not supported, switching to basic style
src/main/java/org/apache/commons/compress/archivers/zip/ScatterStatistics.java: generated unit test file src/main/java/org/apache/commons/compress/archivers/zip/ScatterStatisticsSymflowerTest.java
Symflower's table driven test style is not supported, switching to basic style
src/main/java/org/apache/commons/compress/archivers/zip/UnicodeCommentExtraField.java: generated unit test file src/main/java/org/apache/commons/compress/archivers/zip/UnicodeCommentExtraFieldSymflowerTest.java
Symflower's table driven test style is not supported, switching to basic style
src/main/java/org/apache/commons/compress/archivers/zip/UnicodePathExtraField.java: generated unit test file src/main/java/org/apache/commons/compress/archivers/zip/UnicodePathExtraFieldSymflowerTest.java
Symflower's table driven test style is not supported, switching to basic style
src/main/java/org/apache/commons/compress/archivers/zip/UnparseableExtraFieldData.java: generated unit test file src/main/java/org/apache/commons/compress/archivers/zip/UnparseableExtraFieldDataSymflowerTest.java
Symflower's table driven test style is not supported, switching to basic style
src/main/java/org/apache/commons/compress/archivers/zip/UnrecognizedExtraField.java: generated unit test file src/main/java/org/apache/commons/compress/archivers/zip/UnrecognizedExtraFieldSymflowerTest.java
Symflower's table driven test style is not supported, switching to basic style
src/main/java/org/apache/commons/compress/archivers/zip/UnsupportedZipFeatureException.java: generated unit test file src/main/java/org/apache/commons/compress/archivers/zip/UnsupportedZipFeatureExceptionSymflowerTest.java
Symflower's table driven test style is not supported, switching to basic style
src/main/java/org/apache/commons/compress/archivers/zip/X5455_ExtendedTimestamp.java: generated unit test file src/main/java/org/apache/commons/compress/archivers/zip/X5455_ExtendedTimestampSymflowerTest.java
Symflower's table driven test style is not supported, switching to basic style
src/main/java/org/apache/commons/compress/archivers/zip/Zip64RequiredException.java: generated unit test file src/main/java/org/apache/commons/compress/archivers/zip/Zip64RequiredExceptionSymflowerTest.java
Symflower's table driven test style is not supported, switching to basic style
src/main/java/org/apache/commons/compress/archivers/zip/ZipArchiveEntry.java: generated unit test file src/main/java/org/apache/commons/compress/archivers/zip/ZipArchiveEntrySymflowerTest.java
Symflower's table driven test style is not supported, switching to basic style
src/main/java/org/apache/commons/compress/archivers/zip/ZipArchiveOutputStream.java: generated unit test file src/main/java/org/apache/commons/compress/archivers/zip/ZipArchiveOutputStreamSymflowerTest.java
Symflower's table driven test style is not supported, switching to basic style
src/main/java/org/apache/commons/compress/archivers/zip/ZipLong.java: generated unit test file src/main/java/org/apache/commons/compress/archivers/zip/ZipLongSymflowerTest.java
Symflower's table driven test style is not supported, switching to basic style
src/main/java/org/apache/commons/compress/archivers/zip/ZipShort.java: generated unit test file src/main/java/org/apache/commons/compress/archivers/zip/ZipShortSymflowerTest.java
Analyzed 103 out of 103 source files
Had 38 errors that block a full analysis
Generated 595 tests
Found 224 potential problems
The following issues prevent a full analysis:

* 350 cases of "unknown type"
	Description: Types could not be resolved. This could be because of missing dependencies
  or a consequence of some other problem.

* 262 cases of "unknown import"
	Description: Imports could not be resolved. This is likely due to missing dependencies.

* 201 cases of "unknown function"
	Description: Functions could not be resolved. This occurs due to missing dependencies,
  or if a called function is removed due to some other problem.

* 79 cases of "unsupported type"
	Description: Types required for analysis are not supported. This can include raw generics,
  or reflection types like "java.lang.Class".

* 10 cases of "not all elements have the same type"
	Description: Arguments of a function call do not match the parameter types. This usually
  occurs if a called method is removed due to some other problem, and another
  method with the same name is selected to be called.

* 155 cases of "other issues"
	Description: Uncategorized problems.

