Analyzing workspace /home/ph7/sqa-project/workspaces/compress_46b/
Search for Java files
Load dependency stdlib:@dev
src/main/java/org/apache/commons/compress/archivers/zip/X5455_ExtendedTimestamp.java: org.apache.commons.compress.archivers.zip.X5455_ExtendedTimestamp.reset: function is private and therefore inaccessible for tests
src/main/java/org/apache/commons/compress/archivers/zip/X5455_ExtendedTimestamp.java: org.apache.commons.compress.archivers.zip.X5455_ExtendedTimestamp.zipLongToDate: function is private and therefore inaccessible for tests
src/main/java/org/apache/commons/compress/archivers/zip/X5455_ExtendedTimestamp.java: org.apache.commons.compress.archivers.zip.X5455_ExtendedTimestamp.dateToZipLong: function is private and therefore inaccessible for tests
src/main/java/org/apache/commons/compress/archivers/zip/X5455_ExtendedTimestamp.java: org.apache.commons.compress.archivers.zip.X5455_ExtendedTimestamp.unixTimeToZipLong: function is private and therefore inaccessible for tests
src/main/java/org/apache/commons/compress/archivers/zip/AbstractUnicodeExtraField.java: error: unknown import
	data: java/io/UnsupportedEncodingException
src/main/java/org/apache/commons/compress/archivers/zip/AbstractUnicodeExtraField.java: error: unknown import
	data: java/util/zip/ZipException
src/main/java/org/apache/commons/compress/archivers/zip/AbstractUnicodeExtraField.java: error: unknown function
	data: [pointer(reference(java/lang/String)) java/lang/String//getBytes [] [unsupported]]
src/main/java/org/apache/commons/compress/archivers/zip/AbstractUnicodeExtraField.java: error: unknown function
	data: [struct(java/lang/System, [], [pointer(reference(java/lang/Object))], []) java/lang/System//arraycopy [] [select(this, unicodeName) 0 select(this, data) 5 len(ensure_not_nil(select(this, unicodeName)))]]
src/main/java/org/apache/commons/compress/archivers/zip/AbstractUnicodeExtraField.java: error: unknown function
	data: [struct(java/lang/System, [], [pointer(reference(java/lang/Object))], []) java/lang/System//arraycopy [] [select(this, unicodeName) 0 b 0 len(ensure_not_nil(b))]]
src/main/java/org/apache/commons/compress/archivers/zip/AbstractUnicodeExtraField.java: error: unknown function
	data: [struct(java/lang/System, [], [pointer(reference(java/lang/Object))], []) java/lang/System//arraycopy [] [unicodeName 0 select(this, unicodeName) 0 len(ensure_not_nil(unicodeName))]]
src/main/java/org/apache/commons/compress/archivers/zip/AbstractUnicodeExtraField.java: error: unknown function
	data: [struct(java/lang/System, [], [pointer(reference(java/lang/Object))], []) java/lang/System//arraycopy [] [select(this, data) 0 b 0 len(ensure_not_nil(b))]]
src/main/java/org/apache/commons/compress/archivers/zip/AbstractUnicodeExtraField.java: error: unknown function
	data: [struct(java/lang/System, [], [pointer(reference(java/lang/Object))], []) java/lang/System//arraycopy [] [buffer +(offset, 5) select(this, unicodeName) 0 -(length, 5)]]
src/main/java/org/apache/commons/compress/archivers/zip/AbstractUnicodeExtraField.java: error: unknown import
	data: java/util/zip/CRC32
src/main/java/org/apache/commons/compress/archivers/zip/AbstractUnicodeExtraField.java: error: unknown import
	data: org/apache/commons/compress/utils/CharsetNames
src/main/java/org/apache/commons/compress/archivers/zip/AbstractUnicodeExtraField.java: error: unknown function
	data: [struct(java/lang/System, [], [pointer(reference(java/lang/Object))], []) java/lang/System//arraycopy [] [call(org/apache/commons/compress/archivers/zip/ZipLong//getBytes!feb606741437b3116f99f2412027bc86, [select(this, nameCRC32)]) 0 select(this, data) 1 4]]
src/main/java/org/apache/commons/compress/archivers/zip/AsiExtraField.java: error: unknown function
	data: [struct(java/lang/System, [], [pointer(reference(java/lang/Object))], []) java/lang/System//arraycopy [] [data 0 result org/apache/commons/compress/archivers/zip/AsiExtraField//WORD len(ensure_not_nil(data))]]
src/main/java/org/apache/commons/compress/archivers/zip/AsiExtraField.java: error: unknown function
	data: [struct(java/lang/System, [], [pointer(reference(java/lang/Object))], []) java/lang/System//arraycopy [] [data +(offset, org/apache/commons/compress/archivers/zip/AsiExtraField//WORD) tmp 0 -(length, org/apache/commons/compress/archivers/zip/AsiExtraField//WORD)]]
src/main/java/org/apache/commons/compress/archivers/zip/AsiExtraField.java: error: unknown function
	data: [struct(java/lang/System, [], [pointer(reference(java/lang/Object))], []) java/lang/System//arraycopy [] [tmp 10 linkArray 0 len(ensure_not_nil(linkArray))]]
src/main/java/org/apache/commons/compress/archivers/zip/AsiExtraField.java: error: unknown function
	data: [struct(java/lang/System, [], [pointer(reference(java/lang/Object))], []) java/lang/System//arraycopy [] [call(org/apache/commons/compress/archivers/zip/ZipShort//getBytes!82a13d2b9378b45b5451d30242dc1218, [call(select(this, getMode!d41d8cd98f00b204e9800998ecf8427e), [])]) 0 data 0 2]]
src/main/java/org/apache/commons/compress/archivers/zip/AsiExtraField.java: error: unknown function
	data: [struct(java/lang/System, [], [pointer(reference(java/lang/Object))], []) java/lang/System//arraycopy [] [call(org/apache/commons/compress/archivers/zip/ZipShort//getBytes!82a13d2b9378b45b5451d30242dc1218, [call(select(this, getUserId!d41d8cd98f00b204e9800998ecf8427e), [])]) 0 data 6 2]]
src/main/java/org/apache/commons/compress/archivers/zip/AsiExtraField.java: error: unknown function
	data: [struct(java/lang/System, [], [pointer(reference(java/lang/Object))], []) java/lang/System//arraycopy [] [call(org/apache/commons/compress/archivers/zip/ZipLong//getBytes!feb606741437b3116f99f2412027bc86, [checksum]) 0 result 0 org/apache/commons/compress/archivers/zip/AsiExtraField//WORD]]
src/main/java/org/apache/commons/compress/archivers/zip/AsiExtraField.java: error: unknown function
	data: [struct(java/lang/Object, [], [], []) java/lang/Object//clone [] []]
src/main/java/org/apache/commons/compress/archivers/zip/AsiExtraField.java: error: unknown import
	data: java/util/zip/CRC32
src/main/java/org/apache/commons/compress/archivers/zip/AsiExtraField.java: error: unknown import
	data: java/util/zip/ZipException
src/main/java/org/apache/commons/compress/archivers/zip/AsiExtraField.java: error: unknown function
	data: [struct(java/lang/System, [], [pointer(reference(java/lang/Object))], []) java/lang/System//arraycopy [] [call(org/apache/commons/compress/archivers/zip/ZipLong//getBytes!feb606741437b3116f99f2412027bc86, [cast(len(ensure_not_nil(linkArray)), primitive(int, 64, false))]) 0 data 2 org/apache/commons/compress/archivers/zip/AsiExtraField//WORD]]
src/main/java/org/apache/commons/compress/archivers/zip/AsiExtraField.java: error: unknown function
	data: [struct(java/lang/System, [], [pointer(reference(java/lang/Object))], []) java/lang/System//arraycopy [] [call(org/apache/commons/compress/archivers/zip/ZipShort//getBytes!82a13d2b9378b45b5451d30242dc1218, [call(select(this, getGroupId!d41d8cd98f00b204e9800998ecf8427e), [])]) 0 data 8 2]]
src/main/java/org/apache/commons/compress/archivers/zip/AsiExtraField.java: error: unknown function
	data: [struct(java/lang/System, [], [pointer(reference(java/lang/Object))], []) java/lang/System//arraycopy [] [linkArray 0 data 10 len(ensure_not_nil(linkArray))]]
src/main/java/org/apache/commons/compress/archivers/zip/BinaryTree.java: error: unknown import
	data: java/io/DataInputStream
src/main/java/org/apache/commons/compress/archivers/zip/BinaryTree.java: error: unknown import
	data: java/util/Arrays
src/main/java/org/apache/commons/compress/archivers/zip/BinaryTree.java: internal error: missing return statement
	data: function(variable(this, pointer(reference(org/apache/commons/compress/archivers/zip/BinaryTree))), org/apache/commons/compress/archivers/zip/BinaryTree//read!0ecaef954ddc747b04e9ed2abf5995d0, [variable(stream, pointer(reference(org/apache/commons/compress/archivers/zip/BitStream)))], [variable(, primitive(int, 32, false))], block([unsupported]))
src/main/java/org/apache/commons/compress/archivers/zip/BitStream.java: error: unknown import
	data: org/apache/commons/compress/utils/BitInputStream
src/main/java/org/apache/commons/compress/archivers/zip/BitStream.java: error: unknown import
	data: java/nio/ByteOrder
src/main/java/org/apache/commons/compress/archivers/zip/BitStream.java: error: unknown function
	data: [<nil> readBits [] [1]]
src/main/java/org/apache/commons/compress/archivers/zip/BitStream.java: error: unknown function
	data: [<nil> readBits [] [n]]
src/main/java/org/apache/commons/compress/archivers/zip/BitStream.java: error: unknown function
	data: [<nil> readBits [] [8]]
src/main/java/org/apache/commons/compress/archivers/zip/ExtraFieldUtils.java: error: unknown function
	data: [struct(java/lang/System, [], [pointer(reference(java/lang/Object))], []) java/lang/System//arraycopy [] [call(select(ensure_not_nil(call(select(ensure_not_nil(index(data, i)), getHeaderId!d41d8cd98f00b204e9800998ecf8427e), [])), getBytes!d41d8cd98f00b204e9800998ecf8427e), []) 0 result start 2]]
src/main/java/org/apache/commons/compress/archivers/zip/ExtraFieldUtils.java: error: unknown function
	data: [struct(java/lang/System, [], [pointer(reference(java/lang/Object))], []) java/lang/System//arraycopy [] [local 0 result start len(ensure_not_nil(local))]]
src/main/java/org/apache/commons/compress/archivers/zip/ExtraFieldUtils.java: error: unknown function
	data: [struct(java/lang/System, [], [pointer(reference(java/lang/Object))], []) java/lang/System//arraycopy [] [local 0 result start len(ensure_not_nil(local))]]
src/main/java/org/apache/commons/compress/archivers/zip/ExtraFieldUtils.java: error: unknown function
	data: [pointer(genericInstance(reference(java/lang/Class), [wildcard(, pointer(reference(java/lang/Object)))])) java/lang/Class<descendant of java/lang/Object>//newInstance [] []]
src/main/java/org/apache/commons/compress/archivers/zip/ExtraFieldUtils.java: error: unknown function
	data: [struct(java/lang/System, [], [pointer(reference(java/lang/Object))], []) java/lang/System//arraycopy [] [call(select(ensure_not_nil(call(select(ensure_not_nil(index(data, i)), getLocalFileDataLength!d41d8cd98f00b204e9800998ecf8427e), [])), getBytes!d41d8cd98f00b204e9800998ecf8427e), []) 0 result +(start, 2) 2]]
src/main/java/org/apache/commons/compress/archivers/zip/ExtraFieldUtils.java: error: unknown function
	data: [struct(java/lang/System, [], [pointer(reference(java/lang/Object))], []) java/lang/System//arraycopy [] [local 0 result start len(ensure_not_nil(local))]]
src/main/java/org/apache/commons/compress/archivers/zip/ExtraFieldUtils.java: error: unknown function
	data: [struct(java/lang/System, [], [pointer(reference(java/lang/Object))], []) java/lang/System//arraycopy [] [call(select(ensure_not_nil(call(select(ensure_not_nil(index(data, i)), getCentralDirectoryLength!d41d8cd98f00b204e9800998ecf8427e), [])), getBytes!d41d8cd98f00b204e9800998ecf8427e), []) 0 result +(start, 2) 2]]
src/main/java/org/apache/commons/compress/archivers/zip/ExtraFieldUtils.java: error: unknown import
	data: java/util/zip/ZipException
src/main/java/org/apache/commons/compress/archivers/zip/ExtraFieldUtils.java: error: unknown function
	data: [struct(java/lang/System, [], [pointer(reference(java/lang/Object))], []) java/lang/System//arraycopy [] [call(select(ensure_not_nil(call(select(ensure_not_nil(index(data, i)), getHeaderId!d41d8cd98f00b204e9800998ecf8427e), [])), getBytes!d41d8cd98f00b204e9800998ecf8427e), []) 0 result start 2]]
src/main/java/org/apache/commons/compress/archivers/zip/ExtraFieldUtils.java: error: unknown function
	data: [struct(java/lang/System, [], [pointer(reference(java/lang/Object))], []) java/lang/System//arraycopy [] [local 0 result start len(ensure_not_nil(local))]]
src/main/java/org/apache/commons/compress/archivers/zip/ExtraFieldUtils.java: error: unknown import
	data: java/util/concurrent/ConcurrentHashMap
src/main/java/org/apache/commons/compress/archivers/zip/ExtraFieldUtils.java: error: unknown function
	data: [pointer(genericInstance(reference(java/lang/Class), [wildcard(, pointer(reference(java/lang/Object)))])) java/lang/Class<descendant of java/lang/Object>//newInstance [] []]
src/main/java/org/apache/commons/compress/archivers/zip/FallbackZipEncoding.java: error: unknown function
	data: [pointer(reference(java/lang/String)) java/lang/String//getBytes [] [select(this, charsetName)]]
src/main/java/org/apache/commons/compress/archivers/zip/FallbackZipEncoding.java: error: unknown function
	data: [<nil> java/lang/String//String [] [data select(this, charsetName)]]
src/main/java/org/apache/commons/compress/archivers/zip/FallbackZipEncoding.java: error: unknown import
	data: java/nio/ByteBuffer
src/main/java/org/apache/commons/compress/archivers/zip/GeneralPurposeBit.java: error: unknown function
	data: [struct(java/lang/Object, [], [], []) java/lang/Object//clone [] []]
src/main/java/org/apache/commons/compress/archivers/zip/JarMarker.java: error: unknown import
	data: java/util/zip/ZipException
src/main/java/org/apache/commons/compress/archivers/zip/NioZipEncoding.java: error: unknown import
	data: java/nio/charset/CoderResult
src/main/java/org/apache/commons/compress/archivers/zip/NioZipEncoding.java: error: unknown import
	data: java/nio/charset/CodingErrorAction
src/main/java/org/apache/commons/compress/archivers/zip/NioZipEncoding.java: error: unknown function
	data: [struct(java/nio/CharBuffer, [], [pointer(reference(java/lang/Object))], []) java/nio/CharBuffer//wrap [] [name]]
src/main/java/org/apache/commons/compress/archivers/zip/NioZipEncoding.java: error: unknown function
	data: [pointer(reference(java/nio/CharBuffer)) java/nio/CharBuffer//remaining [] []]
src/main/java/org/apache/commons/compress/archivers/zip/NioZipEncoding.java: error: unknown function
	data: [pointer(reference(java/nio/CharBuffer)) java/nio/CharBuffer//get [] []]
src/main/java/org/apache/commons/compress/archivers/zip/NioZipEncoding.java: error: unknown import
	data: java/nio/ByteBuffer
src/main/java/org/apache/commons/compress/archivers/zip/NioZipEncoding.java: error: unknown import
	data: java/nio/charset/Charset
src/main/java/org/apache/commons/compress/archivers/zip/NioZipEncoding.java: error: unknown import
	data: java/nio/charset/CharsetEncoder
src/main/java/org/apache/commons/compress/archivers/zip/PKWareExtraHeader.java: error: unknown import
	data: java/util/Collections
src/main/java/org/apache/commons/compress/archivers/zip/PKWareExtraHeader.java: error: unknown import
	data: java/util/HashMap
src/main/java/org/apache/commons/compress/archivers/zip/PKWareExtraHeader.java: error: unknown function
	data: [struct(java/lang/System, [], [pointer(reference(java/lang/Object))], []) java/lang/System//arraycopy [] [data offset tmp 0 length]]
src/main/java/org/apache/commons/compress/archivers/zip/PKWareExtraHeader.java: error: unknown function
	data: [struct(java/lang/System, [], [pointer(reference(java/lang/Object))], []) java/lang/System//arraycopy [] [data offset tmp 0 length]]
src/main/java/org/apache/commons/compress/archivers/zip/ParallelScatterZipCreator.java: error: unknown import
	data: java/util/concurrent/ExecutionException
src/main/java/org/apache/commons/compress/archivers/zip/ParallelScatterZipCreator.java: error: unknown import
	data: java/util/concurrent/Executors
src/main/java/org/apache/commons/compress/archivers/zip/ParallelScatterZipCreator.java: error: unknown import
	data: java/util/concurrent/TimeUnit
src/main/java/org/apache/commons/compress/archivers/zip/ParallelScatterZipCreator.java: error: unknown import
	data: java/util/concurrent/atomic/AtomicInteger
src/main/java/org/apache/commons/compress/archivers/zip/ParallelScatterZipCreator.java: error: unknown type
	data: ThreadLocal
src/main/java/org/apache/commons/compress/archivers/zip/ParallelScatterZipCreator.java: error: unknown function
	data: [struct(java/lang/System, [], [pointer(reference(java/lang/Object))], []) java/lang/System//currentTimeMillis [] []]
src/main/java/org/apache/commons/compress/archivers/zip/ParallelScatterZipCreator.java: error: unknown import
	data: java/util/concurrent/ExecutorService
src/main/java/org/apache/commons/compress/archivers/zip/ParallelScatterZipCreator.java: error: unknown import
	data: java/util/concurrent/Future
src/main/java/org/apache/commons/compress/archivers/zip/ParallelScatterZipCreator.java: error: unknown import
	data: java/util/Collections/synchronizedList
src/main/java/org/apache/commons/compress/archivers/zip/ParallelScatterZipCreator.java: error: unknown field
	data: [this struct(org/apache/commons/compress/archivers/zip/ParallelScatterZipCreator, [], [pointer(reference(java/lang/Object))], []) Runtime]
src/main/java/org/apache/commons/compress/archivers/zip/ParallelScatterZipCreator.java: error: unknown function
	data: [<nil> java/lang/String//internalToString [] [zipArchiveEntry]]
src/main/java/org/apache/commons/compress/archivers/zip/ParallelScatterZipCreator.java: error: unknown import
	data: org/apache/commons/compress/parallel/FileBasedScatterGatherBackingStore
src/main/java/org/apache/commons/compress/archivers/zip/ParallelScatterZipCreator.java: error: unknown import
	data: org/apache/commons/compress/parallel/InputStreamSupplier
src/main/java/org/apache/commons/compress/archivers/zip/ParallelScatterZipCreator.java: error: unknown import
	data: org/apache/commons/compress/parallel/ScatterGatherBackingStore
src/main/java/org/apache/commons/compress/archivers/zip/ParallelScatterZipCreator.java: error: unknown import
	data: org/apache/commons/compress/parallel/ScatterGatherBackingStoreSupplier
src/main/java/org/apache/commons/compress/archivers/zip/ParallelScatterZipCreator.java: error: unknown import
	data: java/util/concurrent/Callable
src/main/java/org/apache/commons/compress/archivers/zip/ParallelScatterZipCreator.java: error: unknown import
	data: java/io/File
src/main/java/org/apache/commons/compress/archivers/zip/ParallelScatterZipCreator.java: error: unknown import
	data: java/util/zip/Deflater
src/main/java/org/apache/commons/compress/archivers/zip/ParallelScatterZipCreator.java: error: unknown function
	data: [<nil> synchronizedList [] [call(java/util/ArrayList//ArrayList!d41d8cd98f00b204e9800998ecf8427e, [])]]
src/main/java/org/apache/commons/compress/archivers/zip/ResourceAlignmentExtraField.java: error: unknown import
	data: java/util/zip/ZipException
src/main/java/org/apache/commons/compress/archivers/zip/ScatterZipOutputStream.java: error: unknown import
	data: java/io/File
src/main/java/org/apache/commons/compress/archivers/zip/ScatterZipOutputStream.java: error: unknown import
	data: java/util/Queue
src/main/java/org/apache/commons/compress/archivers/zip/ScatterZipOutputStream.java: error: unknown import
	data: java/util/zip/Deflater
src/main/java/org/apache/commons/compress/archivers/zip/ScatterZipOutputStream.java: error: unknown field
	data: [this struct(org/apache/commons/compress/archivers/zip/ScatterZipOutputStream, [], [pointer(reference(java/lang/Object))], [reference(java/io/Closeable)]) payloadStream]
src/main/java/org/apache/commons/compress/archivers/zip/ScatterZipOutputStream.java: internal error: either catch or finally must be defined
	data: try(block([unsupported]), [], %!s(<nil>))
src/main/java/org/apache/commons/compress/archivers/zip/ScatterZipOutputStream.java: error: unknown function
	data: [pointer(reference(org/apache/commons/compress/archivers/zip/ZipArchiveEntry)) org/apache/commons/compress/archivers/zip/ZipArchiveEntry//setCompressedSize [] [select(this, compressedSize)]]
src/main/java/org/apache/commons/compress/archivers/zip/ScatterZipOutputStream.java: error: unknown import
	data: org/apache/commons/compress/parallel/ScatterGatherBackingStore
src/main/java/org/apache/commons/compress/archivers/zip/ScatterZipOutputStream.java: error: unknown import
	data: java/util/concurrent/ConcurrentLinkedQueue
src/main/java/org/apache/commons/compress/archivers/zip/ScatterZipOutputStream.java: error: an unsupported collection type has been used for this operation
	data: genericInstance(unsupported(java/util/Queue), [pointer(reference(org/apache/commons/compress/archivers/zip/ScatterZipOutputStream//CompressedEntry))])
src/main/java/org/apache/commons/compress/archivers/zip/ScatterZipOutputStream.java: internal error: either catch or finally must be defined
	data: try(block([unsupported]), [], %!s(<nil>))
src/main/java/org/apache/commons/compress/archivers/zip/ScatterZipOutputStream.java: error: unknown function
	data: [pointer(reference(org/apache/commons/compress/archivers/zip/ZipArchiveEntry)) org/apache/commons/compress/archivers/zip/ZipArchiveEntry//setCrc [] [select(this, crc)]]
src/main/java/org/apache/commons/compress/archivers/zip/ScatterZipOutputStream.java: error: unknown import
	data: org/apache/commons/compress/parallel/FileBasedScatterGatherBackingStore
src/main/java/org/apache/commons/compress/archivers/zip/ScatterZipOutputStream.java: error: unknown import
	data: org/apache/commons/compress/utils/BoundedInputStream
src/main/java/org/apache/commons/compress/archivers/zip/Simple8BitZipEncoding.java: error: unknown import
	data: java/nio/ByteBuffer
src/main/java/org/apache/commons/compress/archivers/zip/Simple8BitZipEncoding.java: error: unknown import
	data: java/util/Collections
src/main/java/org/apache/commons/compress/archivers/zip/Simple8BitZipEncoding.java: error: not a named type
	data: array(primitive(char, 16, true), primitive(int, 32, false), 0)
src/main/java/org/apache/commons/compress/archivers/zip/Simple8BitZipEncoding.java: error: unknown function
	data: [<nil> java/util/ArrayList//ArrayList [] [len(ensure_not_nil(select(this, highChars)))]]
src/main/java/org/apache/commons/compress/archivers/zip/StreamCompressor.java: internal error: no supported constructor available
	data: [struct(org/apache/commons/compress/archivers/zip/StreamCompressor, [], [pointer(reference(java/lang/Object))], [reference(java/io/Closeable)]) function(variable(this, pointer(reference(java/lang/Object))), java/lang/Object//@@constructor!d41d8cd98f00b204e9800998ecf8427e, [], [variable(, pointer(reference(java/lang/Object)))], block([return([this])]))]
src/main/java/org/apache/commons/compress/archivers/zip/StreamCompressor.java: error: unknown import
	data: java/util/zip/CRC32
src/main/java/org/apache/commons/compress/archivers/zip/StreamCompressor.java: error: unknown import
	data: java/util/zip/Deflater
src/main/java/org/apache/commons/compress/archivers/zip/StreamCompressor.java: internal error: no supported constructor available
	data: [struct(org/apache/commons/compress/archivers/zip/StreamCompressor, [], [pointer(reference(java/lang/Object))], [reference(java/io/Closeable)]) function(variable(this, pointer(reference(java/lang/Object))), java/lang/Object//@@constructor!d41d8cd98f00b204e9800998ecf8427e, [], [variable(, pointer(reference(java/lang/Object)))], block([return([this])]))]
src/main/java/org/apache/commons/compress/archivers/zip/StreamCompressor.java: error: unknown import
	data: org/apache/commons/compress/parallel/ScatterGatherBackingStore
src/main/java/org/apache/commons/compress/archivers/zip/StreamCompressor.java: error: unknown import
	data: java/io/DataOutput
src/main/java/org/apache/commons/compress/archivers/zip/StreamCompressor.java: error: unknown import
	data: java/nio/ByteBuffer
src/main/java/org/apache/commons/compress/archivers/zip/StreamCompressor.java: error: unknown import
	data: java/nio/channels/SeekableByteChannel
src/main/java/org/apache/commons/compress/archivers/zip/StreamCompressor.java: error: unknown import
	data: java/util/zip/ZipEntry
src/main/java/org/apache/commons/compress/archivers/zip/StreamCompressor.java: internal error: no supported constructor available
	data: [struct(org/apache/commons/compress/archivers/zip/StreamCompressor, [], [pointer(reference(java/lang/Object))], [reference(java/io/Closeable)]) function(variable(this, pointer(reference(java/lang/Object))), java/lang/Object//@@constructor!d41d8cd98f00b204e9800998ecf8427e, [], [variable(, pointer(reference(java/lang/Object)))], block([return([this])]))]
src/main/java/org/apache/commons/compress/archivers/zip/StreamCompressor.java: internal error: no supported constructor available
	data: [struct(org/apache/commons/compress/archivers/zip/StreamCompressor, [], [pointer(reference(java/lang/Object))], [reference(java/io/Closeable)]) function(variable(this, pointer(reference(java/lang/Object))), java/lang/Object//@@constructor!d41d8cd98f00b204e9800998ecf8427e, [], [variable(, pointer(reference(java/lang/Object)))], block([return([this])]))]
src/main/java/org/apache/commons/compress/archivers/zip/UnparseableExtraFieldData.java: error: unknown function
	data: [struct(java/lang/System, [], [pointer(reference(java/lang/Object))], []) java/lang/System//arraycopy [] [buffer offset select(this, localFileData) 0 length]]
src/main/java/org/apache/commons/compress/archivers/zip/UnparseableExtraFieldData.java: error: unknown function
	data: [struct(java/lang/System, [], [pointer(reference(java/lang/Object))], []) java/lang/System//arraycopy [] [buffer offset select(this, centralDirectoryData) 0 length]]
src/main/java/org/apache/commons/compress/archivers/zip/UnrecognizedExtraField.java: error: unknown function
	data: [struct(java/lang/System, [], [pointer(reference(java/lang/Object))], []) java/lang/System//arraycopy [] [data offset tmp 0 length]]
src/main/java/org/apache/commons/compress/archivers/zip/UnrecognizedExtraField.java: error: unknown function
	data: [struct(java/lang/System, [], [pointer(reference(java/lang/Object))], []) java/lang/System//arraycopy [] [data offset tmp 0 length]]
src/main/java/org/apache/commons/compress/archivers/zip/UnshrinkingInputStream.java: error: unknown field
	data: [this struct(org/apache/commons/compress/archivers/zip/UnshrinkingInputStream, [], [unsupported(org/apache/commons/compress/compressors/lzw/LZWInputStream)], []) UNUSED_PREFIX]
src/main/java/org/apache/commons/compress/archivers/zip/UnshrinkingInputStream.java: error: unknown field
	data: [this struct(org/apache/commons/compress/archivers/zip/UnshrinkingInputStream, [], [unsupported(org/apache/commons/compress/compressors/lzw/LZWInputStream)], []) DEFAULT_CODE_SIZE]
src/main/java/org/apache/commons/compress/archivers/zip/UnshrinkingInputStream.java: error: unknown function
	data: [<nil> initializeTables [] [org/apache/commons/compress/archivers/zip/UnshrinkingInputStream//MAX_CODE_SIZE]]
src/main/java/org/apache/commons/compress/archivers/zip/UnshrinkingInputStream.java: error: unknown function
	data: [<nil> setTableSize [] [+(unsupported, 1)]]
src/main/java/org/apache/commons/compress/archivers/zip/UnshrinkingInputStream.java: error: unknown function
	data: [<nil> setTableSize [] [tableSize]]
src/main/java/org/apache/commons/compress/archivers/zip/UnshrinkingInputStream.java: error: unknown function
	data: [<nil> getPrefix [] [i]]
src/main/java/org/apache/commons/compress/archivers/zip/UnshrinkingInputStream.java: error: unknown import
	data: org/apache/commons/compress/compressors/lzw/LZWInputStream
src/main/java/org/apache/commons/compress/archivers/zip/UnshrinkingInputStream.java: error: unknown function
	data: [<nil> getPrefixesLength [] []]
src/main/java/org/apache/commons/compress/archivers/zip/UnshrinkingInputStream.java: error: unknown function
	data: [<nil> getClearCode [] []]
src/main/java/org/apache/commons/compress/archivers/zip/UnshrinkingInputStream.java: internal error: expression does not have the same type as the targeted index type
	data: make(array(primitive(bool, 0, false), primitive(int, 32, false), 0), unsupported)
src/main/java/org/apache/commons/compress/archivers/zip/UnshrinkingInputStream.java: error: unknown function
	data: [<nil> setPrefix [] [i unsupported]]
src/main/java/org/apache/commons/compress/archivers/zip/UnshrinkingInputStream.java: error: unknown function
	data: [<nil> getCodeSize [] []]
src/main/java/org/apache/commons/compress/archivers/zip/UnshrinkingInputStream.java: error: unknown function
	data: [<nil> incrementCodeSize [] []]
src/main/java/org/apache/commons/compress/archivers/zip/UnshrinkingInputStream.java: error: unknown function
	data: [<nil> expandCodeToOutputStack [] [effectiveCode addedUnfinishedEntry]]
src/main/java/org/apache/commons/compress/archivers/zip/UnshrinkingInputStream.java: error: unknown function
	data: [<nil> setClearCode [] [unsupported]]
src/main/java/org/apache/commons/compress/archivers/zip/UnshrinkingInputStream.java: error: unknown function
	data: [<nil> getTableSize [] []]
src/main/java/org/apache/commons/compress/archivers/zip/UnshrinkingInputStream.java: error: unknown function
	data: [<nil> addEntry [] [previousCode character org/apache/commons/compress/archivers/zip/UnshrinkingInputStream//MAX_TABLE_SIZE]]
src/main/java/org/apache/commons/compress/archivers/zip/UnshrinkingInputStream.java: error: unknown function
	data: [<nil> getPrefix [] [i]]
src/main/java/org/apache/commons/compress/archivers/zip/UnshrinkingInputStream.java: error: unknown function
	data: [<nil> readNextCode [] []]
src/main/java/org/apache/commons/compress/archivers/zip/UnshrinkingInputStream.java: error: unknown function
	data: [<nil> setTableSize [] [+(unsupported, 1)]]
src/main/java/org/apache/commons/compress/archivers/zip/UnshrinkingInputStream.java: error: unknown function
	data: [<nil> addRepeatOfPreviousCode [] []]
src/main/java/org/apache/commons/compress/archivers/zip/UnshrinkingInputStream.java: error: unknown import
	data: java/nio/ByteOrder
src/main/java/org/apache/commons/compress/archivers/zip/UnsupportedZipFeatureException.java: error: unknown import
	data: java/util/zip/ZipException
src/main/java/org/apache/commons/compress/archivers/zip/X000A_NTFS.java: error: unknown function
	data: [struct(java/lang/System, [], [pointer(reference(java/lang/Object))], []) java/lang/System//arraycopy [] [call(select(ensure_not_nil(select(this, modifyTime)), getBytes!d41d8cd98f00b204e9800998ecf8427e), []) 0 data pos 8]]
src/main/java/org/apache/commons/compress/archivers/zip/X000A_NTFS.java: error: unknown function
	data: [struct(java/lang/System, [], [pointer(reference(java/lang/Object))], []) java/lang/System//arraycopy [] [call(select(ensure_not_nil(select(this, accessTime)), getBytes!d41d8cd98f00b204e9800998ecf8427e), []) 0 data pos 8]]
src/main/java/org/apache/commons/compress/archivers/zip/X000A_NTFS.java: error: unknown function
	data: [struct(java/lang/System, [], [pointer(reference(java/lang/Object))], []) java/lang/System//arraycopy [] [call(select(ensure_not_nil(select(this, createTime)), getBytes!d41d8cd98f00b204e9800998ecf8427e), []) 0 data pos 8]]
src/main/java/org/apache/commons/compress/archivers/zip/X000A_NTFS.java: error: unknown import
	data: java/util/Date
src/main/java/org/apache/commons/compress/archivers/zip/X000A_NTFS.java: error: unknown import
	data: java/util/zip/ZipException
src/main/java/org/apache/commons/compress/archivers/zip/X000A_NTFS.java: error: unknown function
	data: [struct(java/lang/System, [], [pointer(reference(java/lang/Object))], []) java/lang/System//arraycopy [] [call(select(ensure_not_nil(org/apache/commons/compress/archivers/zip/X000A_NTFS//TIME_ATTR_TAG), getBytes!d41d8cd98f00b204e9800998ecf8427e), []) 0 data pos 2]]
src/main/java/org/apache/commons/compress/archivers/zip/X000A_NTFS.java: error: unknown function
	data: [struct(java/lang/System, [], [pointer(reference(java/lang/Object))], []) java/lang/System//arraycopy [] [call(select(ensure_not_nil(org/apache/commons/compress/archivers/zip/X000A_NTFS//TIME_ATTR_SIZE), getBytes!d41d8cd98f00b204e9800998ecf8427e), []) 0 data pos 2]]
src/main/java/org/apache/commons/compress/archivers/zip/X0017_StrongEncryptionHeader.java: error: unknown function
	data: [struct(java/lang/System, [], [pointer(reference(java/lang/Object))], []) java/lang/System//arraycopy [] [data -(+(+(+(+(+(offset, ivSize), 22), erdSize), resize), vSize), 4) select(this, vCRC32) 0 4]]
src/main/java/org/apache/commons/compress/archivers/zip/X0017_StrongEncryptionHeader.java: error: unknown function
	data: [struct(java/lang/System, [], [pointer(reference(java/lang/Object))], []) java/lang/System//arraycopy [] [data +(offset, 4) select(this, ivData) 0 ivSize]]
src/main/java/org/apache/commons/compress/archivers/zip/X0017_StrongEncryptionHeader.java: error: unknown function
	data: [struct(java/lang/System, [], [pointer(reference(java/lang/Object))], []) java/lang/System//arraycopy [] [data +(+(offset, ivSize), 16) select(this, erdData) 0 erdSize]]
src/main/java/org/apache/commons/compress/archivers/zip/X0017_StrongEncryptionHeader.java: error: unknown function
	data: [struct(java/lang/System, [], [pointer(reference(java/lang/Object))], []) java/lang/System//arraycopy [] [data +(+(+(offset, ivSize), 22), erdSize) select(this, vData) 0 -(vSize, 4)]]
src/main/java/org/apache/commons/compress/archivers/zip/X0017_StrongEncryptionHeader.java: error: unknown function
	data: [struct(java/lang/System, [], [pointer(reference(java/lang/Object))], []) java/lang/System//arraycopy [] [data -(+(+(+(+(offset, ivSize), 22), erdSize), vSize), 4) select(this, vCRC32) 0 4]]
src/main/java/org/apache/commons/compress/archivers/zip/X0017_StrongEncryptionHeader.java: error: unknown function
	data: [struct(java/lang/System, [], [pointer(reference(java/lang/Object))], []) java/lang/System//arraycopy [] [data +(+(+(offset, ivSize), 24), erdSize) select(this, recipientKeyHash) 0 select(this, hashSize)]]
src/main/java/org/apache/commons/compress/archivers/zip/X0017_StrongEncryptionHeader.java: error: unknown function
	data: [struct(java/lang/System, [], [pointer(reference(java/lang/Object))], []) java/lang/System//arraycopy [] [data +(+(+(+(offset, ivSize), 24), erdSize), select(this, hashSize)) select(this, keyBlob) 0 -(resize, select(this, hashSize))]]
src/main/java/org/apache/commons/compress/archivers/zip/X0017_StrongEncryptionHeader.java: error: unknown function
	data: [struct(java/lang/System, [], [pointer(reference(java/lang/Object))], []) java/lang/System//arraycopy [] [data +(+(+(+(offset, ivSize), 22), erdSize), resize) select(this, vData) 0 -(vSize, 4)]]
src/main/java/org/apache/commons/compress/archivers/zip/X5455_ExtendedTimestamp.java: error: unknown import
	data: java/util/Date
src/main/java/org/apache/commons/compress/archivers/zip/X5455_ExtendedTimestamp.java: error: unknown import
	data: java/util/zip/ZipException
src/main/java/org/apache/commons/compress/archivers/zip/X5455_ExtendedTimestamp.java: error: unknown function
	data: [struct(java/lang/System, [], [pointer(reference(java/lang/Object))], []) java/lang/System//arraycopy [] [call(select(ensure_not_nil(select(this, modifyTime)), getBytes!d41d8cd98f00b204e9800998ecf8427e), []) 0 data pos 4]]
src/main/java/org/apache/commons/compress/archivers/zip/X5455_ExtendedTimestamp.java: error: unknown function
	data: [struct(java/lang/System, [], [pointer(reference(java/lang/Object))], []) java/lang/System//arraycopy [] [call(select(ensure_not_nil(select(this, accessTime)), getBytes!d41d8cd98f00b204e9800998ecf8427e), []) 0 data pos 4]]
src/main/java/org/apache/commons/compress/archivers/zip/X5455_ExtendedTimestamp.java: error: unknown function
	data: [struct(java/lang/System, [], [pointer(reference(java/lang/Object))], []) java/lang/System//arraycopy [] [call(select(ensure_not_nil(select(this, createTime)), getBytes!d41d8cd98f00b204e9800998ecf8427e), []) 0 data pos 4]]
src/main/java/org/apache/commons/compress/archivers/zip/X5455_ExtendedTimestamp.java: error: unknown function
	data: [struct(java/lang/System, [], [pointer(reference(java/lang/Object))], []) java/lang/System//arraycopy [] [localData 0 centralData 0 len(ensure_not_nil(centralData))]]
src/main/java/org/apache/commons/compress/archivers/zip/X5455_ExtendedTimestamp.java: error: unknown function
	data: [struct(java/lang/Object, [], [], []) java/lang/Object//clone [] []]
src/main/java/org/apache/commons/compress/archivers/zip/X7875_NewUnix.java: error: unknown function
	data: [struct(java/lang/System, [], [pointer(reference(java/lang/Object))], []) java/lang/System//arraycopy [] [data offset uidBytes 0 uidSize]]
src/main/java/org/apache/commons/compress/archivers/zip/X7875_NewUnix.java: error: unknown function
	data: [struct(java/lang/System, [], [pointer(reference(java/lang/Object))], []) java/lang/System//arraycopy [] [data offset gidBytes 0 gidSize]]
src/main/java/org/apache/commons/compress/archivers/zip/X7875_NewUnix.java: error: unknown function
	data: [struct(java/lang/Object, [], [], []) java/lang/Object//clone [] []]
src/main/java/org/apache/commons/compress/archivers/zip/X7875_NewUnix.java: error: unknown function
	data: [struct(java/lang/System, [], [pointer(reference(java/lang/Object))], []) java/lang/System//arraycopy [] [array pos trimmedArray startPos -(len(ensure_not_nil(trimmedArray)), startPos)]]
src/main/java/org/apache/commons/compress/archivers/zip/X7875_NewUnix.java: error: unknown import
	data: java/math/BigInteger
src/main/java/org/apache/commons/compress/archivers/zip/X7875_NewUnix.java: error: unknown import
	data: java/util/zip/ZipException
src/main/java/org/apache/commons/compress/archivers/zip/X7875_NewUnix.java: error: unknown function
	data: [struct(java/lang/System, [], [pointer(reference(java/lang/Object))], []) java/lang/System//arraycopy [] [uidBytes 0 data pos uidBytesLen]]
src/main/java/org/apache/commons/compress/archivers/zip/X7875_NewUnix.java: error: unknown function
	data: [struct(java/lang/System, [], [pointer(reference(java/lang/Object))], []) java/lang/System//arraycopy [] [gidBytes 0 data pos gidBytesLen]]
src/main/java/org/apache/commons/compress/archivers/zip/Zip64ExtendedInformationExtraField.java: error: unknown function
	data: [struct(java/lang/System, [], [pointer(reference(java/lang/Object))], []) java/lang/System//arraycopy [] [call(select(ensure_not_nil(select(this, diskStart)), getBytes!d41d8cd98f00b204e9800998ecf8427e), []) 0 data off org/apache/commons/compress/archivers/zip/ZipConstants//WORD]]
src/main/java/org/apache/commons/compress/archivers/zip/Zip64ExtendedInformationExtraField.java: error: unknown function
	data: [struct(java/lang/System, [], [pointer(reference(java/lang/Object))], []) java/lang/System//arraycopy [] [buffer offset select(this, rawCentralDirectoryData) 0 length]]
src/main/java/org/apache/commons/compress/archivers/zip/Zip64ExtendedInformationExtraField.java: error: unknown function
	data: [struct(java/lang/System, [], [pointer(reference(java/lang/Object))], []) java/lang/System//arraycopy [] [call(select(ensure_not_nil(select(this, size)), getBytes!d41d8cd98f00b204e9800998ecf8427e), []) 0 data 0 org/apache/commons/compress/archivers/zip/ZipConstants//DWORD]]
src/main/java/org/apache/commons/compress/archivers/zip/Zip64ExtendedInformationExtraField.java: error: unknown function
	data: [struct(java/lang/System, [], [pointer(reference(java/lang/Object))], []) java/lang/System//arraycopy [] [call(select(ensure_not_nil(select(this, compressedSize)), getBytes!d41d8cd98f00b204e9800998ecf8427e), []) 0 data off org/apache/commons/compress/archivers/zip/ZipConstants//DWORD]]
src/main/java/org/apache/commons/compress/archivers/zip/Zip64ExtendedInformationExtraField.java: error: unknown import
	data: java/util/zip/ZipException
src/main/java/org/apache/commons/compress/archivers/zip/Zip64ExtendedInformationExtraField.java: error: unknown function
	data: [struct(java/lang/System, [], [pointer(reference(java/lang/Object))], []) java/lang/System//arraycopy [] [call(select(ensure_not_nil(select(this, relativeHeaderOffset)), getBytes!d41d8cd98f00b204e9800998ecf8427e), []) 0 data off org/apache/commons/compress/archivers/zip/ZipConstants//DWORD]]
src/main/java/org/apache/commons/compress/archivers/zip/Zip64RequiredException.java: error: unknown import
	data: java/util/zip/ZipException
src/main/java/org/apache/commons/compress/archivers/zip/ZipArchiveEntry.java: error: unknown import
	data: java/util/zip/ZipException
src/main/java/org/apache/commons/compress/archivers/zip/ZipArchiveEntry.java: error: unknown type
	data: java/util/NoSuchElementException
src/main/java/org/apache/commons/compress/archivers/zip/ZipArchiveEntry.java: error: unknown function
	data: [<nil> getClass [] []]
src/main/java/org/apache/commons/compress/archivers/zip/ZipArchiveEntry.java: error: unknown function
	data: [pointer(reference(java/lang/Object)) java/lang/Object//getClass [] []]
src/main/java/org/apache/commons/compress/archivers/zip/ZipArchiveEntry.java: error: unknown function
	data: [<nil> getComment [] []]
src/main/java/org/apache/commons/compress/archivers/zip/ZipArchiveEntry.java: error: unknown function
	data: [pointer(reference(org/apache/commons/compress/archivers/zip/ZipArchiveEntry)) org/apache/commons/compress/archivers/zip/ZipArchiveEntry//getComment [] []]
src/main/java/org/apache/commons/compress/archivers/zip/ZipArchiveEntry.java: error: unknown function
	data: [<nil> getCompressedSize [] []]
src/main/java/org/apache/commons/compress/archivers/zip/ZipArchiveEntry.java: error: unknown function
	data: [pointer(reference(org/apache/commons/compress/archivers/zip/ZipArchiveEntry)) org/apache/commons/compress/archivers/zip/ZipArchiveEntry//getCompressedSize [] []]
src/main/java/org/apache/commons/compress/archivers/zip/ZipArchiveEntry.java: error: unknown field
	data: [this struct(org/apache/commons/compress/archivers/zip/ZipArchiveEntry, [], [unsupported(java/util/zip/ZipEntry)], [unsupported(org/apache/commons/compress/archivers/ArchiveEntry), unsupported(org/apache/commons/compress/archivers/EntryStreamOffsets)]) OFFSET_UNKNOWN]
src/main/java/org/apache/commons/compress/archivers/zip/ZipArchiveEntry.java: error: unknown function
	data: [<nil> getCrc [] []]
src/main/java/org/apache/commons/compress/archivers/zip/ZipArchiveEntry.java: error: unknown import
	data: org/apache/commons/compress/archivers/ArchiveEntry
src/main/java/org/apache/commons/compress/archivers/zip/ZipArchiveEntry.java: error: unknown field
	data: [this struct(org/apache/commons/compress/archivers/zip/ZipArchiveEntry, [], [unsupported(java/util/zip/ZipEntry)], [unsupported(org/apache/commons/compress/archivers/ArchiveEntry), unsupported(org/apache/commons/compress/archivers/EntryStreamOffsets)]) SIZE_UNKNOWN]
src/main/java/org/apache/commons/compress/archivers/zip/ZipArchiveEntry.java: error: unknown field
	data: [this struct(org/apache/commons/compress/archivers/zip/ZipArchiveEntry, [], [unsupported(java/util/zip/ZipEntry)], [unsupported(org/apache/commons/compress/archivers/ArchiveEntry), unsupported(org/apache/commons/compress/archivers/EntryStreamOffsets)]) OFFSET_UNKNOWN]
src/main/java/org/apache/commons/compress/archivers/zip/ZipArchiveEntry.java: error: unknown function
	data: [<nil> getTime [] []]
src/main/java/org/apache/commons/compress/archivers/zip/ZipArchiveEntry.java: error: unknown import
	data: java/util/Arrays
src/main/java/org/apache/commons/compress/archivers/zip/ZipArchiveEntry.java: error: unknown import
	data: java/util/Date
src/main/java/org/apache/commons/compress/archivers/zip/ZipArchiveEntry.java: error: unknown function
	data: [struct(java/lang/System, [], [pointer(reference(java/lang/Object))], []) java/lang/System//arraycopy [] [select(this, rawName) 0 b 0 len(ensure_not_nil(select(this, rawName)))]]
src/main/java/org/apache/commons/compress/archivers/zip/ZipArchiveEntry.java: error: unknown function
	data: [pointer(reference(org/apache/commons/compress/archivers/zip/ZipArchiveEntry)) org/apache/commons/compress/archivers/zip/ZipArchiveEntry//getTime [] []]
src/main/java/org/apache/commons/compress/archivers/zip/ZipArchiveEntry.java: error: unknown function
	data: [pointer(reference(org/apache/commons/compress/archivers/zip/ZipArchiveEntry)) org/apache/commons/compress/archivers/zip/ZipArchiveEntry//getCrc [] []]
src/main/java/org/apache/commons/compress/archivers/zip/ZipArchiveEntry.java: error: unknown import
	data: org/apache/commons/compress/archivers/EntryStreamOffsets
src/main/java/org/apache/commons/compress/archivers/zip/ZipArchiveEntry.java: error: unknown type
	data: java/util/zip/ZipEntry
src/main/java/org/apache/commons/compress/archivers/zip/ZipArchiveEntry.java: error: unknown function
	data: [<nil> setTime [] [unsupported]]
src/main/java/org/apache/commons/compress/archivers/zip/ZipArchiveEntry.java: error: unknown function
	data: [struct(java/lang/System, [], [pointer(reference(java/lang/Object))], []) java/lang/System//arraycopy [] [copy 0 select(this, extraFields) 1 -(len(ensure_not_nil(select(this, extraFields))), 1)]]
src/main/java/org/apache/commons/compress/archivers/zip/ZipArchiveEntry.java: error: unknown function
	data: [<nil> getExtra [] []]
src/main/java/org/apache/commons/compress/archivers/zip/ZipArchiveEntry.java: error: unknown import
	data: java/io/File
src/main/java/org/apache/commons/compress/archivers/zip/ZipArchiveEntry.java: error: unknown function
	data: [struct(java/lang/System, [], [pointer(reference(java/lang/Object))], []) java/lang/System//arraycopy [] [src 0 cpy 0 call(java/lang/Math//min!2ac0ebcb23011db97774191b8c6fdbe3, [len(ensure_not_nil(src)), length])]]
src/main/java/org/apache/commons/compress/archivers/zip/ZipArchiveEntry.java: error: unknown function
	data: [pointer(reference(java/lang/String)) java/lang/String//contains [] ["/"]]
src/main/java/org/apache/commons/compress/archivers/zip/ZipArchiveEntryRequest.java: error: unknown import
	data: org/apache/commons/compress/parallel/InputStreamSupplier
src/main/java/org/apache/commons/compress/archivers/zip/ZipArchiveInputStream.java: error: unknown function
	data: [<nil> count [] [count]]
src/main/java/org/apache/commons/compress/archivers/zip/ZipArchiveInputStream.java: error: unknown import
	data: java/io/EOFException
src/main/java/org/apache/commons/compress/archivers/zip/ZipArchiveInputStream.java: error: unknown import
	data: java/io/PushbackInputStream
src/main/java/org/apache/commons/compress/archivers/zip/ZipArchiveInputStream.java: error: unknown import
	data: java/util/zip/ZipException
src/main/java/org/apache/commons/compress/archivers/zip/ZipArchiveInputStream.java: error: unknown function
	data: [struct(org/apache/commons/compress/archivers/zip/ZipArchiveEntry, [], [unsupported(java/util/zip/ZipEntry)], [unsupported(org/apache/commons/compress/archivers/ArchiveEntry), unsupported(org/apache/commons/compress/archivers/EntryStreamOffsets)]) org/apache/commons/compress/archivers/zip/ZipArchiveEntry//setTime [] [time]]
src/main/java/org/apache/commons/compress/archivers/zip/ZipArchiveInputStream.java: error: unknown function
	data: [<nil> count [] [l]]
src/main/java/org/apache/commons/compress/archivers/zip/ZipArchiveInputStream.java: error: unknown function
	data: [struct(org/apache/commons/compress/archivers/zip/ZipArchiveEntry, [], [unsupported(java/util/zip/ZipEntry)], [unsupported(org/apache/commons/compress/archivers/ArchiveEntry), unsupported(org/apache/commons/compress/archivers/EntryStreamOffsets)]) org/apache/commons/compress/archivers/zip/ZipArchiveEntry//setCrc [] [call(select(ensure_not_nil(val), getValue!d41d8cd98f00b204e9800998ecf8427e), [])]]
src/main/java/org/apache/commons/compress/archivers/zip/ZipArchiveInputStream.java: error: unknown function
	data: [struct(org/apache/commons/compress/archivers/zip/ZipArchiveEntry, [], [unsupported(java/util/zip/ZipEntry)], [unsupported(org/apache/commons/compress/archivers/ArchiveEntry), unsupported(org/apache/commons/compress/archivers/EntryStreamOffsets)]) org/apache/commons/compress/archivers/zip/ZipArchiveEntry//setCompressedSize [] [call(org/apache/commons/compress/archivers/zip/ZipEightByteInteger//getLongValue!2dcfcbf77da22bb3290a2dcf338b4c85, [select(this, twoDwordBuf)])]]
src/main/java/org/apache/commons/compress/archivers/zip/ZipArchiveInputStream.java: error: unknown import
	data: java/io/ByteArrayInputStream
src/main/java/org/apache/commons/compress/archivers/zip/ZipArchiveInputStream.java: error: unknown import
	data: org/apache/commons/compress/compressors/bzip2/BZip2CompressorInputStream
src/main/java/org/apache/commons/compress/archivers/zip/ZipArchiveInputStream.java: error: unknown function
	data: [struct(java/lang/System, [], [pointer(reference(java/lang/Object))], []) java/lang/System//arraycopy [] [missedLfhBytes 0 lfh -(org/apache/commons/compress/archivers/zip/ZipArchiveInputStream//LFH_LEN, 4) 4]]
src/main/java/org/apache/commons/compress/archivers/zip/ZipArchiveInputStream.java: error: unknown function
	data: [struct(org/apache/commons/compress/archivers/zip/ZipArchiveEntry, [], [unsupported(java/util/zip/ZipEntry)], [unsupported(org/apache/commons/compress/archivers/ArchiveEntry), unsupported(org/apache/commons/compress/archivers/EntryStreamOffsets)]) org/apache/commons/compress/archivers/zip/ZipArchiveEntry//setCompressedSize [] [call(org/apache/commons/compress/archivers/zip/ZipLong//getValue!2dcfcbf77da22bb3290a2dcf338b4c85, [select(this, twoDwordBuf)])]]
src/main/java/org/apache/commons/compress/archivers/zip/ZipArchiveInputStream.java: error: unknown function
	data: [<nil> count [] [x]]
src/main/java/org/apache/commons/compress/archivers/zip/ZipArchiveInputStream.java: error: unknown function
	data: [<nil> count [] [1]]
src/main/java/org/apache/commons/compress/archivers/zip/ZipArchiveInputStream.java: error: unknown import
	data: java/util/zip/Inflater
src/main/java/org/apache/commons/compress/archivers/zip/ZipArchiveInputStream.java: error: unknown import
	data: org/apache/commons/compress/utils/ArchiveUtils
src/main/java/org/apache/commons/compress/archivers/zip/ZipArchiveInputStream.java: error: unknown function
	data: [struct(org/apache/commons/compress/archivers/zip/ZipArchiveEntry, [], [unsupported(java/util/zip/ZipEntry)], [unsupported(org/apache/commons/compress/archivers/ArchiveEntry), unsupported(org/apache/commons/compress/archivers/EntryStreamOffsets)]) org/apache/commons/compress/archivers/zip/ZipArchiveEntry//getCompressedSize [] []]
src/main/java/org/apache/commons/compress/archivers/zip/ZipArchiveInputStream.java: error: unknown import
	data: org/apache/commons/compress/archivers/ArchiveEntry
src/main/java/org/apache/commons/compress/archivers/zip/ZipArchiveInputStream.java: error: unknown import
	data: org/apache/commons/compress/utils/IOUtils
src/main/java/org/apache/commons/compress/archivers/zip/ZipArchiveInputStream.java: error: unknown function
	data: [struct(org/apache/commons/compress/archivers/zip/ZipArchiveEntry, [], [unsupported(java/util/zip/ZipEntry)], [unsupported(org/apache/commons/compress/archivers/ArchiveEntry), unsupported(org/apache/commons/compress/archivers/EntryStreamOffsets)]) org/apache/commons/compress/archivers/zip/ZipArchiveEntry//setCompressedSize [] [call(select(ensure_not_nil(call(select(ensure_not_nil(z64), getCompressedSize!d41d8cd98f00b204e9800998ecf8427e), [])), getLongValue!d41d8cd98f00b204e9800998ecf8427e), [])]]
src/main/java/org/apache/commons/compress/archivers/zip/ZipArchiveInputStream.java: error: unknown function
	data: [<nil> pushedBackBytes [] [length]]
src/main/java/org/apache/commons/compress/archivers/zip/ZipArchiveInputStream.java: error: unknown import
	data: java/io/ByteArrayOutputStream
src/main/java/org/apache/commons/compress/archivers/zip/ZipArchiveInputStream.java: error: unknown function
	data: [struct(org/apache/commons/compress/archivers/zip/ZipArchiveEntry, [], [unsupported(java/util/zip/ZipEntry)], [unsupported(org/apache/commons/compress/archivers/ArchiveEntry), unsupported(org/apache/commons/compress/archivers/EntryStreamOffsets)]) org/apache/commons/compress/archivers/zip/ZipArchiveEntry//setCompressedSize [] [call(select(ensure_not_nil(cSize), getValue!d41d8cd98f00b204e9800998ecf8427e), [])]]
src/main/java/org/apache/commons/compress/archivers/zip/ZipArchiveInputStream.java: internal error: not all elements have the same type
	data: [function(variable(this, pointer(reference(org/apache/commons/compress/archivers/zip/ZipArchiveInputStream))), org/apache/commons/compress/archivers/zip/ZipArchiveInputStream//getNextZipEntry!d41d8cd98f00b204e9800998ecf8427e, [], [variable(, pointer(reference(org/apache/commons/compress/archivers/zip/ZipArchiveEntry)))], block([never_nil(this), declaration([firstEntry], [primitive(bool, 0, false)], [true], ModifierVisibilityPublic), if(||(select(this, closed), select(this, hitCentralDirectory)), block([return([nil])]), %!s(<nil>)), if(!=(select(this, current), nil), block([call(select(this, closeEntry!d41d8cd98f00b204e9800998ecf8427e), []), =(firstEntry, false)]), %!s(<nil>)), declaration([currentHeaderOffset], [primitive(int, 64, false)], [unsupported], ModifierVisibilityPublic), try(block([if(firstEntry, block([call(select(this, readFirstLocalFileHeader!2dcfcbf77da22bb3290a2dcf338b4c85), [select(this, lfhBuf)])]), block([call(select(this, readFully!2dcfcbf77da22bb3290a2dcf338b4c85), [select(this, lfhBuf)])]))]), [catch([unsupported(java/io/EOFException)], e , block([return([nil])]))], %!s(<nil>)), declaration([sig], [pointer(reference(org/apache/commons/compress/archivers/zip/ZipLong))], [call(org/apache/commons/compress/archivers/zip/ZipLong//ZipLong!2dcfcbf77da22bb3290a2dcf338b4c85, [select(this, lfhBuf)])], Modifier(1048584)), if(||(call(select(ensure_not_nil(sig), equals!4fb2deccef7826b7659de223ac40b91d), [cast(org/apache/commons/compress/archivers/zip/ZipLong//CFH_SIG, pointer(reference(java/lang/Object)))]), call(select(ensure_not_nil(sig), equals!4fb2deccef7826b7659de223ac40b91d), [cast(org/apache/commons/compress/archivers/zip/ZipLong//AED_SIG, pointer(reference(java/lang/Object)))])), block([=(select(this, hitCentralDirectory), true), call(select(this, skipRemainderOfArchive!d41d8cd98f00b204e9800998ecf8427e), []), return([nil])]), %!s(<nil>)), if(!(call(select(ensure_not_nil(sig), equals!4fb2deccef7826b7659de223ac40b91d), [cast(org/apache/commons/compress/archivers/zip/ZipLong//LFH_SIG, pointer(reference(java/lang/Object)))])), block([throw(unsupported)]), %!s(<nil>)), declaration([off], [primitive(int, 32, false)], [org/apache/commons/compress/archivers/zip/ZipConstants//WORD], ModifierVisibilityPublic), =(select(this, current), call(org/apache/commons/compress/archivers/zip/ZipArchiveInputStream//CurrentEntry//CurrentEntry!d41d8cd98f00b204e9800998ecf8427e, [])), declaration([versionMadeBy], [primitive(int, 32, false)], [call(org/apache/commons/compress/archivers/zip/ZipShort//getValue!b88fafa2b0b36aed4d82151230ff9ae6, [select(this, lfhBuf), off])], Modifier(1048584)), =(off, cast(+(off, org/apache/commons/compress/archivers/zip/ZipConstants//SHORT), primitive(int, 32, false))), call(select(ensure_not_nil(select(select(this, current), entry)), setPlatform!82a13d2b9378b45b5451d30242dc1218), [&(>>(versionMadeBy, &(org/apache/commons/compress/archivers/zip/ZipFile//BYTE_SHIFT, 31)), org/apache/commons/compress/archivers/zip/ZipFile//NIBLET_MASK)]), declaration([gpFlag], [pointer(reference(org/apache/commons/compress/archivers/zip/GeneralPurposeBit))], [call(org/apache/commons/compress/archivers/zip/GeneralPurposeBit//parse!b88fafa2b0b36aed4d82151230ff9ae6, [select(this, lfhBuf), off])], Modifier(1048584)), declaration([hasUTF8Flag], [primitive(bool, 0, false)], [call(select(ensure_not_nil(gpFlag), usesUTF8ForNames!d41d8cd98f00b204e9800998ecf8427e), [])], Modifier(1048584)), declaration([entryEncoding], [reference(org/apache/commons/compress/archivers/zip/ZipEncoding)], [conditional(hasUTF8Flag, [org/apache/commons/compress/archivers/zip/ZipEncodingHelper//UTF8_ZIP_ENCODING, select(this, zipEncoding)])], Modifier(1048584)), =(select(select(this, current), hasDataDescriptor), call(select(ensure_not_nil(gpFlag), usesDataDescriptor!d41d8cd98f00b204e9800998ecf8427e), [])), call(select(ensure_not_nil(select(select(this, current), entry)), setGeneralPurposeBit!ff4b2f42f05cb9168cc7dc81bebbcda4), [gpFlag]), =(off, cast(+(off, org/apache/commons/compress/archivers/zip/ZipConstants//SHORT), primitive(int, 32, false))), call(select(ensure_not_nil(select(select(this, current), entry)), setMethod!82a13d2b9378b45b5451d30242dc1218), [call(org/apache/commons/compress/archivers/zip/ZipShort//getValue!b88fafa2b0b36aed4d82151230ff9ae6, [select(this, lfhBuf), off])]), =(off, cast(+(off, org/apache/commons/compress/archivers/zip/ZipConstants//SHORT), primitive(int, 32, false))), declaration([time], [primitive(int, 64, false)], [call(org/apache/commons/compress/archivers/zip/ZipUtil//dosToJavaTime!feb606741437b3116f99f2412027bc86, [call(org/apache/commons/compress/archivers/zip/ZipLong//getValue!b88fafa2b0b36aed4d82151230ff9ae6, [select(this, lfhBuf), off])])], Modifier(1048584)), unsupported, =(off, cast(+(off, org/apache/commons/compress/archivers/zip/ZipConstants//WORD), primitive(int, 32, false))), declaration([size, cSize], [pointer(reference(org/apache/commons/compress/archivers/zip/ZipLong)), pointer(reference(org/apache/commons/compress/archivers/zip/ZipLong))], [nil, nil], ModifierVisibilityPublic), if(!(select(select(this, current), hasDataDescriptor)), block([unsupported, =(off, cast(+(off, org/apache/commons/compress/archivers/zip/ZipConstants//WORD), primitive(int, 32, false))), =(cSize, call(org/apache/commons/compress/archivers/zip/ZipLong//ZipLong!b88fafa2b0b36aed4d82151230ff9ae6, [select(this, lfhBuf), off])), =(off, cast(+(off, org/apache/commons/compress/archivers/zip/ZipConstants//WORD), primitive(int, 32, false))), =(size, call(org/apache/commons/compress/archivers/zip/ZipLong//ZipLong!b88fafa2b0b36aed4d82151230ff9ae6, [select(this, lfhBuf), off])), =(off, cast(+(off, org/apache/commons/compress/archivers/zip/ZipConstants//WORD), primitive(int, 32, false)))]), block([=(off, cast(+(off, *(3, org/apache/commons/compress/archivers/zip/ZipConstants//WORD)), primitive(int, 32, false)))])), declaration([fileNameLen], [primitive(int, 32, false)], [call(org/apache/commons/compress/archivers/zip/ZipShort//getValue!b88fafa2b0b36aed4d82151230ff9ae6, [select(this, lfhBuf), off])], Modifier(1048584)), =(off, cast(+(off, org/apache/commons/compress/archivers/zip/ZipConstants//SHORT), primitive(int, 32, false))), declaration([extraLen], [primitive(int, 32, false)], [call(org/apache/commons/compress/archivers/zip/ZipShort//getValue!b88fafa2b0b36aed4d82151230ff9ae6, [select(this, lfhBuf), off])], Modifier(1048584)), =(off, cast(+(off, org/apache/commons/compress/archivers/zip/ZipConstants//SHORT), primitive(int, 32, false))), declaration([fileName], [array(primitive(int, 8, false), primitive(int, 32, false), 0)], [make(array(primitive(int, 8, false), primitive(int, 32, false), 0), fileNameLen)], Modifier(1048584)), call(select(this, readFully!2dcfcbf77da22bb3290a2dcf338b4c85), [fileName]), call(select(ensure_not_nil(select(select(this, current), entry)), setName!8f2f13f100e0a1e9c951cc81155845b2), [call(select(ensure_not_nil(entryEncoding), decode!2dcfcbf77da22bb3290a2dcf338b4c85), [fileName]), fileName]), declaration([extraData], [array(primitive(int, 8, false), primitive(int, 32, false), 0)], [make(array(primitive(int, 8, false), primitive(int, 32, false), 0), extraLen)], Modifier(1048584)), call(select(this, readFully!2dcfcbf77da22bb3290a2dcf338b4c85), [extraData]), call(select(ensure_not_nil(select(select(this, current), entry)), setExtra!2dcfcbf77da22bb3290a2dcf338b4c85), [extraData]), if(&&(!(hasUTF8Flag), select(this, useUnicodeExtraFields)), block([call(org/apache/commons/compress/archivers/zip/ZipUtil//setNameAndCommentFromExtraFields!40fcd8887e86a6eba8ca78aa5fa6b268, [select(select(this, current), entry), fileName, nil])]), %!s(<nil>)), call(select(this, processZip64Extra!fa4083cf276c813f9dd1c84c2d31a712), [size, cSize]), call(select(ensure_not_nil(select(select(this, current), entry)), setLocalHeaderOffset!feb606741437b3116f99f2412027bc86), [currentHeaderOffset]), unsupported, call(select(ensure_not_nil(select(select(this, current), entry)), setStreamContiguous!85ac64685274e538d0c53030432a7f30), [true]), if(!=(unsupported, unsupported), block([if(==(call(select(ensure_not_nil(select(select(this, current), entry)), getMethod!d41d8cd98f00b204e9800998ecf8427e), []), call(select(ensure_not_nil(call(org/apache/commons/compress/archivers/zip/@@ZipMethod//@@box!cfc7bf444a25aa0d25fb13b1e7550ad0, [&(composite(reference(org/apache/commons/compress/archivers/zip/ZipMethod), ["UNSHRINKING"]))])), getCode!d41d8cd98f00b204e9800998ecf8427e), [])), block([unsupported]), if(==(call(select(ensure_not_nil(select(select(this, current), entry)), getMethod!d41d8cd98f00b204e9800998ecf8427e), []), call(select(ensure_not_nil(call(org/apache/commons/compress/archivers/zip/@@ZipMethod//@@box!cfc7bf444a25aa0d25fb13b1e7550ad0, [&(composite(reference(org/apache/commons/compress/archivers/zip/ZipMethod), ["IMPLODING"]))])), getCode!d41d8cd98f00b204e9800998ecf8427e), [])), block([unsupported]), if(==(call(select(ensure_not_nil(select(select(this, current), entry)), getMethod!d41d8cd98f00b204e9800998ecf8427e), []), call(select(ensure_not_nil(call(org/apache/commons/compress/archivers/zip/@@ZipMethod//@@box!cfc7bf444a25aa0d25fb13b1e7550ad0, [&(composite(reference(org/apache/commons/compress/archivers/zip/ZipMethod), ["BZIP2"]))])), getCode!d41d8cd98f00b204e9800998ecf8427e), [])), block([unsupported]), %!s(<nil>))))]), %!s(<nil>)), x++(select(this, entriesRead)), return([select(select(this, current), entry)])])) return([call(select(this, getNextZipEntry!d41d8cd98f00b204e9800998ecf8427e), [])])]
src/main/java/org/apache/commons/compress/archivers/zip/ZipArchiveInputStream.java: error: unknown function
	data: [<nil> count [] [1]]
src/main/java/org/apache/commons/compress/archivers/zip/ZipArchiveInputStream.java: error: unknown function
	data: [<nil> count [] [bytesRead]]
src/main/java/org/apache/commons/compress/archivers/zip/ZipArchiveInputStream.java: error: unknown import
	data: java/nio/ByteBuffer
src/main/java/org/apache/commons/compress/archivers/zip/ZipArchiveInputStream.java: error: unknown import
	data: java/util/zip/ZipEntry
src/main/java/org/apache/commons/compress/archivers/zip/ZipArchiveInputStream.java: error: unknown function
	data: [<nil> getBytesRead [] []]
src/main/java/org/apache/commons/compress/archivers/zip/ZipArchiveInputStream.java: error: unknown function
	data: [struct(org/apache/commons/compress/archivers/zip/ZipArchiveEntry, [], [unsupported(java/util/zip/ZipEntry)], [unsupported(org/apache/commons/compress/archivers/ArchiveEntry), unsupported(org/apache/commons/compress/archivers/EntryStreamOffsets)]) org/apache/commons/compress/archivers/zip/ZipArchiveEntry//setCrc [] [call(org/apache/commons/compress/archivers/zip/ZipLong//getValue!b88fafa2b0b36aed4d82151230ff9ae6, [select(this, lfhBuf), off])]]
src/main/java/org/apache/commons/compress/archivers/zip/ZipArchiveInputStream.java: error: unknown function
	data: [struct(java/lang/System, [], [pointer(reference(java/lang/Object))], []) java/lang/System//arraycopy [] [lfh 4 lfh 0 -(org/apache/commons/compress/archivers/zip/ZipArchiveInputStream//LFH_LEN, 4)]]
src/main/java/org/apache/commons/compress/archivers/zip/ZipArchiveInputStream.java: error: unknown function
	data: [<nil> count [] [n]]
src/main/java/org/apache/commons/compress/archivers/zip/ZipArchiveInputStream.java: error: unknown function
	data: [<nil> count [] [unsupported]]
src/main/java/org/apache/commons/compress/archivers/zip/ZipArchiveInputStream.java: error: unknown import
	data: java/util/zip/CRC32
src/main/java/org/apache/commons/compress/archivers/zip/ZipArchiveInputStream.java: error: unknown import
	data: java/util/zip/DataFormatException
src/main/java/org/apache/commons/compress/archivers/zip/ZipArchiveInputStream.java: error: unknown import
	data: org/apache/commons/compress/archivers/ArchiveInputStream
src/main/java/org/apache/commons/compress/archivers/zip/ZipArchiveOutputStream.java: error: unknown function
	data: [struct(org/apache/commons/compress/archivers/zip/ZipArchiveEntry, [], [unsupported(java/util/zip/ZipEntry)], [unsupported(org/apache/commons/compress/archivers/ArchiveEntry), unsupported(org/apache/commons/compress/archivers/EntryStreamOffsets)]) org/apache/commons/compress/archivers/zip/ZipArchiveEntry//setCrc [] [crc]]
src/main/java/org/apache/commons/compress/archivers/zip/ZipArchiveOutputStream.java: error: unknown function
	data: [struct(org/apache/commons/compress/archivers/zip/ZipArchiveEntry, [], [unsupported(java/util/zip/ZipEntry)], [unsupported(org/apache/commons/compress/archivers/ArchiveEntry), unsupported(org/apache/commons/compress/archivers/EntryStreamOffsets)]) org/apache/commons/compress/archivers/zip/ZipArchiveEntry//getCompressedSize [] []]
src/main/java/org/apache/commons/compress/archivers/zip/ZipArchiveOutputStream.java: error: unknown import
	data: java/util/zip/Deflater
src/main/java/org/apache/commons/compress/archivers/zip/ZipArchiveOutputStream.java: error: unknown import
	data: java/io/ByteArrayOutputStream
src/main/java/org/apache/commons/compress/archivers/zip/ZipArchiveOutputStream.java: error: unknown import
	data: java/io/File
src/main/java/org/apache/commons/compress/archivers/zip/ZipArchiveOutputStream.java: error: unknown import
	data: java/nio/file/Files
src/main/java/org/apache/commons/compress/archivers/zip/ZipArchiveOutputStream.java: error: unknown import
	data: java/util/EnumSet
src/main/java/org/apache/commons/compress/archivers/zip/ZipArchiveOutputStream.java: error: unknown field
	data: [this struct(org/apache/commons/compress/archivers/zip/ZipArchiveOutputStream, [], [unsupported(org/apache/commons/compress/archivers/ArchiveOutputStream)], []) java]
src/main/java/org/apache/commons/compress/archivers/zip/ZipArchiveOutputStream.java: error: unknown import
	data: java/util/Calendar
src/main/java/org/apache/commons/compress/archivers/zip/ZipArchiveOutputStream.java: error: unknown import
	data: java/util/zip/ZipException
src/main/java/org/apache/commons/compress/archivers/zip/ZipArchiveOutputStream.java: error: unknown field
	data: [this struct(org/apache/commons/compress/archivers/zip/ZipArchiveOutputStream, [], [unsupported(org/apache/commons/compress/archivers/ArchiveOutputStream)], []) java]
src/main/java/org/apache/commons/compress/archivers/zip/ZipArchiveOutputStream.java: error: unknown function
	data: [pointer(reference(org/apache/commons/compress/archivers/zip/ZipArchiveEntry)) org/apache/commons/compress/archivers/zip/ZipArchiveEntry//getCompressedSize [] []]
src/main/java/org/apache/commons/compress/archivers/zip/ZipArchiveOutputStream.java: error: unknown function
	data: [struct(java/lang/System, [], [pointer(reference(java/lang/Object))], []) java/lang/System//currentTimeMillis [] []]
src/main/java/org/apache/commons/compress/archivers/zip/ZipArchiveOutputStream.java: error: unknown function
	data: [pointer(reference(org/apache/commons/compress/archivers/zip/ZipArchiveEntry)) org/apache/commons/compress/archivers/zip/ZipArchiveEntry//setTime [] [unsupported]]
src/main/java/org/apache/commons/compress/archivers/zip/ZipArchiveOutputStream.java: error: unknown function
	data: [<nil> count [] [writtenThisTime]]
src/main/java/org/apache/commons/compress/archivers/zip/ZipArchiveOutputStream.java: error: unknown function
	data: [<nil> count [] [length]]
src/main/java/org/apache/commons/compress/archivers/zip/ZipArchiveOutputStream.java: error: unknown import
	data: java/util/LinkedList
src/main/java/org/apache/commons/compress/archivers/zip/ZipArchiveOutputStream.java: error: unknown function
	data: [pointer(reference(org/apache/commons/compress/archivers/zip/ZipArchiveEntry)) org/apache/commons/compress/archivers/zip/ZipArchiveEntry//getCrc [] []]
src/main/java/org/apache/commons/compress/archivers/zip/ZipArchiveOutputStream.java: error: unknown function
	data: [struct(org/apache/commons/compress/archivers/zip/ZipArchiveEntry, [], [unsupported(java/util/zip/ZipEntry)], [unsupported(org/apache/commons/compress/archivers/ArchiveEntry), unsupported(org/apache/commons/compress/archivers/EntryStreamOffsets)]) org/apache/commons/compress/archivers/zip/ZipArchiveEntry//setCompressedSize [] [bytesWritten]]
src/main/java/org/apache/commons/compress/archivers/zip/ZipArchiveOutputStream.java: error: unknown function
	data: [struct(java/lang/System, [], [pointer(reference(java/lang/Object))], []) java/lang/System//arraycopy [] [org/apache/commons/compress/archivers/zip/ZipArchiveOutputStream//LFH_SIG 0 buf org/apache/commons/compress/archivers/zip/ZipArchiveOutputStream//LFH_SIG_OFFSET org/apache/commons/compress/archivers/zip/ZipConstants//WORD]]
src/main/java/org/apache/commons/compress/archivers/zip/ZipArchiveOutputStream.java: error: unknown function
	data: [struct(java/lang/System, [], [pointer(reference(java/lang/Object))], []) java/lang/System//arraycopy [] [org/apache/commons/compress/archivers/zip/ZipArchiveOutputStream//LZERO 0 buf org/apache/commons/compress/archivers/zip/ZipArchiveOutputStream//LFH_COMPRESSED_SIZE_OFFSET org/apache/commons/compress/archivers/zip/ZipConstants//WORD]]
src/main/java/org/apache/commons/compress/archivers/zip/ZipArchiveOutputStream.java: error: unknown function
	data: [genericInstance(reference(java/util/Map), [pointer(reference(org/apache/commons/compress/archivers/zip/ZipArchiveEntry)), pointer(reference(org/apache/commons/compress/archivers/zip/ZipArchiveOutputStream//EntryMetaData))]) java/util/Map<org/apache/commons/compress/archivers/zip/ZipArchiveEntry,org/apache/commons/compress/archivers/zip/ZipArchiveOutputStream//EntryMetaData>//get [] [ze]]
src/main/java/org/apache/commons/compress/archivers/zip/ZipArchiveOutputStream.java: error: unknown function
	data: [struct(java/lang/System, [], [pointer(reference(java/lang/Object))], []) java/lang/System//arraycopy [] [org/apache/commons/compress/archivers/zip/ZipArchiveOutputStream//CFH_SIG 0 buf org/apache/commons/compress/archivers/zip/ZipArchiveOutputStream//CFH_SIG_OFFSET org/apache/commons/compress/archivers/zip/ZipConstants//WORD]]
src/main/java/org/apache/commons/compress/archivers/zip/ZipArchiveOutputStream.java: error: unknown function
	data: [struct(java/lang/System, [], [pointer(reference(java/lang/Object))], []) java/lang/System//arraycopy [] [extra 0 buf extraStart len(ensure_not_nil(extra))]]
src/main/java/org/apache/commons/compress/archivers/zip/ZipArchiveOutputStream.java: error: unknown import
	data: org/apache/commons/compress/archivers/ArchiveOutputStream
src/main/java/org/apache/commons/compress/archivers/zip/ZipArchiveOutputStream.java: error: unknown function
	data: [<nil> putArchiveEntry [] [ae is2PhaseSource]]
src/main/java/org/apache/commons/compress/archivers/zip/ZipArchiveOutputStream.java: error: unknown function
	data: [struct(java/lang/System, [], [pointer(reference(java/lang/Object))], []) java/lang/System//arraycopy [] [org/apache/commons/compress/archivers/zip/ZipArchiveOutputStream//LZERO 0 buf org/apache/commons/compress/archivers/zip/ZipArchiveOutputStream//LFH_ORIGINAL_SIZE_OFFSET org/apache/commons/compress/archivers/zip/ZipConstants//WORD]]
src/main/java/org/apache/commons/compress/archivers/zip/ZipArchiveOutputStream.java: error: unknown function
	data: [struct(org/apache/commons/compress/archivers/zip/ZipArchiveEntry, [], [unsupported(java/util/zip/ZipEntry)], [unsupported(org/apache/commons/compress/archivers/ArchiveEntry), unsupported(org/apache/commons/compress/archivers/EntryStreamOffsets)]) org/apache/commons/compress/archivers/zip/ZipArchiveEntry//setCompressedSize [] [bytesWritten]]
src/main/java/org/apache/commons/compress/archivers/zip/ZipArchiveOutputStream.java: error: unknown field
	data: [this struct(org/apache/commons/compress/archivers/zip/ZipArchiveOutputStream, [], [unsupported(org/apache/commons/compress/archivers/ArchiveOutputStream)], []) java]
src/main/java/org/apache/commons/compress/archivers/zip/ZipArchiveOutputStream.java: error: unknown import
	data: java/nio/ByteBuffer
src/main/java/org/apache/commons/compress/archivers/zip/ZipArchiveOutputStream.java: error: unknown import
	data: org/apache/commons/compress/archivers/ArchiveEntry
src/main/java/org/apache/commons/compress/archivers/zip/ZipArchiveOutputStream.java: error: unknown function
	data: [struct(org/apache/commons/compress/archivers/zip/ZipArchiveEntry, [], [unsupported(java/util/zip/ZipEntry)], [unsupported(org/apache/commons/compress/archivers/ArchiveEntry), unsupported(org/apache/commons/compress/archivers/EntryStreamOffsets)]) org/apache/commons/compress/archivers/zip/ZipArchiveEntry//setCompressedSize [] [call(select(ensure_not_nil(select(select(this, entry), entry)), getSize!d41d8cd98f00b204e9800998ecf8427e), [])]]
src/main/java/org/apache/commons/compress/archivers/zip/ZipArchiveOutputStream.java: error: unknown function
	data: [struct(java/lang/System, [], [pointer(reference(java/lang/Object))], []) java/lang/System//arraycopy [] [extra 0 buf +(org/apache/commons/compress/archivers/zip/ZipArchiveOutputStream//LFH_FILENAME_OFFSET, nameLen) len(ensure_not_nil(extra))]]
src/main/java/org/apache/commons/compress/archivers/zip/ZipArchiveOutputStream.java: error: unknown import
	data: java/io/FileOutputStream
src/main/java/org/apache/commons/compress/archivers/zip/ZipArchiveOutputStream.java: error: unknown import
	data: java/nio/channels/SeekableByteChannel
src/main/java/org/apache/commons/compress/archivers/zip/ZipArchiveOutputStream.java: error: unknown import
	data: java/util/HashMap
src/main/java/org/apache/commons/compress/archivers/zip/ZipArchiveOutputStream.java: error: unknown function
	data: [pointer(reference(org/apache/commons/compress/archivers/zip/ZipArchiveEntry)) org/apache/commons/compress/archivers/zip/ZipArchiveEntry//getComment [] []]
src/main/java/org/apache/commons/compress/archivers/zip/ZipArchiveOutputStream.java: error: unknown function
	data: [struct(java/lang/System, [], [pointer(reference(java/lang/Object))], []) java/lang/System//arraycopy [] [org/apache/commons/compress/archivers/zip/ZipArchiveOutputStream//ZERO 0 buf org/apache/commons/compress/archivers/zip/ZipArchiveOutputStream//CFH_DISK_NUMBER_OFFSET org/apache/commons/compress/archivers/zip/ZipConstants//SHORT]]
src/main/java/org/apache/commons/compress/archivers/zip/ZipArchiveOutputStream.java: error: unknown import
	data: java/nio/file/StandardOpenOption
src/main/java/org/apache/commons/compress/archivers/zip/ZipArchiveOutputStream.java: error: unknown import
	data: org/apache/commons/compress/utils/IOUtils
src/main/java/org/apache/commons/compress/archivers/zip/ZipArchiveOutputStream.java: error: unknown function
	data: [struct(org/apache/commons/compress/archivers/zip/ZipArchiveEntry, [], [unsupported(java/util/zip/ZipEntry)], [unsupported(org/apache/commons/compress/archivers/ArchiveEntry), unsupported(org/apache/commons/compress/archivers/EntryStreamOffsets)]) org/apache/commons/compress/archivers/zip/ZipArchiveEntry//getCrc [] []]
src/main/java/org/apache/commons/compress/archivers/zip/ZipArchiveOutputStream.java: error: unknown function
	data: [struct(org/apache/commons/compress/archivers/zip/ZipArchiveEntry, [], [unsupported(java/util/zip/ZipEntry)], [unsupported(org/apache/commons/compress/archivers/ArchiveEntry), unsupported(org/apache/commons/compress/archivers/EntryStreamOffsets)]) org/apache/commons/compress/archivers/zip/ZipArchiveEntry//setCrc [] [crc]]
src/main/java/org/apache/commons/compress/archivers/zip/ZipArchiveOutputStream.java: error: unknown function
	data: [pointer(reference(org/apache/commons/compress/archivers/zip/ZipArchiveEntry)) org/apache/commons/compress/archivers/zip/ZipArchiveEntry//getTime [] []]
src/main/java/org/apache/commons/compress/archivers/zip/ZipArchiveOutputStream.java: error: unknown function
	data: [struct(java/lang/System, [], [pointer(reference(java/lang/Object))], []) java/lang/System//arraycopy [] [org/apache/commons/compress/archivers/zip/ZipArchiveOutputStream//LZERO 0 buf org/apache/commons/compress/archivers/zip/ZipArchiveOutputStream//LFH_CRC_OFFSET org/apache/commons/compress/archivers/zip/ZipConstants//WORD]]
src/main/java/org/apache/commons/compress/archivers/zip/ZipEightByteInteger.java: error: unknown import
	data: java/math/BigInteger
src/main/java/org/apache/commons/compress/archivers/zip/ZipEncoding.java: error: unknown import
	data: java/nio/ByteBuffer
src/main/java/org/apache/commons/compress/archivers/zip/ZipEncodingHelper.java: error: unknown import
	data: java/nio/ByteBuffer
src/main/java/org/apache/commons/compress/archivers/zip/ZipEncodingHelper.java: error: unknown import
	data: java/nio/charset/Charset
src/main/java/org/apache/commons/compress/archivers/zip/ZipEncodingHelper.java: error: unknown import
	data: java/nio/charset/UnsupportedCharsetException
src/main/java/org/apache/commons/compress/archivers/zip/ZipEncodingHelper.java: error: unknown import
	data: java/util/Collections
src/main/java/org/apache/commons/compress/archivers/zip/ZipEncodingHelper.java: error: unknown import
	data: java/util/HashMap
src/main/java/org/apache/commons/compress/archivers/zip/ZipEncodingHelper.java: error: unknown import
	data: org/apache/commons/compress/utils/Charsets
src/main/java/org/apache/commons/compress/archivers/zip/ZipExtraField.java: error: unknown import
	data: java/util/zip/ZipException
src/main/java/org/apache/commons/compress/archivers/zip/ZipFile.java: error: unknown function
	data: [struct(org/apache/commons/compress/archivers/zip/ZipFile//BoundedInputStream, [], [pointer(reference(java/io/InputStream))], []) org/apache/commons/compress/archivers/zip/ZipFile//BoundedInputStream//@@constructor [] [@@outer]]
src/main/java/org/apache/commons/compress/archivers/zip/ZipFile.java: error: unknown import
	data: java/nio/channels/SeekableByteChannel
src/main/java/org/apache/commons/compress/archivers/zip/ZipFile.java: error: unknown import
	data: org/apache/commons/compress/compressors/bzip2/BZip2CompressorInputStream
src/main/java/org/apache/commons/compress/archivers/zip/ZipFile.java: internal error: not all elements have the same type
	data: [function(<nil>, org/apache/commons/compress/archivers/zip/UnshrinkingInputStream//UnshrinkingInputStream!56db1467142e508511a168a2d9f1bdde, [variable(inputStream, pointer(reference(java/io/InputStream)))], [variable(, pointer(reference(org/apache/commons/compress/archivers/zip/UnshrinkingInputStream)))], block([declaration([this], [pointer(reference(org/apache/commons/compress/archivers/zip/UnshrinkingInputStream))], [new(pointer(reference(org/apache/commons/compress/archivers/zip/UnshrinkingInputStream)))], ModifierNone), =(this, call(select(this, @@constructor!56db1467142e508511a168a2d9f1bdde), [inputStream])), return([this])])) return([call(org/apache/commons/compress/archivers/zip/UnshrinkingInputStream//UnshrinkingInputStream!56db1467142e508511a168a2d9f1bdde, [cast(bis, pointer(reference(java/io/InputStream)))])])]
src/main/java/org/apache/commons/compress/archivers/zip/ZipFile.java: error: unknown function
	data: [struct(java/lang/Object, [], [], []) java/lang/Object//finalize [] []]
src/main/java/org/apache/commons/compress/archivers/zip/ZipFile.java: error: unknown function
	data: [<nil> readCentralDirectoryEntry [] [noUTF8Flag]]
src/main/java/org/apache/commons/compress/archivers/zip/ZipFile.java: internal error: not all elements have the same type
	data: conditional(instanceOf(select(this, archive), unsupported(java/nio/channels/FileChannel)), [call(org/apache/commons/compress/archivers/zip/ZipFile//BoundedFileChannelInputStream//BoundedFileChannelInputStream!738db8cef78236f18af50ac2bf325618, [this, start, remaining]), call(org/apache/commons/compress/archivers/zip/ZipFile//BoundedInputStream//BoundedInputStream!738db8cef78236f18af50ac2bf325618, [this, start, remaining])])
src/main/java/org/apache/commons/compress/archivers/zip/ZipFile.java: error: unknown import
	data: java/io/EOFException
src/main/java/org/apache/commons/compress/archivers/zip/ZipFile.java: error: unknown function
	data: [pointer(reference(org/apache/commons/compress/archivers/zip/ZipFile//Entry)) org/apache/commons/compress/archivers/zip/ZipFile//Entry//setCrc [] [call(org/apache/commons/compress/archivers/zip/ZipLong//getValue!b88fafa2b0b36aed4d82151230ff9ae6, [select(this, cfhBuf), off])]]
src/main/java/org/apache/commons/compress/archivers/zip/ZipFile.java: error: unknown function
	data: [pointer(genericInstance(reference(java/util/Map), [pointer(reference(org/apache/commons/compress/archivers/zip/ZipArchiveEntry)), pointer(reference(org/apache/commons/compress/archivers/zip/ZipFile//NameAndComment))])) java/util/Map<org/apache/commons/compress/archivers/zip/ZipArchiveEntry,org/apache/commons/compress/archivers/zip/ZipFile//NameAndComment>//get [] [ze]]
src/main/java/org/apache/commons/compress/archivers/zip/ZipFile.java: internal error: not all elements have the same type
	data: declaration([entriesOfThatName], [pointer(genericInstance(reference(java/util/List), [pointer(reference(org/apache/commons/compress/archivers/zip/ZipArchiveEntry))]))], [call(select(ensure_not_nil(select(this, nameMap)), get!4fb2deccef7826b7659de223ac40b91d), [cast(name, pointer(reference(java/lang/Object)))])], Modifier(1048584))
src/main/java/org/apache/commons/compress/archivers/zip/ZipFile.java: error: unknown field
	data: [this struct(org/apache/commons/compress/archivers/zip/ZipFile, [], [pointer(reference(java/lang/Object))], [reference(java/io/Closeable)]) in]
src/main/java/org/apache/commons/compress/archivers/zip/ZipFile.java: error: unknown import
	data: java/util/LinkedList
src/main/java/org/apache/commons/compress/archivers/zip/ZipFile.java: error: unknown import
	data: java/nio/ByteBuffer
src/main/java/org/apache/commons/compress/archivers/zip/ZipFile.java: error: unknown import
	data: java/nio/channels/FileChannel
src/main/java/org/apache/commons/compress/archivers/zip/ZipFile.java: error: unknown import
	data: java/util/EnumSet
src/main/java/org/apache/commons/compress/archivers/zip/ZipFile.java: error: unknown import
	data: org/apache/commons/compress/utils/IOUtils
src/main/java/org/apache/commons/compress/archivers/zip/ZipFile.java: error: unknown function
	data: [pointer(reference(org/apache/commons/compress/archivers/zip/ZipFile//Entry)) org/apache/commons/compress/archivers/zip/ZipFile//Entry//setComment [] [call(select(ensure_not_nil(entryEncoding), decode!2dcfcbf77da22bb3290a2dcf338b4c85), [comment])]]
src/main/java/org/apache/commons/compress/archivers/zip/ZipFile.java: error: unknown import
	data: java/io/File
src/main/java/org/apache/commons/compress/archivers/zip/ZipFile.java: error: unknown import
	data: java/nio/file/Files
src/main/java/org/apache/commons/compress/archivers/zip/ZipFile.java: error: unknown import
	data: java/nio/file/StandardOpenOption
src/main/java/org/apache/commons/compress/archivers/zip/ZipFile.java: error: unknown function
	data: [genericInstance(reference(java/util/List), [pointer(reference(org/apache/commons/compress/archivers/zip/ZipArchiveEntry))]) java/util/List<org/apache/commons/compress/archivers/zip/ZipArchiveEntry>//toArray [] [make(array(pointer(reference(org/apache/commons/compress/archivers/zip/ZipArchiveEntry)), primitive(int, 32, false), 0), call(select(ensure_not_nil(select(this, entries)), size!d41d8cd98f00b204e9800998ecf8427e), []))]]
src/main/java/org/apache/commons/compress/archivers/zip/ZipFile.java: internal error: either catch or finally must be defined
	data: try(block([return([unsupported])]), [], %!s(<nil>))
src/main/java/org/apache/commons/compress/archivers/zip/ZipFile.java: error: unknown function
	data: [pointer(reference(org/apache/commons/compress/archivers/zip/ZipFile//Entry)) org/apache/commons/compress/archivers/zip/ZipFile//Entry//setTime [] [time]]
src/main/java/org/apache/commons/compress/archivers/zip/ZipFile.java: error: unknown function
	data: [pointer(reference(org/apache/commons/compress/archivers/zip/ZipFile//Entry)) org/apache/commons/compress/archivers/zip/ZipFile//Entry//setCompressedSize [] [call(org/apache/commons/compress/archivers/zip/ZipLong//getValue!b88fafa2b0b36aed4d82151230ff9ae6, [select(this, cfhBuf), off])]]
src/main/java/org/apache/commons/compress/archivers/zip/ZipFile.java: error: unknown import
	data: java/io/BufferedInputStream
src/main/java/org/apache/commons/compress/archivers/zip/ZipFile.java: error: unknown import
	data: java/util/Enumeration
src/main/java/org/apache/commons/compress/archivers/zip/ZipFile.java: error: unknown import
	data: java/util/HashMap
src/main/java/org/apache/commons/compress/archivers/zip/ZipFile.java: error: unknown import
	data: java/util/zip/InflaterInputStream
src/main/java/org/apache/commons/compress/archivers/zip/ZipFile.java: error: unknown function
	data: [pointer(reference(org/apache/commons/compress/archivers/zip/ZipArchiveEntry)) org/apache/commons/compress/archivers/zip/ZipArchiveEntry//getCompressedSize [] []]
src/main/java/org/apache/commons/compress/archivers/zip/ZipFile.java: error: unknown identifier
	data: noUTF8Flag
src/main/java/org/apache/commons/compress/archivers/zip/ZipFile.java: error: unknown import
	data: java/util/Collections
src/main/java/org/apache/commons/compress/archivers/zip/ZipFile.java: error: unknown import
	data: java/util/zip/Inflater
src/main/java/org/apache/commons/compress/archivers/zip/ZipFile.java: error: unknown import
	data: java/util/zip/ZipException
src/main/java/org/apache/commons/compress/archivers/zip/ZipFile.java: error: unknown function
	data: [pointer(reference(org/apache/commons/compress/archivers/zip/ZipArchiveEntry)) org/apache/commons/compress/archivers/zip/ZipArchiveEntry//setCompressedSize [] [call(select(ensure_not_nil(call(select(ensure_not_nil(z64), getCompressedSize!d41d8cd98f00b204e9800998ecf8427e), [])), getLongValue!d41d8cd98f00b204e9800998ecf8427e), [])]]
src/main/java/org/apache/commons/compress/archivers/zip/ZipFile.java: error: unknown function
	data: [pointer(genericInstance(reference(java/util/Map), [pointer(reference(org/apache/commons/compress/archivers/zip/ZipArchiveEntry)), pointer(reference(org/apache/commons/compress/archivers/zip/ZipFile//NameAndComment))])) java/util/Map<org/apache/commons/compress/archivers/zip/ZipArchiveEntry,org/apache/commons/compress/archivers/zip/ZipFile//NameAndComment>//containsKey [] [ze]]
src/main/java/org/apache/commons/compress/archivers/zip/ZipFile.java: error: unknown import
	data: java/util/Arrays
src/main/java/org/apache/commons/compress/archivers/zip/ZipFile.java: error: unknown function
	data: [struct(org/apache/commons/compress/archivers/zip/ZipFile//BoundedInputStream, [], [pointer(reference(java/io/InputStream))], []) org/apache/commons/compress/archivers/zip/ZipFile//BoundedInputStream//@@constructor [] [start remaining]]
src/main/java/org/apache/commons/compress/archivers/zip/ZipLong.java: error: unknown import
	data: org/apache/commons/compress/utils/ByteUtils
src/main/java/org/apache/commons/compress/archivers/zip/ZipLong.java: error: unknown function
	data: [struct(java/lang/Object, [], [], []) java/lang/Object//clone [] []]
src/main/java/org/apache/commons/compress/archivers/zip/ZipMethod.java: error: unknown function
	data: [struct(org/apache/commons/compress/archivers/zip/@@ZipMethod, [], [pointer(genericInstance(reference(java/lang/Enum), [pointer(reference(org/apache/commons/compress/archivers/zip/@@ZipMethod))]))], []) org/apache/commons/compress/archivers/zip/@@ZipMethod//@@constructor [] [org/apache/commons/compress/archivers/zip/@@ZipMethod//UNKNOWN_CODE]]
src/main/java/org/apache/commons/compress/archivers/zip/ZipMethod.java: error: unknown import
	data: java/util/Collections
src/main/java/org/apache/commons/compress/archivers/zip/ZipMethod.java: error: unknown import
	data: java/util/HashMap
src/main/java/org/apache/commons/compress/archivers/zip/ZipMethod.java: error: unknown import
	data: java/util/zip/ZipEntry
src/main/java/org/apache/commons/compress/archivers/zip/ZipShort.java: error: unknown import
	data: org/apache/commons/compress/utils/ByteUtils
src/main/java/org/apache/commons/compress/archivers/zip/ZipShort.java: error: unknown function
	data: [struct(java/lang/Object, [], [], []) java/lang/Object//clone [] []]
src/main/java/org/apache/commons/compress/archivers/zip/ZipUtil.java: error: unknown function
	data: [struct(java/lang/System, [], [pointer(reference(java/lang/Object))], []) java/lang/System//arraycopy [] [from 0 to offset len(ensure_not_nil(from))]]
src/main/java/org/apache/commons/compress/archivers/zip/ZipUtil.java: error: unknown import
	data: java/util/Calendar
src/main/java/org/apache/commons/compress/archivers/zip/ZipUtil.java: error: unknown import
	data: java/util/Date
src/main/java/org/apache/commons/compress/archivers/zip/ZipUtil.java: error: unknown import
	data: java/util/zip/ZipEntry
src/main/java/org/apache/commons/compress/archivers/zip/ZipUtil.java: error: unknown function
	data: [struct(java/lang/System, [], [pointer(reference(java/lang/Object))], []) java/lang/System//arraycopy [] [org/apache/commons/compress/archivers/zip/ZipUtil//DOS_TIME_MIN 0 buf offset len(ensure_not_nil(org/apache/commons/compress/archivers/zip/ZipUtil//DOS_TIME_MIN))]]
src/main/java/org/apache/commons/compress/archivers/zip/ZipUtil.java: error: unknown function
	data: [struct(java/lang/System, [], [pointer(reference(java/lang/Object))], []) java/lang/System//arraycopy [] [from 0 to 0 len(ensure_not_nil(to))]]
src/main/java/org/apache/commons/compress/archivers/zip/ZipUtil.java: error: unknown import
	data: java/math/BigInteger
src/main/java/org/apache/commons/compress/archivers/zip/ZipUtil.java: error: unknown import
	data: java/util/zip/CRC32
src/main/java/org/apache/commons/compress/archivers/zip/ZipUtil.java: error: unknown function
	data: [pointer(reference(org/apache/commons/compress/archivers/zip/ZipArchiveEntry)) org/apache/commons/compress/archivers/zip/ZipArchiveEntry//setComment [] [newComment]]
Found 1 Java files
Found 344 problems in Java files
src/main/java/org/apache/commons/compress/archivers/zip/X5455_ExtendedTimestamp.java: found 29 symbols
src/main/java/org/apache/commons/compress/archivers/zip/X5455_ExtendedTimestamp.java: org.apache.commons.compress.archivers.zip.X5455_ExtendedTimestamp.getCentralDirectoryLength: computing test cases
src/main/java/org/apache/commons/compress/archivers/zip/X5455_ExtendedTimestamp.java: org.apache.commons.compress.archivers.zip.X5455_ExtendedTimestamp.getCentralDirectoryLength: computed 2 unit tests
src/main/java/org/apache/commons/compress/archivers/zip/X5455_ExtendedTimestamp.java: org.apache.commons.compress.archivers.zip.X5455_ExtendedTimestamp.getCentralDirectoryLength: found 0 problems
src/main/java/org/apache/commons/compress/archivers/zip/X5455_ExtendedTimestamp.java: org.apache.commons.compress.archivers.zip.X5455_ExtendedTimestamp.getHeaderId: computing test cases
src/main/java/org/apache/commons/compress/archivers/zip/X5455_ExtendedTimestamp.java: org.apache.commons.compress.archivers.zip.X5455_ExtendedTimestamp.getHeaderId: computed 1 unit tests
src/main/java/org/apache/commons/compress/archivers/zip/X5455_ExtendedTimestamp.java: org.apache.commons.compress.archivers.zip.X5455_ExtendedTimestamp.getHeaderId: found 0 problems
src/main/java/org/apache/commons/compress/archivers/zip/X5455_ExtendedTimestamp.java: org.apache.commons.compress.archivers.zip.X5455_ExtendedTimestamp.getFlags: computing test cases
src/main/java/org/apache/commons/compress/archivers/zip/X5455_ExtendedTimestamp.java: org.apache.commons.compress.archivers.zip.X5455_ExtendedTimestamp.getFlags: computed 1 unit tests
src/main/java/org/apache/commons/compress/archivers/zip/X5455_ExtendedTimestamp.java: org.apache.commons.compress.archivers.zip.X5455_ExtendedTimestamp.getFlags: found 0 problems
src/main/java/org/apache/commons/compress/archivers/zip/X5455_ExtendedTimestamp.java: org.apache.commons.compress.archivers.zip.X5455_ExtendedTimestamp.setModifyJavaTime: computing test cases
src/main/java/org/apache/commons/compress/archivers/zip/X5455_ExtendedTimestamp.java: org.apache.commons.compress.archivers.zip.X5455_ExtendedTimestamp.setModifyJavaTime: computed 0 unit tests
src/main/java/org/apache/commons/compress/archivers/zip/X5455_ExtendedTimestamp.java: org.apache.commons.compress.archivers.zip.X5455_ExtendedTimestamp.setModifyJavaTime: found 1 problems
src/main/java/org/apache/commons/compress/archivers/zip/X5455_ExtendedTimestamp.java: unsupported: org.apache.commons.compress.archivers.zip.X5455_ExtendedTimestamp.setModifyJavaTime: encountered an unsupported type
	data: unsupported(java/util/Date)
src/main/java/org/apache/commons/compress/archivers/zip/X5455_ExtendedTimestamp.java: org.apache.commons.compress.archivers.zip.X5455_ExtendedTimestamp.getAccessJavaTime: computing test cases
src/main/java/org/apache/commons/compress/archivers/zip/X5455_ExtendedTimestamp.java: org.apache.commons.compress.archivers.zip.X5455_ExtendedTimestamp.getAccessJavaTime: computed 0 unit tests
src/main/java/org/apache/commons/compress/archivers/zip/X5455_ExtendedTimestamp.java: org.apache.commons.compress.archivers.zip.X5455_ExtendedTimestamp.getAccessJavaTime: found 0 problems
src/main/java/org/apache/commons/compress/archivers/zip/X5455_ExtendedTimestamp.java: org.apache.commons.compress.archivers.zip.X5455_ExtendedTimestamp.setFlags: computing test cases
src/main/java/org/apache/commons/compress/archivers/zip/X5455_ExtendedTimestamp.java: org.apache.commons.compress.archivers.zip.X5455_ExtendedTimestamp.setFlags: computed 4 unit tests
src/main/java/org/apache/commons/compress/archivers/zip/X5455_ExtendedTimestamp.java: org.apache.commons.compress.archivers.zip.X5455_ExtendedTimestamp.setFlags: found 0 problems
src/main/java/org/apache/commons/compress/archivers/zip/X5455_ExtendedTimestamp.java: org.apache.commons.compress.archivers.zip.X5455_ExtendedTimestamp.getLocalFileDataLength: computing test cases
src/main/java/org/apache/commons/compress/archivers/zip/X5455_ExtendedTimestamp.java: org.apache.commons.compress.archivers.zip.X5455_ExtendedTimestamp.getLocalFileDataLength: computed 6 unit tests
src/main/java/org/apache/commons/compress/archivers/zip/X5455_ExtendedTimestamp.java: org.apache.commons.compress.archivers.zip.X5455_ExtendedTimestamp.getLocalFileDataLength: found 0 problems
src/main/java/org/apache/commons/compress/archivers/zip/X5455_ExtendedTimestamp.java: org.apache.commons.compress.archivers.zip.X5455_ExtendedTimestamp.setCreateJavaTime: computing test cases
src/main/java/org/apache/commons/compress/archivers/zip/X5455_ExtendedTimestamp.java: org.apache.commons.compress.archivers.zip.X5455_ExtendedTimestamp.setCreateJavaTime: computed 0 unit tests
src/main/java/org/apache/commons/compress/archivers/zip/X5455_ExtendedTimestamp.java: org.apache.commons.compress.archivers.zip.X5455_ExtendedTimestamp.setCreateJavaTime: found 1 problems
src/main/java/org/apache/commons/compress/archivers/zip/X5455_ExtendedTimestamp.java: unsupported: org.apache.commons.compress.archivers.zip.X5455_ExtendedTimestamp.setCreateJavaTime: encountered an unsupported type
	data: unsupported(java/util/Date)
src/main/java/org/apache/commons/compress/archivers/zip/X5455_ExtendedTimestamp.java: org.apache.commons.compress.archivers.zip.X5455_ExtendedTimestamp.isBit2_createTimePresent: computing test cases
src/main/java/org/apache/commons/compress/archivers/zip/X5455_ExtendedTimestamp.java: org.apache.commons.compress.archivers.zip.X5455_ExtendedTimestamp.isBit2_createTimePresent: computed 1 unit tests
src/main/java/org/apache/commons/compress/archivers/zip/X5455_ExtendedTimestamp.java: org.apache.commons.compress.archivers.zip.X5455_ExtendedTimestamp.isBit2_createTimePresent: found 0 problems
src/main/java/org/apache/commons/compress/archivers/zip/X5455_ExtendedTimestamp.java: org.apache.commons.compress.archivers.zip.X5455_ExtendedTimestamp.parseFromLocalFileData: computing test cases
src/main/java/org/apache/commons/compress/archivers/zip/X5455_ExtendedTimestamp.java: org.apache.commons.compress.archivers.zip.X5455_ExtendedTimestamp.parseFromLocalFileData: computed 3 unit tests
src/main/java/org/apache/commons/compress/archivers/zip/X5455_ExtendedTimestamp.java: org.apache.commons.compress.archivers.zip.X5455_ExtendedTimestamp.parseFromLocalFileData: found 6 problems
src/main/java/org/apache/commons/compress/archivers/zip/X5455_ExtendedTimestamp.java: internal error: org.apache.commons.compress.archivers.zip.X5455_ExtendedTimestamp.parseFromLocalFileData: type cannot be determined
	data: VariableReference(@m_0, pointer(struct(org/apache/commons/compress/archivers/zip/X5455_ExtendedTimestamp, [], [pointer(reference(java/lang/Object))], [reference(org/apache/commons/compress/archivers/zip/ZipExtraField), reference(java/lang/Cloneable), reference(java/io/Serializable)])), @m_0_7)
src/main/java/org/apache/commons/compress/archivers/zip/X5455_ExtendedTimestamp.java:226:18: critical: org.apache.commons.compress.archivers.zip.X5455_ExtendedTimestamp.parseFromLocalFileData: uncaught ArrayIndexOutOfBoundsException
src/main/java/org/apache/commons/compress/archivers/zip/X5455_ExtendedTimestamp.java:225:25: critical: org.apache.commons.compress.archivers.zip.X5455_ExtendedTimestamp.parseFromLocalFileData: uncaught ArithmeticException: integer overflow
		at java.lang.Math.addExact
src/main/java/org/apache/commons/compress/archivers/zip/X5455_ExtendedTimestamp.java:226:18: critical: org.apache.commons.compress.archivers.zip.X5455_ExtendedTimestamp.parseFromLocalFileData: uncaught ArrayIndexOutOfBoundsException
src/main/java/org/apache/commons/compress/archivers/zip/X5455_ExtendedTimestamp.java:226:23: critical: org.apache.commons.compress.archivers.zip.X5455_ExtendedTimestamp.parseFromLocalFileData: uncaught ArithmeticException: integer overflow
		at java.lang.Math.addExact
src/main/java/org/apache/commons/compress/archivers/zip/X5455_ExtendedTimestamp.java:226:18: critical: org.apache.commons.compress.archivers.zip.X5455_ExtendedTimestamp.parseFromLocalFileData: uncaught ArrayIndexOutOfBoundsException
src/main/java/org/apache/commons/compress/archivers/zip/X5455_ExtendedTimestamp.java: org.apache.commons.compress.archivers.zip.X5455_ExtendedTimestamp.parseFromCentralDirectoryData: computing test cases
src/main/java/org/apache/commons/compress/archivers/zip/X5455_ExtendedTimestamp.java: org.apache.commons.compress.archivers.zip.X5455_ExtendedTimestamp.parseFromCentralDirectoryData: computed 3 unit tests
src/main/java/org/apache/commons/compress/archivers/zip/X5455_ExtendedTimestamp.java: org.apache.commons.compress.archivers.zip.X5455_ExtendedTimestamp.parseFromCentralDirectoryData: found 6 problems
src/main/java/org/apache/commons/compress/archivers/zip/X5455_ExtendedTimestamp.java: internal error: org.apache.commons.compress.archivers.zip.X5455_ExtendedTimestamp.parseFromCentralDirectoryData: type cannot be determined
	data: VariableReference(this_30, pointer(struct(org/apache/commons/compress/archivers/zip/X5455_ExtendedTimestamp, [], [pointer(reference(java/lang/Object))], [reference(org/apache/commons/compress/archivers/zip/ZipExtraField), reference(java/lang/Cloneable), reference(java/io/Serializable)])), @m_0_14)
src/main/java/org/apache/commons/compress/archivers/zip/X5455_ExtendedTimestamp.java:226:18: critical: org.apache.commons.compress.archivers.zip.X5455_ExtendedTimestamp.parseFromCentralDirectoryData: uncaught ArrayIndexOutOfBoundsException
src/main/java/org/apache/commons/compress/archivers/zip/X5455_ExtendedTimestamp.java:225:25: critical: org.apache.commons.compress.archivers.zip.X5455_ExtendedTimestamp.parseFromCentralDirectoryData: uncaught ArithmeticException: integer overflow
		at java.lang.Math.addExact
src/main/java/org/apache/commons/compress/archivers/zip/X5455_ExtendedTimestamp.java:226:18: critical: org.apache.commons.compress.archivers.zip.X5455_ExtendedTimestamp.parseFromCentralDirectoryData: uncaught ArrayIndexOutOfBoundsException
src/main/java/org/apache/commons/compress/archivers/zip/X5455_ExtendedTimestamp.java:226:23: critical: org.apache.commons.compress.archivers.zip.X5455_ExtendedTimestamp.parseFromCentralDirectoryData: uncaught ArithmeticException: integer overflow
		at java.lang.Math.addExact
src/main/java/org/apache/commons/compress/archivers/zip/X5455_ExtendedTimestamp.java:226:18: critical: org.apache.commons.compress.archivers.zip.X5455_ExtendedTimestamp.parseFromCentralDirectoryData: uncaught ArrayIndexOutOfBoundsException
src/main/java/org/apache/commons/compress/archivers/zip/X5455_ExtendedTimestamp.java: org.apache.commons.compress.archivers.zip.X5455_ExtendedTimestamp.X5455_ExtendedTimestamp: computing test cases
src/main/java/org/apache/commons/compress/archivers/zip/X5455_ExtendedTimestamp.java: org.apache.commons.compress.archivers.zip.X5455_ExtendedTimestamp.X5455_ExtendedTimestamp: computed 1 unit tests
src/main/java/org/apache/commons/compress/archivers/zip/X5455_ExtendedTimestamp.java: org.apache.commons.compress.archivers.zip.X5455_ExtendedTimestamp.X5455_ExtendedTimestamp: found 0 problems
src/main/java/org/apache/commons/compress/archivers/zip/X5455_ExtendedTimestamp.java: org.apache.commons.compress.archivers.zip.X5455_ExtendedTimestamp.getCentralDirectoryData: computing test cases
src/main/java/org/apache/commons/compress/archivers/zip/X5455_ExtendedTimestamp.java: org.apache.commons.compress.archivers.zip.X5455_ExtendedTimestamp.getCentralDirectoryData: computed 0 unit tests
src/main/java/org/apache/commons/compress/archivers/zip/X5455_ExtendedTimestamp.java: org.apache.commons.compress.archivers.zip.X5455_ExtendedTimestamp.getCentralDirectoryData: found 0 problems
src/main/java/org/apache/commons/compress/archivers/zip/X5455_ExtendedTimestamp.java: org.apache.commons.compress.archivers.zip.X5455_ExtendedTimestamp.isBit0_modifyTimePresent: computing test cases
src/main/java/org/apache/commons/compress/archivers/zip/X5455_ExtendedTimestamp.java: org.apache.commons.compress.archivers.zip.X5455_ExtendedTimestamp.isBit0_modifyTimePresent: computed 1 unit tests
src/main/java/org/apache/commons/compress/archivers/zip/X5455_ExtendedTimestamp.java: org.apache.commons.compress.archivers.zip.X5455_ExtendedTimestamp.isBit0_modifyTimePresent: found 0 problems
src/main/java/org/apache/commons/compress/archivers/zip/X5455_ExtendedTimestamp.java: org.apache.commons.compress.archivers.zip.X5455_ExtendedTimestamp.getCreateTime: computing test cases
src/main/java/org/apache/commons/compress/archivers/zip/X5455_ExtendedTimestamp.java: org.apache.commons.compress.archivers.zip.X5455_ExtendedTimestamp.getCreateTime: computed 1 unit tests
src/main/java/org/apache/commons/compress/archivers/zip/X5455_ExtendedTimestamp.java: org.apache.commons.compress.archivers.zip.X5455_ExtendedTimestamp.getCreateTime: found 0 problems
src/main/java/org/apache/commons/compress/archivers/zip/X5455_ExtendedTimestamp.java: org.apache.commons.compress.archivers.zip.X5455_ExtendedTimestamp.equals: computing test cases
src/main/java/org/apache/commons/compress/archivers/zip/X5455_ExtendedTimestamp.java: org.apache.commons.compress.archivers.zip.X5455_ExtendedTimestamp.equals: computed 13 unit tests
src/main/java/org/apache/commons/compress/archivers/zip/X5455_ExtendedTimestamp.java: org.apache.commons.compress.archivers.zip.X5455_ExtendedTimestamp.equals: found 1 problems
src/main/java/org/apache/commons/compress/archivers/zip/X5455_ExtendedTimestamp.java: internal error: org.apache.commons.compress.archivers.zip.X5455_ExtendedTimestamp.equals: test generation inferred invalid test because it is a duplicate
	data: &{0 0 <nil> {&(composite(reference(org/apache/commons/compress/archivers/zip/X5455_ExtendedTimestamp), [fieldvalue(@java/lang/Object, &(composite(reference(java/lang/Object), []))), fieldvalue(flags, 0), fieldvalue(bit0_modifyTimePresent, false), fieldvalue(bit1_accessTimePresent, false), fieldvalue(bit2_createTimePresent, false), fieldvalue(modifyTime, nil), fieldvalue(accessTime, nil), fieldvalue(createTime, &(composite(reference(org/apache/commons/compress/archivers/zip/ZipLong), [fieldvalue(@java/lang/Object, &(composite(reference(java/lang/Object), []))), fieldvalue(value, 0)])))])) [] [&(composite(reference(org/apache/commons/compress/archivers/zip/X5455_ExtendedTimestamp), [fieldvalue(@java/lang/Object, &(composite(reference(java/lang/Object), []))), fieldvalue(flags, 0), fieldvalue(bit0_modifyTimePresent, false), fieldvalue(bit1_accessTimePresent, false), fieldvalue(bit2_createTimePresent, false), fieldvalue(modifyTime, nil), fieldvalue(accessTime, nil), fieldvalue(createTime, nil)]))] [] map[org/apache/commons/compress/archivers/zip/ZipConstants//ZIP64_MAGIC:4294967295] map[]} 0xc00125ef00 0 map[projectTestIsNondeterministic:false]}
src/main/java/org/apache/commons/compress/archivers/zip/X5455_ExtendedTimestamp.java: org.apache.commons.compress.archivers.zip.X5455_ExtendedTimestamp.getCreateJavaTime: computing test cases
src/main/java/org/apache/commons/compress/archivers/zip/X5455_ExtendedTimestamp.java: org.apache.commons.compress.archivers.zip.X5455_ExtendedTimestamp.getCreateJavaTime: computed 0 unit tests
src/main/java/org/apache/commons/compress/archivers/zip/X5455_ExtendedTimestamp.java: org.apache.commons.compress.archivers.zip.X5455_ExtendedTimestamp.getCreateJavaTime: found 0 problems
src/main/java/org/apache/commons/compress/archivers/zip/X5455_ExtendedTimestamp.java: org.apache.commons.compress.archivers.zip.X5455_ExtendedTimestamp.hashCode: computing test cases
src/main/java/org/apache/commons/compress/archivers/zip/X5455_ExtendedTimestamp.java: org.apache.commons.compress.archivers.zip.X5455_ExtendedTimestamp.hashCode: computed 4 unit tests
src/main/java/org/apache/commons/compress/archivers/zip/X5455_ExtendedTimestamp.java: org.apache.commons.compress.archivers.zip.X5455_ExtendedTimestamp.hashCode: found 0 problems
src/main/java/org/apache/commons/compress/archivers/zip/X5455_ExtendedTimestamp.java: org.apache.commons.compress.archivers.zip.X5455_ExtendedTimestamp.isBit1_accessTimePresent: computing test cases
src/main/java/org/apache/commons/compress/archivers/zip/X5455_ExtendedTimestamp.java: org.apache.commons.compress.archivers.zip.X5455_ExtendedTimestamp.isBit1_accessTimePresent: computed 1 unit tests
src/main/java/org/apache/commons/compress/archivers/zip/X5455_ExtendedTimestamp.java: org.apache.commons.compress.archivers.zip.X5455_ExtendedTimestamp.isBit1_accessTimePresent: found 0 problems
src/main/java/org/apache/commons/compress/archivers/zip/X5455_ExtendedTimestamp.java: org.apache.commons.compress.archivers.zip.X5455_ExtendedTimestamp.getAccessTime: computing test cases
src/main/java/org/apache/commons/compress/archivers/zip/X5455_ExtendedTimestamp.java: org.apache.commons.compress.archivers.zip.X5455_ExtendedTimestamp.getAccessTime: computed 1 unit tests
src/main/java/org/apache/commons/compress/archivers/zip/X5455_ExtendedTimestamp.java: org.apache.commons.compress.archivers.zip.X5455_ExtendedTimestamp.getAccessTime: found 0 problems
src/main/java/org/apache/commons/compress/archivers/zip/X5455_ExtendedTimestamp.java: org.apache.commons.compress.archivers.zip.X5455_ExtendedTimestamp.clone: computing test cases
src/main/java/org/apache/commons/compress/archivers/zip/X5455_ExtendedTimestamp.java: org.apache.commons.compress.archivers.zip.X5455_ExtendedTimestamp.clone: computed 0 unit tests
src/main/java/org/apache/commons/compress/archivers/zip/X5455_ExtendedTimestamp.java: org.apache.commons.compress.archivers.zip.X5455_ExtendedTimestamp.clone: found 0 problems
src/main/java/org/apache/commons/compress/archivers/zip/X5455_ExtendedTimestamp.java: org.apache.commons.compress.archivers.zip.X5455_ExtendedTimestamp.setCreateTime: computing test cases
src/main/java/org/apache/commons/compress/archivers/zip/X5455_ExtendedTimestamp.java: org.apache.commons.compress.archivers.zip.X5455_ExtendedTimestamp.setCreateTime: computed 2 unit tests
src/main/java/org/apache/commons/compress/archivers/zip/X5455_ExtendedTimestamp.java: org.apache.commons.compress.archivers.zip.X5455_ExtendedTimestamp.setCreateTime: found 0 problems
src/main/java/org/apache/commons/compress/archivers/zip/X5455_ExtendedTimestamp.java: org.apache.commons.compress.archivers.zip.X5455_ExtendedTimestamp.toString: computing test cases
src/main/java/org/apache/commons/compress/archivers/zip/X5455_ExtendedTimestamp.java: org.apache.commons.compress.archivers.zip.X5455_ExtendedTimestamp.toString: computed 0 unit tests
src/main/java/org/apache/commons/compress/archivers/zip/X5455_ExtendedTimestamp.java: org.apache.commons.compress.archivers.zip.X5455_ExtendedTimestamp.toString: found 0 problems
src/main/java/org/apache/commons/compress/archivers/zip/X5455_ExtendedTimestamp.java: org.apache.commons.compress.archivers.zip.X5455_ExtendedTimestamp.getModifyJavaTime: computing test cases
src/main/java/org/apache/commons/compress/archivers/zip/X5455_ExtendedTimestamp.java: org.apache.commons.compress.archivers.zip.X5455_ExtendedTimestamp.getModifyJavaTime: computed 0 unit tests
src/main/java/org/apache/commons/compress/archivers/zip/X5455_ExtendedTimestamp.java: org.apache.commons.compress.archivers.zip.X5455_ExtendedTimestamp.getModifyJavaTime: found 0 problems
src/main/java/org/apache/commons/compress/archivers/zip/X5455_ExtendedTimestamp.java: org.apache.commons.compress.archivers.zip.X5455_ExtendedTimestamp.setAccessTime: computing test cases
src/main/java/org/apache/commons/compress/archivers/zip/X5455_ExtendedTimestamp.java: org.apache.commons.compress.archivers.zip.X5455_ExtendedTimestamp.setAccessTime: computed 2 unit tests
src/main/java/org/apache/commons/compress/archivers/zip/X5455_ExtendedTimestamp.java: org.apache.commons.compress.archivers.zip.X5455_ExtendedTimestamp.setAccessTime: found 0 problems
src/main/java/org/apache/commons/compress/archivers/zip/X5455_ExtendedTimestamp.java: org.apache.commons.compress.archivers.zip.X5455_ExtendedTimestamp.setAccessJavaTime: computing test cases
src/main/java/org/apache/commons/compress/archivers/zip/X5455_ExtendedTimestamp.java: org.apache.commons.compress.archivers.zip.X5455_ExtendedTimestamp.setAccessJavaTime: computed 0 unit tests
src/main/java/org/apache/commons/compress/archivers/zip/X5455_ExtendedTimestamp.java: org.apache.commons.compress.archivers.zip.X5455_ExtendedTimestamp.setAccessJavaTime: found 1 problems
src/main/java/org/apache/commons/compress/archivers/zip/X5455_ExtendedTimestamp.java: unsupported: org.apache.commons.compress.archivers.zip.X5455_ExtendedTimestamp.setAccessJavaTime: encountered an unsupported type
	data: unsupported(java/util/Date)
src/main/java/org/apache/commons/compress/archivers/zip/X5455_ExtendedTimestamp.java: org.apache.commons.compress.archivers.zip.X5455_ExtendedTimestamp.getModifyTime: computing test cases
src/main/java/org/apache/commons/compress/archivers/zip/X5455_ExtendedTimestamp.java: org.apache.commons.compress.archivers.zip.X5455_ExtendedTimestamp.getModifyTime: computed 1 unit tests
src/main/java/org/apache/commons/compress/archivers/zip/X5455_ExtendedTimestamp.java: org.apache.commons.compress.archivers.zip.X5455_ExtendedTimestamp.getModifyTime: found 0 problems
src/main/java/org/apache/commons/compress/archivers/zip/X5455_ExtendedTimestamp.java: org.apache.commons.compress.archivers.zip.X5455_ExtendedTimestamp.setModifyTime: computing test cases
src/main/java/org/apache/commons/compress/archivers/zip/X5455_ExtendedTimestamp.java: org.apache.commons.compress.archivers.zip.X5455_ExtendedTimestamp.setModifyTime: computed 2 unit tests
src/main/java/org/apache/commons/compress/archivers/zip/X5455_ExtendedTimestamp.java: org.apache.commons.compress.archivers.zip.X5455_ExtendedTimestamp.setModifyTime: found 0 problems
src/main/java/org/apache/commons/compress/archivers/zip/X5455_ExtendedTimestamp.java: org.apache.commons.compress.archivers.zip.X5455_ExtendedTimestamp.getLocalFileDataData: computing test cases
src/main/java/org/apache/commons/compress/archivers/zip/X5455_ExtendedTimestamp.java: org.apache.commons.compress.archivers.zip.X5455_ExtendedTimestamp.getLocalFileDataData: computed 3 unit tests
src/main/java/org/apache/commons/compress/archivers/zip/X5455_ExtendedTimestamp.java: org.apache.commons.compress.archivers.zip.X5455_ExtendedTimestamp.getLocalFileDataData: found 0 problems
Symflower's table driven test style is not supported, switching to basic style
src/main/java/org/apache/commons/compress/archivers/zip/X5455_ExtendedTimestamp.java: generated unit test file src/main/java/org/apache/commons/compress/archivers/zip/X5455_ExtendedTimestampSymflowerTest.java
Analyzed 1 out of 38 source files
Had 14 errors that block a full analysis
Generated 53 tests
Found 10 potential problems
The following issues prevent a full analysis:

* 175 cases of "unknown function"
	Description: Functions could not be resolved. This occurs due to missing dependencies,
  or if a called function is removed due to some other problem.

* 139 cases of "unknown import"
	Description: Imports could not be resolved. This is likely due to missing dependencies.

* 4 cases of "not all elements have the same type"
	Description: Arguments of a function call do not match the parameter types. This usually
  occurs if a called method is removed due to some other problem, and another
  method with the same name is selected to be called.

* 3 cases of "unknown type"
	Description: Types could not be resolved. This could be because of missing dependencies
  or a consequence of some other problem.

* 15 cases of "other issues"
	Description: Uncategorized problems.

