Analyzing workspace /home/ph7/sqa-project/workspaces/compress_18b/
Search for Go files
Found 0 Go files
Search for Java files
Load dependency stdlib:@dev
src/main/java/org/apache/commons/compress/archivers/tar/TarArchiveEntry.java: org.apache.commons.compress.archivers.tar.TarArchiveEntry.TarArchiveEntry: function is private and therefore inaccessible for tests
src/main/java/org/apache/commons/compress/archivers/tar/TarArchiveEntry.java: org.apache.commons.compress.archivers.tar.TarArchiveEntry.writeEntryHeaderField: function is private and therefore inaccessible for tests
src/main/java/org/apache/commons/compress/archivers/tar/TarArchiveEntry.java: org.apache.commons.compress.archivers.tar.TarArchiveEntry.parseTarHeader: function is private and therefore inaccessible for tests
src/main/java/org/apache/commons/compress/archivers/tar/TarArchiveEntry.java: org.apache.commons.compress.archivers.tar.TarArchiveEntry.normalizeFileName: function is private and therefore inaccessible for tests
src/main/java/org/apache/commons/compress/archivers/tar/TarArchiveEntry.java: org.apache.commons.compress.archivers.tar.TarArchiveEntry.evaluateType: function is private and therefore inaccessible for tests
src/main/java/org/apache/commons/compress/archivers/tar/TarArchiveInputStream.java: org.apache.commons.compress.archivers.tar.TarArchiveInputStream.getRecord: function is private and therefore inaccessible for tests
src/main/java/org/apache/commons/compress/archivers/tar/TarArchiveInputStream.java: org.apache.commons.compress.archivers.tar.TarArchiveInputStream.paxHeaders: function is private and therefore inaccessible for tests
src/main/java/org/apache/commons/compress/archivers/tar/TarArchiveInputStream.java: org.apache.commons.compress.archivers.tar.TarArchiveInputStream.applyPaxHeadersToCurrentEntry: function is private and therefore inaccessible for tests
src/main/java/org/apache/commons/compress/archivers/tar/TarArchiveInputStream.java: org.apache.commons.compress.archivers.tar.TarArchiveInputStream.readGNUSparse: function is private and therefore inaccessible for tests
src/main/java/org/apache/commons/compress/archivers/tar/TarArchiveOutputStream.java: org.apache.commons.compress.archivers.tar.TarArchiveOutputStream.stripTo7Bits: function is private and therefore inaccessible for tests
src/main/java/org/apache/commons/compress/archivers/tar/TarArchiveOutputStream.java: org.apache.commons.compress.archivers.tar.TarArchiveOutputStream.writeEOFRecord: function is private and therefore inaccessible for tests
src/main/java/org/apache/commons/compress/archivers/tar/TarArchiveOutputStream.java: org.apache.commons.compress.archivers.tar.TarArchiveOutputStream.addPaxHeadersForBigNumbers: function is private and therefore inaccessible for tests
src/main/java/org/apache/commons/compress/archivers/tar/TarArchiveOutputStream.java: org.apache.commons.compress.archivers.tar.TarArchiveOutputStream.addPaxHeaderForBigNumber: function is private and therefore inaccessible for tests
src/main/java/org/apache/commons/compress/archivers/tar/TarArchiveOutputStream.java: org.apache.commons.compress.archivers.tar.TarArchiveOutputStream.failForBigNumbers: function is private and therefore inaccessible for tests
src/main/java/org/apache/commons/compress/archivers/tar/TarArchiveOutputStream.java: org.apache.commons.compress.archivers.tar.TarArchiveOutputStream.failForBigNumber: function is private and therefore inaccessible for tests
src/main/java/org/apache/commons/compress/archivers/tar/TarBuffer.java: org.apache.commons.compress.archivers.tar.TarBuffer.TarBuffer: function is private and therefore inaccessible for tests
src/main/java/org/apache/commons/compress/archivers/tar/TarBuffer.java: org.apache.commons.compress.archivers.tar.TarBuffer.readBlock: function is private and therefore inaccessible for tests
src/main/java/org/apache/commons/compress/archivers/tar/TarBuffer.java: org.apache.commons.compress.archivers.tar.TarBuffer.writeBlock: function is private and therefore inaccessible for tests
src/main/java/org/apache/commons/compress/archivers/tar/TarUtils.java: org.apache.commons.compress.archivers.tar.TarUtils.TarUtils: function is private and therefore inaccessible for tests
src/main/java/org/apache/commons/compress/archivers/tar/TarUtils.java: org.apache.commons.compress.archivers.tar.TarUtils.parseBinaryLong: function is private and therefore inaccessible for tests
src/main/java/org/apache/commons/compress/archivers/tar/TarUtils.java: org.apache.commons.compress.archivers.tar.TarUtils.parseBinaryBigInteger: function is private and therefore inaccessible for tests
src/main/java/org/apache/commons/compress/archivers/tar/TarUtils.java: org.apache.commons.compress.archivers.tar.TarUtils.exceptionMessage: function is private and therefore inaccessible for tests
src/main/java/org/apache/commons/compress/archivers/tar/TarUtils.java: org.apache.commons.compress.archivers.tar.TarUtils.formatLongBinary: function is private and therefore inaccessible for tests
src/main/java/org/apache/commons/compress/archivers/tar/TarUtils.java: org.apache.commons.compress.archivers.tar.TarUtils.formatBigIntegerBinary: function is private and therefore inaccessible for tests
src/main/java/org/apache/commons/compress/archivers/tar/TarArchiveEntry.java: error: unknown import
	data: java/io/File
src/main/java/org/apache/commons/compress/archivers/tar/TarArchiveEntry.java: error: unknown import
	data: java/util/Date
src/main/java/org/apache/commons/compress/archivers/tar/TarArchiveEntry.java: error: unknown import
	data: java/util/Locale
src/main/java/org/apache/commons/compress/archivers/tar/TarArchiveEntry.java: error: unknown import
	data: org/apache/commons/compress/archivers/ArchiveEntry
src/main/java/org/apache/commons/compress/archivers/tar/TarArchiveEntry.java: error: unknown import
	data: org/apache/commons/compress/archivers/zip/ZipEncoding
src/main/java/org/apache/commons/compress/archivers/tar/TarArchiveEntry.java: error: unknown import
	data: org/apache/commons/compress/utils/ArchiveUtils
src/main/java/org/apache/commons/compress/archivers/tar/TarArchiveEntry.java: error: unknown function
	data: [struct(java/lang/System, [], [pointer(reference(java/lang/Object))], []) java/lang/System//getProperty [] ["user.name" ""]]
src/main/java/org/apache/commons/compress/archivers/tar/TarArchiveEntry.java: error: unknown function
	data: [<nil> getClass [] []]
src/main/java/org/apache/commons/compress/archivers/tar/TarArchiveEntry.java: error: unknown function
	data: [pointer(reference(java/lang/Object)) java/lang/Object//getClass [] []]
src/main/java/org/apache/commons/compress/archivers/tar/TarArchiveEntry.java: unsupported: not an array type
	data: unsupported(@@unsupported)
src/main/java/org/apache/commons/compress/archivers/tar/TarArchiveEntry.java: error: unknown identifier
	data: list
src/main/java/org/apache/commons/compress/archivers/tar/TarArchiveEntry.java: error: Internal error: unknown identifier:
		"prefix"
		Stacktrace: goroutine 1 [running]:
		gitlab.nethead.at/symflower/symflower/model/errors.NewInternalError({0x21de060, 0x2d25970}, {0x12473e0, 0xc000ef4950})
			gitlab.nethead.at/symflower/symflower/model/errors/error.go:852 +0x4e
		gitlab.nethead.at/symflower/symflower/model/ast.(*Identifier).ExpressionType(0xc000a327e0, 0xc00053ea80)
			gitlab.nethead.at/symflower/symflower/model/ast/parameters.go:70 +0x186
		gitlab.nethead.at/symflower/symflower/model/ast.(*ExpressionUnary).ExpressionType(0xc000f96bd0, 0xc00053ea80)
			gitlab.nethead.at/symflower/symflower/model/ast/expression.go:1258 +0x2a
		gitlab.nethead.at/symflower/symflower/model/ast.(*Scope).GetFunctionWithEffectiveReceiver(0xc00053ea80, {0x2208dd0?, 0xc000f96c00})
			gitlab.nethead.at/symflower/symflower/model/ast/scope.go:677 +0x182
		gitlab.nethead.at/symflower/symflower/model/ast.(*Scope).GetFunction(...)
			gitlab.nethead.at/symflower/symflower/model/ast/scope.go:662
		gitlab.nethead.at/symflower/symflower/model/ast.(*Call).InferType(0xc0009745f0, 0xc00053ea80, 0x2088c68)
			gitlab.nethead.at/symflower/symflower/model/ast/function.go:800 +0xa6
		gitlab.nethead.at/symflower/symflower/model/ast.WalkInferTypes.func2(0xc00053ea80, {0x2203be8, 0xc0009745f0})
			gitlab.nethead.at/symflower/symflower/model/ast/walk.go:23 +0x7c
		gitlab.nethead.at/symflower/symflower/model/ast.(*Call).Walk(0xc0009745f0, 0xc00053ea80, 0x1, 0xc0001737d0)
			gitlab.nethead.at/symflower/symflower/model/ast/walk_gen.go:153 +0x459
		gitlab.nethead.at/symflower/symflower/model/ast.(*ExpressionBinary).Walk(0xc000b758c0, 0xc00053ea80, 0x1, 0xc0001737d0)
			gitlab.nethead.at/symflower/symflower/model/ast/walk_gen.go:281 +0x122
		gitlab.nethead.at/symflower/symflower/model/ast.(*StatementIf).Walk(0xc000581940, 0xc00053ea80, 0x1, 0xc0001737d0)
			gitlab.nethead.at/symflower/symflower/model/ast/walk_gen.go:1482 +0x122
		gitlab.nethead.at/symflower/symflower/model/ast.(*StatementBlock).Walk(0xc000f97290, 0xc00053ea80, 0x1, 0xc0001737d0)
			gitlab.nethead.at/symflower/symflower/model/ast/walk_gen.go:1379 +0x36b
		gitlab.nethead.at/symflower/symflower/model/ast.(*StatementBlock).Walk(0xc000f962a0, 0xc00053ea80, 0x1, 0xc0001737d0)
			gitlab.nethead.at/symflower/symflower/model/ast/walk_gen.go:1379 +0x36b
		gitlab.nethead.at/symflower/symflower/model/ast.(*ClauseCase).Walk(0xc000f96270, 0xc00053ea80, 0x1, 0xc0001737d0)
			gitlab.nethead.at/symflower/symflower/model/ast/walk_gen.go:247 +0x1f6
		gitlab.nethead.at/symflower/symflower/model/ast.(*StatementSwitch).Walk(0xc000581980, 0xc00053ea80, 0x1, 0xc0001737d0)
			gitlab.nethead.at/symflower/symflower/model/ast/walk_gen.go:1627 +0x1f4
		gitlab.nethead.at/symflower/symflower/model/ast.(*StatementBlock).Walk(0xc000f972c0, 0xc00053ea80, 0x1, 0xc0001737d0)
			gitlab.nethead.at/symflower/symflower/model/ast/walk_gen.go:1379 +0x36b
		gitlab.nethead.at/symflower/symflower/model/ast.WalkInferTypes(0xc00053ea80, {0x2203830, 0xc000f972c0}, 0x2088c68)
			gitlab.nethead.at/symflower/symflower/model/ast/walk.go:17 +0xd9
		gitlab.nethead.at/symflower/symflower/language/java/symbol.(*transpiler).inferBodyTypes(0xc000528f00, {0x2203830, 0xc000f972c0})
			gitlab.nethead.at/symflower/symflower/language/java/symbol/handle.go:2850 +0x31
		gitlab.nethead.at/symflower/symflower/language/java/symbol.(*transpiler).completeFunctionAndVerify(0xc000528f00, 0xc0008ad410, 0xc0008c2900)
			gitlab.nethead.at/symflower/symflower/language/java/symbol/handle.go:2777 +0x107
		gitlab.nethead.at/symflower/symflower/language/java/symbol.(*transpiler).handleMethodDeclarationBody(0xc000528f00, 0xc0008ad410, {0x2208170, 0xc00080cd80}, 0xc0008c2900, 0x0)
			gitlab.nethead.at/symflower/symflower/language/java/symbol/handle.go:2540 +0x7b5
		gitlab.nethead.at/symflower/symflower/language/java/symbol.(*transpiler).handleClassAndInterfaceDeclarationBodies(0xc000528f00, 0xc0008ad410, 0xc00080cd80)
			gitlab.nethead.at/symflower/symflower/language/java/symbol/handle.go:1534 +0x2f7
		gitlab.nethead.at/symflower/symflower/language/java/symbol.(*transpiler).handleClassDeclarationBodies(0xc000528f00, 0xc0008ad410, 0xc00080cd80)
			gitlab.nethead.at/symflower/symflower/language/java/symbol/handle.go:1419 +0x106
		gitlab.nethead.at/symflower/symflower/language/java/symbol.(*transpiler).handleBodies.func1(0xc0008ad410, {0x2207578, 0xc00080cd80})
			gitlab.nethead.at/symflower/symflower/language/java/symbol/symbols.go:532 +0x1ff
		gitlab.nethead.at/symflower/symflower/language/java/symbol.(*transpiler).walkSubDeclarations(0xc000528f00, 0xc0008ad410, 0xc000051760, 0xc0008a7d40, 0xc0008ab7c0, {0x2207578, 0xc00080cd80})
			gitlab.nethead.at/symflower/symflower/language/java/symbol/symbols.go:869 +0x1ee
		gitlab.nethead.at/symflower/symflower/language/java/symbol.(*transpiler).walkFile(0xc000528f00, 0x1, 0x2088c58, 0xc000051760, 0xc0008a7d40, 0xc0008ab7c0)
			gitlab.nethead.at/symflower/symflower/language/java/symbol/symbols.go:625 +0x3c5
		gitlab.nethead.at/symflower/symflower/language/java/symbol.(*transpiler).walkPackage(0xc000528f00, 0x1, 0x2088c58, 0xc000051760, 0xc0008a7d40)
			gitlab.nethead.at/symflower/symflower/language/java/symbol/symbols.go:583 +0x225
		gitlab.nethead.at/symflower/symflower/language/java/symbol.(*transpiler).walkFilesAndDeclarations(0xc000528f00, 0x1, 0x2088c58, 0xc000051760)
			gitlab.nethead.at/symflower/symflower/language/java/symbol/symbols.go:566 +0xa5
		gitlab.nethead.at/symflower/symflower/language/java/symbol.(*transpiler).handleBodies(0xc000528f00)
			gitlab.nethead.at/symflower/symflower/language/java/symbol/symbols.go:513 +0x65
		gitlab.nethead.at/symflower/symflower/language/java/symbol.symbolsWithDependencies(0xc0000108d0, {0x0?, 0x41aa94?, 0x13e43a0?}, 0x1)
			gitlab.nethead.at/symflower/symflower/language/java/symbol/symbols.go:486 +0x147
		gitlab.nethead.at/symflower/symflower/language/java/symbol.Symbols(0xc0000108d0, 0x1)
			gitlab.nethead.at/symflower/symflower/language/java/symbol/symbols.go:457 +0xf2
		gitlab.nethead.at/symflower/symflower/language/java.Adapter.Symbols(...)
			gitlab.nethead.at/symflower/symflower/language/java/symbols.go:29
		gitlab.nethead.at/symflower/symflower/cmd/symflower-local/generate.(*Generator).transpileLanguage(0xc000583110, 0x0, 0x0, {0x220c620, 0x2e6b360})
			gitlab.nethead.at/symflower/symflower/cmd/symflower-local/generate/generate.go:136 +0x373
		gitlab.nethead.at/symflower/symflower/cmd/symflower-local/generate.(*Generator).Symbols(0xc000583110, 0x0, 0x0)
			gitlab.nethead.at/symflower/symflower/cmd/symflower-local/generate/generate.go:94 +0x136
		gitlab.nethead.at/symflower/symflower/cmd/symflower-local/generate.(*AnalyzeEngineDefault).UnitTests(0x2d?, 0x124bba0?, {0x21eb890?, 0xc0005143c0?}, {0x80?, 0x47?, 0x4?, 0x0?}, 0x2d?, {0xc000582690, ...})
			gitlab.nethead.at/symflower/symflower/cmd/symflower-local/generate/analyze.go:153 +0x77
		gitlab.nethead.at/symflower/symflower/cmd/symflower-local/cmd.(*commandUnitTests).Execute(0xc0005af2d8, {0xc0005aef08?, 0x71a0357e0f98?, 0xc0005af2d8?})
			gitlab.nethead.at/symflower/symflower/cmd/symflower-local/cmd/unit-tests.go:85 +0x2a6
		gitlab.nethead.at/symflower/symflower/cmd.ExecuteNoExit({0x21de020, 0xc0005aef08}, {0xc00019e000?, 0x0?, 0x0?})
			gitlab.nethead.at/symflower/symflower/cmd/execute.go:59 +0x2ad
		gitlab.nethead.at/symflower/symflower/cmd.Execute({0x21de020?, 0xc0005aef08?}, {0xc00019e000?, 0xc0001802e0?, 0xc000051f10?})
			gitlab.nethead.at/symflower/symflower/cmd/execute.go:17 +0x26
		gitlab.nethead.at/symflower/symflower/cmd.ExecuteWithOSArguments(...)
			gitlab.nethead.at/symflower/symflower/cmd/execute.go:78
		main.main.func1()
			gitlab.nethead.at/symflower/symflower/cmd/symflower-demo/main.go:39 +0x34
		gitlab.nethead.at/symflower/symflower/cmd/symflower-local/cmd.(*Command).WithPanicReporter(0xc0000b2060?, 0x0?)
			gitlab.nethead.at/symflower/symflower/cmd/symflower-local/cmd/cmd.go:151 +0x33
		main.main()
			gitlab.nethead.at/symflower/symflower/cmd/symflower-demo/main.go:38 +0x7f
	
	data: call(select(ensure_not_nil(prefix), length!d41d8cd98f00b204e9800998ecf8427e), [])
src/main/java/org/apache/commons/compress/archivers/tar/TarArchiveEntry.java: error: unknown function
	data: [struct(java/lang/System, [], [pointer(reference(java/lang/Object))], []) java/lang/System//getProperty [] ["os.name"]]
src/main/java/org/apache/commons/compress/archivers/tar/TarArchiveInputStream.java: error: unknown function
	data: [pointer(reference(java/io/IOException)) java/io/IOException//initCause [] [e]]
src/main/java/org/apache/commons/compress/archivers/tar/TarArchiveInputStream.java: error: unknown function
	data: [<nil> read [] [buf]]
src/main/java/org/apache/commons/compress/archivers/tar/TarArchiveInputStream.java: error: unknown function
	data: [pointer(reference(java/lang/StringBuffer)) java/lang/StringBuffer//append [] [call(java/lang/String//String!eb0e5f34b3c949b96f42d298f525ed19, [buf, 0, length])]]
src/main/java/org/apache/commons/compress/archivers/tar/TarArchiveInputStream.java: error: unknown function
	data: [<nil> parsePaxHeaders [] [this]]
src/main/java/org/apache/commons/compress/archivers/tar/TarArchiveInputStream.java: error: unknown function
	data: [pointer(genericInstance(reference(java/util/Map), [pointer(reference(java/lang/String)), pointer(reference(java/lang/String))])) java/util/Map<java/lang/String,java/lang/String>//entrySet [] []]
src/main/java/org/apache/commons/compress/archivers/tar/TarArchiveInputStream.java: error: unknown function
	data: [<nil> count [] [len(ensure_not_nil(rec))]]
src/main/java/org/apache/commons/compress/archivers/tar/TarArchiveInputStream.java: error: unknown function
	data: [struct(java/lang/System, [], [pointer(reference(java/lang/Object))], []) java/lang/System//arraycopy [] [rec 0 buf offset sz]]
src/main/java/org/apache/commons/compress/archivers/tar/TarArchiveInputStream.java: error: unknown function
	data: [struct(java/lang/System, [], [pointer(reference(java/lang/Object))], []) java/lang/System//arraycopy [] [rec sz select(this, readBuf) 0 -(recLen, sz)]]
src/main/java/org/apache/commons/compress/archivers/tar/TarArchiveInputStream.java: error: unknown import
	data: java/io/ByteArrayOutputStream
src/main/java/org/apache/commons/compress/archivers/tar/TarArchiveInputStream.java: error: unknown import
	data: org/apache/commons/compress/archivers/ArchiveInputStream
src/main/java/org/apache/commons/compress/archivers/tar/TarArchiveInputStream.java: error: unknown import
	data: org/apache/commons/compress/archivers/zip/ZipEncoding
src/main/java/org/apache/commons/compress/archivers/tar/TarArchiveInputStream.java: error: unknown function
	data: [pointer(reference(java/lang/StringBuffer)) java/lang/StringBuffer//length [] []]
src/main/java/org/apache/commons/compress/archivers/tar/TarArchiveInputStream.java: error: unknown function
	data: [pointer(reference(java/lang/StringBuffer)) java/lang/StringBuffer//deleteCharAt [] [-(unsupported, 1)]]
src/main/java/org/apache/commons/compress/archivers/tar/TarArchiveInputStream.java: internal error: not all elements have the same type
	data: [function(variable(this, pointer(reference(org/apache/commons/compress/archivers/tar/TarArchiveInputStream))), org/apache/commons/compress/archivers/tar/TarArchiveInputStream//getNextTarEntry!d41d8cd98f00b204e9800998ecf8427e, [], [variable(, pointer(reference(org/apache/commons/compress/archivers/tar/TarArchiveEntry)))], block([never_nil(this), if(select(this, hasHitEOF), block([return([nil])]), %!s(<nil>)), if(!=(select(this, currEntry), nil), block([declaration([numToSkip], [primitive(int, 64, false)], [-(select(this, entrySize), select(this, entryOffset))], ModifierVisibilityPublic), loop(>(numToSkip, 0), block([declaration([skipped], [primitive(int, 64, false)], [call(select(this, skip!feb606741437b3116f99f2412027bc86), [numToSkip])], ModifierVisibilityPublic), if(<=(skipped, 0), block([throw(call(java/lang/RuntimeException//RuntimeException!efbb7192f0412fb225b1065a0117385c, [call(java/lang/String//String!9abf27636a492e46fe858f34bef8e9eb, ["failed to skip current tar entry"])]))]), %!s(<nil>)), =(numToSkip, cast(-(numToSkip, skipped), primitive(int, 64, false)))]), %!s(<nil>), %!s(<nil>)), =(select(this, readBuf), nil)]), %!s(<nil>)), declaration([headerBuf], [array(primitive(int, 8, false), primitive(int, 32, false), 0)], [call(select(this, getRecord!d41d8cd98f00b204e9800998ecf8427e), [])], ModifierVisibilityPublic), if(select(this, hasHitEOF), block([=(select(this, currEntry), nil), return([nil])]), %!s(<nil>)), try(block([unsupported]), [catch([pointer(reference(java/lang/IllegalArgumentException))], e , block([declaration([ioe], [pointer(reference(java/io/IOException))], [call(java/io/IOException//IOException!efbb7192f0412fb225b1065a0117385c, [call(java/lang/String//String!9abf27636a492e46fe858f34bef8e9eb, ["Error detected parsing the header"])])], ModifierVisibilityPublic), unsupported, throw(ioe)]))], %!s(<nil>)), =(select(this, entryOffset), 0), =(select(this, entrySize), call(select(ensure_not_nil(select(this, currEntry)), getSize!d41d8cd98f00b204e9800998ecf8427e), [])), if(call(select(ensure_not_nil(select(this, currEntry)), isGNULongNameEntry!d41d8cd98f00b204e9800998ecf8427e), []), block([declaration([longName], [pointer(reference(java/lang/StringBuffer))], [call(java/lang/StringBuffer//StringBuffer!d41d8cd98f00b204e9800998ecf8427e, [])], ModifierVisibilityPublic), declaration([buf], [array(primitive(int, 8, false), primitive(int, 32, false), 0)], [make(array(primitive(int, 8, false), primitive(int, 32, false), 0), org/apache/commons/compress/archivers/tar/TarArchiveInputStream//SMALL_BUFFER_SIZE)], ModifierVisibilityPublic), declaration([length], [primitive(int, 32, false)], [0], ModifierVisibilityPublic), loop(>=(=(length, unsupported), 0), block([unsupported]), %!s(<nil>), %!s(<nil>)), call(select(this, getNextEntry!d41d8cd98f00b204e9800998ecf8427e), []), if(==(select(this, currEntry), nil), block([return([nil])]), %!s(<nil>)), if(&&(>(unsupported, 0), ==(unsupported, 0)), block([unsupported]), %!s(<nil>)), call(select(ensure_not_nil(select(this, currEntry)), setName!efbb7192f0412fb225b1065a0117385c), [call(select(ensure_not_nil(longName), toString!d41d8cd98f00b204e9800998ecf8427e), [])])]), %!s(<nil>)), if(call(select(ensure_not_nil(select(this, currEntry)), isPaxHeader!d41d8cd98f00b204e9800998ecf8427e), []), block([call(select(this, paxHeaders!d41d8cd98f00b204e9800998ecf8427e), [])]), %!s(<nil>)), if(call(select(ensure_not_nil(select(this, currEntry)), isGNUSparse!d41d8cd98f00b204e9800998ecf8427e), []), block([call(select(this, readGNUSparse!d41d8cd98f00b204e9800998ecf8427e), [])]), %!s(<nil>)), =(select(this, entrySize), call(select(ensure_not_nil(select(this, currEntry)), getSize!d41d8cd98f00b204e9800998ecf8427e), [])), return([select(this, currEntry)])])) return([call(select(this, getNextTarEntry!d41d8cd98f00b204e9800998ecf8427e), [])])]
src/main/java/org/apache/commons/compress/archivers/tar/TarArchiveInputStream.java: error: unknown function
	data: [struct(java/lang/System, [], [pointer(reference(java/lang/Object))], []) java/lang/System//arraycopy [] [select(this, readBuf) 0 buf offset sz]]
src/main/java/org/apache/commons/compress/archivers/tar/TarArchiveInputStream.java: error: unknown function
	data: [<nil> getBytesRead [] []]
src/main/java/org/apache/commons/compress/archivers/tar/TarArchiveInputStream.java: error: unknown import
	data: org/apache/commons/compress/utils/ArchiveUtils
src/main/java/org/apache/commons/compress/archivers/tar/TarArchiveInputStream.java: error: unknown import
	data: org/apache/commons/compress/utils/CharsetNames
src/main/java/org/apache/commons/compress/archivers/tar/TarArchiveInputStream.java: error: unknown function
	data: [pointer(reference(java/lang/StringBuffer)) java/lang/StringBuffer//charAt [] [-(unsupported, 1)]]
src/main/java/org/apache/commons/compress/archivers/tar/TarArchiveInputStream.java: error: unknown function
	data: [struct(java/lang/System, [], [pointer(reference(java/lang/Object))], []) java/lang/System//arraycopy [] [select(this, readBuf) sz newBuf 0 newLen]]
src/main/java/org/apache/commons/compress/archivers/tar/TarArchiveInputStream.java: error: unknown import
	data: java/util/HashMap
src/main/java/org/apache/commons/compress/archivers/tar/TarArchiveInputStream.java: error: unknown import
	data: org/apache/commons/compress/archivers/ArchiveEntry
src/main/java/org/apache/commons/compress/archivers/tar/TarArchiveInputStream.java: error: unknown import
	data: org/apache/commons/compress/archivers/zip/ZipEncodingHelper
src/main/java/org/apache/commons/compress/archivers/tar/TarArchiveInputStream.java: error: unknown function
	data: [struct(java/lang/System, [], [pointer(reference(java/lang/Object))], []) java/lang/System//arraycopy [] [rec 0 buf offset recLen]]
src/main/java/org/apache/commons/compress/archivers/tar/TarArchiveOutputStream.java: error: unknown function
	data: [struct(java/lang/System, [], [pointer(reference(java/lang/Object))], []) java/lang/System//arraycopy [] [wBuf wOffset select(this, recordBuf) select(this, assemLen) aLen]]
src/main/java/org/apache/commons/compress/archivers/tar/TarArchiveOutputStream.java: error: unknown function
	data: [struct(java/lang/System, [], [pointer(reference(java/lang/Object))], []) java/lang/System//arraycopy [] [wBuf wOffset select(this, assemBuf) select(this, assemLen) numToWrite]]
src/main/java/org/apache/commons/compress/archivers/tar/TarArchiveOutputStream.java: error: unknown function
	data: [pointer(genericInstance(reference(java/util/Map), [pointer(reference(java/lang/String)), pointer(reference(java/lang/String))])) java/util/Map<java/lang/String,java/lang/String>//entrySet [] []]
src/main/java/org/apache/commons/compress/archivers/tar/TarArchiveOutputStream.java: error: unknown function
	data: [<nil> putArchiveEntry [] [pex]]
src/main/java/org/apache/commons/compress/archivers/tar/TarArchiveOutputStream.java: error: unknown import
	data: org/apache/commons/compress/archivers/ArchiveOutputStream
src/main/java/org/apache/commons/compress/archivers/tar/TarArchiveOutputStream.java: error: unknown import
	data: org/apache/commons/compress/utils/CharsetNames
src/main/java/org/apache/commons/compress/archivers/tar/TarArchiveOutputStream.java: error: unknown type
	data: Deprecated
src/main/java/org/apache/commons/compress/archivers/tar/TarArchiveOutputStream.java: error: unknown function
	data: [struct(java/lang/System, [], [pointer(reference(java/lang/Object))], []) java/lang/System//arraycopy [] [select(this, assemBuf) 0 select(this, recordBuf) 0 select(this, assemLen)]]
src/main/java/org/apache/commons/compress/archivers/tar/TarArchiveOutputStream.java: error: unknown function
	data: [struct(java/lang/System, [], [pointer(reference(java/lang/Object))], []) java/lang/System//arraycopy [] [wBuf wOffset select(this, assemBuf) select(this, assemLen) numToWrite]]
src/main/java/org/apache/commons/compress/archivers/tar/TarArchiveOutputStream.java: error: unknown function
	data: [<nil> write [] [data]]
src/main/java/org/apache/commons/compress/archivers/tar/TarArchiveOutputStream.java: error: unknown import
	data: java/io/File
src/main/java/org/apache/commons/compress/archivers/tar/TarArchiveOutputStream.java: error: unknown import
	data: org/apache/commons/compress/archivers/ArchiveEntry
src/main/java/org/apache/commons/compress/archivers/tar/TarArchiveOutputStream.java: error: unknown import
	data: org/apache/commons/compress/archivers/zip/ZipEncoding
src/main/java/org/apache/commons/compress/archivers/tar/TarArchiveOutputStream.java: error: unknown import
	data: org/apache/commons/compress/archivers/zip/ZipEncodingHelper
src/main/java/org/apache/commons/compress/archivers/tar/TarArchiveOutputStream.java: error: unknown import
	data: org/apache/commons/compress/utils/CountingOutputStream
src/main/java/org/apache/commons/compress/archivers/tar/TarArchiveOutputStream.java: error: unknown function
	data: [<nil> write [] [0]]
src/main/java/org/apache/commons/compress/archivers/tar/TarArchiveOutputStream.java: error: unknown import
	data: java/io/StringWriter
src/main/java/org/apache/commons/compress/archivers/tar/TarArchiveOutputStream.java: error: unknown import
	data: java/util/HashMap
src/main/java/org/apache/commons/compress/archivers/tar/TarArchiveOutputStream.java: error: unknown function
	data: [<nil> putArchiveEntry [] [longLinkEntry]]
src/main/java/org/apache/commons/compress/archivers/tar/TarArchiveOutputStream.java: error: unknown function
	data: [<nil> java/lang/StringBuffer//StringBuffer [] [length]]
src/main/java/org/apache/commons/compress/archivers/tar/TarArchiveOutputStream.java: error: unknown function
	data: [pointer(reference(java/lang/StringBuffer)) java/lang/StringBuffer//append [] [stripped]]
src/main/java/org/apache/commons/compress/archivers/tar/TarArchiveOutputStream.java: error: unknown import
	data: java/nio/ByteBuffer
src/main/java/org/apache/commons/compress/archivers/tar/TarBuffer.java: error: unknown import
	data: java/util/Arrays
src/main/java/org/apache/commons/compress/archivers/tar/TarBuffer.java: error: unknown function
	data: [struct(java/lang/System, [], [pointer(reference(java/lang/Object))], []) java/lang/System//arraycopy [] [select(this, blockBuffer) *(select(this, currRecIdx), select(this, recordSize)) result 0 select(this, recordSize)]]
src/main/java/org/apache/commons/compress/archivers/tar/TarBuffer.java: error: unknown function
	data: [struct(java/lang/System, [], [pointer(reference(java/lang/Object))], []) java/lang/System//arraycopy [] [record 0 select(this, blockBuffer) *(select(this, currRecIdx), select(this, recordSize)) select(this, recordSize)]]
src/main/java/org/apache/commons/compress/archivers/tar/TarBuffer.java: error: unknown function
	data: [struct(java/lang/System, [], [pointer(reference(java/lang/Object))], []) java/lang/System//arraycopy [] [buf offset select(this, blockBuffer) *(select(this, currRecIdx), select(this, recordSize)) select(this, recordSize)]]
src/main/java/org/apache/commons/compress/archivers/tar/TarBuffer.java: error: unknown field
	data: [System struct(java/lang/System, [], [pointer(reference(java/lang/Object))], []) in]
src/main/java/org/apache/commons/compress/archivers/tar/TarBuffer.java: unsupported: unsupported type
	data: pointer(reference(java/io/OutputStream)) vs pointer(reference(java/io/PrintStream))
src/main/java/org/apache/commons/compress/archivers/tar/TarUtils.java: error: unknown import
	data: java/math/BigInteger
src/main/java/org/apache/commons/compress/archivers/tar/TarUtils.java: error: unknown import
	data: java/nio/ByteBuffer
src/main/java/org/apache/commons/compress/archivers/tar/TarUtils.java: error: unknown import
	data: org/apache/commons/compress/archivers/zip/ZipEncoding
src/main/java/org/apache/commons/compress/archivers/tar/TarUtils.java: error: unknown import
	data: org/apache/commons/compress/archivers/zip/ZipEncodingHelper
src/main/java/org/apache/commons/compress/archivers/tar/TarUtils.java: error: unknown function
	data: [struct(java/lang/System, [], [pointer(reference(java/lang/Object))], []) java/lang/System//arraycopy [] [buffer +(offset, 1) remainder 0 -(length, 1)]]
src/main/java/org/apache/commons/compress/archivers/tar/TarUtils.java: error: unknown function
	data: [struct(java/lang/System, [], [pointer(reference(java/lang/Object))], []) java/lang/System//arraycopy [] [buffer offset b 0 len]]
src/main/java/org/apache/commons/compress/archivers/tar/TarUtils.java: error: unknown function
	data: [struct(java/lang/System, [], [pointer(reference(java/lang/Object))], []) java/lang/System//arraycopy [] [b 0 buf off len]]
src/main/java/org/apache/commons/compress/archivers/tar/TarUtils.java: warning: overflow of cast
Found 7 Java files
Found 73 problems in Java files
src/main/java/org/apache/commons/compress/archivers/tar/TarConstants.java: found 0 symbols
src/main/java/org/apache/commons/compress/archivers/tar/TarUtils.java: found 14 symbols
src/main/java/org/apache/commons/compress/archivers/tar/TarArchiveEntry.java: found 57 symbols
src/main/java/org/apache/commons/compress/archivers/tar/TarArchiveInputStream.java: found 21 symbols
src/main/java/org/apache/commons/compress/archivers/tar/TarArchiveOutputStream.java: found 20 symbols
src/main/java/org/apache/commons/compress/archivers/tar/TarArchiveSparseEntry.java: found 2 symbols
src/main/java/org/apache/commons/compress/archivers/tar/TarBuffer.java: found 17 symbols
src/main/java/org/apache/commons/compress/archivers/tar/TarArchiveInputStream.java: org.apache.commons.compress.archivers.tar.TarArchiveInputStream.close: computing test cases
src/main/java/org/apache/commons/compress/archivers/tar/TarArchiveInputStream.java: org.apache.commons.compress.archivers.tar.TarArchiveInputStream.close: found 1 problems
src/main/java/org/apache/commons/compress/archivers/tar/TarArchiveInputStream.java: internal error: org.apache.commons.compress.archivers.tar.TarArchiveInputStream.close: unknown type kind
	data: unsupported(org/apache/commons/compress/archivers/zip/ZipEncoding)
src/main/java/org/apache/commons/compress/archivers/tar/TarArchiveInputStream.java: org.apache.commons.compress.archivers.tar.TarArchiveInputStream.available: computing test cases
src/main/java/org/apache/commons/compress/archivers/tar/TarArchiveInputStream.java: org.apache.commons.compress.archivers.tar.TarArchiveInputStream.available: found 1 problems
src/main/java/org/apache/commons/compress/archivers/tar/TarArchiveInputStream.java: internal error: org.apache.commons.compress.archivers.tar.TarArchiveInputStream.available: unknown type kind
	data: unsupported(org/apache/commons/compress/archivers/zip/ZipEncoding)
src/main/java/org/apache/commons/compress/archivers/tar/TarArchiveInputStream.java: org.apache.commons.compress.archivers.tar.TarArchiveInputStream.TarArchiveInputStream: computing test cases
src/main/java/org/apache/commons/compress/archivers/tar/TarArchiveInputStream.java: org.apache.commons.compress.archivers.tar.TarArchiveInputStream.TarArchiveInputStream: found 1 problems
src/main/java/org/apache/commons/compress/archivers/tar/TarArchiveInputStream.java: internal error: org.apache.commons.compress.archivers.tar.TarArchiveInputStream.TarArchiveInputStream: unknown type kind
	data: unsupported(org/apache/commons/compress/archivers/zip/ZipEncoding)
src/main/java/org/apache/commons/compress/archivers/tar/TarArchiveInputStream.java: org.apache.commons.compress.archivers.tar.TarArchiveInputStream.canReadEntryData: computing test cases
src/main/java/org/apache/commons/compress/archivers/tar/TarArchiveInputStream.java: org.apache.commons.compress.archivers.tar.TarArchiveInputStream.canReadEntryData: found 1 problems
src/main/java/org/apache/commons/compress/archivers/tar/TarArchiveInputStream.java: internal error: org.apache.commons.compress.archivers.tar.TarArchiveInputStream.canReadEntryData: unknown type kind
	data: unsupported(org/apache/commons/compress/archivers/zip/ZipEncoding)
src/main/java/org/apache/commons/compress/archivers/tar/TarArchiveInputStream.java: org.apache.commons.compress.archivers.tar.TarArchiveInputStream.TarArchiveInputStream: computing test cases
src/main/java/org/apache/commons/compress/archivers/tar/TarArchiveInputStream.java: org.apache.commons.compress.archivers.tar.TarArchiveInputStream.TarArchiveInputStream: found 1 problems
src/main/java/org/apache/commons/compress/archivers/tar/TarArchiveInputStream.java: internal error: org.apache.commons.compress.archivers.tar.TarArchiveInputStream.TarArchiveInputStream: unknown type kind
	data: unsupported(org/apache/commons/compress/archivers/zip/ZipEncoding)
src/main/java/org/apache/commons/compress/archivers/tar/TarArchiveInputStream.java: org.apache.commons.compress.archivers.tar.TarArchiveInputStream.TarArchiveInputStream: computing test cases
src/main/java/org/apache/commons/compress/archivers/tar/TarArchiveInputStream.java: org.apache.commons.compress.archivers.tar.TarArchiveInputStream.TarArchiveInputStream: found 1 problems
src/main/java/org/apache/commons/compress/archivers/tar/TarArchiveInputStream.java: internal error: org.apache.commons.compress.archivers.tar.TarArchiveInputStream.TarArchiveInputStream: unknown type kind
	data: unsupported(org/apache/commons/compress/archivers/zip/ZipEncoding)
src/main/java/org/apache/commons/compress/archivers/tar/TarArchiveInputStream.java: org.apache.commons.compress.archivers.tar.TarArchiveInputStream.TarArchiveInputStream: computing test cases
src/main/java/org/apache/commons/compress/archivers/tar/TarArchiveInputStream.java: org.apache.commons.compress.archivers.tar.TarArchiveInputStream.TarArchiveInputStream: found 1 problems
src/main/java/org/apache/commons/compress/archivers/tar/TarArchiveInputStream.java: internal error: org.apache.commons.compress.archivers.tar.TarArchiveInputStream.TarArchiveInputStream: unknown type kind
	data: unsupported(org/apache/commons/compress/archivers/zip/ZipEncoding)
src/main/java/org/apache/commons/compress/archivers/tar/TarArchiveInputStream.java: org.apache.commons.compress.archivers.tar.TarArchiveInputStream.getNextTarEntry: computing test cases
src/main/java/org/apache/commons/compress/archivers/tar/TarArchiveInputStream.java: org.apache.commons.compress.archivers.tar.TarArchiveInputStream.getNextTarEntry: found 1 problems
src/main/java/org/apache/commons/compress/archivers/tar/TarArchiveInputStream.java: internal error: org.apache.commons.compress.archivers.tar.TarArchiveInputStream.getNextTarEntry: unknown type kind
	data: unsupported(org/apache/commons/compress/archivers/zip/ZipEncoding)
src/main/java/org/apache/commons/compress/archivers/tar/TarArchiveInputStream.java: org.apache.commons.compress.archivers.tar.TarArchiveInputStream.skip: computing test cases
src/main/java/org/apache/commons/compress/archivers/tar/TarArchiveInputStream.java: org.apache.commons.compress.archivers.tar.TarArchiveInputStream.skip: found 1 problems
src/main/java/org/apache/commons/compress/archivers/tar/TarArchiveInputStream.java: internal error: org.apache.commons.compress.archivers.tar.TarArchiveInputStream.skip: unknown type kind
	data: unsupported(org/apache/commons/compress/archivers/zip/ZipEncoding)
src/main/java/org/apache/commons/compress/archivers/tar/TarArchiveInputStream.java: org.apache.commons.compress.archivers.tar.TarArchiveInputStream.matches: computing test cases
src/main/java/org/apache/commons/compress/archivers/tar/TarArchiveInputStream.java: org.apache.commons.compress.archivers.tar.TarArchiveInputStream.matches: computed 1 unit tests
src/main/java/org/apache/commons/compress/archivers/tar/TarArchiveInputStream.java: org.apache.commons.compress.archivers.tar.TarArchiveInputStream.matches: found 0 problems
src/main/java/org/apache/commons/compress/archivers/tar/TarArchiveInputStream.java: org.apache.commons.compress.archivers.tar.TarArchiveInputStream.reset: computing test cases
src/main/java/org/apache/commons/compress/archivers/tar/TarArchiveInputStream.java: org.apache.commons.compress.archivers.tar.TarArchiveInputStream.reset: found 1 problems
src/main/java/org/apache/commons/compress/archivers/tar/TarArchiveInputStream.java: internal error: org.apache.commons.compress.archivers.tar.TarArchiveInputStream.reset: unknown type kind
	data: unsupported(org/apache/commons/compress/archivers/zip/ZipEncoding)
src/main/java/org/apache/commons/compress/archivers/tar/TarArchiveInputStream.java: org.apache.commons.compress.archivers.tar.TarArchiveInputStream.getNextEntry: computing test cases
src/main/java/org/apache/commons/compress/archivers/tar/TarArchiveInputStream.java: org.apache.commons.compress.archivers.tar.TarArchiveInputStream.getNextEntry: computed 0 unit tests
src/main/java/org/apache/commons/compress/archivers/tar/TarArchiveInputStream.java: org.apache.commons.compress.archivers.tar.TarArchiveInputStream.isAtEOF: computing test cases
src/main/java/org/apache/commons/compress/archivers/tar/TarArchiveInputStream.java: org.apache.commons.compress.archivers.tar.TarArchiveInputStream.isAtEOF: found 1 problems
src/main/java/org/apache/commons/compress/archivers/tar/TarArchiveInputStream.java: internal error: org.apache.commons.compress.archivers.tar.TarArchiveInputStream.isAtEOF: unknown type kind
	data: unsupported(org/apache/commons/compress/archivers/zip/ZipEncoding)
src/main/java/org/apache/commons/compress/archivers/tar/TarArchiveInputStream.java: org.apache.commons.compress.archivers.tar.TarArchiveInputStream.getCurrentEntry: computing test cases
src/main/java/org/apache/commons/compress/archivers/tar/TarArchiveInputStream.java: org.apache.commons.compress.archivers.tar.TarArchiveInputStream.getCurrentEntry: found 1 problems
src/main/java/org/apache/commons/compress/archivers/tar/TarArchiveInputStream.java: internal error: org.apache.commons.compress.archivers.tar.TarArchiveInputStream.getCurrentEntry: unknown type kind
	data: unsupported(org/apache/commons/compress/archivers/zip/ZipEncoding)
src/main/java/org/apache/commons/compress/archivers/tar/TarArchiveInputStream.java: org.apache.commons.compress.archivers.tar.TarArchiveInputStream.TarArchiveInputStream: computing test cases
src/main/java/org/apache/commons/compress/archivers/tar/TarArchiveInputStream.java: org.apache.commons.compress.archivers.tar.TarArchiveInputStream.TarArchiveInputStream: found 1 problems
src/main/java/org/apache/commons/compress/archivers/tar/TarArchiveInputStream.java: internal error: org.apache.commons.compress.archivers.tar.TarArchiveInputStream.TarArchiveInputStream: unknown type kind
	data: unsupported(org/apache/commons/compress/archivers/zip/ZipEncoding)
src/main/java/org/apache/commons/compress/archivers/tar/TarArchiveInputStream.java: org.apache.commons.compress.archivers.tar.TarArchiveInputStream.parsePaxHeaders: computing test cases
src/main/java/org/apache/commons/compress/archivers/tar/TarArchiveInputStream.java: org.apache.commons.compress.archivers.tar.TarArchiveInputStream.parsePaxHeaders: found 1 problems
src/main/java/org/apache/commons/compress/archivers/tar/TarArchiveInputStream.java: internal error: org.apache.commons.compress.archivers.tar.TarArchiveInputStream.parsePaxHeaders: unknown type kind
	data: unsupported(org/apache/commons/compress/archivers/zip/ZipEncoding)
src/main/java/org/apache/commons/compress/archivers/tar/TarArchiveInputStream.java: org.apache.commons.compress.archivers.tar.TarArchiveInputStream.TarArchiveInputStream: computing test cases
src/main/java/org/apache/commons/compress/archivers/tar/TarArchiveInputStream.java: org.apache.commons.compress.archivers.tar.TarArchiveInputStream.TarArchiveInputStream: found 1 problems
src/main/java/org/apache/commons/compress/archivers/tar/TarArchiveInputStream.java: internal error: org.apache.commons.compress.archivers.tar.TarArchiveInputStream.TarArchiveInputStream: unknown type kind
	data: unsupported(org/apache/commons/compress/archivers/zip/ZipEncoding)
src/main/java/org/apache/commons/compress/archivers/tar/TarArchiveInputStream.java: org.apache.commons.compress.archivers.tar.TarArchiveInputStream.setAtEOF: computing test cases
src/main/java/org/apache/commons/compress/archivers/tar/TarArchiveInputStream.java: org.apache.commons.compress.archivers.tar.TarArchiveInputStream.setAtEOF: found 1 problems
src/main/java/org/apache/commons/compress/archivers/tar/TarArchiveInputStream.java: internal error: org.apache.commons.compress.archivers.tar.TarArchiveInputStream.setAtEOF: unknown type kind
	data: unsupported(org/apache/commons/compress/archivers/zip/ZipEncoding)
src/main/java/org/apache/commons/compress/archivers/tar/TarArchiveInputStream.java: org.apache.commons.compress.archivers.tar.TarArchiveInputStream.getRecordSize: computing test cases
src/main/java/org/apache/commons/compress/archivers/tar/TarArchiveInputStream.java: org.apache.commons.compress.archivers.tar.TarArchiveInputStream.getRecordSize: found 1 problems
src/main/java/org/apache/commons/compress/archivers/tar/TarArchiveInputStream.java: internal error: org.apache.commons.compress.archivers.tar.TarArchiveInputStream.getRecordSize: unknown type kind
	data: unsupported(org/apache/commons/compress/archivers/zip/ZipEncoding)
src/main/java/org/apache/commons/compress/archivers/tar/TarArchiveInputStream.java: org.apache.commons.compress.archivers.tar.TarArchiveInputStream.setCurrentEntry: computing test cases
src/main/java/org/apache/commons/compress/archivers/tar/TarArchiveInputStream.java: org.apache.commons.compress.archivers.tar.TarArchiveInputStream.setCurrentEntry: found 1 problems
src/main/java/org/apache/commons/compress/archivers/tar/TarArchiveInputStream.java: internal error: org.apache.commons.compress.archivers.tar.TarArchiveInputStream.setCurrentEntry: unknown type kind
	data: unsupported(org/apache/commons/compress/archivers/zip/ZipEncoding)
src/main/java/org/apache/commons/compress/archivers/tar/TarArchiveInputStream.java: org.apache.commons.compress.archivers.tar.TarArchiveInputStream.read: computing test cases
src/main/java/org/apache/commons/compress/archivers/tar/TarArchiveInputStream.java: org.apache.commons.compress.archivers.tar.TarArchiveInputStream.read: found 1 problems
src/main/java/org/apache/commons/compress/archivers/tar/TarArchiveInputStream.java: internal error: org.apache.commons.compress.archivers.tar.TarArchiveInputStream.read: unknown type kind
	data: unsupported(org/apache/commons/compress/archivers/zip/ZipEncoding)
src/main/java/org/apache/commons/compress/archivers/tar/TarArchiveOutputStream.java: org.apache.commons.compress.archivers.tar.TarArchiveOutputStream.TarArchiveOutputStream: computing test cases
src/main/java/org/apache/commons/compress/archivers/tar/TarArchiveOutputStream.java: org.apache.commons.compress.archivers.tar.TarArchiveOutputStream.TarArchiveOutputStream: found 1 problems
src/main/java/org/apache/commons/compress/archivers/tar/TarArchiveOutputStream.java: internal error: org.apache.commons.compress.archivers.tar.TarArchiveOutputStream.TarArchiveOutputStream: unknown type kind
	data: unsupported(org/apache/commons/compress/archivers/zip/ZipEncoding)
src/main/java/org/apache/commons/compress/archivers/tar/TarArchiveOutputStream.java: org.apache.commons.compress.archivers.tar.TarArchiveOutputStream.getRecordSize: computing test cases
src/main/java/org/apache/commons/compress/archivers/tar/TarArchiveOutputStream.java: org.apache.commons.compress.archivers.tar.TarArchiveOutputStream.getRecordSize: found 1 problems
src/main/java/org/apache/commons/compress/archivers/tar/TarArchiveOutputStream.java: internal error: org.apache.commons.compress.archivers.tar.TarArchiveOutputStream.getRecordSize: unknown type kind
	data: unsupported(org/apache/commons/compress/archivers/zip/ZipEncoding)
src/main/java/org/apache/commons/compress/archivers/tar/TarArchiveOutputStream.java: org.apache.commons.compress.archivers.tar.TarArchiveOutputStream.flush: computing test cases
src/main/java/org/apache/commons/compress/archivers/tar/TarArchiveOutputStream.java: org.apache.commons.compress.archivers.tar.TarArchiveOutputStream.flush: found 1 problems
src/main/java/org/apache/commons/compress/archivers/tar/TarArchiveOutputStream.java: internal error: org.apache.commons.compress.archivers.tar.TarArchiveOutputStream.flush: unknown type kind
	data: unsupported(org/apache/commons/compress/archivers/zip/ZipEncoding)
src/main/java/org/apache/commons/compress/archivers/tar/TarArchiveOutputStream.java: org.apache.commons.compress.archivers.tar.TarArchiveOutputStream.setAddPaxHeadersForNonAsciiNames: computing test cases
src/main/java/org/apache/commons/compress/archivers/tar/TarArchiveOutputStream.java: org.apache.commons.compress.archivers.tar.TarArchiveOutputStream.setAddPaxHeadersForNonAsciiNames: found 1 problems
src/main/java/org/apache/commons/compress/archivers/tar/TarArchiveOutputStream.java: internal error: org.apache.commons.compress.archivers.tar.TarArchiveOutputStream.setAddPaxHeadersForNonAsciiNames: unknown type kind
	data: unsupported(org/apache/commons/compress/archivers/zip/ZipEncoding)
src/main/java/org/apache/commons/compress/archivers/tar/TarArchiveOutputStream.java: org.apache.commons.compress.archivers.tar.TarArchiveOutputStream.setBigNumberMode: computing test cases
src/main/java/org/apache/commons/compress/archivers/tar/TarArchiveOutputStream.java: org.apache.commons.compress.archivers.tar.TarArchiveOutputStream.setBigNumberMode: found 1 problems
src/main/java/org/apache/commons/compress/archivers/tar/TarArchiveOutputStream.java: internal error: org.apache.commons.compress.archivers.tar.TarArchiveOutputStream.setBigNumberMode: unknown type kind
	data: unsupported(org/apache/commons/compress/archivers/zip/ZipEncoding)
src/main/java/org/apache/commons/compress/archivers/tar/TarArchiveOutputStream.java: org.apache.commons.compress.archivers.tar.TarArchiveOutputStream.createArchiveEntry: computing test cases
src/main/java/org/apache/commons/compress/archivers/tar/TarArchiveOutputStream.java: org.apache.commons.compress.archivers.tar.TarArchiveOutputStream.createArchiveEntry: found 1 problems
src/main/java/org/apache/commons/compress/archivers/tar/TarArchiveOutputStream.java: internal error: org.apache.commons.compress.archivers.tar.TarArchiveOutputStream.createArchiveEntry: unknown type kind
	data: unsupported(org/apache/commons/compress/archivers/zip/ZipEncoding)
src/main/java/org/apache/commons/compress/archivers/tar/TarArchiveOutputStream.java: org.apache.commons.compress.archivers.tar.TarArchiveOutputStream.writePaxHeaders: computing test cases
src/main/java/org/apache/commons/compress/archivers/tar/TarArchiveOutputStream.java: org.apache.commons.compress.archivers.tar.TarArchiveOutputStream.writePaxHeaders: found 1 problems
src/main/java/org/apache/commons/compress/archivers/tar/TarArchiveOutputStream.java: internal error: org.apache.commons.compress.archivers.tar.TarArchiveOutputStream.writePaxHeaders: unknown type kind
	data: unsupported(org/apache/commons/compress/archivers/zip/ZipEncoding)
src/main/java/org/apache/commons/compress/archivers/tar/TarArchiveOutputStream.java: org.apache.commons.compress.archivers.tar.TarArchiveOutputStream.TarArchiveOutputStream: computing test cases
src/main/java/org/apache/commons/compress/archivers/tar/TarArchiveOutputStream.java: org.apache.commons.compress.archivers.tar.TarArchiveOutputStream.TarArchiveOutputStream: found 1 problems
src/main/java/org/apache/commons/compress/archivers/tar/TarArchiveOutputStream.java: internal error: org.apache.commons.compress.archivers.tar.TarArchiveOutputStream.TarArchiveOutputStream: unknown type kind
	data: unsupported(org/apache/commons/compress/archivers/zip/ZipEncoding)
src/main/java/org/apache/commons/compress/archivers/tar/TarArchiveOutputStream.java: org.apache.commons.compress.archivers.tar.TarArchiveOutputStream.close: computing test cases
src/main/java/org/apache/commons/compress/archivers/tar/TarArchiveOutputStream.java: org.apache.commons.compress.archivers.tar.TarArchiveOutputStream.close: found 1 problems
src/main/java/org/apache/commons/compress/archivers/tar/TarArchiveOutputStream.java: internal error: org.apache.commons.compress.archivers.tar.TarArchiveOutputStream.close: unknown type kind
	data: unsupported(org/apache/commons/compress/archivers/zip/ZipEncoding)
src/main/java/org/apache/commons/compress/archivers/tar/TarArchiveOutputStream.java: org.apache.commons.compress.archivers.tar.TarArchiveOutputStream.TarArchiveOutputStream: computing test cases
src/main/java/org/apache/commons/compress/archivers/tar/TarArchiveOutputStream.java: org.apache.commons.compress.archivers.tar.TarArchiveOutputStream.TarArchiveOutputStream: found 1 problems
src/main/java/org/apache/commons/compress/archivers/tar/TarArchiveOutputStream.java: internal error: org.apache.commons.compress.archivers.tar.TarArchiveOutputStream.TarArchiveOutputStream: unknown type kind
	data: unsupported(org/apache/commons/compress/archivers/zip/ZipEncoding)
src/main/java/org/apache/commons/compress/archivers/tar/TarArchiveOutputStream.java: org.apache.commons.compress.archivers.tar.TarArchiveOutputStream.closeArchiveEntry: computing test cases
src/main/java/org/apache/commons/compress/archivers/tar/TarArchiveOutputStream.java: org.apache.commons.compress.archivers.tar.TarArchiveOutputStream.closeArchiveEntry: found 1 problems
src/main/java/org/apache/commons/compress/archivers/tar/TarArchiveOutputStream.java: internal error: org.apache.commons.compress.archivers.tar.TarArchiveOutputStream.closeArchiveEntry: unknown type kind
	data: unsupported(org/apache/commons/compress/archivers/zip/ZipEncoding)
src/main/java/org/apache/commons/compress/archivers/tar/TarArchiveOutputStream.java: org.apache.commons.compress.archivers.tar.TarArchiveOutputStream.setLongFileMode: computing test cases
src/main/java/org/apache/commons/compress/archivers/tar/TarArchiveOutputStream.java: org.apache.commons.compress.archivers.tar.TarArchiveOutputStream.setLongFileMode: found 1 problems
src/main/java/org/apache/commons/compress/archivers/tar/TarArchiveOutputStream.java: internal error: org.apache.commons.compress.archivers.tar.TarArchiveOutputStream.setLongFileMode: unknown type kind
	data: unsupported(org/apache/commons/compress/archivers/zip/ZipEncoding)
src/main/java/org/apache/commons/compress/archivers/tar/TarArchiveOutputStream.java: org.apache.commons.compress.archivers.tar.TarArchiveOutputStream.TarArchiveOutputStream: computing test cases
src/main/java/org/apache/commons/compress/archivers/tar/TarArchiveOutputStream.java: org.apache.commons.compress.archivers.tar.TarArchiveOutputStream.TarArchiveOutputStream: found 1 problems
src/main/java/org/apache/commons/compress/archivers/tar/TarArchiveOutputStream.java: internal error: org.apache.commons.compress.archivers.tar.TarArchiveOutputStream.TarArchiveOutputStream: unknown type kind
	data: unsupported(org/apache/commons/compress/archivers/zip/ZipEncoding)
src/main/java/org/apache/commons/compress/archivers/tar/TarArchiveOutputStream.java: org.apache.commons.compress.archivers.tar.TarArchiveOutputStream.finish: computing test cases
src/main/java/org/apache/commons/compress/archivers/tar/TarArchiveOutputStream.java: org.apache.commons.compress.archivers.tar.TarArchiveOutputStream.finish: found 1 problems
src/main/java/org/apache/commons/compress/archivers/tar/TarArchiveOutputStream.java: internal error: org.apache.commons.compress.archivers.tar.TarArchiveOutputStream.finish: unknown type kind
	data: unsupported(org/apache/commons/compress/archivers/zip/ZipEncoding)
src/main/java/org/apache/commons/compress/archivers/tar/TarArchiveOutputStream.java: org.apache.commons.compress.archivers.tar.TarArchiveOutputStream.write: computing test cases
src/main/java/org/apache/commons/compress/archivers/tar/TarArchiveOutputStream.java: org.apache.commons.compress.archivers.tar.TarArchiveOutputStream.write: found 1 problems
src/main/java/org/apache/commons/compress/archivers/tar/TarArchiveOutputStream.java: internal error: org.apache.commons.compress.archivers.tar.TarArchiveOutputStream.write: unknown type kind
	data: unsupported(org/apache/commons/compress/archivers/zip/ZipEncoding)
src/main/java/org/apache/commons/compress/archivers/tar/TarArchiveOutputStream.java: org.apache.commons.compress.archivers.tar.TarArchiveOutputStream.TarArchiveOutputStream: computing test cases
src/main/java/org/apache/commons/compress/archivers/tar/TarArchiveOutputStream.java: org.apache.commons.compress.archivers.tar.TarArchiveOutputStream.TarArchiveOutputStream: found 1 problems
src/main/java/org/apache/commons/compress/archivers/tar/TarArchiveOutputStream.java: internal error: org.apache.commons.compress.archivers.tar.TarArchiveOutputStream.TarArchiveOutputStream: unknown type kind
	data: unsupported(org/apache/commons/compress/archivers/zip/ZipEncoding)
src/main/java/org/apache/commons/compress/archivers/tar/TarArchiveOutputStream.java: org.apache.commons.compress.archivers.tar.TarArchiveOutputStream.TarArchiveOutputStream: computing test cases
src/main/java/org/apache/commons/compress/archivers/tar/TarArchiveOutputStream.java: org.apache.commons.compress.archivers.tar.TarArchiveOutputStream.TarArchiveOutputStream: found 1 problems
src/main/java/org/apache/commons/compress/archivers/tar/TarArchiveOutputStream.java: internal error: org.apache.commons.compress.archivers.tar.TarArchiveOutputStream.TarArchiveOutputStream: unknown type kind
	data: unsupported(org/apache/commons/compress/archivers/zip/ZipEncoding)
src/main/java/org/apache/commons/compress/archivers/tar/TarArchiveOutputStream.java: org.apache.commons.compress.archivers.tar.TarArchiveOutputStream.getCount: computing test cases
src/main/java/org/apache/commons/compress/archivers/tar/TarArchiveOutputStream.java: org.apache.commons.compress.archivers.tar.TarArchiveOutputStream.getCount: found 1 problems
src/main/java/org/apache/commons/compress/archivers/tar/TarArchiveOutputStream.java: internal error: org.apache.commons.compress.archivers.tar.TarArchiveOutputStream.getCount: unknown type kind
	data: unsupported(org/apache/commons/compress/archivers/zip/ZipEncoding)
src/main/java/org/apache/commons/compress/archivers/tar/TarArchiveOutputStream.java: org.apache.commons.compress.archivers.tar.TarArchiveOutputStream.getBytesWritten: computing test cases
src/main/java/org/apache/commons/compress/archivers/tar/TarArchiveOutputStream.java: org.apache.commons.compress.archivers.tar.TarArchiveOutputStream.getBytesWritten: found 1 problems
src/main/java/org/apache/commons/compress/archivers/tar/TarArchiveOutputStream.java: internal error: org.apache.commons.compress.archivers.tar.TarArchiveOutputStream.getBytesWritten: unknown type kind
	data: unsupported(org/apache/commons/compress/archivers/zip/ZipEncoding)
src/main/java/org/apache/commons/compress/archivers/tar/TarArchiveOutputStream.java: org.apache.commons.compress.archivers.tar.TarArchiveOutputStream.putArchiveEntry: computing test cases
src/main/java/org/apache/commons/compress/archivers/tar/TarArchiveOutputStream.java: org.apache.commons.compress.archivers.tar.TarArchiveOutputStream.putArchiveEntry: found 1 problems
src/main/java/org/apache/commons/compress/archivers/tar/TarArchiveOutputStream.java: internal error: org.apache.commons.compress.archivers.tar.TarArchiveOutputStream.putArchiveEntry: unknown type kind
	data: unsupported(org/apache/commons/compress/archivers/zip/ZipEncoding)
src/main/java/org/apache/commons/compress/archivers/tar/TarArchiveSparseEntry.java: org.apache.commons.compress.archivers.tar.TarArchiveSparseEntry.TarArchiveSparseEntry: computing test cases
src/main/java/org/apache/commons/compress/archivers/tar/TarArchiveSparseEntry.java: org.apache.commons.compress.archivers.tar.TarArchiveSparseEntry.TarArchiveSparseEntry: computed 0 unit tests
src/main/java/org/apache/commons/compress/archivers/tar/TarArchiveSparseEntry.java: org.apache.commons.compress.archivers.tar.TarArchiveSparseEntry.TarArchiveSparseEntry: found 0 problems
src/main/java/org/apache/commons/compress/archivers/tar/TarArchiveSparseEntry.java: org.apache.commons.compress.archivers.tar.TarArchiveSparseEntry.isExtended: computing test cases
src/main/java/org/apache/commons/compress/archivers/tar/TarArchiveSparseEntry.java: org.apache.commons.compress.archivers.tar.TarArchiveSparseEntry.isExtended: computed 1 unit tests
src/main/java/org/apache/commons/compress/archivers/tar/TarArchiveSparseEntry.java: org.apache.commons.compress.archivers.tar.TarArchiveSparseEntry.isExtended: found 0 problems
src/main/java/org/apache/commons/compress/archivers/tar/TarBuffer.java: org.apache.commons.compress.archivers.tar.TarBuffer.getBlockSize: computing test cases
src/main/java/org/apache/commons/compress/archivers/tar/TarBuffer.java: org.apache.commons.compress.archivers.tar.TarBuffer.getBlockSize: computed 0 unit tests
src/main/java/org/apache/commons/compress/archivers/tar/TarBuffer.java: org.apache.commons.compress.archivers.tar.TarBuffer.getBlockSize: found 1 problems
src/main/java/org/apache/commons/compress/archivers/tar/TarBuffer.java: internal error: org.apache.commons.compress.archivers.tar.TarBuffer.getBlockSize: unknown type kind
	data: [==(select(VariableReference(@m_0, pointer(struct(org/apache/commons/compress/archivers/tar/TarBuffer, [], [pointer(reference(java/lang/Object))], [])), @m_0_0), blockBuffer), nil) array(primitive(int, 8, false), primitive(int, 32, false), 0)]
src/main/java/org/apache/commons/compress/archivers/tar/TarBuffer.java: org.apache.commons.compress.archivers.tar.TarBuffer.getCurrentBlockNum: computing test cases
src/main/java/org/apache/commons/compress/archivers/tar/TarBuffer.java: org.apache.commons.compress.archivers.tar.TarBuffer.getCurrentBlockNum: computed 0 unit tests
src/main/java/org/apache/commons/compress/archivers/tar/TarBuffer.java: org.apache.commons.compress.archivers.tar.TarBuffer.getCurrentBlockNum: found 1 problems
src/main/java/org/apache/commons/compress/archivers/tar/TarBuffer.java: internal error: org.apache.commons.compress.archivers.tar.TarBuffer.getCurrentBlockNum: unknown type kind
	data: [==(select(VariableReference(@m_0, pointer(struct(org/apache/commons/compress/archivers/tar/TarBuffer, [], [pointer(reference(java/lang/Object))], [])), @m_0_0), blockBuffer), nil) array(primitive(int, 8, false), primitive(int, 32, false), 0)]
src/main/java/org/apache/commons/compress/archivers/tar/TarBuffer.java: org.apache.commons.compress.archivers.tar.TarBuffer.flushBlock: computing test cases
src/main/java/org/apache/commons/compress/archivers/tar/TarBuffer.java: org.apache.commons.compress.archivers.tar.TarBuffer.flushBlock: computed 0 unit tests
src/main/java/org/apache/commons/compress/archivers/tar/TarBuffer.java: org.apache.commons.compress.archivers.tar.TarBuffer.flushBlock: found 1 problems
src/main/java/org/apache/commons/compress/archivers/tar/TarBuffer.java: internal error: org.apache.commons.compress.archivers.tar.TarBuffer.flushBlock: unknown type kind
	data: [==(select(VariableReference(@m_0, pointer(struct(org/apache/commons/compress/archivers/tar/TarBuffer, [], [pointer(reference(java/lang/Object))], [])), @m_0_0), blockBuffer), nil) array(primitive(int, 8, false), primitive(int, 32, false), 0)]
src/main/java/org/apache/commons/compress/archivers/tar/TarBuffer.java: org.apache.commons.compress.archivers.tar.TarBuffer.getCurrentRecordNum: computing test cases
src/main/java/org/apache/commons/compress/archivers/tar/TarBuffer.java: org.apache.commons.compress.archivers.tar.TarBuffer.getCurrentRecordNum: computed 0 unit tests
src/main/java/org/apache/commons/compress/archivers/tar/TarBuffer.java: org.apache.commons.compress.archivers.tar.TarBuffer.getCurrentRecordNum: found 1 problems
src/main/java/org/apache/commons/compress/archivers/tar/TarBuffer.java: internal error: org.apache.commons.compress.archivers.tar.TarBuffer.getCurrentRecordNum: unknown type kind
	data: [==(select(VariableReference(@m_0, pointer(struct(org/apache/commons/compress/archivers/tar/TarBuffer, [], [pointer(reference(java/lang/Object))], [])), @m_0_0), blockBuffer), nil) array(primitive(int, 8, false), primitive(int, 32, false), 0)]
src/main/java/org/apache/commons/compress/archivers/tar/TarBuffer.java: org.apache.commons.compress.archivers.tar.TarBuffer.TarBuffer: computing test cases
src/main/java/org/apache/commons/compress/archivers/tar/TarBuffer.java: org.apache.commons.compress.archivers.tar.TarBuffer.TarBuffer: computed 0 unit tests
src/main/java/org/apache/commons/compress/archivers/tar/TarBuffer.java: org.apache.commons.compress.archivers.tar.TarBuffer.TarBuffer: found 0 problems
src/main/java/org/apache/commons/compress/archivers/tar/TarBuffer.java: org.apache.commons.compress.archivers.tar.TarBuffer.TarBuffer: computing test cases
src/main/java/org/apache/commons/compress/archivers/tar/TarBuffer.java: org.apache.commons.compress.archivers.tar.TarBuffer.TarBuffer: computed 4 unit tests
src/main/java/org/apache/commons/compress/archivers/tar/TarBuffer.java: org.apache.commons.compress.archivers.tar.TarBuffer.TarBuffer: found 4 problems
src/main/java/org/apache/commons/compress/archivers/tar/TarBuffer.java:120:30: critical: org.apache.commons.compress.archivers.tar.TarBuffer.TarBuffer: uncaught ArithmeticException: / by zero
src/main/java/org/apache/commons/compress/archivers/tar/TarBuffer.java:121:28: critical: org.apache.commons.compress.archivers.tar.TarBuffer.TarBuffer: uncaught NegativeArraySizeException
src/main/java/org/apache/commons/compress/archivers/tar/TarBuffer.java:120:30: critical: org.apache.commons.compress.archivers.tar.TarBuffer.TarBuffer: overflow of division
src/main/java/org/apache/commons/compress/archivers/tar/TarBuffer.java:121:28: critical: org.apache.commons.compress.archivers.tar.TarBuffer.TarBuffer: uncaught NegativeArraySizeException
src/main/java/org/apache/commons/compress/archivers/tar/TarBuffer.java: org.apache.commons.compress.archivers.tar.TarBuffer.skipRecord: computing test cases
src/main/java/org/apache/commons/compress/archivers/tar/TarBuffer.java: org.apache.commons.compress.archivers.tar.TarBuffer.skipRecord: computed 0 unit tests
src/main/java/org/apache/commons/compress/archivers/tar/TarBuffer.java: org.apache.commons.compress.archivers.tar.TarBuffer.skipRecord: found 1 problems
src/main/java/org/apache/commons/compress/archivers/tar/TarBuffer.java: internal error: org.apache.commons.compress.archivers.tar.TarBuffer.skipRecord: unknown type kind
	data: [==(select(VariableReference(@m_0, pointer(struct(org/apache/commons/compress/archivers/tar/TarBuffer, [], [pointer(reference(java/lang/Object))], [])), @m_0_0), blockBuffer), nil) array(primitive(int, 8, false), primitive(int, 32, false), 0)]
src/main/java/org/apache/commons/compress/archivers/tar/TarBuffer.java: org.apache.commons.compress.archivers.tar.TarBuffer.readRecord: computing test cases
src/main/java/org/apache/commons/compress/archivers/tar/TarBuffer.java: org.apache.commons.compress.archivers.tar.TarBuffer.readRecord: computed 0 unit tests
src/main/java/org/apache/commons/compress/archivers/tar/TarBuffer.java: org.apache.commons.compress.archivers.tar.TarBuffer.readRecord: found 1 problems
src/main/java/org/apache/commons/compress/archivers/tar/TarBuffer.java: internal error: org.apache.commons.compress.archivers.tar.TarBuffer.readRecord: unknown type kind
	data: [==(select(VariableReference(@m_0, pointer(struct(org/apache/commons/compress/archivers/tar/TarBuffer, [], [pointer(reference(java/lang/Object))], [])), @m_0_0), blockBuffer), nil) array(primitive(int, 8, false), primitive(int, 32, false), 0)]
src/main/java/org/apache/commons/compress/archivers/tar/TarBuffer.java: org.apache.commons.compress.archivers.tar.TarBuffer.TarBuffer: computing test cases
src/main/java/org/apache/commons/compress/archivers/tar/TarBuffer.java: org.apache.commons.compress.archivers.tar.TarBuffer.TarBuffer: computed 0 unit tests
src/main/java/org/apache/commons/compress/archivers/tar/TarBuffer.java: org.apache.commons.compress.archivers.tar.TarBuffer.TarBuffer: found 0 problems
src/main/java/org/apache/commons/compress/archivers/tar/TarBuffer.java: org.apache.commons.compress.archivers.tar.TarBuffer.TarBuffer: computing test cases
src/main/java/org/apache/commons/compress/archivers/tar/TarBuffer.java: org.apache.commons.compress.archivers.tar.TarBuffer.TarBuffer: computed 2 unit tests
src/main/java/org/apache/commons/compress/archivers/tar/TarBuffer.java: org.apache.commons.compress.archivers.tar.TarBuffer.TarBuffer: found 1 problems
src/main/java/org/apache/commons/compress/archivers/tar/TarBuffer.java:121:28: critical: org.apache.commons.compress.archivers.tar.TarBuffer.TarBuffer: uncaught NegativeArraySizeException
src/main/java/org/apache/commons/compress/archivers/tar/TarBuffer.java: org.apache.commons.compress.archivers.tar.TarBuffer.writeRecord: computing test cases
src/main/java/org/apache/commons/compress/archivers/tar/TarBuffer.java: org.apache.commons.compress.archivers.tar.TarBuffer.writeRecord: computed 0 unit tests
src/main/java/org/apache/commons/compress/archivers/tar/TarBuffer.java: org.apache.commons.compress.archivers.tar.TarBuffer.writeRecord: found 1 problems
src/main/java/org/apache/commons/compress/archivers/tar/TarBuffer.java: internal error: org.apache.commons.compress.archivers.tar.TarBuffer.writeRecord: unknown type kind
	data: [==(select(VariableReference(@m_0, pointer(struct(org/apache/commons/compress/archivers/tar/TarBuffer, [], [pointer(reference(java/lang/Object))], [])), @m_0_0), blockBuffer), nil) array(primitive(int, 8, false), primitive(int, 32, false), 0)]
src/main/java/org/apache/commons/compress/archivers/tar/TarBuffer.java: org.apache.commons.compress.archivers.tar.TarBuffer.getRecordSize: computing test cases
src/main/java/org/apache/commons/compress/archivers/tar/TarBuffer.java: org.apache.commons.compress.archivers.tar.TarBuffer.getRecordSize: computed 0 unit tests
src/main/java/org/apache/commons/compress/archivers/tar/TarBuffer.java: org.apache.commons.compress.archivers.tar.TarBuffer.getRecordSize: found 1 problems
src/main/java/org/apache/commons/compress/archivers/tar/TarBuffer.java: internal error: org.apache.commons.compress.archivers.tar.TarBuffer.getRecordSize: unknown type kind
	data: [==(select(VariableReference(@m_0, pointer(struct(org/apache/commons/compress/archivers/tar/TarBuffer, [], [pointer(reference(java/lang/Object))], [])), @m_0_0), blockBuffer), nil) array(primitive(int, 8, false), primitive(int, 32, false), 0)]
src/main/java/org/apache/commons/compress/archivers/tar/TarBuffer.java: org.apache.commons.compress.archivers.tar.TarBuffer.close: computing test cases
src/main/java/org/apache/commons/compress/archivers/tar/TarBuffer.java: org.apache.commons.compress.archivers.tar.TarBuffer.close: computed 0 unit tests
src/main/java/org/apache/commons/compress/archivers/tar/TarBuffer.java: org.apache.commons.compress.archivers.tar.TarBuffer.isEOFRecord: computing test cases
src/main/java/org/apache/commons/compress/archivers/tar/TarBuffer.java: org.apache.commons.compress.archivers.tar.TarBuffer.isEOFRecord: computed 0 unit tests
src/main/java/org/apache/commons/compress/archivers/tar/TarBuffer.java: org.apache.commons.compress.archivers.tar.TarBuffer.isEOFRecord: found 1 problems
src/main/java/org/apache/commons/compress/archivers/tar/TarBuffer.java: internal error: org.apache.commons.compress.archivers.tar.TarBuffer.isEOFRecord: unknown type kind
	data: [==(select(VariableReference(@m_0, pointer(struct(org/apache/commons/compress/archivers/tar/TarBuffer, [], [pointer(reference(java/lang/Object))], [])), @m_0_0), blockBuffer), nil) array(primitive(int, 8, false), primitive(int, 32, false), 0)]
src/main/java/org/apache/commons/compress/archivers/tar/TarBuffer.java: org.apache.commons.compress.archivers.tar.TarBuffer.writeRecord: computing test cases
src/main/java/org/apache/commons/compress/archivers/tar/TarBuffer.java: org.apache.commons.compress.archivers.tar.TarBuffer.writeRecord: computed 0 unit tests
src/main/java/org/apache/commons/compress/archivers/tar/TarBuffer.java: org.apache.commons.compress.archivers.tar.TarBuffer.writeRecord: found 1 problems
src/main/java/org/apache/commons/compress/archivers/tar/TarBuffer.java: internal error: org.apache.commons.compress.archivers.tar.TarBuffer.writeRecord: unknown type kind
	data: [==(select(VariableReference(@m_0, pointer(struct(org/apache/commons/compress/archivers/tar/TarBuffer, [], [pointer(reference(java/lang/Object))], [])), @m_0_0), blockBuffer), nil) array(primitive(int, 8, false), primitive(int, 32, false), 0)]
src/main/java/org/apache/commons/compress/archivers/tar/TarBuffer.java: org.apache.commons.compress.archivers.tar.TarBuffer.TarBuffer: computing test cases
src/main/java/org/apache/commons/compress/archivers/tar/TarBuffer.java: org.apache.commons.compress.archivers.tar.TarBuffer.TarBuffer: computed 2 unit tests
src/main/java/org/apache/commons/compress/archivers/tar/TarBuffer.java: org.apache.commons.compress.archivers.tar.TarBuffer.TarBuffer: found 1 problems
src/main/java/org/apache/commons/compress/archivers/tar/TarBuffer.java:121:28: critical: org.apache.commons.compress.archivers.tar.TarBuffer.TarBuffer: uncaught NegativeArraySizeException
src/main/java/org/apache/commons/compress/archivers/tar/TarBuffer.java: org.apache.commons.compress.archivers.tar.TarBuffer.TarBuffer: computing test cases
src/main/java/org/apache/commons/compress/archivers/tar/TarBuffer.java: org.apache.commons.compress.archivers.tar.TarBuffer.TarBuffer: computed 4 unit tests
src/main/java/org/apache/commons/compress/archivers/tar/TarBuffer.java: org.apache.commons.compress.archivers.tar.TarBuffer.TarBuffer: found 4 problems
src/main/java/org/apache/commons/compress/archivers/tar/TarBuffer.java:120:30: critical: org.apache.commons.compress.archivers.tar.TarBuffer.TarBuffer: uncaught ArithmeticException: / by zero
src/main/java/org/apache/commons/compress/archivers/tar/TarBuffer.java:121:28: critical: org.apache.commons.compress.archivers.tar.TarBuffer.TarBuffer: uncaught NegativeArraySizeException
src/main/java/org/apache/commons/compress/archivers/tar/TarBuffer.java:120:30: critical: org.apache.commons.compress.archivers.tar.TarBuffer.TarBuffer: overflow of division
src/main/java/org/apache/commons/compress/archivers/tar/TarBuffer.java:121:28: critical: org.apache.commons.compress.archivers.tar.TarBuffer.TarBuffer: uncaught NegativeArraySizeException
src/main/java/org/apache/commons/compress/archivers/tar/TarUtils.java: org.apache.commons.compress.archivers.tar.TarUtils.formatLongOctalOrBinaryBytes: computing test cases
src/main/java/org/apache/commons/compress/archivers/tar/TarUtils.java: org.apache.commons.compress.archivers.tar.TarUtils.formatLongOctalOrBinaryBytes: computed 0 unit tests
src/main/java/org/apache/commons/compress/archivers/tar/TarUtils.java: org.apache.commons.compress.archivers.tar.TarUtils.formatLongOctalOrBinaryBytes: found 0 problems
src/main/java/org/apache/commons/compress/archivers/tar/TarUtils.java: org.apache.commons.compress.archivers.tar.TarUtils.parseName: computing test cases
src/main/java/org/apache/commons/compress/archivers/tar/TarUtils.java: org.apache.commons.compress.archivers.tar.TarUtils.parseName: computed 0 unit tests
src/main/java/org/apache/commons/compress/archivers/tar/TarUtils.java: org.apache.commons.compress.archivers.tar.TarUtils.parseName: found 0 problems
src/main/java/org/apache/commons/compress/archivers/tar/TarUtils.java: org.apache.commons.compress.archivers.tar.TarUtils.parseOctal: computing test cases
src/main/java/org/apache/commons/compress/archivers/tar/TarUtils.java: org.apache.commons.compress.archivers.tar.TarUtils.parseOctal: computed 0 unit tests
src/main/java/org/apache/commons/compress/archivers/tar/TarUtils.java: org.apache.commons.compress.archivers.tar.TarUtils.parseOctal: found 0 problems
src/main/java/org/apache/commons/compress/archivers/tar/TarUtils.java: org.apache.commons.compress.archivers.tar.TarUtils.parseOctalOrBinary: computing test cases
src/main/java/org/apache/commons/compress/archivers/tar/TarUtils.java: org.apache.commons.compress.archivers.tar.TarUtils.parseOctalOrBinary: computed 0 unit tests
src/main/java/org/apache/commons/compress/archivers/tar/TarUtils.java: org.apache.commons.compress.archivers.tar.TarUtils.parseOctalOrBinary: found 0 problems
src/main/java/org/apache/commons/compress/archivers/tar/TarUtils.java: org.apache.commons.compress.archivers.tar.TarUtils.formatLongOctalBytes: computing test cases
src/main/java/org/apache/commons/compress/archivers/tar/TarUtils.java: org.apache.commons.compress.archivers.tar.TarUtils.formatLongOctalBytes: computed 0 unit tests
src/main/java/org/apache/commons/compress/archivers/tar/TarUtils.java: org.apache.commons.compress.archivers.tar.TarUtils.formatLongOctalBytes: found 0 problems
src/main/java/org/apache/commons/compress/archivers/tar/TarUtils.java: org.apache.commons.compress.archivers.tar.TarUtils.formatCheckSumOctalBytes: computing test cases
src/main/java/org/apache/commons/compress/archivers/tar/TarUtils.java: org.apache.commons.compress.archivers.tar.TarUtils.formatCheckSumOctalBytes: computed 0 unit tests
src/main/java/org/apache/commons/compress/archivers/tar/TarUtils.java: org.apache.commons.compress.archivers.tar.TarUtils.formatCheckSumOctalBytes: found 0 problems
src/main/java/org/apache/commons/compress/archivers/tar/TarUtils.java: org.apache.commons.compress.archivers.tar.TarUtils.parseName: computing test cases
src/main/java/org/apache/commons/compress/archivers/tar/TarUtils.java: org.apache.commons.compress.archivers.tar.TarUtils.parseName: computed 0 unit tests
src/main/java/org/apache/commons/compress/archivers/tar/TarUtils.java: org.apache.commons.compress.archivers.tar.TarUtils.parseName: found 0 problems
src/main/java/org/apache/commons/compress/archivers/tar/TarUtils.java: org.apache.commons.compress.archivers.tar.TarUtils.formatOctalBytes: computing test cases
src/main/java/org/apache/commons/compress/archivers/tar/TarUtils.java: org.apache.commons.compress.archivers.tar.TarUtils.formatOctalBytes: computed 0 unit tests
src/main/java/org/apache/commons/compress/archivers/tar/TarUtils.java: org.apache.commons.compress.archivers.tar.TarUtils.formatOctalBytes: found 0 problems
src/main/java/org/apache/commons/compress/archivers/tar/TarUtils.java: org.apache.commons.compress.archivers.tar.TarUtils.formatUnsignedOctalString: computing test cases
src/main/java/org/apache/commons/compress/archivers/tar/TarUtils.java: org.apache.commons.compress.archivers.tar.TarUtils.formatUnsignedOctalString: computed 0 unit tests
src/main/java/org/apache/commons/compress/archivers/tar/TarUtils.java: org.apache.commons.compress.archivers.tar.TarUtils.formatUnsignedOctalString: found 0 problems
src/main/java/org/apache/commons/compress/archivers/tar/TarUtils.java: org.apache.commons.compress.archivers.tar.TarUtils.verifyCheckSum: computing test cases
src/main/java/org/apache/commons/compress/archivers/tar/TarUtils.java: org.apache.commons.compress.archivers.tar.TarUtils.verifyCheckSum: computed 0 unit tests
src/main/java/org/apache/commons/compress/archivers/tar/TarUtils.java: org.apache.commons.compress.archivers.tar.TarUtils.verifyCheckSum: found 0 problems
src/main/java/org/apache/commons/compress/archivers/tar/TarUtils.java: org.apache.commons.compress.archivers.tar.TarUtils.computeCheckSum: computing test cases
src/main/java/org/apache/commons/compress/archivers/tar/TarUtils.java: org.apache.commons.compress.archivers.tar.TarUtils.computeCheckSum: computed 0 unit tests
src/main/java/org/apache/commons/compress/archivers/tar/TarUtils.java: org.apache.commons.compress.archivers.tar.TarUtils.computeCheckSum: found 0 problems
src/main/java/org/apache/commons/compress/archivers/tar/TarUtils.java: org.apache.commons.compress.archivers.tar.TarUtils.formatNameBytes: computing test cases
src/main/java/org/apache/commons/compress/archivers/tar/TarUtils.java: org.apache.commons.compress.archivers.tar.TarUtils.formatNameBytes: computed 0 unit tests
src/main/java/org/apache/commons/compress/archivers/tar/TarUtils.java: org.apache.commons.compress.archivers.tar.TarUtils.formatNameBytes: found 0 problems
src/main/java/org/apache/commons/compress/archivers/tar/TarUtils.java: org.apache.commons.compress.archivers.tar.TarUtils.parseBoolean: computing test cases
src/main/java/org/apache/commons/compress/archivers/tar/TarUtils.java: org.apache.commons.compress.archivers.tar.TarUtils.parseBoolean: computed 0 unit tests
src/main/java/org/apache/commons/compress/archivers/tar/TarUtils.java: org.apache.commons.compress.archivers.tar.TarUtils.parseBoolean: found 0 problems
src/main/java/org/apache/commons/compress/archivers/tar/TarUtils.java: org.apache.commons.compress.archivers.tar.TarUtils.formatNameBytes: computing test cases
src/main/java/org/apache/commons/compress/archivers/tar/TarUtils.java: org.apache.commons.compress.archivers.tar.TarUtils.formatNameBytes: computed 0 unit tests
src/main/java/org/apache/commons/compress/archivers/tar/TarUtils.java: org.apache.commons.compress.archivers.tar.TarUtils.formatNameBytes: found 0 problems
src/main/java/org/apache/commons/compress/archivers/tar/TarArchiveEntry.java: org.apache.commons.compress.archivers.tar.TarArchiveEntry.parseTarHeader: computing test cases
src/main/java/org/apache/commons/compress/archivers/tar/TarArchiveEntry.java: org.apache.commons.compress.archivers.tar.TarArchiveEntry.parseTarHeader: found 1 problems
src/main/java/org/apache/commons/compress/archivers/tar/TarArchiveEntry.java: internal error: org.apache.commons.compress.archivers.tar.TarArchiveEntry.parseTarHeader: unknown type kind
	data: unsupported(java/io/File)
src/main/java/org/apache/commons/compress/archivers/tar/TarArchiveEntry.java: org.apache.commons.compress.archivers.tar.TarArchiveEntry.TarArchiveEntry: computing test cases
src/main/java/org/apache/commons/compress/archivers/tar/TarArchiveEntry.java: org.apache.commons.compress.archivers.tar.TarArchiveEntry.TarArchiveEntry: found 1 problems
src/main/java/org/apache/commons/compress/archivers/tar/TarArchiveEntry.java: internal error: org.apache.commons.compress.archivers.tar.TarArchiveEntry.TarArchiveEntry: unknown type kind
	data: unsupported(java/io/File)
src/main/java/org/apache/commons/compress/archivers/tar/TarArchiveEntry.java: org.apache.commons.compress.archivers.tar.TarArchiveEntry.setSize: computing test cases
src/main/java/org/apache/commons/compress/archivers/tar/TarArchiveEntry.java: org.apache.commons.compress.archivers.tar.TarArchiveEntry.setSize: found 1 problems
src/main/java/org/apache/commons/compress/archivers/tar/TarArchiveEntry.java: internal error: org.apache.commons.compress.archivers.tar.TarArchiveEntry.setSize: unknown type kind
	data: unsupported(java/io/File)
src/main/java/org/apache/commons/compress/archivers/tar/TarArchiveEntry.java: org.apache.commons.compress.archivers.tar.TarArchiveEntry.getRealSize: computing test cases
src/main/java/org/apache/commons/compress/archivers/tar/TarArchiveEntry.java: org.apache.commons.compress.archivers.tar.TarArchiveEntry.getRealSize: found 1 problems
src/main/java/org/apache/commons/compress/archivers/tar/TarArchiveEntry.java: internal error: org.apache.commons.compress.archivers.tar.TarArchiveEntry.getRealSize: unknown type kind
	data: unsupported(java/io/File)
src/main/java/org/apache/commons/compress/archivers/tar/TarArchiveEntry.java: org.apache.commons.compress.archivers.tar.TarArchiveEntry.isPaxHeader: computing test cases
src/main/java/org/apache/commons/compress/archivers/tar/TarArchiveEntry.java: org.apache.commons.compress.archivers.tar.TarArchiveEntry.isPaxHeader: found 1 problems
src/main/java/org/apache/commons/compress/archivers/tar/TarArchiveEntry.java: internal error: org.apache.commons.compress.archivers.tar.TarArchiveEntry.isPaxHeader: unknown type kind
	data: unsupported(java/io/File)
src/main/java/org/apache/commons/compress/archivers/tar/TarArchiveEntry.java: org.apache.commons.compress.archivers.tar.TarArchiveEntry.getDirectoryEntries: computing test cases
src/main/java/org/apache/commons/compress/archivers/tar/TarArchiveEntry.java: org.apache.commons.compress.archivers.tar.TarArchiveEntry.getDirectoryEntries: computed 0 unit tests
src/main/java/org/apache/commons/compress/archivers/tar/TarArchiveEntry.java: org.apache.commons.compress.archivers.tar.TarArchiveEntry.TarArchiveEntry: computing test cases
src/main/java/org/apache/commons/compress/archivers/tar/TarArchiveEntry.java: org.apache.commons.compress.archivers.tar.TarArchiveEntry.TarArchiveEntry: found 1 problems
src/main/java/org/apache/commons/compress/archivers/tar/TarArchiveEntry.java: internal error: org.apache.commons.compress.archivers.tar.TarArchiveEntry.TarArchiveEntry: unknown type kind
	data: unsupported(java/io/File)
src/main/java/org/apache/commons/compress/archivers/tar/TarArchiveEntry.java: org.apache.commons.compress.archivers.tar.TarArchiveEntry.writeEntryHeader: computing test cases
src/main/java/org/apache/commons/compress/archivers/tar/TarArchiveEntry.java: org.apache.commons.compress.archivers.tar.TarArchiveEntry.writeEntryHeader: found 1 problems
src/main/java/org/apache/commons/compress/archivers/tar/TarArchiveEntry.java: internal error: org.apache.commons.compress.archivers.tar.TarArchiveEntry.writeEntryHeader: unknown type kind
	data: unsupported(java/io/File)
src/main/java/org/apache/commons/compress/archivers/tar/TarArchiveEntry.java: org.apache.commons.compress.archivers.tar.TarArchiveEntry.setModTime: computing test cases
src/main/java/org/apache/commons/compress/archivers/tar/TarArchiveEntry.java: org.apache.commons.compress.archivers.tar.TarArchiveEntry.setModTime: found 1 problems
src/main/java/org/apache/commons/compress/archivers/tar/TarArchiveEntry.java: internal error: org.apache.commons.compress.archivers.tar.TarArchiveEntry.setModTime: unknown type kind
	data: unsupported(java/io/File)
src/main/java/org/apache/commons/compress/archivers/tar/TarArchiveEntry.java: org.apache.commons.compress.archivers.tar.TarArchiveEntry.setMode: computing test cases
src/main/java/org/apache/commons/compress/archivers/tar/TarArchiveEntry.java: org.apache.commons.compress.archivers.tar.TarArchiveEntry.setMode: found 1 problems
src/main/java/org/apache/commons/compress/archivers/tar/TarArchiveEntry.java: internal error: org.apache.commons.compress.archivers.tar.TarArchiveEntry.setMode: unknown type kind
	data: unsupported(java/io/File)
src/main/java/org/apache/commons/compress/archivers/tar/TarArchiveEntry.java: org.apache.commons.compress.archivers.tar.TarArchiveEntry.TarArchiveEntry: computing test cases
src/main/java/org/apache/commons/compress/archivers/tar/TarArchiveEntry.java: org.apache.commons.compress.archivers.tar.TarArchiveEntry.TarArchiveEntry: found 1 problems
src/main/java/org/apache/commons/compress/archivers/tar/TarArchiveEntry.java: internal error: org.apache.commons.compress.archivers.tar.TarArchiveEntry.TarArchiveEntry: unknown type kind
	data: unsupported(java/io/File)
src/main/java/org/apache/commons/compress/archivers/tar/TarArchiveEntry.java: org.apache.commons.compress.archivers.tar.TarArchiveEntry.setGroupName: computing test cases
src/main/java/org/apache/commons/compress/archivers/tar/TarArchiveEntry.java: org.apache.commons.compress.archivers.tar.TarArchiveEntry.setGroupName: found 1 problems
src/main/java/org/apache/commons/compress/archivers/tar/TarArchiveEntry.java: internal error: org.apache.commons.compress.archivers.tar.TarArchiveEntry.setGroupName: unknown type kind
	data: unsupported(java/io/File)
src/main/java/org/apache/commons/compress/archivers/tar/TarArchiveEntry.java: org.apache.commons.compress.archivers.tar.TarArchiveEntry.equals: computing test cases
src/main/java/org/apache/commons/compress/archivers/tar/TarArchiveEntry.java: org.apache.commons.compress.archivers.tar.TarArchiveEntry.equals: found 1 problems
src/main/java/org/apache/commons/compress/archivers/tar/TarArchiveEntry.java: internal error: org.apache.commons.compress.archivers.tar.TarArchiveEntry.equals: unknown type kind
	data: unsupported(java/io/File)
src/main/java/org/apache/commons/compress/archivers/tar/TarArchiveEntry.java: org.apache.commons.compress.archivers.tar.TarArchiveEntry.getLinkName: computing test cases
src/main/java/org/apache/commons/compress/archivers/tar/TarArchiveEntry.java: org.apache.commons.compress.archivers.tar.TarArchiveEntry.getLinkName: found 1 problems
src/main/java/org/apache/commons/compress/archivers/tar/TarArchiveEntry.java: internal error: org.apache.commons.compress.archivers.tar.TarArchiveEntry.getLinkName: unknown type kind
	data: unsupported(java/io/File)
src/main/java/org/apache/commons/compress/archivers/tar/TarArchiveEntry.java: org.apache.commons.compress.archivers.tar.TarArchiveEntry.setUserName: computing test cases
src/main/java/org/apache/commons/compress/archivers/tar/TarArchiveEntry.java: org.apache.commons.compress.archivers.tar.TarArchiveEntry.setUserName: found 1 problems
src/main/java/org/apache/commons/compress/archivers/tar/TarArchiveEntry.java: internal error: org.apache.commons.compress.archivers.tar.TarArchiveEntry.setUserName: unknown type kind
	data: unsupported(java/io/File)
src/main/java/org/apache/commons/compress/archivers/tar/TarArchiveEntry.java: org.apache.commons.compress.archivers.tar.TarArchiveEntry.getModTime: computing test cases
src/main/java/org/apache/commons/compress/archivers/tar/TarArchiveEntry.java: org.apache.commons.compress.archivers.tar.TarArchiveEntry.getModTime: found 1 problems
src/main/java/org/apache/commons/compress/archivers/tar/TarArchiveEntry.java: internal error: org.apache.commons.compress.archivers.tar.TarArchiveEntry.getModTime: unknown type kind
	data: unsupported(java/io/File)
src/main/java/org/apache/commons/compress/archivers/tar/TarArchiveEntry.java: org.apache.commons.compress.archivers.tar.TarArchiveEntry.parseTarHeader: computing test cases
src/main/java/org/apache/commons/compress/archivers/tar/TarArchiveEntry.java: org.apache.commons.compress.archivers.tar.TarArchiveEntry.parseTarHeader: found 1 problems
src/main/java/org/apache/commons/compress/archivers/tar/TarArchiveEntry.java: internal error: org.apache.commons.compress.archivers.tar.TarArchiveEntry.parseTarHeader: unknown type kind
	data: unsupported(java/io/File)
src/main/java/org/apache/commons/compress/archivers/tar/TarArchiveEntry.java: org.apache.commons.compress.archivers.tar.TarArchiveEntry.TarArchiveEntry: computing test cases
src/main/java/org/apache/commons/compress/archivers/tar/TarArchiveEntry.java: org.apache.commons.compress.archivers.tar.TarArchiveEntry.TarArchiveEntry: found 1 problems
src/main/java/org/apache/commons/compress/archivers/tar/TarArchiveEntry.java: internal error: org.apache.commons.compress.archivers.tar.TarArchiveEntry.TarArchiveEntry: unknown type kind
	data: unsupported(java/io/File)
src/main/java/org/apache/commons/compress/archivers/tar/TarArchiveEntry.java: org.apache.commons.compress.archivers.tar.TarArchiveEntry.isSymbolicLink: computing test cases
src/main/java/org/apache/commons/compress/archivers/tar/TarArchiveEntry.java: org.apache.commons.compress.archivers.tar.TarArchiveEntry.isSymbolicLink: found 1 problems
src/main/java/org/apache/commons/compress/archivers/tar/TarArchiveEntry.java: internal error: org.apache.commons.compress.archivers.tar.TarArchiveEntry.isSymbolicLink: unknown type kind
	data: unsupported(java/io/File)
src/main/java/org/apache/commons/compress/archivers/tar/TarArchiveEntry.java: org.apache.commons.compress.archivers.tar.TarArchiveEntry.TarArchiveEntry: computing test cases
src/main/java/org/apache/commons/compress/archivers/tar/TarArchiveEntry.java: org.apache.commons.compress.archivers.tar.TarArchiveEntry.TarArchiveEntry: found 1 problems
src/main/java/org/apache/commons/compress/archivers/tar/TarArchiveEntry.java: internal error: org.apache.commons.compress.archivers.tar.TarArchiveEntry.TarArchiveEntry: unknown type kind
	data: unsupported(java/io/File)
src/main/java/org/apache/commons/compress/archivers/tar/TarArchiveEntry.java: org.apache.commons.compress.archivers.tar.TarArchiveEntry.getGroupId: computing test cases
src/main/java/org/apache/commons/compress/archivers/tar/TarArchiveEntry.java: org.apache.commons.compress.archivers.tar.TarArchiveEntry.getGroupId: found 1 problems
src/main/java/org/apache/commons/compress/archivers/tar/TarArchiveEntry.java: internal error: org.apache.commons.compress.archivers.tar.TarArchiveEntry.getGroupId: unknown type kind
	data: unsupported(java/io/File)
src/main/java/org/apache/commons/compress/archivers/tar/TarArchiveEntry.java: org.apache.commons.compress.archivers.tar.TarArchiveEntry.isExtended: computing test cases
src/main/java/org/apache/commons/compress/archivers/tar/TarArchiveEntry.java: org.apache.commons.compress.archivers.tar.TarArchiveEntry.isExtended: found 1 problems
src/main/java/org/apache/commons/compress/archivers/tar/TarArchiveEntry.java: internal error: org.apache.commons.compress.archivers.tar.TarArchiveEntry.isExtended: unknown type kind
	data: unsupported(java/io/File)
src/main/java/org/apache/commons/compress/archivers/tar/TarArchiveEntry.java: org.apache.commons.compress.archivers.tar.TarArchiveEntry.isGNUSparse: computing test cases
src/main/java/org/apache/commons/compress/archivers/tar/TarArchiveEntry.java: org.apache.commons.compress.archivers.tar.TarArchiveEntry.isGNUSparse: found 1 problems
src/main/java/org/apache/commons/compress/archivers/tar/TarArchiveEntry.java: internal error: org.apache.commons.compress.archivers.tar.TarArchiveEntry.isGNUSparse: unknown type kind
	data: unsupported(java/io/File)
src/main/java/org/apache/commons/compress/archivers/tar/TarArchiveEntry.java: org.apache.commons.compress.archivers.tar.TarArchiveEntry.isDirectory: computing test cases
src/main/java/org/apache/commons/compress/archivers/tar/TarArchiveEntry.java: org.apache.commons.compress.archivers.tar.TarArchiveEntry.isDirectory: found 1 problems
src/main/java/org/apache/commons/compress/archivers/tar/TarArchiveEntry.java: internal error: org.apache.commons.compress.archivers.tar.TarArchiveEntry.isDirectory: unknown type kind
	data: unsupported(java/io/File)
src/main/java/org/apache/commons/compress/archivers/tar/TarArchiveEntry.java: org.apache.commons.compress.archivers.tar.TarArchiveEntry.isLink: computing test cases
src/main/java/org/apache/commons/compress/archivers/tar/TarArchiveEntry.java: org.apache.commons.compress.archivers.tar.TarArchiveEntry.isLink: found 1 problems
src/main/java/org/apache/commons/compress/archivers/tar/TarArchiveEntry.java: internal error: org.apache.commons.compress.archivers.tar.TarArchiveEntry.isLink: unknown type kind
	data: unsupported(java/io/File)
src/main/java/org/apache/commons/compress/archivers/tar/TarArchiveEntry.java: org.apache.commons.compress.archivers.tar.TarArchiveEntry.isBlockDevice: computing test cases
src/main/java/org/apache/commons/compress/archivers/tar/TarArchiveEntry.java: org.apache.commons.compress.archivers.tar.TarArchiveEntry.isBlockDevice: found 1 problems
src/main/java/org/apache/commons/compress/archivers/tar/TarArchiveEntry.java: internal error: org.apache.commons.compress.archivers.tar.TarArchiveEntry.isBlockDevice: unknown type kind
	data: unsupported(java/io/File)
src/main/java/org/apache/commons/compress/archivers/tar/TarArchiveEntry.java: org.apache.commons.compress.archivers.tar.TarArchiveEntry.TarArchiveEntry: computing test cases
src/main/java/org/apache/commons/compress/archivers/tar/TarArchiveEntry.java: org.apache.commons.compress.archivers.tar.TarArchiveEntry.TarArchiveEntry: found 1 problems
src/main/java/org/apache/commons/compress/archivers/tar/TarArchiveEntry.java: internal error: org.apache.commons.compress.archivers.tar.TarArchiveEntry.TarArchiveEntry: unknown type kind
	data: unsupported(java/io/File)
src/main/java/org/apache/commons/compress/archivers/tar/TarArchiveEntry.java: org.apache.commons.compress.archivers.tar.TarArchiveEntry.getUserName: computing test cases
src/main/java/org/apache/commons/compress/archivers/tar/TarArchiveEntry.java: org.apache.commons.compress.archivers.tar.TarArchiveEntry.getUserName: found 1 problems
src/main/java/org/apache/commons/compress/archivers/tar/TarArchiveEntry.java: internal error: org.apache.commons.compress.archivers.tar.TarArchiveEntry.getUserName: unknown type kind
	data: unsupported(java/io/File)
src/main/java/org/apache/commons/compress/archivers/tar/TarArchiveEntry.java: org.apache.commons.compress.archivers.tar.TarArchiveEntry.getLastModifiedDate: computing test cases
src/main/java/org/apache/commons/compress/archivers/tar/TarArchiveEntry.java: org.apache.commons.compress.archivers.tar.TarArchiveEntry.getLastModifiedDate: found 1 problems
src/main/java/org/apache/commons/compress/archivers/tar/TarArchiveEntry.java: internal error: org.apache.commons.compress.archivers.tar.TarArchiveEntry.getLastModifiedDate: unknown type kind
	data: unsupported(java/io/File)
src/main/java/org/apache/commons/compress/archivers/tar/TarArchiveEntry.java: org.apache.commons.compress.archivers.tar.TarArchiveEntry.setDevMinor: computing test cases
src/main/java/org/apache/commons/compress/archivers/tar/TarArchiveEntry.java: org.apache.commons.compress.archivers.tar.TarArchiveEntry.setDevMinor: found 1 problems
src/main/java/org/apache/commons/compress/archivers/tar/TarArchiveEntry.java: internal error: org.apache.commons.compress.archivers.tar.TarArchiveEntry.setDevMinor: unknown type kind
	data: unsupported(java/io/File)
src/main/java/org/apache/commons/compress/archivers/tar/TarArchiveEntry.java: org.apache.commons.compress.archivers.tar.TarArchiveEntry.isGlobalPaxHeader: computing test cases
src/main/java/org/apache/commons/compress/archivers/tar/TarArchiveEntry.java: org.apache.commons.compress.archivers.tar.TarArchiveEntry.isGlobalPaxHeader: found 1 problems
src/main/java/org/apache/commons/compress/archivers/tar/TarArchiveEntry.java: internal error: org.apache.commons.compress.archivers.tar.TarArchiveEntry.isGlobalPaxHeader: unknown type kind
	data: unsupported(java/io/File)
src/main/java/org/apache/commons/compress/archivers/tar/TarArchiveEntry.java: org.apache.commons.compress.archivers.tar.TarArchiveEntry.getGroupName: computing test cases
src/main/java/org/apache/commons/compress/archivers/tar/TarArchiveEntry.java: org.apache.commons.compress.archivers.tar.TarArchiveEntry.getGroupName: found 1 problems
src/main/java/org/apache/commons/compress/archivers/tar/TarArchiveEntry.java: internal error: org.apache.commons.compress.archivers.tar.TarArchiveEntry.getGroupName: unknown type kind
	data: unsupported(java/io/File)
src/main/java/org/apache/commons/compress/archivers/tar/TarArchiveEntry.java: org.apache.commons.compress.archivers.tar.TarArchiveEntry.getFile: computing test cases
src/main/java/org/apache/commons/compress/archivers/tar/TarArchiveEntry.java: org.apache.commons.compress.archivers.tar.TarArchiveEntry.getFile: found 1 problems
src/main/java/org/apache/commons/compress/archivers/tar/TarArchiveEntry.java: internal error: org.apache.commons.compress.archivers.tar.TarArchiveEntry.getFile: unknown type kind
	data: unsupported(java/io/File)
src/main/java/org/apache/commons/compress/archivers/tar/TarArchiveEntry.java: org.apache.commons.compress.archivers.tar.TarArchiveEntry.setName: computing test cases
src/main/java/org/apache/commons/compress/archivers/tar/TarArchiveEntry.java: org.apache.commons.compress.archivers.tar.TarArchiveEntry.setName: found 1 problems
src/main/java/org/apache/commons/compress/archivers/tar/TarArchiveEntry.java: internal error: org.apache.commons.compress.archivers.tar.TarArchiveEntry.setName: unknown type kind
	data: unsupported(java/io/File)
src/main/java/org/apache/commons/compress/archivers/tar/TarArchiveEntry.java: org.apache.commons.compress.archivers.tar.TarArchiveEntry.writeEntryHeader: computing test cases
src/main/java/org/apache/commons/compress/archivers/tar/TarArchiveEntry.java: org.apache.commons.compress.archivers.tar.TarArchiveEntry.writeEntryHeader: found 1 problems
src/main/java/org/apache/commons/compress/archivers/tar/TarArchiveEntry.java: internal error: org.apache.commons.compress.archivers.tar.TarArchiveEntry.writeEntryHeader: unknown type kind
	data: unsupported(java/io/File)
src/main/java/org/apache/commons/compress/archivers/tar/TarArchiveEntry.java: org.apache.commons.compress.archivers.tar.TarArchiveEntry.getSize: computing test cases
src/main/java/org/apache/commons/compress/archivers/tar/TarArchiveEntry.java: org.apache.commons.compress.archivers.tar.TarArchiveEntry.getSize: found 1 problems
src/main/java/org/apache/commons/compress/archivers/tar/TarArchiveEntry.java: internal error: org.apache.commons.compress.archivers.tar.TarArchiveEntry.getSize: unknown type kind
	data: unsupported(java/io/File)
src/main/java/org/apache/commons/compress/archivers/tar/TarArchiveEntry.java: org.apache.commons.compress.archivers.tar.TarArchiveEntry.setDevMajor: computing test cases
src/main/java/org/apache/commons/compress/archivers/tar/TarArchiveEntry.java: org.apache.commons.compress.archivers.tar.TarArchiveEntry.setDevMajor: found 1 problems
src/main/java/org/apache/commons/compress/archivers/tar/TarArchiveEntry.java: internal error: org.apache.commons.compress.archivers.tar.TarArchiveEntry.setDevMajor: unknown type kind
	data: unsupported(java/io/File)
src/main/java/org/apache/commons/compress/archivers/tar/TarArchiveEntry.java: org.apache.commons.compress.archivers.tar.TarArchiveEntry.TarArchiveEntry: computing test cases
src/main/java/org/apache/commons/compress/archivers/tar/TarArchiveEntry.java: org.apache.commons.compress.archivers.tar.TarArchiveEntry.TarArchiveEntry: found 1 problems
src/main/java/org/apache/commons/compress/archivers/tar/TarArchiveEntry.java: internal error: org.apache.commons.compress.archivers.tar.TarArchiveEntry.TarArchiveEntry: unknown type kind
	data: unsupported(java/io/File)
src/main/java/org/apache/commons/compress/archivers/tar/TarArchiveEntry.java: org.apache.commons.compress.archivers.tar.TarArchiveEntry.hashCode: computing test cases
src/main/java/org/apache/commons/compress/archivers/tar/TarArchiveEntry.java: org.apache.commons.compress.archivers.tar.TarArchiveEntry.hashCode: found 1 problems
src/main/java/org/apache/commons/compress/archivers/tar/TarArchiveEntry.java: internal error: org.apache.commons.compress.archivers.tar.TarArchiveEntry.hashCode: unknown type kind
	data: unsupported(java/io/File)
src/main/java/org/apache/commons/compress/archivers/tar/TarArchiveEntry.java: org.apache.commons.compress.archivers.tar.TarArchiveEntry.isCheckSumOK: computing test cases
src/main/java/org/apache/commons/compress/archivers/tar/TarArchiveEntry.java: org.apache.commons.compress.archivers.tar.TarArchiveEntry.isCheckSumOK: found 1 problems
src/main/java/org/apache/commons/compress/archivers/tar/TarArchiveEntry.java: internal error: org.apache.commons.compress.archivers.tar.TarArchiveEntry.isCheckSumOK: unknown type kind
	data: unsupported(java/io/File)
src/main/java/org/apache/commons/compress/archivers/tar/TarArchiveEntry.java: org.apache.commons.compress.archivers.tar.TarArchiveEntry.setNames: computing test cases
src/main/java/org/apache/commons/compress/archivers/tar/TarArchiveEntry.java: org.apache.commons.compress.archivers.tar.TarArchiveEntry.setNames: found 1 problems
src/main/java/org/apache/commons/compress/archivers/tar/TarArchiveEntry.java: internal error: org.apache.commons.compress.archivers.tar.TarArchiveEntry.setNames: unknown type kind
	data: unsupported(java/io/File)
src/main/java/org/apache/commons/compress/archivers/tar/TarArchiveEntry.java: org.apache.commons.compress.archivers.tar.TarArchiveEntry.setGroupId: computing test cases
src/main/java/org/apache/commons/compress/archivers/tar/TarArchiveEntry.java: org.apache.commons.compress.archivers.tar.TarArchiveEntry.setGroupId: found 1 problems
src/main/java/org/apache/commons/compress/archivers/tar/TarArchiveEntry.java: internal error: org.apache.commons.compress.archivers.tar.TarArchiveEntry.setGroupId: unknown type kind
	data: unsupported(java/io/File)
src/main/java/org/apache/commons/compress/archivers/tar/TarArchiveEntry.java: org.apache.commons.compress.archivers.tar.TarArchiveEntry.getMode: computing test cases
src/main/java/org/apache/commons/compress/archivers/tar/TarArchiveEntry.java: org.apache.commons.compress.archivers.tar.TarArchiveEntry.getMode: found 1 problems
src/main/java/org/apache/commons/compress/archivers/tar/TarArchiveEntry.java: internal error: org.apache.commons.compress.archivers.tar.TarArchiveEntry.getMode: unknown type kind
	data: unsupported(java/io/File)
src/main/java/org/apache/commons/compress/archivers/tar/TarArchiveEntry.java: org.apache.commons.compress.archivers.tar.TarArchiveEntry.equals: computing test cases
src/main/java/org/apache/commons/compress/archivers/tar/TarArchiveEntry.java: org.apache.commons.compress.archivers.tar.TarArchiveEntry.equals: found 1 problems
src/main/java/org/apache/commons/compress/archivers/tar/TarArchiveEntry.java: internal error: org.apache.commons.compress.archivers.tar.TarArchiveEntry.equals: unknown type kind
	data: unsupported(java/io/File)
src/main/java/org/apache/commons/compress/archivers/tar/TarArchiveEntry.java: org.apache.commons.compress.archivers.tar.TarArchiveEntry.isFIFO: computing test cases
src/main/java/org/apache/commons/compress/archivers/tar/TarArchiveEntry.java: org.apache.commons.compress.archivers.tar.TarArchiveEntry.isFIFO: found 1 problems
src/main/java/org/apache/commons/compress/archivers/tar/TarArchiveEntry.java: internal error: org.apache.commons.compress.archivers.tar.TarArchiveEntry.isFIFO: unknown type kind
	data: unsupported(java/io/File)
src/main/java/org/apache/commons/compress/archivers/tar/TarArchiveEntry.java: org.apache.commons.compress.archivers.tar.TarArchiveEntry.setModTime: computing test cases
src/main/java/org/apache/commons/compress/archivers/tar/TarArchiveEntry.java: org.apache.commons.compress.archivers.tar.TarArchiveEntry.setModTime: found 1 problems
src/main/java/org/apache/commons/compress/archivers/tar/TarArchiveEntry.java: internal error: org.apache.commons.compress.archivers.tar.TarArchiveEntry.setModTime: unknown type kind
	data: unsupported(java/io/File)
src/main/java/org/apache/commons/compress/archivers/tar/TarArchiveEntry.java: org.apache.commons.compress.archivers.tar.TarArchiveEntry.isDescendent: computing test cases
src/main/java/org/apache/commons/compress/archivers/tar/TarArchiveEntry.java: org.apache.commons.compress.archivers.tar.TarArchiveEntry.isDescendent: found 1 problems
src/main/java/org/apache/commons/compress/archivers/tar/TarArchiveEntry.java: internal error: org.apache.commons.compress.archivers.tar.TarArchiveEntry.isDescendent: unknown type kind
	data: unsupported(java/io/File)
src/main/java/org/apache/commons/compress/archivers/tar/TarArchiveEntry.java: org.apache.commons.compress.archivers.tar.TarArchiveEntry.getUserId: computing test cases
src/main/java/org/apache/commons/compress/archivers/tar/TarArchiveEntry.java: org.apache.commons.compress.archivers.tar.TarArchiveEntry.getUserId: found 1 problems
src/main/java/org/apache/commons/compress/archivers/tar/TarArchiveEntry.java: internal error: org.apache.commons.compress.archivers.tar.TarArchiveEntry.getUserId: unknown type kind
	data: unsupported(java/io/File)
src/main/java/org/apache/commons/compress/archivers/tar/TarArchiveEntry.java: org.apache.commons.compress.archivers.tar.TarArchiveEntry.setUserId: computing test cases
src/main/java/org/apache/commons/compress/archivers/tar/TarArchiveEntry.java: org.apache.commons.compress.archivers.tar.TarArchiveEntry.setUserId: found 1 problems
src/main/java/org/apache/commons/compress/archivers/tar/TarArchiveEntry.java: internal error: org.apache.commons.compress.archivers.tar.TarArchiveEntry.setUserId: unknown type kind
	data: unsupported(java/io/File)
src/main/java/org/apache/commons/compress/archivers/tar/TarArchiveEntry.java: org.apache.commons.compress.archivers.tar.TarArchiveEntry.getDevMajor: computing test cases
src/main/java/org/apache/commons/compress/archivers/tar/TarArchiveEntry.java: org.apache.commons.compress.archivers.tar.TarArchiveEntry.getDevMajor: found 1 problems
src/main/java/org/apache/commons/compress/archivers/tar/TarArchiveEntry.java: internal error: org.apache.commons.compress.archivers.tar.TarArchiveEntry.getDevMajor: unknown type kind
	data: unsupported(java/io/File)
src/main/java/org/apache/commons/compress/archivers/tar/TarArchiveEntry.java: org.apache.commons.compress.archivers.tar.TarArchiveEntry.isGNULongNameEntry: computing test cases
src/main/java/org/apache/commons/compress/archivers/tar/TarArchiveEntry.java: org.apache.commons.compress.archivers.tar.TarArchiveEntry.isGNULongNameEntry: found 1 problems
src/main/java/org/apache/commons/compress/archivers/tar/TarArchiveEntry.java: internal error: org.apache.commons.compress.archivers.tar.TarArchiveEntry.isGNULongNameEntry: unknown type kind
	data: unsupported(java/io/File)
src/main/java/org/apache/commons/compress/archivers/tar/TarArchiveEntry.java: org.apache.commons.compress.archivers.tar.TarArchiveEntry.isCharacterDevice: computing test cases
src/main/java/org/apache/commons/compress/archivers/tar/TarArchiveEntry.java: org.apache.commons.compress.archivers.tar.TarArchiveEntry.isCharacterDevice: found 1 problems
src/main/java/org/apache/commons/compress/archivers/tar/TarArchiveEntry.java: internal error: org.apache.commons.compress.archivers.tar.TarArchiveEntry.isCharacterDevice: unknown type kind
	data: unsupported(java/io/File)
src/main/java/org/apache/commons/compress/archivers/tar/TarArchiveEntry.java: org.apache.commons.compress.archivers.tar.TarArchiveEntry.setLinkName: computing test cases
src/main/java/org/apache/commons/compress/archivers/tar/TarArchiveEntry.java: org.apache.commons.compress.archivers.tar.TarArchiveEntry.setLinkName: found 1 problems
src/main/java/org/apache/commons/compress/archivers/tar/TarArchiveEntry.java: internal error: org.apache.commons.compress.archivers.tar.TarArchiveEntry.setLinkName: unknown type kind
	data: unsupported(java/io/File)
src/main/java/org/apache/commons/compress/archivers/tar/TarArchiveEntry.java: org.apache.commons.compress.archivers.tar.TarArchiveEntry.setIds: computing test cases
src/main/java/org/apache/commons/compress/archivers/tar/TarArchiveEntry.java: org.apache.commons.compress.archivers.tar.TarArchiveEntry.setIds: found 1 problems
src/main/java/org/apache/commons/compress/archivers/tar/TarArchiveEntry.java: internal error: org.apache.commons.compress.archivers.tar.TarArchiveEntry.setIds: unknown type kind
	data: unsupported(java/io/File)
src/main/java/org/apache/commons/compress/archivers/tar/TarArchiveEntry.java: org.apache.commons.compress.archivers.tar.TarArchiveEntry.isFile: computing test cases
src/main/java/org/apache/commons/compress/archivers/tar/TarArchiveEntry.java: org.apache.commons.compress.archivers.tar.TarArchiveEntry.isFile: found 1 problems
src/main/java/org/apache/commons/compress/archivers/tar/TarArchiveEntry.java: internal error: org.apache.commons.compress.archivers.tar.TarArchiveEntry.isFile: unknown type kind
	data: unsupported(java/io/File)
src/main/java/org/apache/commons/compress/archivers/tar/TarArchiveEntry.java: org.apache.commons.compress.archivers.tar.TarArchiveEntry.getName: computing test cases
src/main/java/org/apache/commons/compress/archivers/tar/TarArchiveEntry.java: org.apache.commons.compress.archivers.tar.TarArchiveEntry.getName: found 1 problems
src/main/java/org/apache/commons/compress/archivers/tar/TarArchiveEntry.java: internal error: org.apache.commons.compress.archivers.tar.TarArchiveEntry.getName: unknown type kind
	data: unsupported(java/io/File)
src/main/java/org/apache/commons/compress/archivers/tar/TarArchiveEntry.java: org.apache.commons.compress.archivers.tar.TarArchiveEntry.getDevMinor: computing test cases
src/main/java/org/apache/commons/compress/archivers/tar/TarArchiveEntry.java: org.apache.commons.compress.archivers.tar.TarArchiveEntry.getDevMinor: found 1 problems
src/main/java/org/apache/commons/compress/archivers/tar/TarArchiveEntry.java: internal error: org.apache.commons.compress.archivers.tar.TarArchiveEntry.getDevMinor: unknown type kind
	data: unsupported(java/io/File)
Symflower's table driven test style is not supported, switching to basic style
src/main/java/org/apache/commons/compress/archivers/tar/TarArchiveInputStream.java: generated unit test file src/main/java/org/apache/commons/compress/archivers/tar/TarArchiveInputStreamSymflowerTest.java
Symflower's table driven test style is not supported, switching to basic style
src/main/java/org/apache/commons/compress/archivers/tar/TarArchiveSparseEntry.java: generated unit test file src/main/java/org/apache/commons/compress/archivers/tar/TarArchiveSparseEntrySymflowerTest.java
Symflower's table driven test style is not supported, switching to basic style
src/main/java/org/apache/commons/compress/archivers/tar/TarBuffer.java: could not generate unit test file for "src/main/java/org/apache/commons/compress/archivers/tar/TarBuffer.java": Internal error: cannot set a final field:
	&modelast.Variable{
	    CompactFileRange: location.CompactFileRange{Start:location.NewCompactFileLocationRaw(5, 53, 35), End:location.NewCompactFileLocationRaw(5, 53, 45)},
	    Name:             "blockBuffer",
	    Type:             &modelast.TypeArray{
	        CompactFileRange: location.CompactFileRange{Start:location.NewCompactFileLocationRaw(5, 53, 19), End:location.NewCompactFileLocationRaw(5, 53, 24)},
	        Type:             &modelast.TypePrimitive{
	            Kind: "int",
	            Size: 0x8,
	        },
	        IndexType: &modelast.TypePrimitive{
	            Kind: "int",
	            Size: 0x20,
	        },
	    },
	    Modifier: modelast.ModifierFinal|modelast.ModifierVisibilityPrivate,
	}
	Stacktrace: goroutine 1 [running]:
	gitlab.nethead.at/symflower/symflower/model/errors.NewInternalError({0x21de060, 0x2d25d80}, {0x13e5e60, 0xc0008b7ec0})
		gitlab.nethead.at/symflower/symflower/model/errors/error.go:852 +0x4e
	gitlab.nethead.at/symflower/symflower/language/java/ast.(*Generator).objectCreation(0xc0003c3c00, {0x2205848?, 0xc000c94ae0?}, {0x21f7de8, 0xc000a7d980}, {0x2208850, 0xc0008b8f40})
		gitlab.nethead.at/symflower/symflower/language/java/ast/generate.go:1928 +0x34dc
	gitlab.nethead.at/symflower/symflower/language/java/ast.(*Generator).literalForReferenceType(0xc0003c3c00, {0x21f7de8, 0xc000a7d980}, {0x2205848?, 0xc000c94ac0?}, {0x2208850, 0xc0008b8f40})
		gitlab.nethead.at/symflower/symflower/language/java/ast/generate.go:1427 +0x17da
	gitlab.nethead.at/symflower/symflower/language/java/ast.(*Generator).Literal(0xc0003c3c00, {0x21f7de8, 0xc000a7d980}, {0x2205848?, 0xc000c94a80?}, {0x2208850, 0xc0008b8f40})
		gitlab.nethead.at/symflower/symflower/language/java/ast/generate.go:1138 +0x1318
	gitlab.nethead.at/symflower/symflower/language/java/ast.(*Generator).Literal(0xc0003c3c00, {0x21f7de8, 0xc000a7d980}, {0x2205728?, 0xc0013b2380?}, {0x22089b0, 0xc000bc8300})
		gitlab.nethead.at/symflower/symflower/language/java/ast/generate.go:1128 +0x245
	gitlab.nethead.at/symflower/symflower/language/java/ast.(*Generator).VariableDeclarationWithAssignment(0xc0003c3c00, {0x2205728, 0xc0013b2380}, {0x14113cd, 0x8}, {0x22089b0, 0xc000bc8300}, {0x0, 0x0})
		gitlab.nethead.at/symflower/symflower/language/java/ast/generate.go:548 +0x125
	gitlab.nethead.at/symflower/symflower/language/java/unittest.(*TestGeneratorJUnit).expressionExpected(0xc0003c4740, 0xc00012e0a0?, {0x22089b0, 0xc000bc8300}, {0x2205728, 0xc0013b2380}, {0x14113cd, 0x8}, {0x0, 0x0})
		gitlab.nethead.at/symflower/symflower/language/java/unittest/junit.go:177 +0x27a
	gitlab.nethead.at/symflower/symflower/language/java/unittest.(*TestGeneratorJUnit).returnArgumentInitialization(0xc0003c4740, 0xc00012e0a0, {0x0, 0x0}, {0x0, 0x0, 0x0}, {0x21f7e40, 0xc000a6cd00})
		gitlab.nethead.at/symflower/symflower/language/java/unittest/junit.go:229 +0x429
	gitlab.nethead.at/symflower/symflower/language/java/unittest.(*TestGeneratorJUnit).generateUnitTestAddTestInternal(0xc0003c4740, 0xc0008fc1c0, {0x0, 0x0})
		gitlab.nethead.at/symflower/symflower/language/java/unittest/junit.go:387 +0x1365
	gitlab.nethead.at/symflower/symflower/language/java/unittest.(*TestGeneratorJUnit).generateUnitTestAddTest(...)
		gitlab.nethead.at/symflower/symflower/language/java/unittest/junit.go:249
	gitlab.nethead.at/symflower/symflower/language/java/unittest.(*TestGeneratorJUnit).AddTest(0xc0003c4740, 0xc0008d1600?)
		gitlab.nethead.at/symflower/symflower/language/java/unittest/junit.go:61 +0x1d
	gitlab.nethead.at/symflower/symflower/language/java/unittest.(*testStyleBasic).addTest(0xc000795d40, 0xc0008fc1c0)
		gitlab.nethead.at/symflower/symflower/language/java/unittest/test-style-basic.go:253 +0x318
	gitlab.nethead.at/symflower/symflower/language/java/unittest.(*testStyleBasic).AddTest(0xc000f97950?, 0xc000a424d0?)
		gitlab.nethead.at/symflower/symflower/language/java/unittest/test-style-basic.go:215 +0x1a
	gitlab.nethead.at/symflower/symflower/language/java.generateUnitTestFileForType(0xc000c940e0, {0xc000a7c180, 0xc, 0x16?}, {0xc0005362a0?, 0xc000def0c8?}, 0xa8b5f9?)
		gitlab.nethead.at/symflower/symflower/language/java/unit-test.go:173 +0x647
	gitlab.nethead.at/symflower/symflower/language/java.Adapter.GenerateUnitTest({{{0x0, 0x0}, {0x0, 0x0}, {0x0, 0x0}}}, 0xc000c940e0, {0xc000813b80, 0xc, 0x10})
		gitlab.nethead.at/symflower/symflower/language/java/unit-test.go:99 +0x8c8
	gitlab.nethead.at/symflower/symflower/cmd/symflower-local/generate.(*Generator).updateTestFiles.func1({0xc00051e8ae, 0x46})
		gitlab.nethead.at/symflower/symflower/cmd/symflower-local/generate/generate.go:345 +0x55e
	gitlab.nethead.at/symflower/symflower/cmd/symflower-local/generate.updateTestFiles({0xc000044810, 0x2e}, 0xc0007d2a50, {0xc0008d5740?, 0x1?, 0xc000051a00?}, 0x1, 0xc000defb08)
		gitlab.nethead.at/symflower/symflower/cmd/symflower-local/generate/tests.go:41 +0xc3
	gitlab.nethead.at/symflower/symflower/cmd/symflower-local/generate.(*Generator).updateTestFiles(0xc000583110, 0xc000c5a270, 0x1, 0x1)
		gitlab.nethead.at/symflower/symflower/cmd/symflower-local/generate/generate.go:330 +0x3e5
	gitlab.nethead.at/symflower/symflower/cmd/symflower-local/generate.(*Generator).UpdateSymflowerTestSuite(0xc000583110?, 0xc000583140?)
		gitlab.nethead.at/symflower/symflower/cmd/symflower-local/generate/generate.go:307 +0x3b
	gitlab.nethead.at/symflower/symflower/cmd/symflower-local/generate.(*AnalyzeEngineDefault).UnitTests(0x2d?, 0x124bba0?, {0x21eb890?, 0xc0005143c0?}, {0x80?, 0x47?, 0x4?, 0x0?}, 0x2d?, {0xc000582690, ...})
		gitlab.nethead.at/symflower/symflower/cmd/symflower-local/generate/analyze.go:162 +0xaa
	gitlab.nethead.at/symflower/symflower/cmd/symflower-local/cmd.(*commandUnitTests).Execute(0xc0005af2d8, {0xc0005aef08?, 0x71a0357e0f98?, 0xc0005af2d8?})
		gitlab.nethead.at/symflower/symflower/cmd/symflower-local/cmd/unit-tests.go:85 +0x2a6
	gitlab.nethead.at/symflower/symflower/cmd.ExecuteNoExit({0x21de020, 0xc0005aef08}, {0xc00019e000?, 0x0?, 0x0?})
		gitlab.nethead.at/symflower/symflower/cmd/execute.go:59 +0x2ad
	gitlab.nethead.at/symflower/symflower/cmd.Execute({0x21de020?, 0xc0005aef08?}, {0xc00019e000?, 0xc0001802e0?, 0xc000051f10?})
		gitlab.nethead.at/symflower/symflower/cmd/execute.go:17 +0x26
	gitlab.nethead.at/symflower/symflower/cmd.ExecuteWithOSArguments(...)
		gitlab.nethead.at/symflower/symflower/cmd/execute.go:78
	main.main.func1()
		gitlab.nethead.at/symflower/symflower/cmd/symflower-demo/main.go:39 +0x34
	gitlab.nethead.at/symflower/symflower/cmd/symflower-local/cmd.(*Command).WithPanicReporter(0xc0000b2060?, 0x0?)
		gitlab.nethead.at/symflower/symflower/cmd/symflower-local/cmd/cmd.go:151 +0x33
	main.main()
		gitlab.nethead.at/symflower/symflower/cmd/symflower-demo/main.go:38 +0x7f
Analyzed 7 out of 7 source files
Had 3 errors that block a full analysis
Generated 14 tests
Found 11 potential problems
The following issues prevent a full analysis:

* 106 cases of "unknown type"
	Description: Types could not be resolved. This could be because of missing dependencies
  or a consequence of some other problem.

* 36 cases of "unknown function"
	Description: Functions could not be resolved. This occurs due to missing dependencies,
  or if a called function is removed due to some other problem.

* 29 cases of "unknown import"
	Description: Imports could not be resolved. This is likely due to missing dependencies.

* 1 case of "not all elements have the same type"
	Description: Arguments of a function call do not match the parameter types. This usually
  occurs if a called method is removed due to some other problem, and another
  method with the same name is selected to be called.

* 1 case of "unsupported type"
	Description: Types required for analysis are not supported. This can include raw generics,
  or reflection types like "java.lang.Class".

* 1 case of "other issues"
	Description: Uncategorized problems.

