Analyzing workspace /home/ph7/sqa-project/workspaces/compress_33b/
Search for Go files
Found 0 Go files
Search for Java files
Load dependency stdlib:@dev
src/main/java/org/apache/commons/compress/compressors/bzip2/BZip2CompressorInputStream.java: org.apache.commons.compress.compressors.bzip2.BZip2CompressorInputStream.makeMaps: function is private and therefore inaccessible for tests
src/main/java/org/apache/commons/compress/compressors/bzip2/BZip2CompressorInputStream.java: org.apache.commons.compress.compressors.bzip2.BZip2CompressorInputStream.read0: function is private and therefore inaccessible for tests
src/main/java/org/apache/commons/compress/compressors/bzip2/BZip2CompressorInputStream.java: org.apache.commons.compress.compressors.bzip2.BZip2CompressorInputStream.init: function is private and therefore inaccessible for tests
src/main/java/org/apache/commons/compress/compressors/bzip2/BZip2CompressorInputStream.java: org.apache.commons.compress.compressors.bzip2.BZip2CompressorInputStream.initBlock: function is private and therefore inaccessible for tests
src/main/java/org/apache/commons/compress/compressors/bzip2/BZip2CompressorInputStream.java: org.apache.commons.compress.compressors.bzip2.BZip2CompressorInputStream.endBlock: function is private and therefore inaccessible for tests
src/main/java/org/apache/commons/compress/compressors/bzip2/BZip2CompressorInputStream.java: org.apache.commons.compress.compressors.bzip2.BZip2CompressorInputStream.complete: function is private and therefore inaccessible for tests
src/main/java/org/apache/commons/compress/compressors/bzip2/BZip2CompressorInputStream.java: org.apache.commons.compress.compressors.bzip2.BZip2CompressorInputStream.bsR: function is private and therefore inaccessible for tests
src/main/java/org/apache/commons/compress/compressors/bzip2/BZip2CompressorInputStream.java: org.apache.commons.compress.compressors.bzip2.BZip2CompressorInputStream.bsGetBit: function is private and therefore inaccessible for tests
src/main/java/org/apache/commons/compress/compressors/bzip2/BZip2CompressorInputStream.java: org.apache.commons.compress.compressors.bzip2.BZip2CompressorInputStream.bsGetUByte: function is private and therefore inaccessible for tests
src/main/java/org/apache/commons/compress/compressors/bzip2/BZip2CompressorInputStream.java: org.apache.commons.compress.compressors.bzip2.BZip2CompressorInputStream.bsGetInt: function is private and therefore inaccessible for tests
src/main/java/org/apache/commons/compress/compressors/bzip2/BZip2CompressorInputStream.java: org.apache.commons.compress.compressors.bzip2.BZip2CompressorInputStream.hbCreateDecodeTables: function is private and therefore inaccessible for tests
src/main/java/org/apache/commons/compress/compressors/bzip2/BZip2CompressorInputStream.java: org.apache.commons.compress.compressors.bzip2.BZip2CompressorInputStream.recvDecodingTables: function is private and therefore inaccessible for tests
src/main/java/org/apache/commons/compress/compressors/bzip2/BZip2CompressorInputStream.java: org.apache.commons.compress.compressors.bzip2.BZip2CompressorInputStream.createHuffmanDecodingTables: function is private and therefore inaccessible for tests
src/main/java/org/apache/commons/compress/compressors/bzip2/BZip2CompressorInputStream.java: org.apache.commons.compress.compressors.bzip2.BZip2CompressorInputStream.getAndMoveToFrontDecode: function is private and therefore inaccessible for tests
src/main/java/org/apache/commons/compress/compressors/bzip2/BZip2CompressorInputStream.java: org.apache.commons.compress.compressors.bzip2.BZip2CompressorInputStream.getAndMoveToFrontDecode0: function is private and therefore inaccessible for tests
src/main/java/org/apache/commons/compress/compressors/bzip2/BZip2CompressorInputStream.java: org.apache.commons.compress.compressors.bzip2.BZip2CompressorInputStream.setupBlock: function is private and therefore inaccessible for tests
src/main/java/org/apache/commons/compress/compressors/bzip2/BZip2CompressorInputStream.java: org.apache.commons.compress.compressors.bzip2.BZip2CompressorInputStream.setupRandPartA: function is private and therefore inaccessible for tests
src/main/java/org/apache/commons/compress/compressors/bzip2/BZip2CompressorInputStream.java: org.apache.commons.compress.compressors.bzip2.BZip2CompressorInputStream.setupNoRandPartA: function is private and therefore inaccessible for tests
src/main/java/org/apache/commons/compress/compressors/bzip2/BZip2CompressorInputStream.java: org.apache.commons.compress.compressors.bzip2.BZip2CompressorInputStream.setupRandPartB: function is private and therefore inaccessible for tests
src/main/java/org/apache/commons/compress/compressors/bzip2/BZip2CompressorInputStream.java: org.apache.commons.compress.compressors.bzip2.BZip2CompressorInputStream.setupRandPartC: function is private and therefore inaccessible for tests
src/main/java/org/apache/commons/compress/compressors/bzip2/BZip2CompressorInputStream.java: org.apache.commons.compress.compressors.bzip2.BZip2CompressorInputStream.setupNoRandPartB: function is private and therefore inaccessible for tests
src/main/java/org/apache/commons/compress/compressors/bzip2/BZip2CompressorInputStream.java: org.apache.commons.compress.compressors.bzip2.BZip2CompressorInputStream.setupNoRandPartC: function is private and therefore inaccessible for tests
src/main/java/org/apache/commons/compress/compressors/bzip2/BZip2CompressorInputStream.java: org.apache.commons.compress.compressors.bzip2.BZip2CompressorInputStream.Data.Data: function is private and therefore inaccessible for tests
src/main/java/org/apache/commons/compress/compressors/bzip2/BZip2CompressorInputStream.java: org.apache.commons.compress.compressors.bzip2.BZip2CompressorInputStream.Data.initTT: function is private and therefore inaccessible for tests
src/main/java/org/apache/commons/compress/compressors/bzip2/BZip2CompressorOutputStream.java: org.apache.commons.compress.compressors.bzip2.BZip2CompressorOutputStream.hbMakeCodeLengths: function is private and therefore inaccessible for tests
src/main/java/org/apache/commons/compress/compressors/bzip2/BZip2CompressorOutputStream.java: org.apache.commons.compress.compressors.bzip2.BZip2CompressorOutputStream.writeRun: function is private and therefore inaccessible for tests
src/main/java/org/apache/commons/compress/compressors/bzip2/BZip2CompressorOutputStream.java: org.apache.commons.compress.compressors.bzip2.BZip2CompressorOutputStream.init: function is private and therefore inaccessible for tests
src/main/java/org/apache/commons/compress/compressors/bzip2/BZip2CompressorOutputStream.java: org.apache.commons.compress.compressors.bzip2.BZip2CompressorOutputStream.initBlock: function is private and therefore inaccessible for tests
src/main/java/org/apache/commons/compress/compressors/bzip2/BZip2CompressorOutputStream.java: org.apache.commons.compress.compressors.bzip2.BZip2CompressorOutputStream.endBlock: function is private and therefore inaccessible for tests
src/main/java/org/apache/commons/compress/compressors/bzip2/BZip2CompressorOutputStream.java: org.apache.commons.compress.compressors.bzip2.BZip2CompressorOutputStream.endCompression: function is private and therefore inaccessible for tests
src/main/java/org/apache/commons/compress/compressors/bzip2/BZip2CompressorOutputStream.java: org.apache.commons.compress.compressors.bzip2.BZip2CompressorOutputStream.write0: function is private and therefore inaccessible for tests
src/main/java/org/apache/commons/compress/compressors/bzip2/BZip2CompressorOutputStream.java: org.apache.commons.compress.compressors.bzip2.BZip2CompressorOutputStream.hbAssignCodes: function is private and therefore inaccessible for tests
src/main/java/org/apache/commons/compress/compressors/bzip2/BZip2CompressorOutputStream.java: org.apache.commons.compress.compressors.bzip2.BZip2CompressorOutputStream.bsFinishedWithStream: function is private and therefore inaccessible for tests
src/main/java/org/apache/commons/compress/compressors/bzip2/BZip2CompressorOutputStream.java: org.apache.commons.compress.compressors.bzip2.BZip2CompressorOutputStream.bsW: function is private and therefore inaccessible for tests
src/main/java/org/apache/commons/compress/compressors/bzip2/BZip2CompressorOutputStream.java: org.apache.commons.compress.compressors.bzip2.BZip2CompressorOutputStream.bsPutUByte: function is private and therefore inaccessible for tests
src/main/java/org/apache/commons/compress/compressors/bzip2/BZip2CompressorOutputStream.java: org.apache.commons.compress.compressors.bzip2.BZip2CompressorOutputStream.bsPutInt: function is private and therefore inaccessible for tests
src/main/java/org/apache/commons/compress/compressors/bzip2/BZip2CompressorOutputStream.java: org.apache.commons.compress.compressors.bzip2.BZip2CompressorOutputStream.sendMTFValues: function is private and therefore inaccessible for tests
src/main/java/org/apache/commons/compress/compressors/bzip2/BZip2CompressorOutputStream.java: org.apache.commons.compress.compressors.bzip2.BZip2CompressorOutputStream.sendMTFValues0: function is private and therefore inaccessible for tests
src/main/java/org/apache/commons/compress/compressors/bzip2/BZip2CompressorOutputStream.java: org.apache.commons.compress.compressors.bzip2.BZip2CompressorOutputStream.sendMTFValues1: function is private and therefore inaccessible for tests
src/main/java/org/apache/commons/compress/compressors/bzip2/BZip2CompressorOutputStream.java: org.apache.commons.compress.compressors.bzip2.BZip2CompressorOutputStream.sendMTFValues2: function is private and therefore inaccessible for tests
src/main/java/org/apache/commons/compress/compressors/bzip2/BZip2CompressorOutputStream.java: org.apache.commons.compress.compressors.bzip2.BZip2CompressorOutputStream.sendMTFValues3: function is private and therefore inaccessible for tests
src/main/java/org/apache/commons/compress/compressors/bzip2/BZip2CompressorOutputStream.java: org.apache.commons.compress.compressors.bzip2.BZip2CompressorOutputStream.sendMTFValues4: function is private and therefore inaccessible for tests
src/main/java/org/apache/commons/compress/compressors/bzip2/BZip2CompressorOutputStream.java: org.apache.commons.compress.compressors.bzip2.BZip2CompressorOutputStream.sendMTFValues5: function is private and therefore inaccessible for tests
src/main/java/org/apache/commons/compress/compressors/bzip2/BZip2CompressorOutputStream.java: org.apache.commons.compress.compressors.bzip2.BZip2CompressorOutputStream.sendMTFValues6: function is private and therefore inaccessible for tests
src/main/java/org/apache/commons/compress/compressors/bzip2/BZip2CompressorOutputStream.java: org.apache.commons.compress.compressors.bzip2.BZip2CompressorOutputStream.sendMTFValues7: function is private and therefore inaccessible for tests
src/main/java/org/apache/commons/compress/compressors/bzip2/BZip2CompressorOutputStream.java: org.apache.commons.compress.compressors.bzip2.BZip2CompressorOutputStream.moveToFrontCodeAndSend: function is private and therefore inaccessible for tests
src/main/java/org/apache/commons/compress/compressors/bzip2/BZip2CompressorOutputStream.java: org.apache.commons.compress.compressors.bzip2.BZip2CompressorOutputStream.blockSort: function is private and therefore inaccessible for tests
src/main/java/org/apache/commons/compress/compressors/bzip2/BZip2CompressorOutputStream.java: org.apache.commons.compress.compressors.bzip2.BZip2CompressorOutputStream.generateMTFValues: function is private and therefore inaccessible for tests
src/main/java/org/apache/commons/compress/compressors/bzip2/BZip2Utils.java: org.apache.commons.compress.compressors.bzip2.BZip2Utils.BZip2Utils: function is private and therefore inaccessible for tests
src/main/java/org/apache/commons/compress/compressors/bzip2/BlockSort.java: org.apache.commons.compress.compressors.bzip2.BlockSort.fallbackSimpleSort: function is private and therefore inaccessible for tests
src/main/java/org/apache/commons/compress/compressors/bzip2/BlockSort.java: org.apache.commons.compress.compressors.bzip2.BlockSort.fswap: function is private and therefore inaccessible for tests
src/main/java/org/apache/commons/compress/compressors/bzip2/BlockSort.java: org.apache.commons.compress.compressors.bzip2.BlockSort.fvswap: function is private and therefore inaccessible for tests
src/main/java/org/apache/commons/compress/compressors/bzip2/BlockSort.java: org.apache.commons.compress.compressors.bzip2.BlockSort.fmin: function is private and therefore inaccessible for tests
src/main/java/org/apache/commons/compress/compressors/bzip2/BlockSort.java: org.apache.commons.compress.compressors.bzip2.BlockSort.fpush: function is private and therefore inaccessible for tests
src/main/java/org/apache/commons/compress/compressors/bzip2/BlockSort.java: org.apache.commons.compress.compressors.bzip2.BlockSort.fpop: function is private and therefore inaccessible for tests
src/main/java/org/apache/commons/compress/compressors/bzip2/BlockSort.java: org.apache.commons.compress.compressors.bzip2.BlockSort.fallbackQSort3: function is private and therefore inaccessible for tests
src/main/java/org/apache/commons/compress/compressors/bzip2/BlockSort.java: org.apache.commons.compress.compressors.bzip2.BlockSort.getEclass: function is private and therefore inaccessible for tests
src/main/java/org/apache/commons/compress/compressors/bzip2/BlockSort.java: org.apache.commons.compress.compressors.bzip2.BlockSort.mainSimpleSort: function is private and therefore inaccessible for tests
src/main/java/org/apache/commons/compress/compressors/bzip2/BlockSort.java: org.apache.commons.compress.compressors.bzip2.BlockSort.vswap: function is private and therefore inaccessible for tests
src/main/java/org/apache/commons/compress/compressors/bzip2/BlockSort.java: org.apache.commons.compress.compressors.bzip2.BlockSort.med3: function is private and therefore inaccessible for tests
src/main/java/org/apache/commons/compress/compressors/bzip2/BlockSort.java: org.apache.commons.compress.compressors.bzip2.BlockSort.mainQSort3: function is private and therefore inaccessible for tests
src/main/java/org/apache/commons/compress/compressors/gzip/GzipCompressorInputStream.java: org.apache.commons.compress.compressors.gzip.GzipCompressorInputStream.init: function is private and therefore inaccessible for tests
src/main/java/org/apache/commons/compress/compressors/gzip/GzipCompressorInputStream.java: org.apache.commons.compress.compressors.gzip.GzipCompressorInputStream.readToNull: function is private and therefore inaccessible for tests
src/main/java/org/apache/commons/compress/compressors/gzip/GzipCompressorInputStream.java: org.apache.commons.compress.compressors.gzip.GzipCompressorInputStream.readLittleEndianInt: function is private and therefore inaccessible for tests
src/main/java/org/apache/commons/compress/compressors/gzip/GzipCompressorOutputStream.java: org.apache.commons.compress.compressors.gzip.GzipCompressorOutputStream.writeHeader: function is private and therefore inaccessible for tests
src/main/java/org/apache/commons/compress/compressors/gzip/GzipCompressorOutputStream.java: org.apache.commons.compress.compressors.gzip.GzipCompressorOutputStream.writeTrailer: function is private and therefore inaccessible for tests
src/main/java/org/apache/commons/compress/compressors/gzip/GzipCompressorOutputStream.java: org.apache.commons.compress.compressors.gzip.GzipCompressorOutputStream.deflate: function is private and therefore inaccessible for tests
src/main/java/org/apache/commons/compress/compressors/gzip/GzipUtils.java: org.apache.commons.compress.compressors.gzip.GzipUtils.GzipUtils: function is private and therefore inaccessible for tests
src/main/java/org/apache/commons/compress/compressors/lzma/LZMAUtils.java: org.apache.commons.compress.compressors.lzma.LZMAUtils.LZMAUtils: function is private and therefore inaccessible for tests
src/main/java/org/apache/commons/compress/compressors/lzma/LZMAUtils.java: org.apache.commons.compress.compressors.lzma.LZMAUtils.internalIsLZMACompressionAvailable: function is private and therefore inaccessible for tests
src/main/java/org/apache/commons/compress/compressors/lzw/LZWInputStream.java: org.apache.commons.compress.compressors.lzw.LZWInputStream.readFromStack: function is private and therefore inaccessible for tests
src/main/java/org/apache/commons/compress/compressors/pack200/Pack200CompressorInputStream.java: org.apache.commons.compress.compressors.pack200.Pack200CompressorInputStream.Pack200CompressorInputStream: function is private and therefore inaccessible for tests
src/main/java/org/apache/commons/compress/compressors/pack200/Pack200Utils.java: org.apache.commons.compress.compressors.pack200.Pack200Utils.Pack200Utils: function is private and therefore inaccessible for tests
src/main/java/org/apache/commons/compress/compressors/snappy/FramedSnappyCompressorInputStream.java: org.apache.commons.compress.compressors.snappy.FramedSnappyCompressorInputStream.readOnce: function is private and therefore inaccessible for tests
src/main/java/org/apache/commons/compress/compressors/snappy/FramedSnappyCompressorInputStream.java: org.apache.commons.compress.compressors.snappy.FramedSnappyCompressorInputStream.readNextBlock: function is private and therefore inaccessible for tests
src/main/java/org/apache/commons/compress/compressors/snappy/FramedSnappyCompressorInputStream.java: org.apache.commons.compress.compressors.snappy.FramedSnappyCompressorInputStream.readCrc: function is private and therefore inaccessible for tests
src/main/java/org/apache/commons/compress/compressors/snappy/FramedSnappyCompressorInputStream.java: org.apache.commons.compress.compressors.snappy.FramedSnappyCompressorInputStream.readSize: function is private and therefore inaccessible for tests
src/main/java/org/apache/commons/compress/compressors/snappy/FramedSnappyCompressorInputStream.java: org.apache.commons.compress.compressors.snappy.FramedSnappyCompressorInputStream.skipBlock: function is private and therefore inaccessible for tests
src/main/java/org/apache/commons/compress/compressors/snappy/FramedSnappyCompressorInputStream.java: org.apache.commons.compress.compressors.snappy.FramedSnappyCompressorInputStream.readStreamIdentifier: function is private and therefore inaccessible for tests
src/main/java/org/apache/commons/compress/compressors/snappy/FramedSnappyCompressorInputStream.java: org.apache.commons.compress.compressors.snappy.FramedSnappyCompressorInputStream.readOneByte: function is private and therefore inaccessible for tests
src/main/java/org/apache/commons/compress/compressors/snappy/FramedSnappyCompressorInputStream.java: org.apache.commons.compress.compressors.snappy.FramedSnappyCompressorInputStream.verifyLastChecksumAndReset: function is private and therefore inaccessible for tests
src/main/java/org/apache/commons/compress/compressors/snappy/SnappyCompressorInputStream.java: org.apache.commons.compress.compressors.snappy.SnappyCompressorInputStream.fill: function is private and therefore inaccessible for tests
src/main/java/org/apache/commons/compress/compressors/snappy/SnappyCompressorInputStream.java: org.apache.commons.compress.compressors.snappy.SnappyCompressorInputStream.slideBuffer: function is private and therefore inaccessible for tests
src/main/java/org/apache/commons/compress/compressors/snappy/SnappyCompressorInputStream.java: org.apache.commons.compress.compressors.snappy.SnappyCompressorInputStream.readLiteralLength: function is private and therefore inaccessible for tests
src/main/java/org/apache/commons/compress/compressors/snappy/SnappyCompressorInputStream.java: org.apache.commons.compress.compressors.snappy.SnappyCompressorInputStream.expandLiteral: function is private and therefore inaccessible for tests
src/main/java/org/apache/commons/compress/compressors/snappy/SnappyCompressorInputStream.java: org.apache.commons.compress.compressors.snappy.SnappyCompressorInputStream.expandCopy: function is private and therefore inaccessible for tests
src/main/java/org/apache/commons/compress/compressors/snappy/SnappyCompressorInputStream.java: org.apache.commons.compress.compressors.snappy.SnappyCompressorInputStream.readOneByte: function is private and therefore inaccessible for tests
src/main/java/org/apache/commons/compress/compressors/snappy/SnappyCompressorInputStream.java: org.apache.commons.compress.compressors.snappy.SnappyCompressorInputStream.readSize: function is private and therefore inaccessible for tests
src/main/java/org/apache/commons/compress/compressors/xz/XZUtils.java: org.apache.commons.compress.compressors.xz.XZUtils.XZUtils: function is private and therefore inaccessible for tests
src/main/java/org/apache/commons/compress/compressors/xz/XZUtils.java: org.apache.commons.compress.compressors.xz.XZUtils.internalIsXZCompressionAvailable: function is private and therefore inaccessible for tests
src/main/java/org/apache/commons/compress/compressors/z/ZCompressorInputStream.java: org.apache.commons.compress.compressors.z.ZCompressorInputStream.clearEntries: function is private and therefore inaccessible for tests
src/main/java/org/apache/commons/compress/compressors/z/ZCompressorInputStream.java: org.apache.commons.compress.compressors.z.ZCompressorInputStream.reAlignReading: function is private and therefore inaccessible for tests
src/main/java/org/apache/commons/compress/compressors/CompressorInputStream.java: error: unknown type
	data: Deprecated
src/main/java/org/apache/commons/compress/compressors/CompressorStreamFactory.java: error: unknown import
	data: org/apache/commons/compress/utils/IOUtils
src/main/java/org/apache/commons/compress/compressors/CompressorStreamFactory.java: error: unknown type
	data: Deprecated
src/main/java/org/apache/commons/compress/compressors/FileNameUtil.java: error: unknown function
	data: [pointer(reference(java/lang/String)) java/lang/String//toLowerCase [] [unsupported]]
src/main/java/org/apache/commons/compress/compressors/FileNameUtil.java: error: unknown function
	data: [pointer(reference(java/lang/String)) java/lang/String//toLowerCase [] [unsupported]]
src/main/java/org/apache/commons/compress/compressors/FileNameUtil.java: error: unknown import
	data: java/util/Collections
src/main/java/org/apache/commons/compress/compressors/FileNameUtil.java: error: unknown import
	data: java/util/HashMap
src/main/java/org/apache/commons/compress/compressors/FileNameUtil.java: error: unknown import
	data: java/util/Locale
src/main/java/org/apache/commons/compress/compressors/FileNameUtil.java: error: unknown function
	data: [pointer(genericInstance(reference(java/util/Map), [pointer(reference(java/lang/String)), pointer(reference(java/lang/String))])) java/util/Map<java/lang/String,java/lang/String>//entrySet [] []]
src/main/java/org/apache/commons/compress/compressors/FileNameUtil.java: error: unknown function
	data: [pointer(reference(java/lang/String)) java/lang/String//toLowerCase [] [unsupported]]
src/main/java/org/apache/commons/compress/compressors/bzip2/BZip2CompressorInputStream.java: error: unknown field
	data: [System struct(java/lang/System, [], [pointer(reference(java/lang/Object))], []) in]
src/main/java/org/apache/commons/compress/compressors/bzip2/BZip2CompressorInputStream.java: error: unknown identifier
	data: i
src/main/java/org/apache/commons/compress/compressors/bzip2/BZip2CompressorInputStream.java: error: unknown function
	data: [struct(java/lang/System, [], [pointer(reference(java/lang/Object))], []) java/lang/System//arraycopy [] [yy 0 yy 1 -(nextSym, 1)]]
src/main/java/org/apache/commons/compress/compressors/bzip2/BZip2CompressorInputStream.java: error: unknown function
	data: [struct(java/lang/System, [], [pointer(reference(java/lang/Object))], []) java/lang/System//arraycopy [] [select(select(this, data), unzftab) 0 cftab 1 256]]
src/main/java/org/apache/commons/compress/compressors/bzip2/BZip2CompressorOutputStream.java: error: unknown function
	data: [struct(org/apache/commons/compress/compressors/CompressorOutputStream, [], [pointer(reference(java/io/OutputStream))], []) org/apache/commons/compress/compressors/CompressorOutputStream//finalize [] []]
src/main/java/org/apache/commons/compress/compressors/bzip2/BZip2CompressorOutputStream.java: internal error: not all elements have the same type
	data: primitive(char, 16, true) vs primitive(int, 32, false)
src/main/java/org/apache/commons/compress/compressors/bzip2/BZip2Utils.java: error: unknown import
	data: java/util/LinkedHashMap
src/main/java/org/apache/commons/compress/compressors/bzip2/BlockSort.java: unsupported: unsupported AST node
	data: &{0xc00076a280 <nil> [] 0xc00075f680 0xc000797cb0 {None [] [] None}}
src/main/java/org/apache/commons/compress/compressors/bzip2/BlockSort.java: error: unknown import
	data: java/util/BitSet
src/main/java/org/apache/commons/compress/compressors/deflate/DeflateCompressorInputStream.java: error: unknown import
	data: java/util/zip/Inflater
src/main/java/org/apache/commons/compress/compressors/deflate/DeflateCompressorInputStream.java: error: unknown import
	data: java/util/zip/InflaterInputStream
src/main/java/org/apache/commons/compress/compressors/deflate/DeflateCompressorOutputStream.java: error: unknown import
	data: java/util/zip/Deflater
src/main/java/org/apache/commons/compress/compressors/deflate/DeflateCompressorOutputStream.java: error: unknown import
	data: java/util/zip/DeflaterOutputStream
src/main/java/org/apache/commons/compress/compressors/deflate/DeflateParameters.java: error: unknown import
	data: java/util/zip/Deflater
src/main/java/org/apache/commons/compress/compressors/gzip/GzipCompressorInputStream.java: error: unknown import
	data: java/io/ByteArrayOutputStream
src/main/java/org/apache/commons/compress/compressors/gzip/GzipCompressorInputStream.java: error: unknown import
	data: java/io/DataInputStream
src/main/java/org/apache/commons/compress/compressors/gzip/GzipCompressorInputStream.java: error: unknown import
	data: java/io/BufferedInputStream
src/main/java/org/apache/commons/compress/compressors/gzip/GzipCompressorInputStream.java: error: unknown import
	data: java/util/zip/Inflater
src/main/java/org/apache/commons/compress/compressors/gzip/GzipCompressorInputStream.java: error: unknown import
	data: org/apache/commons/compress/utils/CharsetNames
src/main/java/org/apache/commons/compress/compressors/gzip/GzipCompressorInputStream.java: unsupported: unsupported type
	data: &{0xc000a581e0 <nil> [] 0xc000a52780 0xc000a57880 << {None [] [] None}}
src/main/java/org/apache/commons/compress/compressors/gzip/GzipCompressorInputStream.java: unsupported: unsupported type
	data: &{0xc000a593a0 <nil> [] 0xc000a532c0 0xc000a5ef00 << {None [] [] None}}
src/main/java/org/apache/commons/compress/compressors/gzip/GzipCompressorInputStream.java: error: unknown field
	data: [System struct(java/lang/System, [], [pointer(reference(java/lang/Object))], []) in]
src/main/java/org/apache/commons/compress/compressors/gzip/GzipCompressorInputStream.java: error: unknown import
	data: java/io/EOFException
src/main/java/org/apache/commons/compress/compressors/gzip/GzipCompressorInputStream.java: error: unknown import
	data: java/util/zip/DataFormatException
src/main/java/org/apache/commons/compress/compressors/gzip/GzipCompressorInputStream.java: error: unknown import
	data: java/util/zip/Deflater
src/main/java/org/apache/commons/compress/compressors/gzip/GzipCompressorInputStream.java: error: unknown import
	data: java/util/zip/CRC32
src/main/java/org/apache/commons/compress/compressors/gzip/GzipCompressorInputStream.java: unsupported: unsupported type
	data: &{0xc000a59460 <nil> [] 0xc000a53380 0xc000a5f180 << {None [] [] None}}
src/main/java/org/apache/commons/compress/compressors/gzip/GzipCompressorOutputStream.java: error: unknown import
	data: java/util/zip/Deflater
src/main/java/org/apache/commons/compress/compressors/gzip/GzipCompressorOutputStream.java: error: unknown import
	data: java/util/zip/GZIPInputStream
src/main/java/org/apache/commons/compress/compressors/gzip/GzipCompressorOutputStream.java: error: unknown function
	data: [pointer(reference(java/lang/String)) java/lang/String//getBytes [] [unsupported]]
src/main/java/org/apache/commons/compress/compressors/gzip/GzipCompressorOutputStream.java: error: unknown import
	data: java/nio/ByteBuffer
src/main/java/org/apache/commons/compress/compressors/gzip/GzipCompressorOutputStream.java: error: unknown import
	data: java/util/zip/CRC32
src/main/java/org/apache/commons/compress/compressors/gzip/GzipCompressorOutputStream.java: error: unknown import
	data: java/util/zip/GZIPOutputStream
src/main/java/org/apache/commons/compress/compressors/gzip/GzipCompressorOutputStream.java: error: unknown import
	data: org/apache/commons/compress/utils/CharsetNames
src/main/java/org/apache/commons/compress/compressors/gzip/GzipCompressorOutputStream.java: error: unknown function
	data: [pointer(reference(java/lang/String)) java/lang/String//getBytes [] [unsupported]]
src/main/java/org/apache/commons/compress/compressors/gzip/GzipCompressorOutputStream.java: error: unknown import
	data: java/nio/ByteOrder
src/main/java/org/apache/commons/compress/compressors/gzip/GzipParameters.java: error: unknown import
	data: java/util/zip/Deflater
src/main/java/org/apache/commons/compress/compressors/gzip/GzipUtils.java: error: unknown import
	data: java/util/LinkedHashMap
src/main/java/org/apache/commons/compress/compressors/lzma/LZMACompressorInputStream.java: error: unknown import
	data: org/tukaani/xz/LZMAInputStream
src/main/java/org/apache/commons/compress/compressors/lzma/LZMAUtils.java: error: unknown import
	data: java/util/HashMap
src/main/java/org/apache/commons/compress/compressors/lzma/LZMAUtils.java: unsupported: unsupported node
	data: cast(93, primitive(int, 8, false))
src/main/java/org/apache/commons/compress/compressors/lzma/LZMAUtils.java: error: unknown function
	data: [struct(java/lang/Class, [], [pointer(reference(java/lang/Object))], []) java/lang/Class//forName [] ["org.osgi.framework.BundleEvent"]]
src/main/java/org/apache/commons/compress/compressors/lzma/LZMAUtils.java: error: unknown type
	data: NoClassDefFoundError
src/main/java/org/apache/commons/compress/compressors/lzw/LZWInputStream.java: error: unknown import
	data: java/nio/ByteOrder
src/main/java/org/apache/commons/compress/compressors/lzw/LZWInputStream.java: error: unknown import
	data: org/apache/commons/compress/utils/BitInputStream
src/main/java/org/apache/commons/compress/compressors/lzw/LZWInputStream.java: error: unknown function
	data: [struct(java/lang/System, [], [pointer(reference(java/lang/Object))], []) java/lang/System//arraycopy [] [select(this, outputStack) select(this, outputStackLocation) b off maxLength]]
src/main/java/org/apache/commons/compress/compressors/pack200/InMemoryCachingStreamBridge.java: error: unknown import
	data: java/io/ByteArrayOutputStream
src/main/java/org/apache/commons/compress/compressors/pack200/InMemoryCachingStreamBridge.java: error: unknown import
	data: java/io/ByteArrayInputStream
src/main/java/org/apache/commons/compress/compressors/pack200/Pack200CompressorInputStream.java: error: unknown function
	data: [struct(org/apache/commons/compress/compressors/pack200/Pack200CompressorInputStream, [], [pointer(reference(org/apache/commons/compress/compressors/CompressorInputStream))], []) org/apache/commons/compress/compressors/pack200/Pack200CompressorInputStream//@@constructor [] [in nil mode nil]]
src/main/java/org/apache/commons/compress/compressors/pack200/Pack200CompressorInputStream.java: error: unknown field
	data: [this struct(org/apache/commons/compress/compressors/pack200/Pack200CompressorInputStream, [], [pointer(reference(org/apache/commons/compress/compressors/CompressorInputStream))], []) Pack200Strategy]
src/main/java/org/apache/commons/compress/compressors/pack200/Pack200CompressorInputStream.java: error: unknown function
	data: [struct(org/apache/commons/compress/compressors/pack200/Pack200CompressorInputStream, [], [pointer(reference(org/apache/commons/compress/compressors/CompressorInputStream))], []) org/apache/commons/compress/compressors/pack200/Pack200CompressorInputStream//@@constructor [] [in nil mode props]]
src/main/java/org/apache/commons/compress/compressors/pack200/Pack200CompressorInputStream.java: error: unknown field
	data: [this struct(org/apache/commons/compress/compressors/pack200/Pack200CompressorInputStream, [], [pointer(reference(org/apache/commons/compress/compressors/CompressorInputStream))], []) Pack200Strategy]
src/main/java/org/apache/commons/compress/compressors/pack200/Pack200CompressorInputStream.java: error: unknown field
	data: [this struct(org/apache/commons/compress/compressors/pack200/Pack200CompressorInputStream, [], [pointer(reference(org/apache/commons/compress/compressors/CompressorInputStream))], []) Pack200Strategy]
src/main/java/org/apache/commons/compress/compressors/pack200/Pack200CompressorInputStream.java: error: unknown import
	data: java/io/File
src/main/java/org/apache/commons/compress/compressors/pack200/Pack200CompressorInputStream.java: error: unknown import
	data: java/io/FilterInputStream
src/main/java/org/apache/commons/compress/compressors/pack200/Pack200CompressorInputStream.java: error: unknown import
	data: java/util/jar/JarOutputStream
src/main/java/org/apache/commons/compress/compressors/pack200/Pack200CompressorInputStream.java: error: unknown import
	data: java/util/jar/Pack200
src/main/java/org/apache/commons/compress/compressors/pack200/Pack200CompressorInputStream.java: error: unknown type
	data: Pack200Strategy
src/main/java/org/apache/commons/compress/compressors/pack200/Pack200CompressorInputStream.java: error: unknown field
	data: [this struct(org/apache/commons/compress/compressors/pack200/Pack200CompressorInputStream, [], [pointer(reference(org/apache/commons/compress/compressors/CompressorInputStream))], []) Pack200Strategy]
src/main/java/org/apache/commons/compress/compressors/pack200/Pack200CompressorInputStream.java: warning: overflow of cast
src/main/java/org/apache/commons/compress/compressors/pack200/Pack200CompressorInputStream.java: warning: overflow of cast
src/main/java/org/apache/commons/compress/compressors/pack200/Pack200CompressorInputStream.java: warning: overflow of cast
src/main/java/org/apache/commons/compress/compressors/pack200/Pack200CompressorOutputStream.java: error: unknown import
	data: java/util/jar/JarInputStream
src/main/java/org/apache/commons/compress/compressors/pack200/Pack200CompressorOutputStream.java: error: unknown import
	data: java/util/jar/Pack200
src/main/java/org/apache/commons/compress/compressors/pack200/Pack200CompressorOutputStream.java: error: unknown import
	data: org/apache/commons/compress/utils/IOUtils
src/main/java/org/apache/commons/compress/compressors/pack200/Pack200CompressorOutputStream.java: error: unknown type
	data: Pack200Strategy
src/main/java/org/apache/commons/compress/compressors/pack200/Pack200CompressorOutputStream.java: error: unknown field
	data: [this struct(org/apache/commons/compress/compressors/pack200/Pack200CompressorOutputStream, [], [pointer(reference(org/apache/commons/compress/compressors/CompressorOutputStream))], []) Pack200Strategy]
src/main/java/org/apache/commons/compress/compressors/pack200/Pack200CompressorOutputStream.java: error: unknown function
	data: [struct(org/apache/commons/compress/compressors/pack200/StreamBridge, [], [unsupported(java/io/FilterOutputStream)], []) org/apache/commons/compress/compressors/pack200/StreamBridge//write [] [b]]
src/main/java/org/apache/commons/compress/compressors/pack200/Pack200CompressorOutputStream.java: error: unknown function
	data: [struct(org/apache/commons/compress/compressors/pack200/StreamBridge, [], [unsupported(java/io/FilterOutputStream)], []) org/apache/commons/compress/compressors/pack200/StreamBridge//write [] [b]]
src/main/java/org/apache/commons/compress/compressors/pack200/Pack200CompressorOutputStream.java: error: unknown field
	data: [this struct(org/apache/commons/compress/compressors/pack200/Pack200CompressorOutputStream, [], [pointer(reference(org/apache/commons/compress/compressors/CompressorOutputStream))], []) Pack200Strategy]
src/main/java/org/apache/commons/compress/compressors/pack200/Pack200CompressorOutputStream.java: error: unknown function
	data: [struct(org/apache/commons/compress/compressors/pack200/StreamBridge, [], [unsupported(java/io/FilterOutputStream)], []) org/apache/commons/compress/compressors/pack200/StreamBridge//write [] [b from length]]
src/main/java/org/apache/commons/compress/compressors/pack200/Pack200Strategy.java: unsupported: unsupported AST node
	data: &{0xc00002ece0 <nil> [] [] 0xc000902580 [] [0xc000bf8b40] {None [] [] None}}
src/main/java/org/apache/commons/compress/compressors/pack200/Pack200Utils.java: error: unknown import
	data: java/io/File
src/main/java/org/apache/commons/compress/compressors/pack200/Pack200Utils.java: error: unknown import
	data: java/io/FileOutputStream
src/main/java/org/apache/commons/compress/compressors/pack200/Pack200Utils.java: error: unknown import
	data: java/util/HashMap
src/main/java/org/apache/commons/compress/compressors/pack200/Pack200Utils.java: error: unknown import
	data: java/util/jar/JarFile
src/main/java/org/apache/commons/compress/compressors/pack200/Pack200Utils.java: error: unknown import
	data: java/util/jar/JarOutputStream
src/main/java/org/apache/commons/compress/compressors/pack200/Pack200Utils.java: error: unknown import
	data: java/util/jar/Pack200
src/main/java/org/apache/commons/compress/compressors/pack200/StreamBridge.java: error: unknown import
	data: java/io/FilterOutputStream
src/main/java/org/apache/commons/compress/compressors/pack200/StreamBridge.java: unsupported: unsupported AST node
	data: &{0xc0000edd20 <nil> [] 0xc0009e1e80 0xc0000f87e0 {None [] [] None}}
src/main/java/org/apache/commons/compress/compressors/pack200/StreamBridge.java: error: unknown function
	data: [<nil> close [] []]
src/main/java/org/apache/commons/compress/compressors/pack200/StreamBridge.java: unsupported: unsupported AST node
	data: &{0xc0000fc0e0 <nil> [] 0xc000a38b80 0xc0000f8a20 {None [] [] None}}
src/main/java/org/apache/commons/compress/compressors/pack200/TempFileCachingStreamBridge.java: error: unknown function
	data: [reference(java/io/FileInputStream) java/io/FileInputStream//FileInputStream [] [select(this, f)]]
src/main/java/org/apache/commons/compress/compressors/pack200/TempFileCachingStreamBridge.java: error: unknown import
	data: java/io/File
src/main/java/org/apache/commons/compress/compressors/pack200/TempFileCachingStreamBridge.java: error: unknown import
	data: java/io/FileOutputStream
src/main/java/org/apache/commons/compress/compressors/pack200/TempFileCachingStreamBridge.java: error: unknown field
	data: [this struct(org/apache/commons/compress/compressors/pack200/TempFileCachingStreamBridge, [], [pointer(reference(org/apache/commons/compress/compressors/pack200/StreamBridge))], []) out]
src/main/java/org/apache/commons/compress/compressors/pack200/TempFileCachingStreamBridge.java: error: unknown field
	data: [this struct(org/apache/commons/compress/compressors/pack200/TempFileCachingStreamBridge, [], [pointer(reference(org/apache/commons/compress/compressors/pack200/StreamBridge))], []) out]
src/main/java/org/apache/commons/compress/compressors/snappy/FramedSnappyCompressorInputStream.java: error: unknown import
	data: org/apache/commons/compress/utils/IOUtils
src/main/java/org/apache/commons/compress/compressors/snappy/FramedSnappyCompressorInputStream.java: error: unknown function
	data: [struct(java/lang/System, [], [pointer(reference(java/lang/Object))], []) java/lang/System//arraycopy [] [signature 0 shortenedSig 0 len(ensure_not_nil(org/apache/commons/compress/compressors/snappy/FramedSnappyCompressorInputStream//SZ_SIGNATURE))]]
src/main/java/org/apache/commons/compress/compressors/snappy/FramedSnappyCompressorInputStream.java: error: unknown import
	data: java/io/PushbackInputStream
src/main/java/org/apache/commons/compress/compressors/snappy/FramedSnappyCompressorInputStream.java: error: unknown import
	data: java/util/Arrays
src/main/java/org/apache/commons/compress/compressors/snappy/FramedSnappyCompressorInputStream.java: error: unknown import
	data: org/apache/commons/compress/utils/BoundedInputStream
src/main/java/org/apache/commons/compress/compressors/snappy/PureJavaCrc32C.java: error: unknown import
	data: java/util/zip/Checksum
src/main/java/org/apache/commons/compress/compressors/snappy/SnappyCompressorInputStream.java: error: unknown import
	data: org/apache/commons/compress/utils/IOUtils
src/main/java/org/apache/commons/compress/compressors/snappy/SnappyCompressorInputStream.java: error: unknown function
	data: [struct(java/lang/System, [], [pointer(reference(java/lang/Object))], []) java/lang/System//arraycopy [] [select(this, decompressBuf) select(this, readIndex) b off readable]]
src/main/java/org/apache/commons/compress/compressors/snappy/SnappyCompressorInputStream.java: error: unknown function
	data: [struct(java/lang/System, [], [pointer(reference(java/lang/Object))], []) java/lang/System//arraycopy [] [select(this, decompressBuf) select(this, blockSize) select(this, decompressBuf) 0 *(select(this, blockSize), 2)]]
src/main/java/org/apache/commons/compress/compressors/snappy/SnappyCompressorInputStream.java: error: unknown function
	data: [struct(java/lang/System, [], [pointer(reference(java/lang/Object))], []) java/lang/System//arraycopy [] [select(this, decompressBuf) -(select(this, writeIndex), offset) select(this, decompressBuf) select(this, writeIndex) length]]
src/main/java/org/apache/commons/compress/compressors/snappy/SnappyCompressorInputStream.java: error: unknown function
	data: [struct(java/lang/System, [], [pointer(reference(java/lang/Object))], []) java/lang/System//arraycopy [] [select(this, decompressBuf) -(select(this, writeIndex), offset) select(this, decompressBuf) select(this, writeIndex) offset]]
src/main/java/org/apache/commons/compress/compressors/snappy/SnappyCompressorInputStream.java: error: unknown function
	data: [struct(java/lang/System, [], [pointer(reference(java/lang/Object))], []) java/lang/System//arraycopy [] [select(this, decompressBuf) -(select(this, writeIndex), offset) select(this, decompressBuf) select(this, writeIndex) pad]]
src/main/java/org/apache/commons/compress/compressors/xz/XZCompressorInputStream.java: error: unknown import
	data: org/tukaani/xz/XZ
src/main/java/org/apache/commons/compress/compressors/xz/XZCompressorInputStream.java: error: unknown import
	data: org/tukaani/xz/SingleXZInputStream
src/main/java/org/apache/commons/compress/compressors/xz/XZCompressorInputStream.java: error: unknown import
	data: org/tukaani/xz/XZInputStream
src/main/java/org/apache/commons/compress/compressors/xz/XZCompressorInputStream.java: unsupported: unsupported index operator
	data: unsupported(@@unsupported)
src/main/java/org/apache/commons/compress/compressors/xz/XZCompressorOutputStream.java: error: unknown import
	data: org/tukaani/xz/LZMA2Options
src/main/java/org/apache/commons/compress/compressors/xz/XZCompressorOutputStream.java: error: unknown import
	data: org/tukaani/xz/XZOutputStream
src/main/java/org/apache/commons/compress/compressors/xz/XZUtils.java: error: unknown type
	data: NoClassDefFoundError
src/main/java/org/apache/commons/compress/compressors/xz/XZUtils.java: error: unknown import
	data: java/util/HashMap
src/main/java/org/apache/commons/compress/compressors/xz/XZUtils.java: unsupported: unsupported node
	data: cast(253, primitive(int, 8, false))
src/main/java/org/apache/commons/compress/compressors/xz/XZUtils.java: error: unknown function
	data: [struct(java/lang/Class, [], [pointer(reference(java/lang/Object))], []) java/lang/Class//forName [] ["org.osgi.framework.BundleEvent"]]
src/main/java/org/apache/commons/compress/compressors/z/ZCompressorInputStream.java: error: unknown import
	data: java/nio/ByteOrder
src/main/java/org/apache/commons/compress/compressors/z/ZCompressorInputStream.java: internal error: no supported constructor available
	data: [struct(org/apache/commons/compress/compressors/lzw/LZWInputStream, [], [pointer(reference(org/apache/commons/compress/compressors/CompressorInputStream))], []) function(variable(this, pointer(reference(org/apache/commons/compress/compressors/CompressorInputStream))), org/apache/commons/compress/compressors/CompressorInputStream//@@constructor!d41d8cd98f00b204e9800998ecf8427e, [], [variable(, pointer(reference(org/apache/commons/compress/compressors/CompressorInputStream)))], block([=(select(this, @java/io/InputStream), call(select(&(composite(reference(java/io/InputStream), [])), @@constructor!d41d8cd98f00b204e9800998ecf8427e), [])), call(select(this, @@init!d41d8cd98f00b204e9800998ecf8427e), []), return([this])]))]
src/main/java/org/apache/commons/compress/compressors/z/ZCompressorInputStream.java: internal error: not all elements have the same type
	data: primitive(int, 64, false) vs primitive(int, 32, false)
Found 36 Java files
Found 122 problems in Java files
src/main/java/org/apache/commons/compress/compressors/bzip2/BZip2CompressorInputStream.java: found 6 symbols
src/main/java/org/apache/commons/compress/compressors/bzip2/BZip2Utils.java: found 3 symbols
src/main/java/org/apache/commons/compress/compressors/bzip2/Rand.java: found 1 symbols
src/main/java/org/apache/commons/compress/compressors/pack200/Pack200Strategy.java: found 0 symbols
src/main/java/org/apache/commons/compress/compressors/bzip2/BZip2Constants.java: found 0 symbols
src/main/java/org/apache/commons/compress/compressors/gzip/GzipCompressorInputStream.java: found 7 symbols
src/main/java/org/apache/commons/compress/compressors/lzma/LZMAUtils.java: found 7 symbols
src/main/java/org/apache/commons/compress/compressors/pack200/Pack200CompressorOutputStream.java: found 9 symbols
src/main/java/org/apache/commons/compress/compressors/snappy/PureJavaCrc32C.java: found 5 symbols
src/main/java/org/apache/commons/compress/compressors/xz/XZCompressorInputStream.java: found 8 symbols
src/main/java/org/apache/commons/compress/compressors/bzip2/BlockSort.java: found 5 symbols
src/main/java/org/apache/commons/compress/compressors/deflate/DeflateParameters.java: found 4 symbols
src/main/java/org/apache/commons/compress/compressors/gzip/GzipUtils.java: found 3 symbols
src/main/java/org/apache/commons/compress/compressors/CompressorException.java: found 2 symbols
src/main/java/org/apache/commons/compress/compressors/bzip2/CRC.java: found 7 symbols
src/main/java/org/apache/commons/compress/compressors/deflate/DeflateCompressorInputStream.java: found 7 symbols
src/main/java/org/apache/commons/compress/compressors/pack200/Pack200CompressorInputStream.java: found 18 symbols
src/main/java/org/apache/commons/compress/compressors/lzw/LZWInputStream.java: found 12 symbols
src/main/java/org/apache/commons/compress/compressors/snappy/FramedSnappyCompressorInputStream.java: found 7 symbols
src/main/java/org/apache/commons/compress/compressors/snappy/SnappyCompressorInputStream.java: found 7 symbols
src/main/java/org/apache/commons/compress/compressors/xz/XZCompressorOutputStream.java: found 7 symbols
src/main/java/org/apache/commons/compress/compressors/z/ZCompressorInputStream.java: found 5 symbols
src/main/java/org/apache/commons/compress/compressors/CompressorOutputStream.java: found 0 symbols
src/main/java/org/apache/commons/compress/compressors/FileNameUtil.java: found 4 symbols
src/main/java/org/apache/commons/compress/compressors/gzip/GzipParameters.java: found 10 symbols
src/main/java/org/apache/commons/compress/compressors/lzma/LZMACompressorInputStream.java: found 7 symbols
src/main/java/org/apache/commons/compress/compressors/pack200/InMemoryCachingStreamBridge.java: found 2 symbols
src/main/java/org/apache/commons/compress/compressors/pack200/TempFileCachingStreamBridge.java: found 2 symbols
src/main/java/org/apache/commons/compress/compressors/xz/XZUtils.java: found 7 symbols
src/main/java/org/apache/commons/compress/compressors/CompressorInputStream.java: found 5 symbols
src/main/java/org/apache/commons/compress/compressors/CompressorStreamFactory.java: found 7 symbols
src/main/java/org/apache/commons/compress/compressors/bzip2/BZip2CompressorOutputStream.java: found 11 symbols
src/main/java/org/apache/commons/compress/compressors/deflate/DeflateCompressorOutputStream.java: found 7 symbols
src/main/java/org/apache/commons/compress/compressors/gzip/GzipCompressorOutputStream.java: found 8 symbols
src/main/java/org/apache/commons/compress/compressors/pack200/Pack200Utils.java: found 4 symbols
src/main/java/org/apache/commons/compress/compressors/pack200/StreamBridge.java: found 5 symbols
src/main/java/org/apache/commons/compress/compressors/pack200/Pack200CompressorOutputStream.java: org.apache.commons.compress.compressors.pack200.Pack200CompressorOutputStream.write: computing test cases
src/main/java/org/apache/commons/compress/compressors/pack200/Pack200CompressorOutputStream.java: org.apache.commons.compress.compressors.pack200.Pack200CompressorOutputStream.write: computed 0 unit tests
src/main/java/org/apache/commons/compress/compressors/pack200/Pack200CompressorOutputStream.java: org.apache.commons.compress.compressors.pack200.Pack200CompressorOutputStream.write: found 0 problems
src/main/java/org/apache/commons/compress/compressors/pack200/Pack200CompressorOutputStream.java: org.apache.commons.compress.compressors.pack200.Pack200CompressorOutputStream.close: computing test cases
src/main/java/org/apache/commons/compress/compressors/pack200/Pack200CompressorOutputStream.java: org.apache.commons.compress.compressors.pack200.Pack200CompressorOutputStream.close: computed 1 unit tests
src/main/java/org/apache/commons/compress/compressors/pack200/Pack200CompressorOutputStream.java: org.apache.commons.compress.compressors.pack200.Pack200CompressorOutputStream.close: found 1 problems
src/main/java/org/apache/commons/compress/compressors/pack200/Pack200CompressorOutputStream.java:106:13: critical: org.apache.commons.compress.compressors.pack200.Pack200CompressorOutputStream.close: uncaught java.lang.NullPointerException
src/main/java/org/apache/commons/compress/compressors/pack200/Pack200CompressorOutputStream.java: org.apache.commons.compress.compressors.pack200.Pack200CompressorOutputStream.Pack200CompressorOutputStream: computing test cases
src/main/java/org/apache/commons/compress/compressors/pack200/Pack200CompressorOutputStream.java: org.apache.commons.compress.compressors.pack200.Pack200CompressorOutputStream.Pack200CompressorOutputStream: computed 0 unit tests
src/main/java/org/apache/commons/compress/compressors/pack200/Pack200CompressorOutputStream.java: org.apache.commons.compress.compressors.pack200.Pack200CompressorOutputStream.Pack200CompressorOutputStream: found 1 problems
src/main/java/org/apache/commons/compress/compressors/pack200/Pack200CompressorOutputStream.java: unsupported: org.apache.commons.compress.compressors.pack200.Pack200CompressorOutputStream.Pack200CompressorOutputStream: encountered an unsupported type
	data: unsupported(Pack200Strategy)
src/main/java/org/apache/commons/compress/compressors/pack200/Pack200CompressorOutputStream.java: org.apache.commons.compress.compressors.pack200.Pack200CompressorOutputStream.write: computing test cases
src/main/java/org/apache/commons/compress/compressors/pack200/Pack200CompressorOutputStream.java: org.apache.commons.compress.compressors.pack200.Pack200CompressorOutputStream.write: computed 0 unit tests
src/main/java/org/apache/commons/compress/compressors/pack200/Pack200CompressorOutputStream.java: org.apache.commons.compress.compressors.pack200.Pack200CompressorOutputStream.write: found 0 problems
src/main/java/org/apache/commons/compress/compressors/pack200/Pack200CompressorOutputStream.java: org.apache.commons.compress.compressors.pack200.Pack200CompressorOutputStream.finish: computing test cases
src/main/java/org/apache/commons/compress/compressors/pack200/Pack200CompressorOutputStream.java: org.apache.commons.compress.compressors.pack200.Pack200CompressorOutputStream.finish: computed 1 unit tests
src/main/java/org/apache/commons/compress/compressors/pack200/Pack200CompressorOutputStream.java: org.apache.commons.compress.compressors.pack200.Pack200CompressorOutputStream.finish: found 0 problems
src/main/java/org/apache/commons/compress/compressors/pack200/Pack200CompressorOutputStream.java: org.apache.commons.compress.compressors.pack200.Pack200CompressorOutputStream.Pack200CompressorOutputStream: computing test cases
src/main/java/org/apache/commons/compress/compressors/pack200/Pack200CompressorOutputStream.java: org.apache.commons.compress.compressors.pack200.Pack200CompressorOutputStream.Pack200CompressorOutputStream: computed 0 unit tests
src/main/java/org/apache/commons/compress/compressors/pack200/Pack200CompressorOutputStream.java: org.apache.commons.compress.compressors.pack200.Pack200CompressorOutputStream.Pack200CompressorOutputStream: found 1 problems
src/main/java/org/apache/commons/compress/compressors/pack200/Pack200CompressorOutputStream.java: unsupported: org.apache.commons.compress.compressors.pack200.Pack200CompressorOutputStream.Pack200CompressorOutputStream: encountered an unsupported type
	data: unsupported(Pack200Strategy)
src/main/java/org/apache/commons/compress/compressors/pack200/Pack200CompressorOutputStream.java: org.apache.commons.compress.compressors.pack200.Pack200CompressorOutputStream.Pack200CompressorOutputStream: computing test cases
src/main/java/org/apache/commons/compress/compressors/pack200/Pack200CompressorOutputStream.java: org.apache.commons.compress.compressors.pack200.Pack200CompressorOutputStream.Pack200CompressorOutputStream: computed 0 unit tests
src/main/java/org/apache/commons/compress/compressors/pack200/Pack200CompressorOutputStream.java: org.apache.commons.compress.compressors.pack200.Pack200CompressorOutputStream.Pack200CompressorOutputStream: found 0 problems
src/main/java/org/apache/commons/compress/compressors/pack200/Pack200CompressorOutputStream.java: org.apache.commons.compress.compressors.pack200.Pack200CompressorOutputStream.Pack200CompressorOutputStream: computing test cases
src/main/java/org/apache/commons/compress/compressors/pack200/Pack200CompressorOutputStream.java: org.apache.commons.compress.compressors.pack200.Pack200CompressorOutputStream.Pack200CompressorOutputStream: computed 0 unit tests
src/main/java/org/apache/commons/compress/compressors/pack200/Pack200CompressorOutputStream.java: org.apache.commons.compress.compressors.pack200.Pack200CompressorOutputStream.Pack200CompressorOutputStream: found 0 problems
src/main/java/org/apache/commons/compress/compressors/pack200/Pack200CompressorOutputStream.java: org.apache.commons.compress.compressors.pack200.Pack200CompressorOutputStream.write: computing test cases
src/main/java/org/apache/commons/compress/compressors/pack200/Pack200CompressorOutputStream.java: org.apache.commons.compress.compressors.pack200.Pack200CompressorOutputStream.write: computed 0 unit tests
src/main/java/org/apache/commons/compress/compressors/pack200/Pack200CompressorOutputStream.java: org.apache.commons.compress.compressors.pack200.Pack200CompressorOutputStream.write: found 0 problems
src/main/java/org/apache/commons/compress/compressors/snappy/PureJavaCrc32C.java: org.apache.commons.compress.compressors.snappy.PureJavaCrc32C.reset: computing test cases
src/main/java/org/apache/commons/compress/compressors/snappy/PureJavaCrc32C.java: org.apache.commons.compress.compressors.snappy.PureJavaCrc32C.reset: computed 0 unit tests
src/main/java/org/apache/commons/compress/compressors/snappy/PureJavaCrc32C.java: org.apache.commons.compress.compressors.snappy.PureJavaCrc32C.reset: found 0 problems
src/main/java/org/apache/commons/compress/compressors/snappy/PureJavaCrc32C.java: org.apache.commons.compress.compressors.snappy.PureJavaCrc32C.PureJavaCrc32C: computing test cases
src/main/java/org/apache/commons/compress/compressors/snappy/PureJavaCrc32C.java: org.apache.commons.compress.compressors.snappy.PureJavaCrc32C.PureJavaCrc32C: computed 0 unit tests
src/main/java/org/apache/commons/compress/compressors/snappy/PureJavaCrc32C.java: org.apache.commons.compress.compressors.snappy.PureJavaCrc32C.PureJavaCrc32C: found 1 problems
src/main/java/org/apache/commons/compress/compressors/snappy/PureJavaCrc32C.java: internal error: org.apache.commons.compress.compressors.snappy.PureJavaCrc32C.PureJavaCrc32C: type cannot be determined
	data: VariableReference(this_1, pointer(struct(org/apache/commons/compress/compressors/snappy/PureJavaCrc32C, [], [pointer(reference(java/lang/Object))], [unsupported(java/util/zip/Checksum)])), @m_0_1)
src/main/java/org/apache/commons/compress/compressors/snappy/PureJavaCrc32C.java: org.apache.commons.compress.compressors.snappy.PureJavaCrc32C.update: computing test cases
src/main/java/org/apache/commons/compress/compressors/snappy/PureJavaCrc32C.java: org.apache.commons.compress.compressors.snappy.PureJavaCrc32C.update: computed 0 unit tests
src/main/java/org/apache/commons/compress/compressors/snappy/PureJavaCrc32C.java: org.apache.commons.compress.compressors.snappy.PureJavaCrc32C.update: found 0 problems
src/main/java/org/apache/commons/compress/compressors/snappy/PureJavaCrc32C.java: org.apache.commons.compress.compressors.snappy.PureJavaCrc32C.getValue: computing test cases
src/main/java/org/apache/commons/compress/compressors/snappy/PureJavaCrc32C.java: org.apache.commons.compress.compressors.snappy.PureJavaCrc32C.getValue: computed 0 unit tests
src/main/java/org/apache/commons/compress/compressors/snappy/PureJavaCrc32C.java: org.apache.commons.compress.compressors.snappy.PureJavaCrc32C.getValue: found 0 problems
src/main/java/org/apache/commons/compress/compressors/snappy/PureJavaCrc32C.java: org.apache.commons.compress.compressors.snappy.PureJavaCrc32C.update: computing test cases
src/main/java/org/apache/commons/compress/compressors/snappy/PureJavaCrc32C.java: org.apache.commons.compress.compressors.snappy.PureJavaCrc32C.update: computed 0 unit tests
src/main/java/org/apache/commons/compress/compressors/snappy/PureJavaCrc32C.java: org.apache.commons.compress.compressors.snappy.PureJavaCrc32C.update: found 0 problems
src/main/java/org/apache/commons/compress/compressors/xz/XZCompressorInputStream.java: org.apache.commons.compress.compressors.xz.XZCompressorInputStream.read: computing test cases
src/main/java/org/apache/commons/compress/compressors/xz/XZCompressorInputStream.java: org.apache.commons.compress.compressors.xz.XZCompressorInputStream.read: computed 1 unit tests
src/main/java/org/apache/commons/compress/compressors/xz/XZCompressorInputStream.java: org.apache.commons.compress.compressors.xz.XZCompressorInputStream.read: found 1 problems
src/main/java/org/apache/commons/compress/compressors/xz/XZCompressorInputStream.java:104:19: critical: org.apache.commons.compress.compressors.xz.XZCompressorInputStream.read: uncaught java.lang.NullPointerException
src/main/java/org/apache/commons/compress/compressors/xz/XZCompressorInputStream.java: org.apache.commons.compress.compressors.xz.XZCompressorInputStream.XZCompressorInputStream: computing test cases
src/main/java/org/apache/commons/compress/compressors/xz/XZCompressorInputStream.java: org.apache.commons.compress.compressors.xz.XZCompressorInputStream.XZCompressorInputStream: computed 0 unit tests
src/main/java/org/apache/commons/compress/compressors/xz/XZCompressorInputStream.java: org.apache.commons.compress.compressors.xz.XZCompressorInputStream.XZCompressorInputStream: found 0 problems
src/main/java/org/apache/commons/compress/compressors/xz/XZCompressorInputStream.java: org.apache.commons.compress.compressors.xz.XZCompressorInputStream.skip: computing test cases
src/main/java/org/apache/commons/compress/compressors/xz/XZCompressorInputStream.java: org.apache.commons.compress.compressors.xz.XZCompressorInputStream.skip: computed 1 unit tests
src/main/java/org/apache/commons/compress/compressors/xz/XZCompressorInputStream.java: org.apache.commons.compress.compressors.xz.XZCompressorInputStream.skip: found 1 problems
src/main/java/org/apache/commons/compress/compressors/xz/XZCompressorInputStream.java:118:16: critical: org.apache.commons.compress.compressors.xz.XZCompressorInputStream.skip: uncaught java.lang.NullPointerException
src/main/java/org/apache/commons/compress/compressors/xz/XZCompressorInputStream.java: org.apache.commons.compress.compressors.xz.XZCompressorInputStream.close: computing test cases
src/main/java/org/apache/commons/compress/compressors/xz/XZCompressorInputStream.java: org.apache.commons.compress.compressors.xz.XZCompressorInputStream.close: computed 1 unit tests
src/main/java/org/apache/commons/compress/compressors/xz/XZCompressorInputStream.java: org.apache.commons.compress.compressors.xz.XZCompressorInputStream.close: found 1 problems
src/main/java/org/apache/commons/compress/compressors/xz/XZCompressorInputStream.java:128:9: critical: org.apache.commons.compress.compressors.xz.XZCompressorInputStream.close: uncaught java.lang.NullPointerException
src/main/java/org/apache/commons/compress/compressors/xz/XZCompressorInputStream.java: org.apache.commons.compress.compressors.xz.XZCompressorInputStream.available: computing test cases
src/main/java/org/apache/commons/compress/compressors/xz/XZCompressorInputStream.java: org.apache.commons.compress.compressors.xz.XZCompressorInputStream.available: computed 1 unit tests
src/main/java/org/apache/commons/compress/compressors/xz/XZCompressorInputStream.java: org.apache.commons.compress.compressors.xz.XZCompressorInputStream.available: found 1 problems
src/main/java/org/apache/commons/compress/compressors/xz/XZCompressorInputStream.java:123:16: critical: org.apache.commons.compress.compressors.xz.XZCompressorInputStream.available: uncaught java.lang.NullPointerException
src/main/java/org/apache/commons/compress/compressors/xz/XZCompressorInputStream.java: org.apache.commons.compress.compressors.xz.XZCompressorInputStream.read: computing test cases
src/main/java/org/apache/commons/compress/compressors/xz/XZCompressorInputStream.java: org.apache.commons.compress.compressors.xz.XZCompressorInputStream.read: computed 1 unit tests
src/main/java/org/apache/commons/compress/compressors/xz/XZCompressorInputStream.java: org.apache.commons.compress.compressors.xz.XZCompressorInputStream.read: found 1 problems
src/main/java/org/apache/commons/compress/compressors/xz/XZCompressorInputStream.java:111:19: critical: org.apache.commons.compress.compressors.xz.XZCompressorInputStream.read: uncaught java.lang.NullPointerException
src/main/java/org/apache/commons/compress/compressors/xz/XZCompressorInputStream.java: org.apache.commons.compress.compressors.xz.XZCompressorInputStream.XZCompressorInputStream: computing test cases
src/main/java/org/apache/commons/compress/compressors/xz/XZCompressorInputStream.java: org.apache.commons.compress.compressors.xz.XZCompressorInputStream.XZCompressorInputStream: computed 0 unit tests
src/main/java/org/apache/commons/compress/compressors/xz/XZCompressorInputStream.java: org.apache.commons.compress.compressors.xz.XZCompressorInputStream.XZCompressorInputStream: found 0 problems
src/main/java/org/apache/commons/compress/compressors/xz/XZCompressorInputStream.java: org.apache.commons.compress.compressors.xz.XZCompressorInputStream.matches: computing test cases
src/main/java/org/apache/commons/compress/compressors/xz/XZCompressorInputStream.java: org.apache.commons.compress.compressors.xz.XZCompressorInputStream.matches: computed 0 unit tests
src/main/java/org/apache/commons/compress/compressors/xz/XZCompressorInputStream.java: org.apache.commons.compress.compressors.xz.XZCompressorInputStream.matches: found 0 problems
src/main/java/org/apache/commons/compress/compressors/CompressorException.java: org.apache.commons.compress.compressors.CompressorException.CompressorException: computing test cases
src/main/java/org/apache/commons/compress/compressors/CompressorException.java: org.apache.commons.compress.compressors.CompressorException.CompressorException: computed 1 unit tests
src/main/java/org/apache/commons/compress/compressors/CompressorException.java: org.apache.commons.compress.compressors.CompressorException.CompressorException: found 0 problems
src/main/java/org/apache/commons/compress/compressors/CompressorException.java: org.apache.commons.compress.compressors.CompressorException.CompressorException: computing test cases
src/main/java/org/apache/commons/compress/compressors/CompressorException.java: org.apache.commons.compress.compressors.CompressorException.CompressorException: computed 1 unit tests
src/main/java/org/apache/commons/compress/compressors/CompressorException.java: org.apache.commons.compress.compressors.CompressorException.CompressorException: found 0 problems
src/main/java/org/apache/commons/compress/compressors/xz/XZCompressorOutputStream.java: org.apache.commons.compress.compressors.xz.XZCompressorOutputStream.XZCompressorOutputStream: computing test cases
src/main/java/org/apache/commons/compress/compressors/xz/XZCompressorOutputStream.java: org.apache.commons.compress.compressors.xz.XZCompressorOutputStream.XZCompressorOutputStream: found 1 problems
src/main/java/org/apache/commons/compress/compressors/xz/XZCompressorOutputStream.java: internal error: org.apache.commons.compress.compressors.xz.XZCompressorOutputStream.XZCompressorOutputStream: unknown type kind
	data: unsupported(org/tukaani/xz/XZOutputStream)
src/main/java/org/apache/commons/compress/compressors/xz/XZCompressorOutputStream.java: org.apache.commons.compress.compressors.xz.XZCompressorOutputStream.write: computing test cases
src/main/java/org/apache/commons/compress/compressors/xz/XZCompressorOutputStream.java: org.apache.commons.compress.compressors.xz.XZCompressorOutputStream.write: found 1 problems
src/main/java/org/apache/commons/compress/compressors/xz/XZCompressorOutputStream.java: internal error: org.apache.commons.compress.compressors.xz.XZCompressorOutputStream.write: unknown type kind
	data: unsupported(org/tukaani/xz/XZOutputStream)
src/main/java/org/apache/commons/compress/compressors/xz/XZCompressorOutputStream.java: org.apache.commons.compress.compressors.xz.XZCompressorOutputStream.write: computing test cases
src/main/java/org/apache/commons/compress/compressors/xz/XZCompressorOutputStream.java: org.apache.commons.compress.compressors.xz.XZCompressorOutputStream.write: found 1 problems
src/main/java/org/apache/commons/compress/compressors/xz/XZCompressorOutputStream.java: internal error: org.apache.commons.compress.compressors.xz.XZCompressorOutputStream.write: unknown type kind
	data: unsupported(org/tukaani/xz/XZOutputStream)
src/main/java/org/apache/commons/compress/compressors/xz/XZCompressorOutputStream.java: org.apache.commons.compress.compressors.xz.XZCompressorOutputStream.XZCompressorOutputStream: computing test cases
src/main/java/org/apache/commons/compress/compressors/xz/XZCompressorOutputStream.java: org.apache.commons.compress.compressors.xz.XZCompressorOutputStream.XZCompressorOutputStream: found 1 problems
src/main/java/org/apache/commons/compress/compressors/xz/XZCompressorOutputStream.java: internal error: org.apache.commons.compress.compressors.xz.XZCompressorOutputStream.XZCompressorOutputStream: unknown type kind
	data: unsupported(org/tukaani/xz/XZOutputStream)
src/main/java/org/apache/commons/compress/compressors/xz/XZCompressorOutputStream.java: org.apache.commons.compress.compressors.xz.XZCompressorOutputStream.finish: computing test cases
src/main/java/org/apache/commons/compress/compressors/xz/XZCompressorOutputStream.java: org.apache.commons.compress.compressors.xz.XZCompressorOutputStream.finish: found 1 problems
src/main/java/org/apache/commons/compress/compressors/xz/XZCompressorOutputStream.java: internal error: org.apache.commons.compress.compressors.xz.XZCompressorOutputStream.finish: unknown type kind
	data: unsupported(org/tukaani/xz/XZOutputStream)
src/main/java/org/apache/commons/compress/compressors/xz/XZCompressorOutputStream.java: org.apache.commons.compress.compressors.xz.XZCompressorOutputStream.flush: computing test cases
src/main/java/org/apache/commons/compress/compressors/xz/XZCompressorOutputStream.java: org.apache.commons.compress.compressors.xz.XZCompressorOutputStream.flush: found 1 problems
src/main/java/org/apache/commons/compress/compressors/xz/XZCompressorOutputStream.java: internal error: org.apache.commons.compress.compressors.xz.XZCompressorOutputStream.flush: unknown type kind
	data: unsupported(org/tukaani/xz/XZOutputStream)
src/main/java/org/apache/commons/compress/compressors/xz/XZCompressorOutputStream.java: org.apache.commons.compress.compressors.xz.XZCompressorOutputStream.close: computing test cases
src/main/java/org/apache/commons/compress/compressors/xz/XZCompressorOutputStream.java: org.apache.commons.compress.compressors.xz.XZCompressorOutputStream.close: found 1 problems
src/main/java/org/apache/commons/compress/compressors/xz/XZCompressorOutputStream.java: internal error: org.apache.commons.compress.compressors.xz.XZCompressorOutputStream.close: unknown type kind
	data: unsupported(org/tukaani/xz/XZOutputStream)
src/main/java/org/apache/commons/compress/compressors/xz/XZUtils.java: org.apache.commons.compress.compressors.xz.XZUtils.isXZCompressionAvailable: computing test cases
src/main/java/org/apache/commons/compress/compressors/xz/XZUtils.java: org.apache.commons.compress.compressors.xz.XZUtils.isXZCompressionAvailable: computed 0 unit tests
src/main/java/org/apache/commons/compress/compressors/xz/XZUtils.java: org.apache.commons.compress.compressors.xz.XZUtils.isXZCompressionAvailable: found 0 problems
src/main/java/org/apache/commons/compress/compressors/xz/XZUtils.java: org.apache.commons.compress.compressors.xz.XZUtils.setCacheXZAvailablity: computing test cases
src/main/java/org/apache/commons/compress/compressors/xz/XZUtils.java: org.apache.commons.compress.compressors.xz.XZUtils.setCacheXZAvailablity: computed 0 unit tests
src/main/java/org/apache/commons/compress/compressors/xz/XZUtils.java: org.apache.commons.compress.compressors.xz.XZUtils.setCacheXZAvailablity: found 0 problems
src/main/java/org/apache/commons/compress/compressors/xz/XZUtils.java: org.apache.commons.compress.compressors.xz.XZUtils.matches: computing test cases
src/main/java/org/apache/commons/compress/compressors/xz/XZUtils.java: org.apache.commons.compress.compressors.xz.XZUtils.matches: computed 0 unit tests
src/main/java/org/apache/commons/compress/compressors/xz/XZUtils.java: org.apache.commons.compress.compressors.xz.XZUtils.matches: found 0 problems
src/main/java/org/apache/commons/compress/compressors/xz/XZUtils.java: org.apache.commons.compress.compressors.xz.XZUtils.getCompressedFilename: computing test cases
src/main/java/org/apache/commons/compress/compressors/xz/XZUtils.java: org.apache.commons.compress.compressors.xz.XZUtils.getCompressedFilename: computed 0 unit tests
src/main/java/org/apache/commons/compress/compressors/xz/XZUtils.java: org.apache.commons.compress.compressors.xz.XZUtils.getCompressedFilename: found 0 problems
src/main/java/org/apache/commons/compress/compressors/xz/XZUtils.java: org.apache.commons.compress.compressors.xz.XZUtils.getUncompressedFilename: computing test cases
src/main/java/org/apache/commons/compress/compressors/xz/XZUtils.java: org.apache.commons.compress.compressors.xz.XZUtils.getUncompressedFilename: computed 0 unit tests
src/main/java/org/apache/commons/compress/compressors/xz/XZUtils.java: org.apache.commons.compress.compressors.xz.XZUtils.getUncompressedFilename: found 0 problems
src/main/java/org/apache/commons/compress/compressors/xz/XZUtils.java: org.apache.commons.compress.compressors.xz.XZUtils.isCompressedFilename: computing test cases
src/main/java/org/apache/commons/compress/compressors/xz/XZUtils.java: org.apache.commons.compress.compressors.xz.XZUtils.isCompressedFilename: computed 0 unit tests
src/main/java/org/apache/commons/compress/compressors/xz/XZUtils.java: org.apache.commons.compress.compressors.xz.XZUtils.isCompressedFilename: found 0 problems
src/main/java/org/apache/commons/compress/compressors/xz/XZUtils.java: org.apache.commons.compress.compressors.xz.XZUtils.getCachedXZAvailability: computing test cases
src/main/java/org/apache/commons/compress/compressors/xz/XZUtils.java: org.apache.commons.compress.compressors.xz.XZUtils.getCachedXZAvailability: computed 0 unit tests
src/main/java/org/apache/commons/compress/compressors/xz/XZUtils.java: org.apache.commons.compress.compressors.xz.XZUtils.getCachedXZAvailability: found 0 problems
src/main/java/org/apache/commons/compress/compressors/gzip/GzipUtils.java: org.apache.commons.compress.compressors.gzip.GzipUtils.isCompressedFilename: computing test cases
src/main/java/org/apache/commons/compress/compressors/gzip/GzipUtils.java: org.apache.commons.compress.compressors.gzip.GzipUtils.isCompressedFilename: computed 0 unit tests
src/main/java/org/apache/commons/compress/compressors/gzip/GzipUtils.java: org.apache.commons.compress.compressors.gzip.GzipUtils.isCompressedFilename: found 0 problems
src/main/java/org/apache/commons/compress/compressors/gzip/GzipUtils.java: org.apache.commons.compress.compressors.gzip.GzipUtils.getUncompressedFilename: computing test cases
src/main/java/org/apache/commons/compress/compressors/gzip/GzipUtils.java: org.apache.commons.compress.compressors.gzip.GzipUtils.getUncompressedFilename: computed 0 unit tests
src/main/java/org/apache/commons/compress/compressors/gzip/GzipUtils.java: org.apache.commons.compress.compressors.gzip.GzipUtils.getUncompressedFilename: found 0 problems
src/main/java/org/apache/commons/compress/compressors/gzip/GzipUtils.java: org.apache.commons.compress.compressors.gzip.GzipUtils.getCompressedFilename: computing test cases
src/main/java/org/apache/commons/compress/compressors/gzip/GzipUtils.java: org.apache.commons.compress.compressors.gzip.GzipUtils.getCompressedFilename: computed 0 unit tests
src/main/java/org/apache/commons/compress/compressors/gzip/GzipUtils.java: org.apache.commons.compress.compressors.gzip.GzipUtils.getCompressedFilename: found 0 problems
src/main/java/org/apache/commons/compress/compressors/CompressorStreamFactory.java: org.apache.commons.compress.compressors.CompressorStreamFactory.CompressorStreamFactory: computing test cases
src/main/java/org/apache/commons/compress/compressors/CompressorStreamFactory.java: org.apache.commons.compress.compressors.CompressorStreamFactory.CompressorStreamFactory: computed 1 unit tests
src/main/java/org/apache/commons/compress/compressors/CompressorStreamFactory.java: org.apache.commons.compress.compressors.CompressorStreamFactory.CompressorStreamFactory: found 0 problems
src/main/java/org/apache/commons/compress/compressors/CompressorStreamFactory.java: org.apache.commons.compress.compressors.CompressorStreamFactory.createCompressorOutputStream: computing test cases
src/main/java/org/apache/commons/compress/compressors/CompressorStreamFactory.java: org.apache.commons.compress.compressors.CompressorStreamFactory.createCompressorOutputStream: found 1 problems
src/main/java/org/apache/commons/compress/compressors/CompressorStreamFactory.java: internal error: org.apache.commons.compress.compressors.CompressorStreamFactory.createCompressorOutputStream: unknown type kind
	data: unsupported(java/util/zip/Deflater)
src/main/java/org/apache/commons/compress/compressors/CompressorStreamFactory.java: org.apache.commons.compress.compressors.CompressorStreamFactory.createCompressorInputStream: computing test cases
src/main/java/org/apache/commons/compress/compressors/CompressorStreamFactory.java: org.apache.commons.compress.compressors.CompressorStreamFactory.createCompressorInputStream: found 1 problems
src/main/java/org/apache/commons/compress/compressors/CompressorStreamFactory.java: internal error: org.apache.commons.compress.compressors.CompressorStreamFactory.createCompressorInputStream: unknown type kind
	data: unsupported(java/util/zip/Inflater)
src/main/java/org/apache/commons/compress/compressors/CompressorStreamFactory.java: org.apache.commons.compress.compressors.CompressorStreamFactory.CompressorStreamFactory: computing test cases
src/main/java/org/apache/commons/compress/compressors/CompressorStreamFactory.java: org.apache.commons.compress.compressors.CompressorStreamFactory.CompressorStreamFactory: computed 1 unit tests
src/main/java/org/apache/commons/compress/compressors/CompressorStreamFactory.java: org.apache.commons.compress.compressors.CompressorStreamFactory.CompressorStreamFactory: found 0 problems
src/main/java/org/apache/commons/compress/compressors/CompressorStreamFactory.java: org.apache.commons.compress.compressors.CompressorStreamFactory.createCompressorInputStream: computing test cases
src/main/java/org/apache/commons/compress/compressors/CompressorStreamFactory.java: org.apache.commons.compress.compressors.CompressorStreamFactory.createCompressorInputStream: found 1 problems
src/main/java/org/apache/commons/compress/compressors/CompressorStreamFactory.java: internal error: org.apache.commons.compress.compressors.CompressorStreamFactory.createCompressorInputStream: unknown type kind
	data: unsupported(java/util/zip/Inflater)
src/main/java/org/apache/commons/compress/compressors/CompressorStreamFactory.java: org.apache.commons.compress.compressors.CompressorStreamFactory.setDecompressConcatenated: computing test cases
src/main/java/org/apache/commons/compress/compressors/CompressorStreamFactory.java: org.apache.commons.compress.compressors.CompressorStreamFactory.setDecompressConcatenated: computed 1 unit tests
src/main/java/org/apache/commons/compress/compressors/CompressorStreamFactory.java: org.apache.commons.compress.compressors.CompressorStreamFactory.setDecompressConcatenated: found 0 problems
src/main/java/org/apache/commons/compress/compressors/CompressorStreamFactory.java: org.apache.commons.compress.compressors.CompressorStreamFactory.getDecompressConcatenated: computing test cases
src/main/java/org/apache/commons/compress/compressors/CompressorStreamFactory.java: org.apache.commons.compress.compressors.CompressorStreamFactory.getDecompressConcatenated: computed 1 unit tests
src/main/java/org/apache/commons/compress/compressors/CompressorStreamFactory.java: org.apache.commons.compress.compressors.CompressorStreamFactory.getDecompressConcatenated: found 0 problems
src/main/java/org/apache/commons/compress/compressors/bzip2/BlockSort.java: org.apache.commons.compress.compressors.bzip2.BlockSort.fallbackSort: computing test cases
src/main/java/org/apache/commons/compress/compressors/bzip2/BlockSort.java: org.apache.commons.compress.compressors.bzip2.BlockSort.fallbackSort: computed 0 unit tests
src/main/java/org/apache/commons/compress/compressors/bzip2/BlockSort.java: org.apache.commons.compress.compressors.bzip2.BlockSort.fallbackSort: found 1 problems
src/main/java/org/apache/commons/compress/compressors/bzip2/BlockSort.java: internal error: org.apache.commons.compress.compressors.bzip2.BlockSort.fallbackSort: unknown type kind
	data: [==(select(VariableReference(@m_0, pointer(struct(org/apache/commons/compress/compressors/bzip2/BlockSort, [], [pointer(reference(java/lang/Object))], [])), @m_0_0), stack_ll), nil) array(primitive(int, 32, false), primitive(int, 32, false), 0)]
src/main/java/org/apache/commons/compress/compressors/bzip2/BlockSort.java: org.apache.commons.compress.compressors.bzip2.BlockSort.blockSort: computing test cases
src/main/java/org/apache/commons/compress/compressors/bzip2/BlockSort.java: org.apache.commons.compress.compressors.bzip2.BlockSort.blockSort: computed 0 unit tests
src/main/java/org/apache/commons/compress/compressors/bzip2/BlockSort.java: org.apache.commons.compress.compressors.bzip2.BlockSort.blockSort: found 1 problems
src/main/java/org/apache/commons/compress/compressors/bzip2/BlockSort.java: internal error: org.apache.commons.compress.compressors.bzip2.BlockSort.blockSort: unknown type kind
	data: [==(select(VariableReference(@m_0, pointer(struct(org/apache/commons/compress/compressors/bzip2/BlockSort, [], [pointer(reference(java/lang/Object))], [])), @m_0_0), stack_ll), nil) array(primitive(int, 32, false), primitive(int, 32, false), 0)]
src/main/java/org/apache/commons/compress/compressors/bzip2/BlockSort.java: org.apache.commons.compress.compressors.bzip2.BlockSort.mainSort: computing test cases
src/main/java/org/apache/commons/compress/compressors/bzip2/BlockSort.java: org.apache.commons.compress.compressors.bzip2.BlockSort.mainSort: computed 0 unit tests
src/main/java/org/apache/commons/compress/compressors/bzip2/BlockSort.java: org.apache.commons.compress.compressors.bzip2.BlockSort.mainSort: found 1 problems
src/main/java/org/apache/commons/compress/compressors/bzip2/BlockSort.java: internal error: org.apache.commons.compress.compressors.bzip2.BlockSort.mainSort: unknown type kind
	data: [==(select(VariableReference(@m_0, pointer(struct(org/apache/commons/compress/compressors/bzip2/BlockSort, [], [pointer(reference(java/lang/Object))], [])), @m_0_0), stack_ll), nil) array(primitive(int, 32, false), primitive(int, 32, false), 0)]
src/main/java/org/apache/commons/compress/compressors/bzip2/BlockSort.java: org.apache.commons.compress.compressors.bzip2.BlockSort.BlockSort: computing test cases
src/main/java/org/apache/commons/compress/compressors/bzip2/BlockSort.java: org.apache.commons.compress.compressors.bzip2.BlockSort.BlockSort: computed 0 unit tests
src/main/java/org/apache/commons/compress/compressors/bzip2/BlockSort.java: org.apache.commons.compress.compressors.bzip2.BlockSort.BlockSort: found 1 problems
src/main/java/org/apache/commons/compress/compressors/bzip2/BlockSort.java: internal error: org.apache.commons.compress.compressors.bzip2.BlockSort.BlockSort: unknown type kind
	data: [==(select(VariableReference(@m_0, pointer(struct(org/apache/commons/compress/compressors/bzip2/BZip2CompressorOutputStream//Data, [], [pointer(reference(java/lang/Object))], [])), @m_0_0), inUse), nil) array(primitive(bool, 0, false), primitive(int, 32, false), 0)]
src/main/java/org/apache/commons/compress/compressors/bzip2/BlockSort.java: org.apache.commons.compress.compressors.bzip2.BlockSort.fallbackSort: computing test cases
src/main/java/org/apache/commons/compress/compressors/bzip2/BlockSort.java: org.apache.commons.compress.compressors.bzip2.BlockSort.fallbackSort: computed 0 unit tests
src/main/java/org/apache/commons/compress/compressors/bzip2/BlockSort.java: org.apache.commons.compress.compressors.bzip2.BlockSort.fallbackSort: found 1 problems
src/main/java/org/apache/commons/compress/compressors/bzip2/BlockSort.java: internal error: org.apache.commons.compress.compressors.bzip2.BlockSort.fallbackSort: unknown type kind
	data: [==(select(VariableReference(@m_0, pointer(struct(org/apache/commons/compress/compressors/bzip2/BlockSort, [], [pointer(reference(java/lang/Object))], [])), @m_0_0), stack_ll), nil) array(primitive(int, 32, false), primitive(int, 32, false), 0)]
src/main/java/org/apache/commons/compress/compressors/CompressorInputStream.java: org.apache.commons.compress.compressors.CompressorInputStream.count: computing test cases
src/main/java/org/apache/commons/compress/compressors/CompressorInputStream.java: org.apache.commons.compress.compressors.CompressorInputStream.count: computed 0 unit tests
src/main/java/org/apache/commons/compress/compressors/CompressorInputStream.java: org.apache.commons.compress.compressors.CompressorInputStream.count: computing test cases
src/main/java/org/apache/commons/compress/compressors/CompressorInputStream.java: org.apache.commons.compress.compressors.CompressorInputStream.count: computed 0 unit tests
src/main/java/org/apache/commons/compress/compressors/CompressorInputStream.java: org.apache.commons.compress.compressors.CompressorInputStream.getCount: computing test cases
src/main/java/org/apache/commons/compress/compressors/CompressorInputStream.java: org.apache.commons.compress.compressors.CompressorInputStream.getCount: computed 0 unit tests
src/main/java/org/apache/commons/compress/compressors/CompressorInputStream.java: org.apache.commons.compress.compressors.CompressorInputStream.getBytesRead: computing test cases
src/main/java/org/apache/commons/compress/compressors/CompressorInputStream.java: org.apache.commons.compress.compressors.CompressorInputStream.getBytesRead: computed 0 unit tests
src/main/java/org/apache/commons/compress/compressors/CompressorInputStream.java: org.apache.commons.compress.compressors.CompressorInputStream.pushedBackBytes: computing test cases
src/main/java/org/apache/commons/compress/compressors/CompressorInputStream.java: org.apache.commons.compress.compressors.CompressorInputStream.pushedBackBytes: computed 0 unit tests
src/main/java/org/apache/commons/compress/compressors/gzip/GzipCompressorOutputStream.java: org.apache.commons.compress.compressors.gzip.GzipCompressorOutputStream.write: computing test cases
src/main/java/org/apache/commons/compress/compressors/gzip/GzipCompressorOutputStream.java: org.apache.commons.compress.compressors.gzip.GzipCompressorOutputStream.write: found 1 problems
src/main/java/org/apache/commons/compress/compressors/gzip/GzipCompressorOutputStream.java: internal error: org.apache.commons.compress.compressors.gzip.GzipCompressorOutputStream.write: unknown type kind
	data: unsupported(java/util/zip/Deflater)
src/main/java/org/apache/commons/compress/compressors/gzip/GzipCompressorOutputStream.java: org.apache.commons.compress.compressors.gzip.GzipCompressorOutputStream.finish: computing test cases
src/main/java/org/apache/commons/compress/compressors/gzip/GzipCompressorOutputStream.java: org.apache.commons.compress.compressors.gzip.GzipCompressorOutputStream.finish: found 1 problems
src/main/java/org/apache/commons/compress/compressors/gzip/GzipCompressorOutputStream.java: internal error: org.apache.commons.compress.compressors.gzip.GzipCompressorOutputStream.finish: unknown type kind
	data: unsupported(java/util/zip/Deflater)
src/main/java/org/apache/commons/compress/compressors/gzip/GzipCompressorOutputStream.java: org.apache.commons.compress.compressors.gzip.GzipCompressorOutputStream.GzipCompressorOutputStream: computing test cases
src/main/java/org/apache/commons/compress/compressors/gzip/GzipCompressorOutputStream.java: org.apache.commons.compress.compressors.gzip.GzipCompressorOutputStream.GzipCompressorOutputStream: found 1 problems
src/main/java/org/apache/commons/compress/compressors/gzip/GzipCompressorOutputStream.java: internal error: org.apache.commons.compress.compressors.gzip.GzipCompressorOutputStream.GzipCompressorOutputStream: unknown type kind
	data: unsupported(java/util/zip/Deflater)
src/main/java/org/apache/commons/compress/compressors/gzip/GzipCompressorOutputStream.java: org.apache.commons.compress.compressors.gzip.GzipCompressorOutputStream.write: computing test cases
src/main/java/org/apache/commons/compress/compressors/gzip/GzipCompressorOutputStream.java: org.apache.commons.compress.compressors.gzip.GzipCompressorOutputStream.write: found 1 problems
src/main/java/org/apache/commons/compress/compressors/gzip/GzipCompressorOutputStream.java: internal error: org.apache.commons.compress.compressors.gzip.GzipCompressorOutputStream.write: unknown type kind
	data: unsupported(java/util/zip/Deflater)
src/main/java/org/apache/commons/compress/compressors/gzip/GzipCompressorOutputStream.java: org.apache.commons.compress.compressors.gzip.GzipCompressorOutputStream.write: computing test cases
src/main/java/org/apache/commons/compress/compressors/gzip/GzipCompressorOutputStream.java: org.apache.commons.compress.compressors.gzip.GzipCompressorOutputStream.write: found 1 problems
src/main/java/org/apache/commons/compress/compressors/gzip/GzipCompressorOutputStream.java: internal error: org.apache.commons.compress.compressors.gzip.GzipCompressorOutputStream.write: unknown type kind
	data: unsupported(java/util/zip/Deflater)
src/main/java/org/apache/commons/compress/compressors/gzip/GzipCompressorOutputStream.java: org.apache.commons.compress.compressors.gzip.GzipCompressorOutputStream.close: computing test cases
src/main/java/org/apache/commons/compress/compressors/gzip/GzipCompressorOutputStream.java: org.apache.commons.compress.compressors.gzip.GzipCompressorOutputStream.close: found 1 problems
src/main/java/org/apache/commons/compress/compressors/gzip/GzipCompressorOutputStream.java: internal error: org.apache.commons.compress.compressors.gzip.GzipCompressorOutputStream.close: unknown type kind
	data: unsupported(java/util/zip/Deflater)
src/main/java/org/apache/commons/compress/compressors/gzip/GzipCompressorOutputStream.java: org.apache.commons.compress.compressors.gzip.GzipCompressorOutputStream.GzipCompressorOutputStream: computing test cases
src/main/java/org/apache/commons/compress/compressors/gzip/GzipCompressorOutputStream.java: org.apache.commons.compress.compressors.gzip.GzipCompressorOutputStream.GzipCompressorOutputStream: found 1 problems
src/main/java/org/apache/commons/compress/compressors/gzip/GzipCompressorOutputStream.java: internal error: org.apache.commons.compress.compressors.gzip.GzipCompressorOutputStream.GzipCompressorOutputStream: unknown type kind
	data: unsupported(java/util/zip/Deflater)
src/main/java/org/apache/commons/compress/compressors/gzip/GzipCompressorOutputStream.java: org.apache.commons.compress.compressors.gzip.GzipCompressorOutputStream.flush: computing test cases
src/main/java/org/apache/commons/compress/compressors/gzip/GzipCompressorOutputStream.java: org.apache.commons.compress.compressors.gzip.GzipCompressorOutputStream.flush: found 1 problems
src/main/java/org/apache/commons/compress/compressors/gzip/GzipCompressorOutputStream.java: internal error: org.apache.commons.compress.compressors.gzip.GzipCompressorOutputStream.flush: unknown type kind
	data: unsupported(java/util/zip/Deflater)
src/main/java/org/apache/commons/compress/compressors/snappy/FramedSnappyCompressorInputStream.java: org.apache.commons.compress.compressors.snappy.FramedSnappyCompressorInputStream.unmask: computing test cases
src/main/java/org/apache/commons/compress/compressors/snappy/FramedSnappyCompressorInputStream.java: org.apache.commons.compress.compressors.snappy.FramedSnappyCompressorInputStream.unmask: computed 0 unit tests
src/main/java/org/apache/commons/compress/compressors/snappy/FramedSnappyCompressorInputStream.java: org.apache.commons.compress.compressors.snappy.FramedSnappyCompressorInputStream.unmask: found 1 problems
src/main/java/org/apache/commons/compress/compressors/snappy/FramedSnappyCompressorInputStream.java: internal error: org.apache.commons.compress.compressors.snappy.FramedSnappyCompressorInputStream.unmask: malformed data
src/main/java/org/apache/commons/compress/compressors/snappy/FramedSnappyCompressorInputStream.java: org.apache.commons.compress.compressors.snappy.FramedSnappyCompressorInputStream.matches: computing test cases
src/main/java/org/apache/commons/compress/compressors/snappy/FramedSnappyCompressorInputStream.java: org.apache.commons.compress.compressors.snappy.FramedSnappyCompressorInputStream.matches: computed 0 unit tests
src/main/java/org/apache/commons/compress/compressors/snappy/FramedSnappyCompressorInputStream.java: org.apache.commons.compress.compressors.snappy.FramedSnappyCompressorInputStream.matches: found 1 problems
src/main/java/org/apache/commons/compress/compressors/snappy/FramedSnappyCompressorInputStream.java: internal error: org.apache.commons.compress.compressors.snappy.FramedSnappyCompressorInputStream.matches: malformed data
src/main/java/org/apache/commons/compress/compressors/snappy/FramedSnappyCompressorInputStream.java: org.apache.commons.compress.compressors.snappy.FramedSnappyCompressorInputStream.FramedSnappyCompressorInputStream: computing test cases
src/main/java/org/apache/commons/compress/compressors/snappy/FramedSnappyCompressorInputStream.java: org.apache.commons.compress.compressors.snappy.FramedSnappyCompressorInputStream.FramedSnappyCompressorInputStream: found 1 problems
src/main/java/org/apache/commons/compress/compressors/snappy/FramedSnappyCompressorInputStream.java: internal error: org.apache.commons.compress.compressors.snappy.FramedSnappyCompressorInputStream.FramedSnappyCompressorInputStream: unknown type kind
	data: unsupported(java/io/PushbackInputStream)
src/main/java/org/apache/commons/compress/compressors/snappy/FramedSnappyCompressorInputStream.java: org.apache.commons.compress.compressors.snappy.FramedSnappyCompressorInputStream.close: computing test cases
src/main/java/org/apache/commons/compress/compressors/snappy/FramedSnappyCompressorInputStream.java: org.apache.commons.compress.compressors.snappy.FramedSnappyCompressorInputStream.close: found 1 problems
src/main/java/org/apache/commons/compress/compressors/snappy/FramedSnappyCompressorInputStream.java: internal error: org.apache.commons.compress.compressors.snappy.FramedSnappyCompressorInputStream.close: unknown type kind
	data: unsupported(java/io/PushbackInputStream)
src/main/java/org/apache/commons/compress/compressors/snappy/FramedSnappyCompressorInputStream.java: org.apache.commons.compress.compressors.snappy.FramedSnappyCompressorInputStream.read: computing test cases
src/main/java/org/apache/commons/compress/compressors/snappy/FramedSnappyCompressorInputStream.java: org.apache.commons.compress.compressors.snappy.FramedSnappyCompressorInputStream.read: found 1 problems
src/main/java/org/apache/commons/compress/compressors/snappy/FramedSnappyCompressorInputStream.java: internal error: org.apache.commons.compress.compressors.snappy.FramedSnappyCompressorInputStream.read: unknown type kind
	data: unsupported(java/io/PushbackInputStream)
src/main/java/org/apache/commons/compress/compressors/snappy/FramedSnappyCompressorInputStream.java: org.apache.commons.compress.compressors.snappy.FramedSnappyCompressorInputStream.available: computing test cases
src/main/java/org/apache/commons/compress/compressors/snappy/FramedSnappyCompressorInputStream.java: org.apache.commons.compress.compressors.snappy.FramedSnappyCompressorInputStream.available: found 1 problems
src/main/java/org/apache/commons/compress/compressors/snappy/FramedSnappyCompressorInputStream.java: internal error: org.apache.commons.compress.compressors.snappy.FramedSnappyCompressorInputStream.available: unknown type kind
	data: unsupported(java/io/PushbackInputStream)
src/main/java/org/apache/commons/compress/compressors/snappy/FramedSnappyCompressorInputStream.java: org.apache.commons.compress.compressors.snappy.FramedSnappyCompressorInputStream.read: computing test cases
src/main/java/org/apache/commons/compress/compressors/snappy/FramedSnappyCompressorInputStream.java: org.apache.commons.compress.compressors.snappy.FramedSnappyCompressorInputStream.read: found 1 problems
src/main/java/org/apache/commons/compress/compressors/snappy/FramedSnappyCompressorInputStream.java: internal error: org.apache.commons.compress.compressors.snappy.FramedSnappyCompressorInputStream.read: unknown type kind
	data: unsupported(java/io/PushbackInputStream)
src/main/java/org/apache/commons/compress/compressors/pack200/StreamBridge.java: org.apache.commons.compress.compressors.pack200.StreamBridge.getInput: computing test cases
src/main/java/org/apache/commons/compress/compressors/pack200/StreamBridge.java: org.apache.commons.compress.compressors.pack200.StreamBridge.getInput: computed 0 unit tests
src/main/java/org/apache/commons/compress/compressors/pack200/StreamBridge.java: org.apache.commons.compress.compressors.pack200.StreamBridge.StreamBridge: computing test cases
src/main/java/org/apache/commons/compress/compressors/pack200/StreamBridge.java: org.apache.commons.compress.compressors.pack200.StreamBridge.StreamBridge: computed 0 unit tests
src/main/java/org/apache/commons/compress/compressors/pack200/StreamBridge.java: org.apache.commons.compress.compressors.pack200.StreamBridge.getInputView: computing test cases
src/main/java/org/apache/commons/compress/compressors/pack200/StreamBridge.java: org.apache.commons.compress.compressors.pack200.StreamBridge.getInputView: function is abstract and therefore inaccessible for tests
src/main/java/org/apache/commons/compress/compressors/pack200/StreamBridge.java: org.apache.commons.compress.compressors.pack200.StreamBridge.stop: computing test cases
src/main/java/org/apache/commons/compress/compressors/pack200/StreamBridge.java: org.apache.commons.compress.compressors.pack200.StreamBridge.stop: computed 0 unit tests
src/main/java/org/apache/commons/compress/compressors/pack200/StreamBridge.java: org.apache.commons.compress.compressors.pack200.StreamBridge.StreamBridge: computing test cases
src/main/java/org/apache/commons/compress/compressors/pack200/StreamBridge.java: org.apache.commons.compress.compressors.pack200.StreamBridge.StreamBridge: computed 0 unit tests
src/main/java/org/apache/commons/compress/compressors/lzma/LZMACompressorInputStream.java: org.apache.commons.compress.compressors.lzma.LZMACompressorInputStream.close: computing test cases
src/main/java/org/apache/commons/compress/compressors/lzma/LZMACompressorInputStream.java: org.apache.commons.compress.compressors.lzma.LZMACompressorInputStream.close: computed 1 unit tests
src/main/java/org/apache/commons/compress/compressors/lzma/LZMACompressorInputStream.java: org.apache.commons.compress.compressors.lzma.LZMACompressorInputStream.close: found 1 problems
src/main/java/org/apache/commons/compress/compressors/lzma/LZMACompressorInputStream.java:82:9: critical: org.apache.commons.compress.compressors.lzma.LZMACompressorInputStream.close: uncaught java.lang.NullPointerException
src/main/java/org/apache/commons/compress/compressors/lzma/LZMACompressorInputStream.java: org.apache.commons.compress.compressors.lzma.LZMACompressorInputStream.read: computing test cases
src/main/java/org/apache/commons/compress/compressors/lzma/LZMACompressorInputStream.java: org.apache.commons.compress.compressors.lzma.LZMACompressorInputStream.read: computed 1 unit tests
src/main/java/org/apache/commons/compress/compressors/lzma/LZMACompressorInputStream.java: org.apache.commons.compress.compressors.lzma.LZMACompressorInputStream.read: found 1 problems
src/main/java/org/apache/commons/compress/compressors/lzma/LZMACompressorInputStream.java:54:19: critical: org.apache.commons.compress.compressors.lzma.LZMACompressorInputStream.read: uncaught java.lang.NullPointerException
src/main/java/org/apache/commons/compress/compressors/lzma/LZMACompressorInputStream.java: org.apache.commons.compress.compressors.lzma.LZMACompressorInputStream.LZMACompressorInputStream: computing test cases
src/main/java/org/apache/commons/compress/compressors/lzma/LZMACompressorInputStream.java: org.apache.commons.compress.compressors.lzma.LZMACompressorInputStream.LZMACompressorInputStream: computed 0 unit tests
src/main/java/org/apache/commons/compress/compressors/lzma/LZMACompressorInputStream.java: org.apache.commons.compress.compressors.lzma.LZMACompressorInputStream.LZMACompressorInputStream: found 0 problems
src/main/java/org/apache/commons/compress/compressors/lzma/LZMACompressorInputStream.java: org.apache.commons.compress.compressors.lzma.LZMACompressorInputStream.read: computing test cases
src/main/java/org/apache/commons/compress/compressors/lzma/LZMACompressorInputStream.java: org.apache.commons.compress.compressors.lzma.LZMACompressorInputStream.read: computed 1 unit tests
src/main/java/org/apache/commons/compress/compressors/lzma/LZMACompressorInputStream.java: org.apache.commons.compress.compressors.lzma.LZMACompressorInputStream.read: found 1 problems
src/main/java/org/apache/commons/compress/compressors/lzma/LZMACompressorInputStream.java:62:19: critical: org.apache.commons.compress.compressors.lzma.LZMACompressorInputStream.read: uncaught java.lang.NullPointerException
src/main/java/org/apache/commons/compress/compressors/lzma/LZMACompressorInputStream.java: org.apache.commons.compress.compressors.lzma.LZMACompressorInputStream.skip: computing test cases
src/main/java/org/apache/commons/compress/compressors/lzma/LZMACompressorInputStream.java: org.apache.commons.compress.compressors.lzma.LZMACompressorInputStream.skip: computed 1 unit tests
src/main/java/org/apache/commons/compress/compressors/lzma/LZMACompressorInputStream.java: org.apache.commons.compress.compressors.lzma.LZMACompressorInputStream.skip: found 1 problems
src/main/java/org/apache/commons/compress/compressors/lzma/LZMACompressorInputStream.java:70:16: critical: org.apache.commons.compress.compressors.lzma.LZMACompressorInputStream.skip: uncaught java.lang.NullPointerException
src/main/java/org/apache/commons/compress/compressors/lzma/LZMACompressorInputStream.java: org.apache.commons.compress.compressors.lzma.LZMACompressorInputStream.matches: computing test cases
src/main/java/org/apache/commons/compress/compressors/lzma/LZMACompressorInputStream.java: org.apache.commons.compress.compressors.lzma.LZMACompressorInputStream.matches: computed 9 unit tests
src/main/java/org/apache/commons/compress/compressors/lzma/LZMACompressorInputStream.java: org.apache.commons.compress.compressors.lzma.LZMACompressorInputStream.matches: found 3 problems
src/main/java/org/apache/commons/compress/compressors/lzma/LZMACompressorInputStream.java:102:13: critical: org.apache.commons.compress.compressors.lzma.LZMACompressorInputStream.matches: uncaught ArrayIndexOutOfBoundsException
src/main/java/org/apache/commons/compress/compressors/lzma/LZMACompressorInputStream.java:106:13: critical: org.apache.commons.compress.compressors.lzma.LZMACompressorInputStream.matches: uncaught ArrayIndexOutOfBoundsException
src/main/java/org/apache/commons/compress/compressors/lzma/LZMACompressorInputStream.java:110:13: critical: org.apache.commons.compress.compressors.lzma.LZMACompressorInputStream.matches: uncaught ArrayIndexOutOfBoundsException
src/main/java/org/apache/commons/compress/compressors/lzma/LZMACompressorInputStream.java: org.apache.commons.compress.compressors.lzma.LZMACompressorInputStream.available: computing test cases
src/main/java/org/apache/commons/compress/compressors/lzma/LZMACompressorInputStream.java: org.apache.commons.compress.compressors.lzma.LZMACompressorInputStream.available: computed 1 unit tests
src/main/java/org/apache/commons/compress/compressors/lzma/LZMACompressorInputStream.java: org.apache.commons.compress.compressors.lzma.LZMACompressorInputStream.available: found 1 problems
src/main/java/org/apache/commons/compress/compressors/lzma/LZMACompressorInputStream.java:76:16: critical: org.apache.commons.compress.compressors.lzma.LZMACompressorInputStream.available: uncaught java.lang.NullPointerException
src/main/java/org/apache/commons/compress/compressors/bzip2/BZip2Utils.java: org.apache.commons.compress.compressors.bzip2.BZip2Utils.getCompressedFilename: computing test cases
src/main/java/org/apache/commons/compress/compressors/bzip2/BZip2Utils.java: org.apache.commons.compress.compressors.bzip2.BZip2Utils.getCompressedFilename: computed 0 unit tests
src/main/java/org/apache/commons/compress/compressors/bzip2/BZip2Utils.java: org.apache.commons.compress.compressors.bzip2.BZip2Utils.getCompressedFilename: found 0 problems
src/main/java/org/apache/commons/compress/compressors/bzip2/BZip2Utils.java: org.apache.commons.compress.compressors.bzip2.BZip2Utils.isCompressedFilename: computing test cases
src/main/java/org/apache/commons/compress/compressors/bzip2/BZip2Utils.java: org.apache.commons.compress.compressors.bzip2.BZip2Utils.isCompressedFilename: computed 0 unit tests
src/main/java/org/apache/commons/compress/compressors/bzip2/BZip2Utils.java: org.apache.commons.compress.compressors.bzip2.BZip2Utils.isCompressedFilename: found 0 problems
src/main/java/org/apache/commons/compress/compressors/bzip2/BZip2Utils.java: org.apache.commons.compress.compressors.bzip2.BZip2Utils.getUncompressedFilename: computing test cases
src/main/java/org/apache/commons/compress/compressors/bzip2/BZip2Utils.java: org.apache.commons.compress.compressors.bzip2.BZip2Utils.getUncompressedFilename: computed 0 unit tests
src/main/java/org/apache/commons/compress/compressors/bzip2/BZip2Utils.java: org.apache.commons.compress.compressors.bzip2.BZip2Utils.getUncompressedFilename: found 0 problems
src/main/java/org/apache/commons/compress/compressors/gzip/GzipCompressorInputStream.java: org.apache.commons.compress.compressors.gzip.GzipCompressorInputStream.GzipCompressorInputStream: computing test cases
src/main/java/org/apache/commons/compress/compressors/gzip/GzipCompressorInputStream.java: org.apache.commons.compress.compressors.gzip.GzipCompressorInputStream.GzipCompressorInputStream: found 1 problems
src/main/java/org/apache/commons/compress/compressors/gzip/GzipCompressorInputStream.java: internal error: org.apache.commons.compress.compressors.gzip.GzipCompressorInputStream.GzipCompressorInputStream: unknown type kind
	data: unsupported(java/util/zip/Inflater)
src/main/java/org/apache/commons/compress/compressors/gzip/GzipCompressorInputStream.java: org.apache.commons.compress.compressors.gzip.GzipCompressorInputStream.GzipCompressorInputStream: computing test cases
src/main/java/org/apache/commons/compress/compressors/gzip/GzipCompressorInputStream.java: org.apache.commons.compress.compressors.gzip.GzipCompressorInputStream.GzipCompressorInputStream: found 1 problems
src/main/java/org/apache/commons/compress/compressors/gzip/GzipCompressorInputStream.java: internal error: org.apache.commons.compress.compressors.gzip.GzipCompressorInputStream.GzipCompressorInputStream: unknown type kind
	data: unsupported(java/util/zip/Inflater)
src/main/java/org/apache/commons/compress/compressors/gzip/GzipCompressorInputStream.java: org.apache.commons.compress.compressors.gzip.GzipCompressorInputStream.getMetaData: computing test cases
src/main/java/org/apache/commons/compress/compressors/gzip/GzipCompressorInputStream.java: org.apache.commons.compress.compressors.gzip.GzipCompressorInputStream.getMetaData: found 1 problems
src/main/java/org/apache/commons/compress/compressors/gzip/GzipCompressorInputStream.java: internal error: org.apache.commons.compress.compressors.gzip.GzipCompressorInputStream.getMetaData: unknown type kind
	data: unsupported(java/util/zip/Inflater)
src/main/java/org/apache/commons/compress/compressors/gzip/GzipCompressorInputStream.java: org.apache.commons.compress.compressors.gzip.GzipCompressorInputStream.read: computing test cases
src/main/java/org/apache/commons/compress/compressors/gzip/GzipCompressorInputStream.java: org.apache.commons.compress.compressors.gzip.GzipCompressorInputStream.read: found 1 problems
src/main/java/org/apache/commons/compress/compressors/gzip/GzipCompressorInputStream.java: internal error: org.apache.commons.compress.compressors.gzip.GzipCompressorInputStream.read: unknown type kind
	data: unsupported(java/util/zip/Inflater)
src/main/java/org/apache/commons/compress/compressors/gzip/GzipCompressorInputStream.java: org.apache.commons.compress.compressors.gzip.GzipCompressorInputStream.matches: computing test cases
src/main/java/org/apache/commons/compress/compressors/gzip/GzipCompressorInputStream.java: org.apache.commons.compress.compressors.gzip.GzipCompressorInputStream.matches: computed 7 unit tests
src/main/java/org/apache/commons/compress/compressors/gzip/GzipCompressorInputStream.java: org.apache.commons.compress.compressors.gzip.GzipCompressorInputStream.matches: found 3 problems
src/main/java/org/apache/commons/compress/compressors/gzip/GzipCompressorInputStream.java:358:13: critical: org.apache.commons.compress.compressors.gzip.GzipCompressorInputStream.matches: uncaught ArrayIndexOutOfBoundsException
src/main/java/org/apache/commons/compress/compressors/gzip/GzipCompressorInputStream.java:362:13: critical: org.apache.commons.compress.compressors.gzip.GzipCompressorInputStream.matches: uncaught ArrayIndexOutOfBoundsException
src/main/java/org/apache/commons/compress/compressors/gzip/GzipCompressorInputStream.java:358:13: critical: org.apache.commons.compress.compressors.gzip.GzipCompressorInputStream.matches: uncaught java.lang.NullPointerException
src/main/java/org/apache/commons/compress/compressors/gzip/GzipCompressorInputStream.java: org.apache.commons.compress.compressors.gzip.GzipCompressorInputStream.read: computing test cases
src/main/java/org/apache/commons/compress/compressors/gzip/GzipCompressorInputStream.java: org.apache.commons.compress.compressors.gzip.GzipCompressorInputStream.read: found 1 problems
src/main/java/org/apache/commons/compress/compressors/gzip/GzipCompressorInputStream.java: internal error: org.apache.commons.compress.compressors.gzip.GzipCompressorInputStream.read: unknown type kind
	data: unsupported(java/util/zip/Inflater)
src/main/java/org/apache/commons/compress/compressors/gzip/GzipCompressorInputStream.java: org.apache.commons.compress.compressors.gzip.GzipCompressorInputStream.close: computing test cases
src/main/java/org/apache/commons/compress/compressors/gzip/GzipCompressorInputStream.java: org.apache.commons.compress.compressors.gzip.GzipCompressorInputStream.close: found 1 problems
src/main/java/org/apache/commons/compress/compressors/gzip/GzipCompressorInputStream.java: internal error: org.apache.commons.compress.compressors.gzip.GzipCompressorInputStream.close: unknown type kind
	data: unsupported(java/util/zip/Inflater)
src/main/java/org/apache/commons/compress/compressors/snappy/SnappyCompressorInputStream.java: org.apache.commons.compress.compressors.snappy.SnappyCompressorInputStream.SnappyCompressorInputStream: computing test cases
src/main/java/org/apache/commons/compress/compressors/snappy/SnappyCompressorInputStream.java: org.apache.commons.compress.compressors.snappy.SnappyCompressorInputStream.SnappyCompressorInputStream: computed 0 unit tests
src/main/java/org/apache/commons/compress/compressors/snappy/SnappyCompressorInputStream.java: org.apache.commons.compress.compressors.snappy.SnappyCompressorInputStream.SnappyCompressorInputStream: found 0 problems
src/main/java/org/apache/commons/compress/compressors/snappy/SnappyCompressorInputStream.java: org.apache.commons.compress.compressors.snappy.SnappyCompressorInputStream.SnappyCompressorInputStream: computing test cases
src/main/java/org/apache/commons/compress/compressors/snappy/SnappyCompressorInputStream.java: org.apache.commons.compress.compressors.snappy.SnappyCompressorInputStream.SnappyCompressorInputStream: computed 2 unit tests
src/main/java/org/apache/commons/compress/compressors/snappy/SnappyCompressorInputStream.java: org.apache.commons.compress.compressors.snappy.SnappyCompressorInputStream.SnappyCompressorInputStream: found 4 problems
src/main/java/org/apache/commons/compress/compressors/snappy/SnappyCompressorInputStream.java: unsupported: org.apache.commons.compress.compressors.snappy.SnappyCompressorInputStream.SnappyCompressorInputStream: unsupported access
	data: function(variable(this, pointer(reference(java/io/InputStream))), java/io/InputStream//read!d41d8cd98f00b204e9800998ecf8427e, [], [variable(, primitive(int, 32, false))], <nil>)
src/main/java/org/apache/commons/compress/compressors/snappy/SnappyCompressorInputStream.java:101:30: critical: org.apache.commons.compress.compressors.snappy.SnappyCompressorInputStream.SnappyCompressorInputStream: uncaught NegativeArraySizeException
src/main/java/org/apache/commons/compress/compressors/snappy/SnappyCompressorInputStream.java:101:39: critical: org.apache.commons.compress.compressors.snappy.SnappyCompressorInputStream.SnappyCompressorInputStream: uncaught ArithmeticException: integer overflow
		at java.lang.Math.multiplyExact
src/main/java/org/apache/commons/compress/compressors/snappy/SnappyCompressorInputStream.java:101:30: critical: org.apache.commons.compress.compressors.snappy.SnappyCompressorInputStream.SnappyCompressorInputStream: uncaught NegativeArraySizeException
src/main/java/org/apache/commons/compress/compressors/snappy/SnappyCompressorInputStream.java: org.apache.commons.compress.compressors.snappy.SnappyCompressorInputStream.getSize: computing test cases
src/main/java/org/apache/commons/compress/compressors/snappy/SnappyCompressorInputStream.java: org.apache.commons.compress.compressors.snappy.SnappyCompressorInputStream.getSize: computed 0 unit tests
src/main/java/org/apache/commons/compress/compressors/snappy/SnappyCompressorInputStream.java: org.apache.commons.compress.compressors.snappy.SnappyCompressorInputStream.getSize: found 1 problems
src/main/java/org/apache/commons/compress/compressors/snappy/SnappyCompressorInputStream.java: internal error: org.apache.commons.compress.compressors.snappy.SnappyCompressorInputStream.getSize: unknown type kind
	data: [==(select(VariableReference(@m_0, pointer(struct(org/apache/commons/compress/compressors/snappy/SnappyCompressorInputStream, [], [pointer(reference(org/apache/commons/compress/compressors/CompressorInputStream))], [])), @m_0_0), decompressBuf), nil) array(primitive(int, 8, false), primitive(int, 32, false), 0)]
src/main/java/org/apache/commons/compress/compressors/snappy/SnappyCompressorInputStream.java: org.apache.commons.compress.compressors.snappy.SnappyCompressorInputStream.close: computing test cases
src/main/java/org/apache/commons/compress/compressors/snappy/SnappyCompressorInputStream.java: org.apache.commons.compress.compressors.snappy.SnappyCompressorInputStream.close: computed 0 unit tests
src/main/java/org/apache/commons/compress/compressors/snappy/SnappyCompressorInputStream.java: org.apache.commons.compress.compressors.snappy.SnappyCompressorInputStream.close: found 1 problems
src/main/java/org/apache/commons/compress/compressors/snappy/SnappyCompressorInputStream.java: internal error: org.apache.commons.compress.compressors.snappy.SnappyCompressorInputStream.close: unknown type kind
	data: [==(select(VariableReference(@m_0, pointer(struct(org/apache/commons/compress/compressors/snappy/SnappyCompressorInputStream, [], [pointer(reference(org/apache/commons/compress/compressors/CompressorInputStream))], [])), @m_0_0), decompressBuf), nil) array(primitive(int, 8, false), primitive(int, 32, false), 0)]
src/main/java/org/apache/commons/compress/compressors/snappy/SnappyCompressorInputStream.java: org.apache.commons.compress.compressors.snappy.SnappyCompressorInputStream.read: computing test cases
src/main/java/org/apache/commons/compress/compressors/snappy/SnappyCompressorInputStream.java: org.apache.commons.compress.compressors.snappy.SnappyCompressorInputStream.read: computed 0 unit tests
src/main/java/org/apache/commons/compress/compressors/snappy/SnappyCompressorInputStream.java: org.apache.commons.compress.compressors.snappy.SnappyCompressorInputStream.read: found 1 problems
src/main/java/org/apache/commons/compress/compressors/snappy/SnappyCompressorInputStream.java: internal error: org.apache.commons.compress.compressors.snappy.SnappyCompressorInputStream.read: unknown type kind
	data: [==(select(VariableReference(@m_0, pointer(struct(org/apache/commons/compress/compressors/snappy/SnappyCompressorInputStream, [], [pointer(reference(org/apache/commons/compress/compressors/CompressorInputStream))], [])), @m_0_0), decompressBuf), nil) array(primitive(int, 8, false), primitive(int, 32, false), 0)]
src/main/java/org/apache/commons/compress/compressors/snappy/SnappyCompressorInputStream.java: org.apache.commons.compress.compressors.snappy.SnappyCompressorInputStream.read: computing test cases
src/main/java/org/apache/commons/compress/compressors/snappy/SnappyCompressorInputStream.java: org.apache.commons.compress.compressors.snappy.SnappyCompressorInputStream.read: computed 0 unit tests
src/main/java/org/apache/commons/compress/compressors/snappy/SnappyCompressorInputStream.java: org.apache.commons.compress.compressors.snappy.SnappyCompressorInputStream.read: found 1 problems
src/main/java/org/apache/commons/compress/compressors/snappy/SnappyCompressorInputStream.java: internal error: org.apache.commons.compress.compressors.snappy.SnappyCompressorInputStream.read: unknown type kind
	data: [==(select(VariableReference(@m_0, pointer(struct(org/apache/commons/compress/compressors/snappy/SnappyCompressorInputStream, [], [pointer(reference(org/apache/commons/compress/compressors/CompressorInputStream))], [])), @m_0_0), decompressBuf), nil) array(primitive(int, 8, false), primitive(int, 32, false), 0)]
src/main/java/org/apache/commons/compress/compressors/snappy/SnappyCompressorInputStream.java: org.apache.commons.compress.compressors.snappy.SnappyCompressorInputStream.available: computing test cases
src/main/java/org/apache/commons/compress/compressors/snappy/SnappyCompressorInputStream.java: org.apache.commons.compress.compressors.snappy.SnappyCompressorInputStream.available: computed 0 unit tests
src/main/java/org/apache/commons/compress/compressors/snappy/SnappyCompressorInputStream.java: org.apache.commons.compress.compressors.snappy.SnappyCompressorInputStream.available: found 1 problems
src/main/java/org/apache/commons/compress/compressors/snappy/SnappyCompressorInputStream.java: internal error: org.apache.commons.compress.compressors.snappy.SnappyCompressorInputStream.available: unknown type kind
	data: [==(select(VariableReference(@m_0, pointer(struct(org/apache/commons/compress/compressors/snappy/SnappyCompressorInputStream, [], [pointer(reference(org/apache/commons/compress/compressors/CompressorInputStream))], [])), @m_0_0), decompressBuf), nil) array(primitive(int, 8, false), primitive(int, 32, false), 0)]
src/main/java/org/apache/commons/compress/compressors/bzip2/BZip2CompressorInputStream.java: org.apache.commons.compress.compressors.bzip2.BZip2CompressorInputStream.read: computing test cases
src/main/java/org/apache/commons/compress/compressors/bzip2/BZip2CompressorInputStream.java: org.apache.commons.compress.compressors.bzip2.BZip2CompressorInputStream.read: computed 0 unit tests
src/main/java/org/apache/commons/compress/compressors/bzip2/BZip2CompressorInputStream.java: org.apache.commons.compress.compressors.bzip2.BZip2CompressorInputStream.read: found 0 problems
src/main/java/org/apache/commons/compress/compressors/bzip2/BZip2CompressorInputStream.java: org.apache.commons.compress.compressors.bzip2.BZip2CompressorInputStream.BZip2CompressorInputStream: computing test cases
src/main/java/org/apache/commons/compress/compressors/bzip2/BZip2CompressorInputStream.java: org.apache.commons.compress.compressors.bzip2.BZip2CompressorInputStream.BZip2CompressorInputStream: computed 0 unit tests
src/main/java/org/apache/commons/compress/compressors/bzip2/BZip2CompressorInputStream.java: org.apache.commons.compress.compressors.bzip2.BZip2CompressorInputStream.BZip2CompressorInputStream: found 1 problems
src/main/java/org/apache/commons/compress/compressors/bzip2/BZip2CompressorInputStream.java: unsupported: org.apache.commons.compress.compressors.bzip2.BZip2CompressorInputStream.BZip2CompressorInputStream: unsupported access
	data: function(variable(this, pointer(reference(java/io/InputStream))), java/io/InputStream//read!d41d8cd98f00b204e9800998ecf8427e, [], [variable(, primitive(int, 32, false))], <nil>)
src/main/java/org/apache/commons/compress/compressors/bzip2/BZip2CompressorInputStream.java: org.apache.commons.compress.compressors.bzip2.BZip2CompressorInputStream.BZip2CompressorInputStream: computing test cases
src/main/java/org/apache/commons/compress/compressors/bzip2/BZip2CompressorInputStream.java: org.apache.commons.compress.compressors.bzip2.BZip2CompressorInputStream.BZip2CompressorInputStream: computed 0 unit tests
src/main/java/org/apache/commons/compress/compressors/bzip2/BZip2CompressorInputStream.java: org.apache.commons.compress.compressors.bzip2.BZip2CompressorInputStream.BZip2CompressorInputStream: found 1 problems
src/main/java/org/apache/commons/compress/compressors/bzip2/BZip2CompressorInputStream.java: unsupported: org.apache.commons.compress.compressors.bzip2.BZip2CompressorInputStream.BZip2CompressorInputStream: unsupported access
	data: function(variable(this, pointer(reference(java/io/InputStream))), java/io/InputStream//read!d41d8cd98f00b204e9800998ecf8427e, [], [variable(, primitive(int, 32, false))], <nil>)
src/main/java/org/apache/commons/compress/compressors/bzip2/BZip2CompressorInputStream.java: org.apache.commons.compress.compressors.bzip2.BZip2CompressorInputStream.read: computing test cases
src/main/java/org/apache/commons/compress/compressors/bzip2/BZip2CompressorInputStream.java: org.apache.commons.compress.compressors.bzip2.BZip2CompressorInputStream.read: computed 0 unit tests
src/main/java/org/apache/commons/compress/compressors/bzip2/BZip2CompressorInputStream.java: org.apache.commons.compress.compressors.bzip2.BZip2CompressorInputStream.read: found 0 problems
src/main/java/org/apache/commons/compress/compressors/bzip2/BZip2CompressorInputStream.java: org.apache.commons.compress.compressors.bzip2.BZip2CompressorInputStream.matches: computing test cases
src/main/java/org/apache/commons/compress/compressors/bzip2/BZip2CompressorInputStream.java: org.apache.commons.compress.compressors.bzip2.BZip2CompressorInputStream.matches: computed 9 unit tests
src/main/java/org/apache/commons/compress/compressors/bzip2/BZip2CompressorInputStream.java: org.apache.commons.compress.compressors.bzip2.BZip2CompressorInputStream.matches: found 4 problems
src/main/java/org/apache/commons/compress/compressors/bzip2/BZip2CompressorInputStream.java:1024:13: critical: org.apache.commons.compress.compressors.bzip2.BZip2CompressorInputStream.matches: uncaught ArrayIndexOutOfBoundsException
src/main/java/org/apache/commons/compress/compressors/bzip2/BZip2CompressorInputStream.java:1028:13: critical: org.apache.commons.compress.compressors.bzip2.BZip2CompressorInputStream.matches: uncaught ArrayIndexOutOfBoundsException
src/main/java/org/apache/commons/compress/compressors/bzip2/BZip2CompressorInputStream.java:1032:13: critical: org.apache.commons.compress.compressors.bzip2.BZip2CompressorInputStream.matches: uncaught ArrayIndexOutOfBoundsException
src/main/java/org/apache/commons/compress/compressors/bzip2/BZip2CompressorInputStream.java:1024:13: critical: org.apache.commons.compress.compressors.bzip2.BZip2CompressorInputStream.matches: uncaught java.lang.NullPointerException
src/main/java/org/apache/commons/compress/compressors/bzip2/BZip2CompressorInputStream.java: org.apache.commons.compress.compressors.bzip2.BZip2CompressorInputStream.close: computing test cases
src/main/java/org/apache/commons/compress/compressors/bzip2/BZip2CompressorInputStream.java: org.apache.commons.compress.compressors.bzip2.BZip2CompressorInputStream.close: computed 1 unit tests
src/main/java/org/apache/commons/compress/compressors/bzip2/BZip2CompressorInputStream.java: org.apache.commons.compress.compressors.bzip2.BZip2CompressorInputStream.close: found 0 problems
src/main/java/org/apache/commons/compress/compressors/bzip2/CRC.java: org.apache.commons.compress.compressors.bzip2.CRC.initialiseCRC: computing test cases
src/main/java/org/apache/commons/compress/compressors/bzip2/CRC.java: org.apache.commons.compress.compressors.bzip2.CRC.initialiseCRC: computed 0 unit tests
src/main/java/org/apache/commons/compress/compressors/bzip2/CRC.java: org.apache.commons.compress.compressors.bzip2.CRC.initialiseCRC: found 1 problems
src/main/java/org/apache/commons/compress/compressors/bzip2/CRC.java: internal error: org.apache.commons.compress.compressors.bzip2.CRC.initialiseCRC: malformed data
src/main/java/org/apache/commons/compress/compressors/bzip2/CRC.java: org.apache.commons.compress.compressors.bzip2.CRC.setGlobalCRC: computing test cases
src/main/java/org/apache/commons/compress/compressors/bzip2/CRC.java: org.apache.commons.compress.compressors.bzip2.CRC.setGlobalCRC: computed 0 unit tests
src/main/java/org/apache/commons/compress/compressors/bzip2/CRC.java: org.apache.commons.compress.compressors.bzip2.CRC.setGlobalCRC: found 1 problems
src/main/java/org/apache/commons/compress/compressors/bzip2/CRC.java: internal error: org.apache.commons.compress.compressors.bzip2.CRC.setGlobalCRC: malformed data
src/main/java/org/apache/commons/compress/compressors/bzip2/CRC.java: org.apache.commons.compress.compressors.bzip2.CRC.updateCRC: computing test cases
src/main/java/org/apache/commons/compress/compressors/bzip2/CRC.java: org.apache.commons.compress.compressors.bzip2.CRC.updateCRC: computed 0 unit tests
src/main/java/org/apache/commons/compress/compressors/bzip2/CRC.java: org.apache.commons.compress.compressors.bzip2.CRC.updateCRC: found 1 problems
src/main/java/org/apache/commons/compress/compressors/bzip2/CRC.java: internal error: org.apache.commons.compress.compressors.bzip2.CRC.updateCRC: malformed data
src/main/java/org/apache/commons/compress/compressors/bzip2/CRC.java: org.apache.commons.compress.compressors.bzip2.CRC.getFinalCRC: computing test cases
src/main/java/org/apache/commons/compress/compressors/bzip2/CRC.java: org.apache.commons.compress.compressors.bzip2.CRC.getFinalCRC: computed 0 unit tests
src/main/java/org/apache/commons/compress/compressors/bzip2/CRC.java: org.apache.commons.compress.compressors.bzip2.CRC.getFinalCRC: found 1 problems
src/main/java/org/apache/commons/compress/compressors/bzip2/CRC.java: internal error: org.apache.commons.compress.compressors.bzip2.CRC.getFinalCRC: malformed data
src/main/java/org/apache/commons/compress/compressors/bzip2/CRC.java: org.apache.commons.compress.compressors.bzip2.CRC.CRC: computing test cases
src/main/java/org/apache/commons/compress/compressors/bzip2/CRC.java: org.apache.commons.compress.compressors.bzip2.CRC.CRC: computed 0 unit tests
src/main/java/org/apache/commons/compress/compressors/bzip2/CRC.java: org.apache.commons.compress.compressors.bzip2.CRC.CRC: found 1 problems
src/main/java/org/apache/commons/compress/compressors/bzip2/CRC.java: internal error: org.apache.commons.compress.compressors.bzip2.CRC.CRC: malformed data
src/main/java/org/apache/commons/compress/compressors/bzip2/CRC.java: org.apache.commons.compress.compressors.bzip2.CRC.getGlobalCRC: computing test cases
src/main/java/org/apache/commons/compress/compressors/bzip2/CRC.java: org.apache.commons.compress.compressors.bzip2.CRC.getGlobalCRC: computed 0 unit tests
src/main/java/org/apache/commons/compress/compressors/bzip2/CRC.java: org.apache.commons.compress.compressors.bzip2.CRC.getGlobalCRC: found 1 problems
src/main/java/org/apache/commons/compress/compressors/bzip2/CRC.java: internal error: org.apache.commons.compress.compressors.bzip2.CRC.getGlobalCRC: malformed data
src/main/java/org/apache/commons/compress/compressors/bzip2/CRC.java: org.apache.commons.compress.compressors.bzip2.CRC.updateCRC: computing test cases
src/main/java/org/apache/commons/compress/compressors/bzip2/CRC.java: org.apache.commons.compress.compressors.bzip2.CRC.updateCRC: computed 0 unit tests
src/main/java/org/apache/commons/compress/compressors/bzip2/CRC.java: org.apache.commons.compress.compressors.bzip2.CRC.updateCRC: found 1 problems
src/main/java/org/apache/commons/compress/compressors/bzip2/CRC.java: internal error: org.apache.commons.compress.compressors.bzip2.CRC.updateCRC: malformed data
src/main/java/org/apache/commons/compress/compressors/pack200/Pack200CompressorInputStream.java: org.apache.commons.compress.compressors.pack200.Pack200CompressorInputStream.matches: computing test cases
src/main/java/org/apache/commons/compress/compressors/pack200/Pack200CompressorInputStream.java: org.apache.commons.compress.compressors.pack200.Pack200CompressorInputStream.matches: computed 0 unit tests
src/main/java/org/apache/commons/compress/compressors/pack200/Pack200CompressorInputStream.java: org.apache.commons.compress.compressors.pack200.Pack200CompressorInputStream.matches: found 1 problems
src/main/java/org/apache/commons/compress/compressors/pack200/Pack200CompressorInputStream.java: internal error: org.apache.commons.compress.compressors.pack200.Pack200CompressorInputStream.matches: malformed data
src/main/java/org/apache/commons/compress/compressors/pack200/Pack200CompressorInputStream.java: org.apache.commons.compress.compressors.pack200.Pack200CompressorInputStream.Pack200CompressorInputStream: computing test cases
src/main/java/org/apache/commons/compress/compressors/pack200/Pack200CompressorInputStream.java: org.apache.commons.compress.compressors.pack200.Pack200CompressorInputStream.Pack200CompressorInputStream: computed 0 unit tests
src/main/java/org/apache/commons/compress/compressors/pack200/Pack200CompressorInputStream.java: org.apache.commons.compress.compressors.pack200.Pack200CompressorInputStream.Pack200CompressorInputStream: found 1 problems
src/main/java/org/apache/commons/compress/compressors/pack200/Pack200CompressorInputStream.java: unsupported: org.apache.commons.compress.compressors.pack200.Pack200CompressorInputStream.Pack200CompressorInputStream: encountered an unsupported type
	data: unsupported(java/io/File)
src/main/java/org/apache/commons/compress/compressors/pack200/Pack200CompressorInputStream.java: org.apache.commons.compress.compressors.pack200.Pack200CompressorInputStream.read: computing test cases
src/main/java/org/apache/commons/compress/compressors/pack200/Pack200CompressorInputStream.java: org.apache.commons.compress.compressors.pack200.Pack200CompressorInputStream.read: computed 0 unit tests
src/main/java/org/apache/commons/compress/compressors/pack200/Pack200CompressorInputStream.java: org.apache.commons.compress.compressors.pack200.Pack200CompressorInputStream.read: found 1 problems
src/main/java/org/apache/commons/compress/compressors/pack200/Pack200CompressorInputStream.java: internal error: org.apache.commons.compress.compressors.pack200.Pack200CompressorInputStream.read: malformed data
src/main/java/org/apache/commons/compress/compressors/pack200/Pack200CompressorInputStream.java: org.apache.commons.compress.compressors.pack200.Pack200CompressorInputStream.close: computing test cases
src/main/java/org/apache/commons/compress/compressors/pack200/Pack200CompressorInputStream.java: org.apache.commons.compress.compressors.pack200.Pack200CompressorInputStream.close: computed 0 unit tests
src/main/java/org/apache/commons/compress/compressors/pack200/Pack200CompressorInputStream.java: org.apache.commons.compress.compressors.pack200.Pack200CompressorInputStream.close: found 1 problems
src/main/java/org/apache/commons/compress/compressors/pack200/Pack200CompressorInputStream.java: internal error: org.apache.commons.compress.compressors.pack200.Pack200CompressorInputStream.close: recovered panic
	data: runtime error: invalid memory address or nil pointer dereference
src/main/java/org/apache/commons/compress/compressors/pack200/Pack200CompressorInputStream.java: org.apache.commons.compress.compressors.pack200.Pack200CompressorInputStream.reset: computing test cases
src/main/java/org/apache/commons/compress/compressors/pack200/Pack200CompressorInputStream.java: org.apache.commons.compress.compressors.pack200.Pack200CompressorInputStream.reset: computed 0 unit tests
src/main/java/org/apache/commons/compress/compressors/pack200/Pack200CompressorInputStream.java: org.apache.commons.compress.compressors.pack200.Pack200CompressorInputStream.reset: found 1 problems
src/main/java/org/apache/commons/compress/compressors/pack200/Pack200CompressorInputStream.java: internal error: org.apache.commons.compress.compressors.pack200.Pack200CompressorInputStream.reset: malformed data
src/main/java/org/apache/commons/compress/compressors/pack200/Pack200CompressorInputStream.java: org.apache.commons.compress.compressors.pack200.Pack200CompressorInputStream.Pack200CompressorInputStream: computing test cases
src/main/java/org/apache/commons/compress/compressors/pack200/Pack200CompressorInputStream.java: org.apache.commons.compress.compressors.pack200.Pack200CompressorInputStream.Pack200CompressorInputStream: computed 0 unit tests
src/main/java/org/apache/commons/compress/compressors/pack200/Pack200CompressorInputStream.java: org.apache.commons.compress.compressors.pack200.Pack200CompressorInputStream.Pack200CompressorInputStream: found 1 problems
src/main/java/org/apache/commons/compress/compressors/pack200/Pack200CompressorInputStream.java: unsupported: org.apache.commons.compress.compressors.pack200.Pack200CompressorInputStream.Pack200CompressorInputStream: encountered an unsupported type
	data: unsupported(Pack200Strategy)
src/main/java/org/apache/commons/compress/compressors/pack200/Pack200CompressorInputStream.java: org.apache.commons.compress.compressors.pack200.Pack200CompressorInputStream.Pack200CompressorInputStream: computing test cases
src/main/java/org/apache/commons/compress/compressors/pack200/Pack200CompressorInputStream.java: org.apache.commons.compress.compressors.pack200.Pack200CompressorInputStream.Pack200CompressorInputStream: computed 0 unit tests
src/main/java/org/apache/commons/compress/compressors/pack200/Pack200CompressorInputStream.java: org.apache.commons.compress.compressors.pack200.Pack200CompressorInputStream.Pack200CompressorInputStream: found 1 problems
src/main/java/org/apache/commons/compress/compressors/pack200/Pack200CompressorInputStream.java: unsupported: org.apache.commons.compress.compressors.pack200.Pack200CompressorInputStream.Pack200CompressorInputStream: encountered an unsupported type
	data: unsupported(java/io/File)
src/main/java/org/apache/commons/compress/compressors/pack200/Pack200CompressorInputStream.java: org.apache.commons.compress.compressors.pack200.Pack200CompressorInputStream.read: computing test cases
src/main/java/org/apache/commons/compress/compressors/pack200/Pack200CompressorInputStream.java: org.apache.commons.compress.compressors.pack200.Pack200CompressorInputStream.read: computed 0 unit tests
src/main/java/org/apache/commons/compress/compressors/pack200/Pack200CompressorInputStream.java: org.apache.commons.compress.compressors.pack200.Pack200CompressorInputStream.read: found 1 problems
src/main/java/org/apache/commons/compress/compressors/pack200/Pack200CompressorInputStream.java: internal error: org.apache.commons.compress.compressors.pack200.Pack200CompressorInputStream.read: malformed data
src/main/java/org/apache/commons/compress/compressors/pack200/Pack200CompressorInputStream.java: org.apache.commons.compress.compressors.pack200.Pack200CompressorInputStream.mark: computing test cases
src/main/java/org/apache/commons/compress/compressors/pack200/Pack200CompressorInputStream.java: org.apache.commons.compress.compressors.pack200.Pack200CompressorInputStream.mark: computed 0 unit tests
src/main/java/org/apache/commons/compress/compressors/pack200/Pack200CompressorInputStream.java: org.apache.commons.compress.compressors.pack200.Pack200CompressorInputStream.mark: found 1 problems
src/main/java/org/apache/commons/compress/compressors/pack200/Pack200CompressorInputStream.java: internal error: org.apache.commons.compress.compressors.pack200.Pack200CompressorInputStream.mark: malformed data
src/main/java/org/apache/commons/compress/compressors/pack200/Pack200CompressorInputStream.java: org.apache.commons.compress.compressors.pack200.Pack200CompressorInputStream.Pack200CompressorInputStream: computing test cases
src/main/java/org/apache/commons/compress/compressors/pack200/Pack200CompressorInputStream.java: org.apache.commons.compress.compressors.pack200.Pack200CompressorInputStream.Pack200CompressorInputStream: computed 0 unit tests
src/main/java/org/apache/commons/compress/compressors/pack200/Pack200CompressorInputStream.java: org.apache.commons.compress.compressors.pack200.Pack200CompressorInputStream.Pack200CompressorInputStream: found 0 problems
src/main/java/org/apache/commons/compress/compressors/pack200/Pack200CompressorInputStream.java: org.apache.commons.compress.compressors.pack200.Pack200CompressorInputStream.read: computing test cases
src/main/java/org/apache/commons/compress/compressors/pack200/Pack200CompressorInputStream.java: org.apache.commons.compress.compressors.pack200.Pack200CompressorInputStream.read: computed 0 unit tests
src/main/java/org/apache/commons/compress/compressors/pack200/Pack200CompressorInputStream.java: org.apache.commons.compress.compressors.pack200.Pack200CompressorInputStream.read: found 1 problems
src/main/java/org/apache/commons/compress/compressors/pack200/Pack200CompressorInputStream.java: internal error: org.apache.commons.compress.compressors.pack200.Pack200CompressorInputStream.read: malformed data
src/main/java/org/apache/commons/compress/compressors/pack200/Pack200CompressorInputStream.java: org.apache.commons.compress.compressors.pack200.Pack200CompressorInputStream.Pack200CompressorInputStream: computing test cases
src/main/java/org/apache/commons/compress/compressors/pack200/Pack200CompressorInputStream.java: org.apache.commons.compress.compressors.pack200.Pack200CompressorInputStream.Pack200CompressorInputStream: computed 0 unit tests
src/main/java/org/apache/commons/compress/compressors/pack200/Pack200CompressorInputStream.java: org.apache.commons.compress.compressors.pack200.Pack200CompressorInputStream.Pack200CompressorInputStream: found 1 problems
src/main/java/org/apache/commons/compress/compressors/pack200/Pack200CompressorInputStream.java: unsupported: org.apache.commons.compress.compressors.pack200.Pack200CompressorInputStream.Pack200CompressorInputStream: encountered an unsupported type
	data: unsupported(Pack200Strategy)
src/main/java/org/apache/commons/compress/compressors/pack200/Pack200CompressorInputStream.java: org.apache.commons.compress.compressors.pack200.Pack200CompressorInputStream.skip: computing test cases
src/main/java/org/apache/commons/compress/compressors/pack200/Pack200CompressorInputStream.java: org.apache.commons.compress.compressors.pack200.Pack200CompressorInputStream.skip: computed 0 unit tests
src/main/java/org/apache/commons/compress/compressors/pack200/Pack200CompressorInputStream.java: org.apache.commons.compress.compressors.pack200.Pack200CompressorInputStream.skip: found 1 problems
src/main/java/org/apache/commons/compress/compressors/pack200/Pack200CompressorInputStream.java: internal error: org.apache.commons.compress.compressors.pack200.Pack200CompressorInputStream.skip: malformed data
src/main/java/org/apache/commons/compress/compressors/pack200/Pack200CompressorInputStream.java: org.apache.commons.compress.compressors.pack200.Pack200CompressorInputStream.Pack200CompressorInputStream: computing test cases
src/main/java/org/apache/commons/compress/compressors/pack200/Pack200CompressorInputStream.java: org.apache.commons.compress.compressors.pack200.Pack200CompressorInputStream.Pack200CompressorInputStream: computed 0 unit tests
src/main/java/org/apache/commons/compress/compressors/pack200/Pack200CompressorInputStream.java: org.apache.commons.compress.compressors.pack200.Pack200CompressorInputStream.Pack200CompressorInputStream: found 1 problems
src/main/java/org/apache/commons/compress/compressors/pack200/Pack200CompressorInputStream.java: unsupported: org.apache.commons.compress.compressors.pack200.Pack200CompressorInputStream.Pack200CompressorInputStream: encountered an unsupported type
	data: unsupported(java/io/File)
src/main/java/org/apache/commons/compress/compressors/pack200/Pack200CompressorInputStream.java: org.apache.commons.compress.compressors.pack200.Pack200CompressorInputStream.Pack200CompressorInputStream: computing test cases
src/main/java/org/apache/commons/compress/compressors/pack200/Pack200CompressorInputStream.java: org.apache.commons.compress.compressors.pack200.Pack200CompressorInputStream.Pack200CompressorInputStream: computed 0 unit tests
src/main/java/org/apache/commons/compress/compressors/pack200/Pack200CompressorInputStream.java: org.apache.commons.compress.compressors.pack200.Pack200CompressorInputStream.Pack200CompressorInputStream: found 1 problems
src/main/java/org/apache/commons/compress/compressors/pack200/Pack200CompressorInputStream.java: unsupported: org.apache.commons.compress.compressors.pack200.Pack200CompressorInputStream.Pack200CompressorInputStream: encountered an unsupported type
	data: unsupported(java/io/File)
src/main/java/org/apache/commons/compress/compressors/pack200/Pack200CompressorInputStream.java: org.apache.commons.compress.compressors.pack200.Pack200CompressorInputStream.markSupported: computing test cases
src/main/java/org/apache/commons/compress/compressors/pack200/Pack200CompressorInputStream.java: org.apache.commons.compress.compressors.pack200.Pack200CompressorInputStream.markSupported: computed 0 unit tests
src/main/java/org/apache/commons/compress/compressors/pack200/Pack200CompressorInputStream.java: org.apache.commons.compress.compressors.pack200.Pack200CompressorInputStream.markSupported: found 1 problems
src/main/java/org/apache/commons/compress/compressors/pack200/Pack200CompressorInputStream.java: internal error: org.apache.commons.compress.compressors.pack200.Pack200CompressorInputStream.markSupported: malformed data
src/main/java/org/apache/commons/compress/compressors/pack200/Pack200CompressorInputStream.java: org.apache.commons.compress.compressors.pack200.Pack200CompressorInputStream.Pack200CompressorInputStream: computing test cases
src/main/java/org/apache/commons/compress/compressors/pack200/Pack200CompressorInputStream.java: org.apache.commons.compress.compressors.pack200.Pack200CompressorInputStream.Pack200CompressorInputStream: computed 0 unit tests
src/main/java/org/apache/commons/compress/compressors/pack200/Pack200CompressorInputStream.java: org.apache.commons.compress.compressors.pack200.Pack200CompressorInputStream.Pack200CompressorInputStream: found 0 problems
src/main/java/org/apache/commons/compress/compressors/pack200/Pack200CompressorInputStream.java: org.apache.commons.compress.compressors.pack200.Pack200CompressorInputStream.available: computing test cases
src/main/java/org/apache/commons/compress/compressors/pack200/Pack200CompressorInputStream.java: org.apache.commons.compress.compressors.pack200.Pack200CompressorInputStream.available: computed 0 unit tests
src/main/java/org/apache/commons/compress/compressors/pack200/Pack200CompressorInputStream.java: org.apache.commons.compress.compressors.pack200.Pack200CompressorInputStream.available: found 1 problems
src/main/java/org/apache/commons/compress/compressors/pack200/Pack200CompressorInputStream.java: internal error: org.apache.commons.compress.compressors.pack200.Pack200CompressorInputStream.available: malformed data
src/main/java/org/apache/commons/compress/compressors/lzw/LZWInputStream.java: org.apache.commons.compress.compressors.lzw.LZWInputStream.addEntry: computing test cases
src/main/java/org/apache/commons/compress/compressors/lzw/LZWInputStream.java: org.apache.commons.compress.compressors.lzw.LZWInputStream.addEntry: function is abstract and therefore inaccessible for tests
src/main/java/org/apache/commons/compress/compressors/lzw/LZWInputStream.java: org.apache.commons.compress.compressors.lzw.LZWInputStream.LZWInputStream: computing test cases
src/main/java/org/apache/commons/compress/compressors/lzw/LZWInputStream.java: org.apache.commons.compress.compressors.lzw.LZWInputStream.LZWInputStream: computed 0 unit tests
src/main/java/org/apache/commons/compress/compressors/lzw/LZWInputStream.java: org.apache.commons.compress.compressors.lzw.LZWInputStream.read: computing test cases
src/main/java/org/apache/commons/compress/compressors/lzw/LZWInputStream.java: org.apache.commons.compress.compressors.lzw.LZWInputStream.read: computed 0 unit tests
src/main/java/org/apache/commons/compress/compressors/lzw/LZWInputStream.java: org.apache.commons.compress.compressors.lzw.LZWInputStream.initializeTables: computing test cases
src/main/java/org/apache/commons/compress/compressors/lzw/LZWInputStream.java: org.apache.commons.compress.compressors.lzw.LZWInputStream.initializeTables: computed 0 unit tests
src/main/java/org/apache/commons/compress/compressors/lzw/LZWInputStream.java: org.apache.commons.compress.compressors.lzw.LZWInputStream.addRepeatOfPreviousCode: computing test cases
src/main/java/org/apache/commons/compress/compressors/lzw/LZWInputStream.java: org.apache.commons.compress.compressors.lzw.LZWInputStream.addRepeatOfPreviousCode: computed 0 unit tests
src/main/java/org/apache/commons/compress/compressors/lzw/LZWInputStream.java: org.apache.commons.compress.compressors.lzw.LZWInputStream.addEntry: computing test cases
src/main/java/org/apache/commons/compress/compressors/lzw/LZWInputStream.java: org.apache.commons.compress.compressors.lzw.LZWInputStream.addEntry: computed 0 unit tests
src/main/java/org/apache/commons/compress/compressors/lzw/LZWInputStream.java: org.apache.commons.compress.compressors.lzw.LZWInputStream.expandCodeToOutputStack: computing test cases
src/main/java/org/apache/commons/compress/compressors/lzw/LZWInputStream.java: org.apache.commons.compress.compressors.lzw.LZWInputStream.expandCodeToOutputStack: computed 0 unit tests
src/main/java/org/apache/commons/compress/compressors/lzw/LZWInputStream.java: org.apache.commons.compress.compressors.lzw.LZWInputStream.setClearCode: computing test cases
src/main/java/org/apache/commons/compress/compressors/lzw/LZWInputStream.java: org.apache.commons.compress.compressors.lzw.LZWInputStream.setClearCode: computed 0 unit tests
src/main/java/org/apache/commons/compress/compressors/lzw/LZWInputStream.java: org.apache.commons.compress.compressors.lzw.LZWInputStream.close: computing test cases
src/main/java/org/apache/commons/compress/compressors/lzw/LZWInputStream.java: org.apache.commons.compress.compressors.lzw.LZWInputStream.close: computed 0 unit tests
src/main/java/org/apache/commons/compress/compressors/lzw/LZWInputStream.java: org.apache.commons.compress.compressors.lzw.LZWInputStream.read: computing test cases
src/main/java/org/apache/commons/compress/compressors/lzw/LZWInputStream.java: org.apache.commons.compress.compressors.lzw.LZWInputStream.read: computed 0 unit tests
src/main/java/org/apache/commons/compress/compressors/lzw/LZWInputStream.java: org.apache.commons.compress.compressors.lzw.LZWInputStream.decompressNextSymbol: computing test cases
src/main/java/org/apache/commons/compress/compressors/lzw/LZWInputStream.java: org.apache.commons.compress.compressors.lzw.LZWInputStream.decompressNextSymbol: function is abstract and therefore inaccessible for tests
src/main/java/org/apache/commons/compress/compressors/lzw/LZWInputStream.java: org.apache.commons.compress.compressors.lzw.LZWInputStream.readNextCode: computing test cases
src/main/java/org/apache/commons/compress/compressors/lzw/LZWInputStream.java: org.apache.commons.compress.compressors.lzw.LZWInputStream.readNextCode: computed 0 unit tests
src/main/java/org/apache/commons/compress/compressors/pack200/InMemoryCachingStreamBridge.java: org.apache.commons.compress.compressors.pack200.InMemoryCachingStreamBridge.InMemoryCachingStreamBridge: computing test cases
src/main/java/org/apache/commons/compress/compressors/pack200/InMemoryCachingStreamBridge.java: org.apache.commons.compress.compressors.pack200.InMemoryCachingStreamBridge.InMemoryCachingStreamBridge: computed 0 unit tests
src/main/java/org/apache/commons/compress/compressors/pack200/InMemoryCachingStreamBridge.java: org.apache.commons.compress.compressors.pack200.InMemoryCachingStreamBridge.InMemoryCachingStreamBridge: found 0 problems
src/main/java/org/apache/commons/compress/compressors/pack200/InMemoryCachingStreamBridge.java: org.apache.commons.compress.compressors.pack200.InMemoryCachingStreamBridge.getInputView: computing test cases
src/main/java/org/apache/commons/compress/compressors/pack200/InMemoryCachingStreamBridge.java: org.apache.commons.compress.compressors.pack200.InMemoryCachingStreamBridge.getInputView: computed 0 unit tests
src/main/java/org/apache/commons/compress/compressors/pack200/InMemoryCachingStreamBridge.java: org.apache.commons.compress.compressors.pack200.InMemoryCachingStreamBridge.getInputView: found 0 problems
src/main/java/org/apache/commons/compress/compressors/deflate/DeflateParameters.java: org.apache.commons.compress.compressors.deflate.DeflateParameters.withZlibHeader: computing test cases
src/main/java/org/apache/commons/compress/compressors/deflate/DeflateParameters.java: org.apache.commons.compress.compressors.deflate.DeflateParameters.withZlibHeader: computed 1 unit tests
src/main/java/org/apache/commons/compress/compressors/deflate/DeflateParameters.java: org.apache.commons.compress.compressors.deflate.DeflateParameters.withZlibHeader: found 0 problems
src/main/java/org/apache/commons/compress/compressors/deflate/DeflateParameters.java: org.apache.commons.compress.compressors.deflate.DeflateParameters.setCompressionLevel: computing test cases
src/main/java/org/apache/commons/compress/compressors/deflate/DeflateParameters.java: org.apache.commons.compress.compressors.deflate.DeflateParameters.setCompressionLevel: computed 3 unit tests
src/main/java/org/apache/commons/compress/compressors/deflate/DeflateParameters.java: org.apache.commons.compress.compressors.deflate.DeflateParameters.setCompressionLevel: found 2 problems
src/main/java/org/apache/commons/compress/compressors/deflate/DeflateParameters.java:72:13: critical: org.apache.commons.compress.compressors.deflate.DeflateParameters.setCompressionLevel: uncaught java.lang.IllegalArgumentException
src/main/java/org/apache/commons/compress/compressors/deflate/DeflateParameters.java:72:13: critical: org.apache.commons.compress.compressors.deflate.DeflateParameters.setCompressionLevel: uncaught java.lang.IllegalArgumentException
src/main/java/org/apache/commons/compress/compressors/deflate/DeflateParameters.java: org.apache.commons.compress.compressors.deflate.DeflateParameters.getCompressionLevel: computing test cases
src/main/java/org/apache/commons/compress/compressors/deflate/DeflateParameters.java: org.apache.commons.compress.compressors.deflate.DeflateParameters.getCompressionLevel: computed 1 unit tests
src/main/java/org/apache/commons/compress/compressors/deflate/DeflateParameters.java: org.apache.commons.compress.compressors.deflate.DeflateParameters.getCompressionLevel: found 0 problems
src/main/java/org/apache/commons/compress/compressors/deflate/DeflateParameters.java: org.apache.commons.compress.compressors.deflate.DeflateParameters.setWithZlibHeader: computing test cases
src/main/java/org/apache/commons/compress/compressors/deflate/DeflateParameters.java: org.apache.commons.compress.compressors.deflate.DeflateParameters.setWithZlibHeader: computed 1 unit tests
src/main/java/org/apache/commons/compress/compressors/deflate/DeflateParameters.java: org.apache.commons.compress.compressors.deflate.DeflateParameters.setWithZlibHeader: found 0 problems
src/main/java/org/apache/commons/compress/compressors/z/ZCompressorInputStream.java: org.apache.commons.compress.compressors.z.ZCompressorInputStream.readNextCode: computing test cases
src/main/java/org/apache/commons/compress/compressors/z/ZCompressorInputStream.java: org.apache.commons.compress.compressors.z.ZCompressorInputStream.readNextCode: found 1 problems
src/main/java/org/apache/commons/compress/compressors/z/ZCompressorInputStream.java: internal error: org.apache.commons.compress.compressors.z.ZCompressorInputStream.readNextCode: unknown type kind
	data: unsupported(org/apache/commons/compress/utils/BitInputStream)
src/main/java/org/apache/commons/compress/compressors/z/ZCompressorInputStream.java: org.apache.commons.compress.compressors.z.ZCompressorInputStream.addEntry: computing test cases
src/main/java/org/apache/commons/compress/compressors/z/ZCompressorInputStream.java: org.apache.commons.compress.compressors.z.ZCompressorInputStream.addEntry: found 1 problems
src/main/java/org/apache/commons/compress/compressors/z/ZCompressorInputStream.java: internal error: org.apache.commons.compress.compressors.z.ZCompressorInputStream.addEntry: unknown type kind
	data: unsupported(org/apache/commons/compress/utils/BitInputStream)
src/main/java/org/apache/commons/compress/compressors/z/ZCompressorInputStream.java: org.apache.commons.compress.compressors.z.ZCompressorInputStream.matches: computing test cases
src/main/java/org/apache/commons/compress/compressors/z/ZCompressorInputStream.java: org.apache.commons.compress.compressors.z.ZCompressorInputStream.matches: computed 7 unit tests
src/main/java/org/apache/commons/compress/compressors/z/ZCompressorInputStream.java: org.apache.commons.compress.compressors.z.ZCompressorInputStream.matches: found 3 problems
src/main/java/org/apache/commons/compress/compressors/z/ZCompressorInputStream.java:166:30: critical: org.apache.commons.compress.compressors.z.ZCompressorInputStream.matches: uncaught ArrayIndexOutOfBoundsException
src/main/java/org/apache/commons/compress/compressors/z/ZCompressorInputStream.java:166:57: critical: org.apache.commons.compress.compressors.z.ZCompressorInputStream.matches: uncaught ArrayIndexOutOfBoundsException
src/main/java/org/apache/commons/compress/compressors/z/ZCompressorInputStream.java:166:30: critical: org.apache.commons.compress.compressors.z.ZCompressorInputStream.matches: uncaught java.lang.NullPointerException
src/main/java/org/apache/commons/compress/compressors/z/ZCompressorInputStream.java: org.apache.commons.compress.compressors.z.ZCompressorInputStream.ZCompressorInputStream: computing test cases
src/main/java/org/apache/commons/compress/compressors/z/ZCompressorInputStream.java: org.apache.commons.compress.compressors.z.ZCompressorInputStream.ZCompressorInputStream: computed 0 unit tests
src/main/java/org/apache/commons/compress/compressors/z/ZCompressorInputStream.java: org.apache.commons.compress.compressors.z.ZCompressorInputStream.decompressNextSymbol: computing test cases
src/main/java/org/apache/commons/compress/compressors/z/ZCompressorInputStream.java: org.apache.commons.compress.compressors.z.ZCompressorInputStream.decompressNextSymbol: found 1 problems
src/main/java/org/apache/commons/compress/compressors/z/ZCompressorInputStream.java: internal error: org.apache.commons.compress.compressors.z.ZCompressorInputStream.decompressNextSymbol: unknown type kind
	data: unsupported(org/apache/commons/compress/utils/BitInputStream)
src/main/java/org/apache/commons/compress/compressors/pack200/TempFileCachingStreamBridge.java: org.apache.commons.compress.compressors.pack200.TempFileCachingStreamBridge.TempFileCachingStreamBridge: computing test cases
src/main/java/org/apache/commons/compress/compressors/pack200/TempFileCachingStreamBridge.java: org.apache.commons.compress.compressors.pack200.TempFileCachingStreamBridge.TempFileCachingStreamBridge: found 1 problems
src/main/java/org/apache/commons/compress/compressors/pack200/TempFileCachingStreamBridge.java: internal error: org.apache.commons.compress.compressors.pack200.TempFileCachingStreamBridge.TempFileCachingStreamBridge: unknown type kind
	data: unsupported(java/io/File)
src/main/java/org/apache/commons/compress/compressors/pack200/TempFileCachingStreamBridge.java: org.apache.commons.compress.compressors.pack200.TempFileCachingStreamBridge.getInputView: computing test cases
src/main/java/org/apache/commons/compress/compressors/pack200/TempFileCachingStreamBridge.java: org.apache.commons.compress.compressors.pack200.TempFileCachingStreamBridge.getInputView: found 1 problems
src/main/java/org/apache/commons/compress/compressors/pack200/TempFileCachingStreamBridge.java: internal error: org.apache.commons.compress.compressors.pack200.TempFileCachingStreamBridge.getInputView: unknown type kind
	data: unsupported(java/io/File)
src/main/java/org/apache/commons/compress/compressors/bzip2/BZip2CompressorOutputStream.java: org.apache.commons.compress.compressors.bzip2.BZip2CompressorOutputStream.write: computing test cases
src/main/java/org/apache/commons/compress/compressors/bzip2/BZip2CompressorOutputStream.java: org.apache.commons.compress.compressors.bzip2.BZip2CompressorOutputStream.write: computed 0 unit tests
src/main/java/org/apache/commons/compress/compressors/bzip2/BZip2CompressorOutputStream.java: org.apache.commons.compress.compressors.bzip2.BZip2CompressorOutputStream.write: found 1 problems
src/main/java/org/apache/commons/compress/compressors/bzip2/BZip2CompressorOutputStream.java: info: org.apache.commons.compress.compressors.bzip2.BZip2CompressorOutputStream.write: solver timed out
	data: ExecutionResult{ExitStatus:-1, ResourceUsage{WallTime:10.009055043s, CPUTimeUser:9.92354s, CPUTimeSystem:79.964ms, MemoryUsage:229892}}
src/main/java/org/apache/commons/compress/compressors/bzip2/BZip2CompressorOutputStream.java: org.apache.commons.compress.compressors.bzip2.BZip2CompressorOutputStream.Data.Data: computing test cases
src/main/java/org/apache/commons/compress/compressors/bzip2/BZip2CompressorOutputStream.java: org.apache.commons.compress.compressors.bzip2.BZip2CompressorOutputStream.Data.Data: computed 0 unit tests
src/main/java/org/apache/commons/compress/compressors/bzip2/BZip2CompressorOutputStream.java: org.apache.commons.compress.compressors.bzip2.BZip2CompressorOutputStream.Data.Data: found 0 problems
src/main/java/org/apache/commons/compress/compressors/bzip2/BZip2CompressorOutputStream.java: org.apache.commons.compress.compressors.bzip2.BZip2CompressorOutputStream.finish: computing test cases
src/main/java/org/apache/commons/compress/compressors/bzip2/BZip2CompressorOutputStream.java: org.apache.commons.compress.compressors.bzip2.BZip2CompressorOutputStream.finish: computed 0 unit tests
src/main/java/org/apache/commons/compress/compressors/bzip2/BZip2CompressorOutputStream.java: org.apache.commons.compress.compressors.bzip2.BZip2CompressorOutputStream.finish: found 1 problems
src/main/java/org/apache/commons/compress/compressors/bzip2/BZip2CompressorOutputStream.java: info: org.apache.commons.compress.compressors.bzip2.BZip2CompressorOutputStream.finish: solver timed out
	data: ExecutionResult{ExitStatus:-1, ResourceUsage{WallTime:10.00990679s, CPUTimeUser:9.88761s, CPUTimeSystem:87.889ms, MemoryUsage:229232}}
src/main/java/org/apache/commons/compress/compressors/bzip2/BZip2CompressorOutputStream.java: org.apache.commons.compress.compressors.bzip2.BZip2CompressorOutputStream.chooseBlockSize: computing test cases
src/main/java/org/apache/commons/compress/compressors/bzip2/BZip2CompressorOutputStream.java: org.apache.commons.compress.compressors.bzip2.BZip2CompressorOutputStream.chooseBlockSize: computed 2 unit tests
src/main/java/org/apache/commons/compress/compressors/bzip2/BZip2CompressorOutputStream.java: org.apache.commons.compress.compressors.bzip2.BZip2CompressorOutputStream.chooseBlockSize: found 0 problems
src/main/java/org/apache/commons/compress/compressors/bzip2/BZip2CompressorOutputStream.java: org.apache.commons.compress.compressors.bzip2.BZip2CompressorOutputStream.write: computing test cases
src/main/java/org/apache/commons/compress/compressors/bzip2/BZip2CompressorOutputStream.java: org.apache.commons.compress.compressors.bzip2.BZip2CompressorOutputStream.write: computed 0 unit tests
src/main/java/org/apache/commons/compress/compressors/bzip2/BZip2CompressorOutputStream.java: org.apache.commons.compress.compressors.bzip2.BZip2CompressorOutputStream.write: found 3 problems
src/main/java/org/apache/commons/compress/compressors/bzip2/BZip2CompressorOutputStream.java: info: org.apache.commons.compress.compressors.bzip2.BZip2CompressorOutputStream.write: solver timed out
	data: ExecutionResult{ExitStatus:-1, ResourceUsage{WallTime:10.010006434s, CPUTimeUser:9.931813s, CPUTimeSystem:76.029ms, MemoryUsage:204948}}
src/main/java/org/apache/commons/compress/compressors/bzip2/BZip2CompressorOutputStream.java: info: org.apache.commons.compress.compressors.bzip2.BZip2CompressorOutputStream.write: solver timed out
	data: ExecutionResult{ExitStatus:-1, ResourceUsage{WallTime:10.02034482s, CPUTimeUser:9.770521s, CPUTimeSystem:247.861ms, MemoryUsage:702212}}
src/main/java/org/apache/commons/compress/compressors/bzip2/BZip2CompressorOutputStream.java: info: org.apache.commons.compress.compressors.bzip2.BZip2CompressorOutputStream.write: solver timed out
	data: ExecutionResult{ExitStatus:-1, ResourceUsage{WallTime:10.00785844s, CPUTimeUser:9.879912s, CPUTimeSystem:91.924ms, MemoryUsage:225440}}
src/main/java/org/apache/commons/compress/compressors/bzip2/BZip2CompressorOutputStream.java: org.apache.commons.compress.compressors.bzip2.BZip2CompressorOutputStream.BZip2CompressorOutputStream: computing test cases
src/main/java/org/apache/commons/compress/compressors/bzip2/BZip2CompressorOutputStream.java: org.apache.commons.compress.compressors.bzip2.BZip2CompressorOutputStream.BZip2CompressorOutputStream: computed 0 unit tests
src/main/java/org/apache/commons/compress/compressors/bzip2/BZip2CompressorOutputStream.java: org.apache.commons.compress.compressors.bzip2.BZip2CompressorOutputStream.BZip2CompressorOutputStream: found 1 problems
src/main/java/org/apache/commons/compress/compressors/bzip2/BZip2CompressorOutputStream.java: info: org.apache.commons.compress.compressors.bzip2.BZip2CompressorOutputStream.BZip2CompressorOutputStream: solver timed out
	data: ExecutionResult{ExitStatus:-1, ResourceUsage{WallTime:10.00706416s, CPUTimeUser:9.880328s, CPUTimeSystem:111.958ms, MemoryUsage:228836}}
src/main/java/org/apache/commons/compress/compressors/bzip2/BZip2CompressorOutputStream.java: org.apache.commons.compress.compressors.bzip2.BZip2CompressorOutputStream.close: computing test cases
src/main/java/org/apache/commons/compress/compressors/bzip2/BZip2CompressorOutputStream.java: org.apache.commons.compress.compressors.bzip2.BZip2CompressorOutputStream.close: computed 0 unit tests
src/main/java/org/apache/commons/compress/compressors/bzip2/BZip2CompressorOutputStream.java: org.apache.commons.compress.compressors.bzip2.BZip2CompressorOutputStream.close: found 1 problems
src/main/java/org/apache/commons/compress/compressors/bzip2/BZip2CompressorOutputStream.java: info: org.apache.commons.compress.compressors.bzip2.BZip2CompressorOutputStream.close: solver timed out
	data: ExecutionResult{ExitStatus:-1, ResourceUsage{WallTime:10.015086158s, CPUTimeUser:9.917193s, CPUTimeSystem:95.972ms, MemoryUsage:229620}}
src/main/java/org/apache/commons/compress/compressors/bzip2/BZip2CompressorOutputStream.java: org.apache.commons.compress.compressors.bzip2.BZip2CompressorOutputStream.BZip2CompressorOutputStream: computing test cases
src/main/java/org/apache/commons/compress/compressors/bzip2/BZip2CompressorOutputStream.java: org.apache.commons.compress.compressors.bzip2.BZip2CompressorOutputStream.BZip2CompressorOutputStream: computed 0 unit tests
src/main/java/org/apache/commons/compress/compressors/bzip2/BZip2CompressorOutputStream.java: org.apache.commons.compress.compressors.bzip2.BZip2CompressorOutputStream.BZip2CompressorOutputStream: found 1 problems
src/main/java/org/apache/commons/compress/compressors/bzip2/BZip2CompressorOutputStream.java: info: org.apache.commons.compress.compressors.bzip2.BZip2CompressorOutputStream.BZip2CompressorOutputStream: solver timed out
	data: ExecutionResult{ExitStatus:-1, ResourceUsage{WallTime:10.008463455s, CPUTimeUser:9.851267s, CPUTimeSystem:75.901ms, MemoryUsage:222388}}
src/main/java/org/apache/commons/compress/compressors/bzip2/BZip2CompressorOutputStream.java: org.apache.commons.compress.compressors.bzip2.BZip2CompressorOutputStream.getBlockSize: computing test cases
src/main/java/org/apache/commons/compress/compressors/bzip2/BZip2CompressorOutputStream.java: org.apache.commons.compress.compressors.bzip2.BZip2CompressorOutputStream.getBlockSize: computed 1 unit tests
src/main/java/org/apache/commons/compress/compressors/bzip2/BZip2CompressorOutputStream.java: org.apache.commons.compress.compressors.bzip2.BZip2CompressorOutputStream.getBlockSize: found 0 problems
src/main/java/org/apache/commons/compress/compressors/bzip2/BZip2CompressorOutputStream.java: org.apache.commons.compress.compressors.bzip2.BZip2CompressorOutputStream.flush: computing test cases
src/main/java/org/apache/commons/compress/compressors/bzip2/BZip2CompressorOutputStream.java: org.apache.commons.compress.compressors.bzip2.BZip2CompressorOutputStream.flush: computed 2 unit tests
src/main/java/org/apache/commons/compress/compressors/bzip2/BZip2CompressorOutputStream.java: org.apache.commons.compress.compressors.bzip2.BZip2CompressorOutputStream.flush: found 0 problems
src/main/java/org/apache/commons/compress/compressors/bzip2/BZip2CompressorOutputStream.java: org.apache.commons.compress.compressors.bzip2.BZip2CompressorOutputStream.finalize: computing test cases
src/main/java/org/apache/commons/compress/compressors/bzip2/BZip2CompressorOutputStream.java: org.apache.commons.compress.compressors.bzip2.BZip2CompressorOutputStream.finalize: computed 0 unit tests
src/main/java/org/apache/commons/compress/compressors/bzip2/BZip2CompressorOutputStream.java: org.apache.commons.compress.compressors.bzip2.BZip2CompressorOutputStream.finalize: found 1 problems
src/main/java/org/apache/commons/compress/compressors/bzip2/BZip2CompressorOutputStream.java: info: org.apache.commons.compress.compressors.bzip2.BZip2CompressorOutputStream.finalize: solver timed out
	data: ExecutionResult{ExitStatus:-1, ResourceUsage{WallTime:10.006838219s, CPUTimeUser:9.831633s, CPUTimeSystem:115.901ms, MemoryUsage:232280}}
src/main/java/org/apache/commons/compress/compressors/bzip2/Rand.java: org.apache.commons.compress.compressors.bzip2.Rand.rNums: computing test cases
src/main/java/org/apache/commons/compress/compressors/bzip2/Rand.java: org.apache.commons.compress.compressors.bzip2.Rand.rNums: computed 0 unit tests
src/main/java/org/apache/commons/compress/compressors/bzip2/Rand.java: org.apache.commons.compress.compressors.bzip2.Rand.rNums: found 0 problems
src/main/java/org/apache/commons/compress/compressors/lzma/LZMAUtils.java: org.apache.commons.compress.compressors.lzma.LZMAUtils.getUncompressedFilename: computing test cases
src/main/java/org/apache/commons/compress/compressors/lzma/LZMAUtils.java: org.apache.commons.compress.compressors.lzma.LZMAUtils.getUncompressedFilename: computed 0 unit tests
src/main/java/org/apache/commons/compress/compressors/lzma/LZMAUtils.java: org.apache.commons.compress.compressors.lzma.LZMAUtils.getUncompressedFilename: found 0 problems
src/main/java/org/apache/commons/compress/compressors/lzma/LZMAUtils.java: org.apache.commons.compress.compressors.lzma.LZMAUtils.isCompressedFilename: computing test cases
src/main/java/org/apache/commons/compress/compressors/lzma/LZMAUtils.java: org.apache.commons.compress.compressors.lzma.LZMAUtils.isCompressedFilename: computed 0 unit tests
src/main/java/org/apache/commons/compress/compressors/lzma/LZMAUtils.java: org.apache.commons.compress.compressors.lzma.LZMAUtils.isCompressedFilename: found 0 problems
src/main/java/org/apache/commons/compress/compressors/lzma/LZMAUtils.java: org.apache.commons.compress.compressors.lzma.LZMAUtils.getCompressedFilename: computing test cases
src/main/java/org/apache/commons/compress/compressors/lzma/LZMAUtils.java: org.apache.commons.compress.compressors.lzma.LZMAUtils.getCompressedFilename: computed 0 unit tests
src/main/java/org/apache/commons/compress/compressors/lzma/LZMAUtils.java: org.apache.commons.compress.compressors.lzma.LZMAUtils.getCompressedFilename: found 0 problems
src/main/java/org/apache/commons/compress/compressors/lzma/LZMAUtils.java: org.apache.commons.compress.compressors.lzma.LZMAUtils.matches: computing test cases
src/main/java/org/apache/commons/compress/compressors/lzma/LZMAUtils.java: org.apache.commons.compress.compressors.lzma.LZMAUtils.matches: computed 0 unit tests
src/main/java/org/apache/commons/compress/compressors/lzma/LZMAUtils.java: org.apache.commons.compress.compressors.lzma.LZMAUtils.matches: found 0 problems
src/main/java/org/apache/commons/compress/compressors/lzma/LZMAUtils.java: org.apache.commons.compress.compressors.lzma.LZMAUtils.setCacheLZMAAvailablity: computing test cases
src/main/java/org/apache/commons/compress/compressors/lzma/LZMAUtils.java: org.apache.commons.compress.compressors.lzma.LZMAUtils.setCacheLZMAAvailablity: computed 0 unit tests
src/main/java/org/apache/commons/compress/compressors/lzma/LZMAUtils.java: org.apache.commons.compress.compressors.lzma.LZMAUtils.setCacheLZMAAvailablity: found 0 problems
src/main/java/org/apache/commons/compress/compressors/lzma/LZMAUtils.java: org.apache.commons.compress.compressors.lzma.LZMAUtils.isLZMACompressionAvailable: computing test cases
src/main/java/org/apache/commons/compress/compressors/lzma/LZMAUtils.java: org.apache.commons.compress.compressors.lzma.LZMAUtils.isLZMACompressionAvailable: computed 0 unit tests
src/main/java/org/apache/commons/compress/compressors/lzma/LZMAUtils.java: org.apache.commons.compress.compressors.lzma.LZMAUtils.isLZMACompressionAvailable: found 0 problems
src/main/java/org/apache/commons/compress/compressors/lzma/LZMAUtils.java: org.apache.commons.compress.compressors.lzma.LZMAUtils.getCachedLZMAAvailability: computing test cases
src/main/java/org/apache/commons/compress/compressors/lzma/LZMAUtils.java: org.apache.commons.compress.compressors.lzma.LZMAUtils.getCachedLZMAAvailability: computed 0 unit tests
src/main/java/org/apache/commons/compress/compressors/lzma/LZMAUtils.java: org.apache.commons.compress.compressors.lzma.LZMAUtils.getCachedLZMAAvailability: found 0 problems
src/main/java/org/apache/commons/compress/compressors/deflate/DeflateCompressorInputStream.java: org.apache.commons.compress.compressors.deflate.DeflateCompressorInputStream.read: computing test cases
src/main/java/org/apache/commons/compress/compressors/deflate/DeflateCompressorInputStream.java: org.apache.commons.compress.compressors.deflate.DeflateCompressorInputStream.read: computed 1 unit tests
src/main/java/org/apache/commons/compress/compressors/deflate/DeflateCompressorInputStream.java: org.apache.commons.compress.compressors.deflate.DeflateCompressorInputStream.read: found 1 problems
src/main/java/org/apache/commons/compress/compressors/deflate/DeflateCompressorInputStream.java:70:19: critical: org.apache.commons.compress.compressors.deflate.DeflateCompressorInputStream.read: uncaught java.lang.NullPointerException
src/main/java/org/apache/commons/compress/compressors/deflate/DeflateCompressorInputStream.java: org.apache.commons.compress.compressors.deflate.DeflateCompressorInputStream.read: computing test cases
src/main/java/org/apache/commons/compress/compressors/deflate/DeflateCompressorInputStream.java: org.apache.commons.compress.compressors.deflate.DeflateCompressorInputStream.read: computed 1 unit tests
src/main/java/org/apache/commons/compress/compressors/deflate/DeflateCompressorInputStream.java: org.apache.commons.compress.compressors.deflate.DeflateCompressorInputStream.read: found 1 problems
src/main/java/org/apache/commons/compress/compressors/deflate/DeflateCompressorInputStream.java:62:19: critical: org.apache.commons.compress.compressors.deflate.DeflateCompressorInputStream.read: uncaught java.lang.NullPointerException
src/main/java/org/apache/commons/compress/compressors/deflate/DeflateCompressorInputStream.java: org.apache.commons.compress.compressors.deflate.DeflateCompressorInputStream.DeflateCompressorInputStream: computing test cases
src/main/java/org/apache/commons/compress/compressors/deflate/DeflateCompressorInputStream.java: org.apache.commons.compress.compressors.deflate.DeflateCompressorInputStream.DeflateCompressorInputStream: computed 0 unit tests
src/main/java/org/apache/commons/compress/compressors/deflate/DeflateCompressorInputStream.java: org.apache.commons.compress.compressors.deflate.DeflateCompressorInputStream.DeflateCompressorInputStream: found 0 problems
src/main/java/org/apache/commons/compress/compressors/deflate/DeflateCompressorInputStream.java: org.apache.commons.compress.compressors.deflate.DeflateCompressorInputStream.skip: computing test cases
src/main/java/org/apache/commons/compress/compressors/deflate/DeflateCompressorInputStream.java: org.apache.commons.compress.compressors.deflate.DeflateCompressorInputStream.skip: computed 1 unit tests
src/main/java/org/apache/commons/compress/compressors/deflate/DeflateCompressorInputStream.java: org.apache.commons.compress.compressors.deflate.DeflateCompressorInputStream.skip: found 1 problems
src/main/java/org/apache/commons/compress/compressors/deflate/DeflateCompressorInputStream.java:78:16: critical: org.apache.commons.compress.compressors.deflate.DeflateCompressorInputStream.skip: uncaught java.lang.NullPointerException
src/main/java/org/apache/commons/compress/compressors/deflate/DeflateCompressorInputStream.java: org.apache.commons.compress.compressors.deflate.DeflateCompressorInputStream.DeflateCompressorInputStream: computing test cases
src/main/java/org/apache/commons/compress/compressors/deflate/DeflateCompressorInputStream.java: org.apache.commons.compress.compressors.deflate.DeflateCompressorInputStream.DeflateCompressorInputStream: computed 0 unit tests
src/main/java/org/apache/commons/compress/compressors/deflate/DeflateCompressorInputStream.java: org.apache.commons.compress.compressors.deflate.DeflateCompressorInputStream.DeflateCompressorInputStream: found 0 problems
src/main/java/org/apache/commons/compress/compressors/deflate/DeflateCompressorInputStream.java: org.apache.commons.compress.compressors.deflate.DeflateCompressorInputStream.close: computing test cases
src/main/java/org/apache/commons/compress/compressors/deflate/DeflateCompressorInputStream.java: org.apache.commons.compress.compressors.deflate.DeflateCompressorInputStream.close: computed 1 unit tests
src/main/java/org/apache/commons/compress/compressors/deflate/DeflateCompressorInputStream.java: org.apache.commons.compress.compressors.deflate.DeflateCompressorInputStream.close: found 1 problems
src/main/java/org/apache/commons/compress/compressors/deflate/DeflateCompressorInputStream.java:90:9: critical: org.apache.commons.compress.compressors.deflate.DeflateCompressorInputStream.close: uncaught java.lang.NullPointerException
src/main/java/org/apache/commons/compress/compressors/deflate/DeflateCompressorInputStream.java: org.apache.commons.compress.compressors.deflate.DeflateCompressorInputStream.available: computing test cases
src/main/java/org/apache/commons/compress/compressors/deflate/DeflateCompressorInputStream.java: org.apache.commons.compress.compressors.deflate.DeflateCompressorInputStream.available: computed 1 unit tests
src/main/java/org/apache/commons/compress/compressors/deflate/DeflateCompressorInputStream.java: org.apache.commons.compress.compressors.deflate.DeflateCompressorInputStream.available: found 1 problems
src/main/java/org/apache/commons/compress/compressors/deflate/DeflateCompressorInputStream.java:84:16: critical: org.apache.commons.compress.compressors.deflate.DeflateCompressorInputStream.available: uncaught java.lang.NullPointerException
src/main/java/org/apache/commons/compress/compressors/FileNameUtil.java: org.apache.commons.compress.compressors.FileNameUtil.getCompressedFilename: computing test cases
src/main/java/org/apache/commons/compress/compressors/FileNameUtil.java: org.apache.commons.compress.compressors.FileNameUtil.getCompressedFilename: computed 0 unit tests
src/main/java/org/apache/commons/compress/compressors/FileNameUtil.java: org.apache.commons.compress.compressors.FileNameUtil.getCompressedFilename: found 0 problems
src/main/java/org/apache/commons/compress/compressors/FileNameUtil.java: org.apache.commons.compress.compressors.FileNameUtil.isCompressedFilename: computing test cases
src/main/java/org/apache/commons/compress/compressors/FileNameUtil.java: org.apache.commons.compress.compressors.FileNameUtil.isCompressedFilename: computed 0 unit tests
src/main/java/org/apache/commons/compress/compressors/FileNameUtil.java: org.apache.commons.compress.compressors.FileNameUtil.isCompressedFilename: found 0 problems
src/main/java/org/apache/commons/compress/compressors/FileNameUtil.java: org.apache.commons.compress.compressors.FileNameUtil.getUncompressedFilename: computing test cases
src/main/java/org/apache/commons/compress/compressors/FileNameUtil.java: org.apache.commons.compress.compressors.FileNameUtil.getUncompressedFilename: computed 0 unit tests
src/main/java/org/apache/commons/compress/compressors/FileNameUtil.java: org.apache.commons.compress.compressors.FileNameUtil.getUncompressedFilename: found 0 problems
src/main/java/org/apache/commons/compress/compressors/FileNameUtil.java: org.apache.commons.compress.compressors.FileNameUtil.FileNameUtil: computing test cases
src/main/java/org/apache/commons/compress/compressors/FileNameUtil.java: org.apache.commons.compress.compressors.FileNameUtil.FileNameUtil: computed 0 unit tests
src/main/java/org/apache/commons/compress/compressors/FileNameUtil.java: org.apache.commons.compress.compressors.FileNameUtil.FileNameUtil: found 0 problems
src/main/java/org/apache/commons/compress/compressors/deflate/DeflateCompressorOutputStream.java: org.apache.commons.compress.compressors.deflate.DeflateCompressorOutputStream.write: computing test cases
src/main/java/org/apache/commons/compress/compressors/deflate/DeflateCompressorOutputStream.java: org.apache.commons.compress.compressors.deflate.DeflateCompressorOutputStream.write: found 1 problems
src/main/java/org/apache/commons/compress/compressors/deflate/DeflateCompressorOutputStream.java: internal error: org.apache.commons.compress.compressors.deflate.DeflateCompressorOutputStream.write: unknown type kind
	data: unsupported(java/util/zip/DeflaterOutputStream)
src/main/java/org/apache/commons/compress/compressors/deflate/DeflateCompressorOutputStream.java: org.apache.commons.compress.compressors.deflate.DeflateCompressorOutputStream.write: computing test cases
src/main/java/org/apache/commons/compress/compressors/deflate/DeflateCompressorOutputStream.java: org.apache.commons.compress.compressors.deflate.DeflateCompressorOutputStream.write: found 1 problems
src/main/java/org/apache/commons/compress/compressors/deflate/DeflateCompressorOutputStream.java: internal error: org.apache.commons.compress.compressors.deflate.DeflateCompressorOutputStream.write: unknown type kind
	data: unsupported(java/util/zip/DeflaterOutputStream)
src/main/java/org/apache/commons/compress/compressors/deflate/DeflateCompressorOutputStream.java: org.apache.commons.compress.compressors.deflate.DeflateCompressorOutputStream.finish: computing test cases
src/main/java/org/apache/commons/compress/compressors/deflate/DeflateCompressorOutputStream.java: org.apache.commons.compress.compressors.deflate.DeflateCompressorOutputStream.finish: found 1 problems
src/main/java/org/apache/commons/compress/compressors/deflate/DeflateCompressorOutputStream.java: internal error: org.apache.commons.compress.compressors.deflate.DeflateCompressorOutputStream.finish: unknown type kind
	data: unsupported(java/util/zip/DeflaterOutputStream)
src/main/java/org/apache/commons/compress/compressors/deflate/DeflateCompressorOutputStream.java: org.apache.commons.compress.compressors.deflate.DeflateCompressorOutputStream.close: computing test cases
src/main/java/org/apache/commons/compress/compressors/deflate/DeflateCompressorOutputStream.java: org.apache.commons.compress.compressors.deflate.DeflateCompressorOutputStream.close: found 1 problems
src/main/java/org/apache/commons/compress/compressors/deflate/DeflateCompressorOutputStream.java: internal error: org.apache.commons.compress.compressors.deflate.DeflateCompressorOutputStream.close: unknown type kind
	data: unsupported(java/util/zip/DeflaterOutputStream)
src/main/java/org/apache/commons/compress/compressors/deflate/DeflateCompressorOutputStream.java: org.apache.commons.compress.compressors.deflate.DeflateCompressorOutputStream.flush: computing test cases
src/main/java/org/apache/commons/compress/compressors/deflate/DeflateCompressorOutputStream.java: org.apache.commons.compress.compressors.deflate.DeflateCompressorOutputStream.flush: found 1 problems
src/main/java/org/apache/commons/compress/compressors/deflate/DeflateCompressorOutputStream.java: internal error: org.apache.commons.compress.compressors.deflate.DeflateCompressorOutputStream.flush: unknown type kind
	data: unsupported(java/util/zip/DeflaterOutputStream)
src/main/java/org/apache/commons/compress/compressors/deflate/DeflateCompressorOutputStream.java: org.apache.commons.compress.compressors.deflate.DeflateCompressorOutputStream.DeflateCompressorOutputStream: computing test cases
src/main/java/org/apache/commons/compress/compressors/deflate/DeflateCompressorOutputStream.java: org.apache.commons.compress.compressors.deflate.DeflateCompressorOutputStream.DeflateCompressorOutputStream: found 1 problems
src/main/java/org/apache/commons/compress/compressors/deflate/DeflateCompressorOutputStream.java: internal error: org.apache.commons.compress.compressors.deflate.DeflateCompressorOutputStream.DeflateCompressorOutputStream: unknown type kind
	data: unsupported(java/util/zip/DeflaterOutputStream)
src/main/java/org/apache/commons/compress/compressors/deflate/DeflateCompressorOutputStream.java: org.apache.commons.compress.compressors.deflate.DeflateCompressorOutputStream.DeflateCompressorOutputStream: computing test cases
src/main/java/org/apache/commons/compress/compressors/deflate/DeflateCompressorOutputStream.java: org.apache.commons.compress.compressors.deflate.DeflateCompressorOutputStream.DeflateCompressorOutputStream: found 1 problems
src/main/java/org/apache/commons/compress/compressors/deflate/DeflateCompressorOutputStream.java: internal error: org.apache.commons.compress.compressors.deflate.DeflateCompressorOutputStream.DeflateCompressorOutputStream: unknown type kind
	data: unsupported(java/util/zip/DeflaterOutputStream)
src/main/java/org/apache/commons/compress/compressors/pack200/Pack200Utils.java: org.apache.commons.compress.compressors.pack200.Pack200Utils.normalize: computing test cases
src/main/java/org/apache/commons/compress/compressors/pack200/Pack200Utils.java: org.apache.commons.compress.compressors.pack200.Pack200Utils.normalize: computed 0 unit tests
src/main/java/org/apache/commons/compress/compressors/pack200/Pack200Utils.java: org.apache.commons.compress.compressors.pack200.Pack200Utils.normalize: computing test cases
src/main/java/org/apache/commons/compress/compressors/pack200/Pack200Utils.java: org.apache.commons.compress.compressors.pack200.Pack200Utils.normalize: computed 0 unit tests
src/main/java/org/apache/commons/compress/compressors/pack200/Pack200Utils.java: org.apache.commons.compress.compressors.pack200.Pack200Utils.normalize: computing test cases
src/main/java/org/apache/commons/compress/compressors/pack200/Pack200Utils.java: org.apache.commons.compress.compressors.pack200.Pack200Utils.normalize: computed 0 unit tests
src/main/java/org/apache/commons/compress/compressors/pack200/Pack200Utils.java: org.apache.commons.compress.compressors.pack200.Pack200Utils.normalize: computing test cases
src/main/java/org/apache/commons/compress/compressors/pack200/Pack200Utils.java: org.apache.commons.compress.compressors.pack200.Pack200Utils.normalize: computed 0 unit tests
src/main/java/org/apache/commons/compress/compressors/pack200/Pack200Utils.java: org.apache.commons.compress.compressors.pack200.Pack200Utils.normalize: found 1 problems
src/main/java/org/apache/commons/compress/compressors/pack200/Pack200Utils.java: unsupported: org.apache.commons.compress.compressors.pack200.Pack200Utils.normalize: encountered an unsupported type
	data: unsupported(java/io/File)
src/main/java/org/apache/commons/compress/compressors/gzip/GzipParameters.java: org.apache.commons.compress.compressors.gzip.GzipParameters.getComment: computing test cases
src/main/java/org/apache/commons/compress/compressors/gzip/GzipParameters.java: org.apache.commons.compress.compressors.gzip.GzipParameters.getComment: computed 1 unit tests
src/main/java/org/apache/commons/compress/compressors/gzip/GzipParameters.java: org.apache.commons.compress.compressors.gzip.GzipParameters.getComment: found 0 problems
src/main/java/org/apache/commons/compress/compressors/gzip/GzipParameters.java: org.apache.commons.compress.compressors.gzip.GzipParameters.setOperatingSystem: computing test cases
src/main/java/org/apache/commons/compress/compressors/gzip/GzipParameters.java: org.apache.commons.compress.compressors.gzip.GzipParameters.setOperatingSystem: computed 1 unit tests
src/main/java/org/apache/commons/compress/compressors/gzip/GzipParameters.java: org.apache.commons.compress.compressors.gzip.GzipParameters.setOperatingSystem: found 0 problems
src/main/java/org/apache/commons/compress/compressors/gzip/GzipParameters.java: org.apache.commons.compress.compressors.gzip.GzipParameters.setModificationTime: computing test cases
src/main/java/org/apache/commons/compress/compressors/gzip/GzipParameters.java: org.apache.commons.compress.compressors.gzip.GzipParameters.setModificationTime: computed 1 unit tests
src/main/java/org/apache/commons/compress/compressors/gzip/GzipParameters.java: org.apache.commons.compress.compressors.gzip.GzipParameters.setModificationTime: found 0 problems
src/main/java/org/apache/commons/compress/compressors/gzip/GzipParameters.java: org.apache.commons.compress.compressors.gzip.GzipParameters.getCompressionLevel: computing test cases
src/main/java/org/apache/commons/compress/compressors/gzip/GzipParameters.java: org.apache.commons.compress.compressors.gzip.GzipParameters.getCompressionLevel: computed 1 unit tests
src/main/java/org/apache/commons/compress/compressors/gzip/GzipParameters.java: org.apache.commons.compress.compressors.gzip.GzipParameters.getCompressionLevel: found 0 problems
src/main/java/org/apache/commons/compress/compressors/gzip/GzipParameters.java: org.apache.commons.compress.compressors.gzip.GzipParameters.getFilename: computing test cases
src/main/java/org/apache/commons/compress/compressors/gzip/GzipParameters.java: org.apache.commons.compress.compressors.gzip.GzipParameters.getFilename: computed 1 unit tests
src/main/java/org/apache/commons/compress/compressors/gzip/GzipParameters.java: org.apache.commons.compress.compressors.gzip.GzipParameters.getFilename: found 0 problems
src/main/java/org/apache/commons/compress/compressors/gzip/GzipParameters.java: org.apache.commons.compress.compressors.gzip.GzipParameters.setCompressionLevel: computing test cases
src/main/java/org/apache/commons/compress/compressors/gzip/GzipParameters.java: org.apache.commons.compress.compressors.gzip.GzipParameters.setCompressionLevel: computed 3 unit tests
src/main/java/org/apache/commons/compress/compressors/gzip/GzipParameters.java: org.apache.commons.compress.compressors.gzip.GzipParameters.setCompressionLevel: found 2 problems
src/main/java/org/apache/commons/compress/compressors/gzip/GzipParameters.java:52:13: critical: org.apache.commons.compress.compressors.gzip.GzipParameters.setCompressionLevel: uncaught java.lang.IllegalArgumentException
src/main/java/org/apache/commons/compress/compressors/gzip/GzipParameters.java:52:13: critical: org.apache.commons.compress.compressors.gzip.GzipParameters.setCompressionLevel: uncaught java.lang.IllegalArgumentException
src/main/java/org/apache/commons/compress/compressors/gzip/GzipParameters.java: org.apache.commons.compress.compressors.gzip.GzipParameters.setComment: computing test cases
src/main/java/org/apache/commons/compress/compressors/gzip/GzipParameters.java: org.apache.commons.compress.compressors.gzip.GzipParameters.setComment: computed 1 unit tests
src/main/java/org/apache/commons/compress/compressors/gzip/GzipParameters.java: org.apache.commons.compress.compressors.gzip.GzipParameters.setComment: found 0 problems
src/main/java/org/apache/commons/compress/compressors/gzip/GzipParameters.java: org.apache.commons.compress.compressors.gzip.GzipParameters.getModificationTime: computing test cases
src/main/java/org/apache/commons/compress/compressors/gzip/GzipParameters.java: org.apache.commons.compress.compressors.gzip.GzipParameters.getModificationTime: computed 1 unit tests
src/main/java/org/apache/commons/compress/compressors/gzip/GzipParameters.java: org.apache.commons.compress.compressors.gzip.GzipParameters.getModificationTime: found 0 problems
src/main/java/org/apache/commons/compress/compressors/gzip/GzipParameters.java: org.apache.commons.compress.compressors.gzip.GzipParameters.getOperatingSystem: computing test cases
src/main/java/org/apache/commons/compress/compressors/gzip/GzipParameters.java: org.apache.commons.compress.compressors.gzip.GzipParameters.getOperatingSystem: computed 1 unit tests
src/main/java/org/apache/commons/compress/compressors/gzip/GzipParameters.java: org.apache.commons.compress.compressors.gzip.GzipParameters.getOperatingSystem: found 0 problems
src/main/java/org/apache/commons/compress/compressors/gzip/GzipParameters.java: org.apache.commons.compress.compressors.gzip.GzipParameters.setFilename: computing test cases
src/main/java/org/apache/commons/compress/compressors/gzip/GzipParameters.java: org.apache.commons.compress.compressors.gzip.GzipParameters.setFilename: computed 1 unit tests
src/main/java/org/apache/commons/compress/compressors/gzip/GzipParameters.java: org.apache.commons.compress.compressors.gzip.GzipParameters.setFilename: found 0 problems
Symflower's table driven test style is not supported, switching to basic style
src/main/java/org/apache/commons/compress/compressors/CompressorException.java: generated unit test file src/main/java/org/apache/commons/compress/compressors/CompressorExceptionSymflowerTest.java
Symflower's table driven test style is not supported, switching to basic style
src/main/java/org/apache/commons/compress/compressors/CompressorStreamFactory.java: could not generate unit test file for "src/main/java/org/apache/commons/compress/compressors/CompressorStreamFactory.java": Internal error: cannot set a final field:
	&modelast.Variable{
	    CompactFileRange: location.CompactFileRange{Start:location.NewCompactFileLocationRaw(4, 134, 27), End:location.NewCompactFileLocationRaw(4, 134, 44)},
	    Name:             "decompressUntilEOF",
	    Type:             &modelast.TypePointer{
	        Type: &modelast.TypeReference{
	            Name: "java/lang/Boolean",
	        },
	    },
	    Modifier: modelast.ModifierFinal|modelast.ModifierVisibilityPrivate,
	}
	Stacktrace: goroutine 1 [running]:
	gitlab.nethead.at/symflower/symflower/model/errors.NewInternalError({0x21de060, 0x2d25d80}, {0x13e5e60, 0xc000a21020})
		gitlab.nethead.at/symflower/symflower/model/errors/error.go:852 +0x4e
	gitlab.nethead.at/symflower/symflower/language/java/ast.(*Generator).objectCreation(0xc000142310, {0x2205848?, 0xc00135d400?}, {0x21f7de8, 0xc0001fcc80}, {0x2208850, 0xc00105b440})
		gitlab.nethead.at/symflower/symflower/language/java/ast/generate.go:1928 +0x34dc
	gitlab.nethead.at/symflower/symflower/language/java/ast.(*Generator).literalForReferenceType(0xc000142310, {0x21f7de8, 0xc0001fcc80}, {0x2205848?, 0xc00135d3e0?}, {0x2208850, 0xc00105b440})
		gitlab.nethead.at/symflower/symflower/language/java/ast/generate.go:1427 +0x17da
	gitlab.nethead.at/symflower/symflower/language/java/ast.(*Generator).Literal(0xc000142310, {0x21f7de8, 0xc0001fcc80}, {0x2205848?, 0xc00135d3a0?}, {0x2208850, 0xc00105b440})
		gitlab.nethead.at/symflower/symflower/language/java/ast/generate.go:1138 +0x1318
	gitlab.nethead.at/symflower/symflower/language/java/ast.(*Generator).Literal(0xc000142310, {0x21f7de8, 0xc0001fcc80}, {0x2205728?, 0xc0011b2160?}, {0x22089b0, 0xc0020e0870})
		gitlab.nethead.at/symflower/symflower/language/java/ast/generate.go:1128 +0x245
	gitlab.nethead.at/symflower/symflower/language/java/ast.(*Generator).VariableDeclarationWithAssignment(0xc000142310, {0x2205728, 0xc0011b2160}, {0x14113cd, 0x8}, {0x22089b0, 0xc0020e0870}, {0x0, 0x0})
		gitlab.nethead.at/symflower/symflower/language/java/ast/generate.go:548 +0x125
	gitlab.nethead.at/symflower/symflower/language/java/unittest.(*TestGeneratorJUnit).expressionExpected(0xc00050dd80, 0xc000d780a0?, {0x22089b0, 0xc0020e0870}, {0x2205728, 0xc0011b2160}, {0x14113cd, 0x8}, {0x0, 0x0})
		gitlab.nethead.at/symflower/symflower/language/java/unittest/junit.go:177 +0x27a
	gitlab.nethead.at/symflower/symflower/language/java/unittest.(*TestGeneratorJUnit).returnArgumentInitialization(0xc00050dd80, 0xc000d780a0, {0x0, 0x0}, {0x0, 0x0, 0x0}, {0x21f7e40, 0xc000115040})
		gitlab.nethead.at/symflower/symflower/language/java/unittest/junit.go:229 +0x429
	gitlab.nethead.at/symflower/symflower/language/java/unittest.(*TestGeneratorJUnit).generateUnitTestAddTestInternal(0xc00050dd80, 0xc0014d5380, {0x0, 0x0})
		gitlab.nethead.at/symflower/symflower/language/java/unittest/junit.go:387 +0x1365
	gitlab.nethead.at/symflower/symflower/language/java/unittest.(*TestGeneratorJUnit).generateUnitTestAddTest(...)
		gitlab.nethead.at/symflower/symflower/language/java/unittest/junit.go:249
	gitlab.nethead.at/symflower/symflower/language/java/unittest.(*TestGeneratorJUnit).AddTest(0xc00050dd80, 0xc001cbfc80?)
		gitlab.nethead.at/symflower/symflower/language/java/unittest/junit.go:61 +0x1d
	gitlab.nethead.at/symflower/symflower/language/java/unittest.(*testStyleBasic).addTest(0xc000b28bd0, 0xc0014d5380)
		gitlab.nethead.at/symflower/symflower/language/java/unittest/test-style-basic.go:253 +0x318
	gitlab.nethead.at/symflower/symflower/language/java/unittest.(*testStyleBasic).AddTest(0xc0015a0060?, 0xc0015888f0?)
		gitlab.nethead.at/symflower/symflower/language/java/unittest/test-style-basic.go:215 +0x1a
	gitlab.nethead.at/symflower/symflower/language/java.generateUnitTestFileForType(0xc00135ce40, {0xc00135ce80, 0x4, 0x24?}, {0xc001a62810?, 0xc000b95800?}, 0xc00070a4e0?)
		gitlab.nethead.at/symflower/symflower/language/java/unit-test.go:173 +0x647
	gitlab.nethead.at/symflower/symflower/language/java.Adapter.GenerateUnitTest({{{0x0, 0x0}, {0x0, 0x0}, {0x0, 0x0}}}, 0xc00135ce40, {0xc0012d9720, 0x4, 0x4})
		gitlab.nethead.at/symflower/symflower/language/java/unit-test.go:99 +0x8c8
	gitlab.nethead.at/symflower/symflower/cmd/symflower-local/generate.(*Generator).updateTestFiles.func1({0xc00054f3ae, 0x52})
		gitlab.nethead.at/symflower/symflower/cmd/symflower-local/generate/generate.go:345 +0x55e
	gitlab.nethead.at/symflower/symflower/cmd/symflower-local/generate.updateTestFiles({0xc000044390, 0x2e}, 0xc00181c1b0, {0xc00070a000?, 0x1?, 0xc0006f9a00?}, 0x1, 0xc0006f9b08)
		gitlab.nethead.at/symflower/symflower/cmd/symflower-local/generate/tests.go:41 +0xc3
	gitlab.nethead.at/symflower/symflower/cmd/symflower-local/generate.(*Generator).updateTestFiles(0xc0004434a0, 0xc0014993b0, 0x1, 0x1)
		gitlab.nethead.at/symflower/symflower/cmd/symflower-local/generate/generate.go:330 +0x3e5
	gitlab.nethead.at/symflower/symflower/cmd/symflower-local/generate.(*Generator).UpdateSymflowerTestSuite(0xc0004434a0?, 0xc0004434d0?)
		gitlab.nethead.at/symflower/symflower/cmd/symflower-local/generate/generate.go:307 +0x3b
	gitlab.nethead.at/symflower/symflower/cmd/symflower-local/generate.(*AnalyzeEngineDefault).UnitTests(0x2d?, 0x124bba0?, {0x21eb890?, 0xc0005243b0?}, {0x0?, 0x43?, 0x4?, 0x0?}, 0x2d?, {0xc000442ae0, ...})
		gitlab.nethead.at/symflower/symflower/cmd/symflower-local/generate/analyze.go:162 +0xaa
	gitlab.nethead.at/symflower/symflower/cmd/symflower-local/cmd.(*commandUnitTests).Execute(0xc0004548d8, {0xc000454508?, 0x7741e6fe8818?, 0xc0004548d8?})
		gitlab.nethead.at/symflower/symflower/cmd/symflower-local/cmd/unit-tests.go:85 +0x2a6
	gitlab.nethead.at/symflower/symflower/cmd.ExecuteNoExit({0x21de020, 0xc000454508}, {0xc00019e000?, 0x0?, 0x0?})
		gitlab.nethead.at/symflower/symflower/cmd/execute.go:59 +0x2ad
	gitlab.nethead.at/symflower/symflower/cmd.Execute({0x21de020?, 0xc000454508?}, {0xc00019e000?, 0xc00011a400?, 0xc0000d1f10?})
		gitlab.nethead.at/symflower/symflower/cmd/execute.go:17 +0x26
	gitlab.nethead.at/symflower/symflower/cmd.ExecuteWithOSArguments(...)
		gitlab.nethead.at/symflower/symflower/cmd/execute.go:78
	main.main.func1()
		gitlab.nethead.at/symflower/symflower/cmd/symflower-demo/main.go:39 +0x34
	gitlab.nethead.at/symflower/symflower/cmd/symflower-local/cmd.(*Command).WithPanicReporter(0xc0000b2060?, 0x0?)
		gitlab.nethead.at/symflower/symflower/cmd/symflower-local/cmd/cmd.go:151 +0x33
	main.main()
		gitlab.nethead.at/symflower/symflower/cmd/symflower-demo/main.go:38 +0x7f
Symflower's table driven test style is not supported, switching to basic style
src/main/java/org/apache/commons/compress/compressors/bzip2/BZip2CompressorInputStream.java: generated unit test file src/main/java/org/apache/commons/compress/compressors/bzip2/BZip2CompressorInputStreamSymflowerTest.java
Symflower's table driven test style is not supported, switching to basic style
src/main/java/org/apache/commons/compress/compressors/bzip2/BZip2CompressorOutputStream.java: generated unit test file src/main/java/org/apache/commons/compress/compressors/bzip2/BZip2CompressorOutputStreamSymflowerTest.java
Symflower's table driven test style is not supported, switching to basic style
src/main/java/org/apache/commons/compress/compressors/deflate/DeflateCompressorInputStream.java: generated unit test file src/main/java/org/apache/commons/compress/compressors/deflate/DeflateCompressorInputStreamSymflowerTest.java
Symflower's table driven test style is not supported, switching to basic style
src/main/java/org/apache/commons/compress/compressors/deflate/DeflateParameters.java: generated unit test file src/main/java/org/apache/commons/compress/compressors/deflate/DeflateParametersSymflowerTest.java
Symflower's table driven test style is not supported, switching to basic style
src/main/java/org/apache/commons/compress/compressors/gzip/GzipCompressorInputStream.java: generated unit test file src/main/java/org/apache/commons/compress/compressors/gzip/GzipCompressorInputStreamSymflowerTest.java
Symflower's table driven test style is not supported, switching to basic style
src/main/java/org/apache/commons/compress/compressors/gzip/GzipParameters.java: generated unit test file src/main/java/org/apache/commons/compress/compressors/gzip/GzipParametersSymflowerTest.java
Symflower's table driven test style is not supported, switching to basic style
src/main/java/org/apache/commons/compress/compressors/lzma/LZMACompressorInputStream.java: generated unit test file src/main/java/org/apache/commons/compress/compressors/lzma/LZMACompressorInputStreamSymflowerTest.java
Symflower's table driven test style is not supported, switching to basic style
src/main/java/org/apache/commons/compress/compressors/pack200/Pack200CompressorOutputStream.java: generated unit test file src/main/java/org/apache/commons/compress/compressors/pack200/Pack200CompressorOutputStreamSymflowerTest.java
Symflower's table driven test style is not supported, switching to basic style
src/main/java/org/apache/commons/compress/compressors/snappy/SnappyCompressorInputStream.java: generated unit test file src/main/java/org/apache/commons/compress/compressors/snappy/SnappyCompressorInputStreamSymflowerTest.java
Symflower's table driven test style is not supported, switching to basic style
src/main/java/org/apache/commons/compress/compressors/xz/XZCompressorInputStream.java: generated unit test file src/main/java/org/apache/commons/compress/compressors/xz/XZCompressorInputStreamSymflowerTest.java
Symflower's table driven test style is not supported, switching to basic style
src/main/java/org/apache/commons/compress/compressors/z/ZCompressorInputStream.java: generated unit test file src/main/java/org/apache/commons/compress/compressors/z/ZCompressorInputStreamSymflowerTest.java
Analyzed 36 out of 36 source files
Had 11 errors that block a full analysis
Generated 81 tests
Found 39 potential problems
The following issues prevent a full analysis:

* 64 cases of "unknown import"
	Description: Imports could not be resolved. This is likely due to missing dependencies.

* 57 cases of "unknown type"
	Description: Types could not be resolved. This could be because of missing dependencies
  or a consequence of some other problem.

* 25 cases of "unknown function"
	Description: Functions could not be resolved. This occurs due to missing dependencies,
  or if a called function is removed due to some other problem.

* 3 cases of "unsupported type"
	Description: Types required for analysis are not supported. This can include raw generics,
  or reflection types like "java.lang.Class".

* 2 cases of "not all elements have the same type"
	Description: Arguments of a function call do not match the parameter types. This usually
  occurs if a called method is removed due to some other problem, and another
  method with the same name is selected to be called.

* 49 cases of "other issues"
	Description: Uncategorized problems.

