Analyzing workspace /home/ph7/sqa-project/workspaces/jacksondatabind_79b/
Search for Java files
Load dependency stdlib:@dev
src/main/java/com/fasterxml/jackson/databind/introspect/JacksonAnnotationIntrospector.java: com.fasterxml.jackson.databind.introspect.JacksonAnnotationIntrospector._findSortAlpha: function is private and therefore inaccessible for tests
src/main/java/com/fasterxml/jackson/databind/introspect/JacksonAnnotationIntrospector.java: com.fasterxml.jackson.databind.introspect.JacksonAnnotationIntrospector.Java7Support.Java7Support: function is private and therefore inaccessible for tests
src/main/java/com/fasterxml/jackson/databind/introspect/JacksonAnnotationIntrospector.java: com.fasterxml.jackson.databind.introspect.JacksonAnnotationIntrospector.Java7Support.findTransient: function is private and therefore inaccessible for tests
src/main/java/com/fasterxml/jackson/databind/introspect/JacksonAnnotationIntrospector.java: com.fasterxml.jackson.databind.introspect.JacksonAnnotationIntrospector.Java7Support.hasCreatorAnnotation: function is private and therefore inaccessible for tests
src/main/java/com/fasterxml/jackson/databind/introspect/JacksonAnnotationIntrospector.java: com.fasterxml.jackson.databind.introspect.JacksonAnnotationIntrospector.Java7Support.findConstructorName: function is private and therefore inaccessible for tests
src/main/java/com/fasterxml/jackson/databind/introspect/Annotated.java: error: unknown import
	data: java/lang/reflect/AnnotatedElement
src/main/java/com/fasterxml/jackson/databind/introspect/Annotated.java: error: unknown import
	data: java/lang/reflect/Modifier
src/main/java/com/fasterxml/jackson/databind/introspect/Annotated.java: error: unknown import
	data: java/lang/reflect/Type
src/main/java/com/fasterxml/jackson/databind/introspect/Annotated.java: error: unknown import
	data: com/fasterxml/jackson/databind/JavaType
src/main/java/com/fasterxml/jackson/databind/introspect/Annotated.java: error: unknown import
	data: com/fasterxml/jackson/databind/type/TypeBindings
src/main/java/com/fasterxml/jackson/databind/introspect/Annotated.java: error: unknown type
	data: Deprecated
src/main/java/com/fasterxml/jackson/databind/introspect/Annotated.java: internal error: not all elements have the same type
	data: [function(variable(this, pointer(reference(com/fasterxml/jackson/databind/introspect/Annotated))), com/fasterxml/jackson/databind/introspect/Annotated//getRawType!d41d8cd98f00b204e9800998ecf8427e, [], [variable(, pointer(genericInstance(reference(java/lang/Class), [wildcard(, pointer(reference(java/lang/Object)))])))], <nil>) return([call(select(this, getRawType!d41d8cd98f00b204e9800998ecf8427e), [])])]
src/main/java/com/fasterxml/jackson/databind/introspect/AnnotatedClass.java: error: unknown import
	data: com/fasterxml/jackson/databind/cfg/MapperConfig
src/main/java/com/fasterxml/jackson/databind/introspect/AnnotatedClass.java: error: unknown import
	data: com/fasterxml/jackson/databind/type/TypeBindings
src/main/java/com/fasterxml/jackson/databind/introspect/AnnotatedClass.java: error: unknown type
	data: Constructor
src/main/java/com/fasterxml/jackson/databind/introspect/AnnotatedClass.java: error: unknown function
	data: [<nil> com/fasterxml/jackson/databind/introspect/AnnotatedClass//AnnotatedClass [] [nil cls unsupported unsupported nil nil nil nil]]
src/main/java/com/fasterxml/jackson/databind/introspect/AnnotatedClass.java: error: unknown function
	data: [<nil> java/util/ArrayList//ArrayList [pointer(reference(com/fasterxml/jackson/databind/introspect/AnnotatedMethod))] [8]]
src/main/java/com/fasterxml/jackson/databind/introspect/AnnotatedClass.java: error: unknown function
	data: [<nil> java/util/ArrayList//ArrayList [pointer(reference(com/fasterxml/jackson/databind/introspect/AnnotatedField))] [call(select(ensure_not_nil(foundFields), size!d41d8cd98f00b204e9800998ecf8427e), [])]]
src/main/java/com/fasterxml/jackson/databind/introspect/AnnotatedClass.java: error: unknown function
	data: [<nil> getClass [] []]
src/main/java/com/fasterxml/jackson/databind/introspect/AnnotatedClass.java: error: unknown import
	data: com/fasterxml/jackson/databind/AnnotationIntrospector
src/main/java/com/fasterxml/jackson/databind/introspect/AnnotatedClass.java: error: unknown function
	data: [<nil> _addOrOverrideAnnotations [] [target call(select(ensure_not_nil(fromBundles), toArray!4ca58e31cd2242105fd0ef5028975b56), [cast(make(array(reference(java/lang/annotation/Annotation), primitive(int, 32, false), 0), call(select(ensure_not_nil(fromBundles), size!d41d8cd98f00b204e9800998ecf8427e), [])), array(pointer(reference(java/lang/Object)), primitive(int, 32, false), 0))])]]
src/main/java/com/fasterxml/jackson/databind/introspect/AnnotatedClass.java: error: unknown type
	data: NoClassDefFoundError
src/main/java/com/fasterxml/jackson/databind/introspect/AnnotatedClass.java: error: unknown type
	data: ClassLoader
src/main/java/com/fasterxml/jackson/databind/introspect/AnnotatedClass.java: error: unknown function
	data: [pointer(reference(java/lang/Object)) java/lang/Object//getClass [] []]
src/main/java/com/fasterxml/jackson/databind/introspect/AnnotatedClass.java: error: unknown import
	data: com/fasterxml/jackson/databind/type/TypeFactory
src/main/java/com/fasterxml/jackson/databind/introspect/AnnotatedClass.java: error: unknown function
	data: [pointer(genericInstance(reference(java/lang/Class), [wildcard(, pointer(reference(java/lang/Object)))])) java/lang/Class<descendant of java/lang/Object>//getDeclaredMethods [] []]
src/main/java/com/fasterxml/jackson/databind/introspect/AnnotatedClass.java: error: abstract method is not implemented
	data: [com/fasterxml/jackson/databind/introspect/AnnotatedClass resolveType!5d5ea6a289d00a08eecf1c1766bc776e]
src/main/java/com/fasterxml/jackson/databind/introspect/AnnotatedClass.java: error: unknown import
	data: com/fasterxml/jackson/databind/JavaType
src/main/java/com/fasterxml/jackson/databind/introspect/AnnotatedClass.java: error: unknown import
	data: com/fasterxml/jackson/databind/util/Annotations
src/main/java/com/fasterxml/jackson/databind/introspect/AnnotatedClass.java: error: unknown import
	data: com/fasterxml/jackson/databind/util/ClassUtil
src/main/java/com/fasterxml/jackson/databind/introspect/AnnotatedClass.java: error: unknown function
	data: [<nil> com/fasterxml/jackson/databind/introspect/AnnotatedClass//AnnotatedClass [] [nil cls unsupported unsupported intr cast(config, reference(com/fasterxml/jackson/databind/introspect/ClassIntrospector//MixInResolver)) unsupported nil]]
src/main/java/com/fasterxml/jackson/databind/introspect/AnnotatedClass.java: error: unknown field
	data: [this struct(com/fasterxml/jackson/databind/introspect/AnnotatedClass, [], [pointer(reference(com/fasterxml/jackson/databind/introspect/Annotated))], [reference(com/fasterxml/jackson/databind/introspect/TypeResolutionContext)]) Collections]
src/main/java/com/fasterxml/jackson/databind/introspect/AnnotatedClass.java: error: unknown field
	data: [this struct(com/fasterxml/jackson/databind/introspect/AnnotatedClass, [], [pointer(reference(com/fasterxml/jackson/databind/introspect/Annotated))], [reference(com/fasterxml/jackson/databind/introspect/TypeResolutionContext)]) Modifier]
src/main/java/com/fasterxml/jackson/databind/introspect/AnnotatedClass.java: error: unknown function
	data: [pointer(genericInstance(reference(java/util/List), [pointer(reference(com/fasterxml/jackson/databind/introspect/AnnotatedField))])) java/util/List<com/fasterxml/jackson/databind/introspect/AnnotatedField>//addAll [] [call(select(ensure_not_nil(foundFields), values!d41d8cd98f00b204e9800998ecf8427e), [])]]
src/main/java/com/fasterxml/jackson/databind/introspect/AnnotatedClass.java: error: unknown function
	data: [genericInstance(reference(java/lang/Class), [wildcard(, pointer(reference(java/lang/Object)))]) java/lang/Class<descendant of java/lang/Object>//isInterface [] []]
src/main/java/com/fasterxml/jackson/databind/introspect/AnnotatedClass.java: error: unknown type
	data: Method
src/main/java/com/fasterxml/jackson/databind/introspect/AnnotatedClass.java: error: unknown function
	data: [struct(com/fasterxml/jackson/databind/introspect/AnnotationMap, [], [pointer(reference(java/lang/Object))], [unsupported(com/fasterxml/jackson/databind/util/Annotations)]) com/fasterxml/jackson/databind/introspect/AnnotationMap//get [] [acls]]
src/main/java/com/fasterxml/jackson/databind/introspect/AnnotatedClass.java: error: unknown function
	data: [struct(java/lang/System, [], [pointer(reference(java/lang/Object))], []) java/lang/System//arraycopy [] [old 0 paramAnns 2 len(ensure_not_nil(old))]]
src/main/java/com/fasterxml/jackson/databind/introspect/AnnotatedClass.java: error: unknown function
	data: [pointer(genericInstance(reference(java/lang/Class), [wildcard(, pointer(reference(java/lang/Object)))])) java/lang/Class<descendant of java/lang/Object>//isMemberClass [] []]
src/main/java/com/fasterxml/jackson/databind/introspect/AnnotatedClass.java: error: unknown function
	data: [struct(java/lang/System, [], [pointer(reference(java/lang/Object))], []) java/lang/System//arraycopy [] [old 0 paramAnns 1 len(ensure_not_nil(old))]]
src/main/java/com/fasterxml/jackson/databind/introspect/AnnotatedClass.java: error: unknown field
	data: [this struct(com/fasterxml/jackson/databind/introspect/AnnotatedClass, [], [pointer(reference(com/fasterxml/jackson/databind/introspect/Annotated))], [reference(com/fasterxml/jackson/databind/introspect/TypeResolutionContext)]) Modifier]
src/main/java/com/fasterxml/jackson/databind/introspect/AnnotatedClass.java: error: unknown type
	data: Field
src/main/java/com/fasterxml/jackson/databind/introspect/AnnotatedClass.java: error: unknown identifier
	data: Collections
src/main/java/com/fasterxml/jackson/databind/introspect/AnnotatedClass.java: error: unknown function
	data: [<nil> com/fasterxml/jackson/databind/introspect/AnnotatedClass//AnnotatedClass [] [nil cls unsupported unsupported intr mir unsupported nil]]
src/main/java/com/fasterxml/jackson/databind/introspect/AnnotatedClass.java: internal error: not all elements have the same type
	data: [function(variable(this, pointer(reference(com/fasterxml/jackson/databind/introspect/AnnotatedClass))), com/fasterxml/jackson/databind/introspect/AnnotatedClass//_classAnnotations!d41d8cd98f00b204e9800998ecf8427e, [], [variable(, pointer(reference(com/fasterxml/jackson/databind/introspect/AnnotationMap)))], block([unsupported])) return([call(select(this, _classAnnotations!d41d8cd98f00b204e9800998ecf8427e), [])])]
src/main/java/com/fasterxml/jackson/databind/introspect/AnnotatedClass.java: error: unknown field
	data: [this struct(com/fasterxml/jackson/databind/introspect/AnnotatedClass, [], [pointer(reference(com/fasterxml/jackson/databind/introspect/Annotated))], [reference(com/fasterxml/jackson/databind/introspect/TypeResolutionContext)]) Modifier]
src/main/java/com/fasterxml/jackson/databind/introspect/AnnotatedClass.java: error: unknown function
	data: [<nil> _addAnnotationsIfNotPresent [] [target call(select(ensure_not_nil(fromBundles), toArray!4ca58e31cd2242105fd0ef5028975b56), [cast(make(array(reference(java/lang/annotation/Annotation), primitive(int, 32, false), 0), call(select(ensure_not_nil(fromBundles), size!d41d8cd98f00b204e9800998ecf8427e), [])), array(pointer(reference(java/lang/Object)), primitive(int, 32, false), 0))])]]
src/main/java/com/fasterxml/jackson/databind/introspect/AnnotatedClass.java: error: unknown import
	data: java/lang/reflect
src/main/java/com/fasterxml/jackson/databind/introspect/AnnotatedClass.java: error: unknown type
	data: Type
src/main/java/com/fasterxml/jackson/databind/introspect/AnnotatedClass.java: error: unknown function
	data: [<nil> java/util/ArrayList//ArrayList [pointer(reference(com/fasterxml/jackson/databind/introspect/AnnotatedConstructor))] [call(java/lang/Math//max!2ac0ebcb23011db97774191b8c6fdbe3, [10, len(ensure_not_nil(declaredCtors))])]]
src/main/java/com/fasterxml/jackson/databind/introspect/AnnotatedClass.java: error: unknown field
	data: [this struct(com/fasterxml/jackson/databind/introspect/AnnotatedClass, [], [pointer(reference(com/fasterxml/jackson/databind/introspect/Annotated))], [reference(com/fasterxml/jackson/databind/introspect/TypeResolutionContext)]) Collections]
src/main/java/com/fasterxml/jackson/databind/introspect/AnnotatedClass.java: error: unknown function
	data: [<nil> _addAnnotationsIfNotPresent [] [result call(select(ensure_not_nil(fromBundles), toArray!4ca58e31cd2242105fd0ef5028975b56), [cast(make(array(reference(java/lang/annotation/Annotation), primitive(int, 32, false), 0), call(select(ensure_not_nil(fromBundles), size!d41d8cd98f00b204e9800998ecf8427e), [])), array(pointer(reference(java/lang/Object)), primitive(int, 32, false), 0))])]]
src/main/java/com/fasterxml/jackson/databind/introspect/AnnotatedClass.java: error: unknown function
	data: [<nil> com/fasterxml/jackson/databind/introspect/AnnotatedClass//AnnotatedClass [] [nil cls unsupported unsupported nil nil nil nil]]
src/main/java/com/fasterxml/jackson/databind/introspect/AnnotatedClass.java: error: unknown function
	data: [genericInstance(reference(java/lang/Class), [wildcard(, pointer(reference(java/lang/Object)))]) java/lang/Class<descendant of java/lang/Object>//getModifiers [] []]
src/main/java/com/fasterxml/jackson/databind/introspect/AnnotatedClass.java: error: unknown function
	data: [pointer(genericInstance(reference(java/lang/Class), [wildcard(, pointer(reference(java/lang/Object)))])) java/lang/Class<descendant of java/lang/Object>//isEnum [] []]
src/main/java/com/fasterxml/jackson/databind/introspect/AnnotatedConstructor.java: error: unknown type
	data: Type
src/main/java/com/fasterxml/jackson/databind/introspect/AnnotatedConstructor.java: error: unknown type
	data: Deprecated
src/main/java/com/fasterxml/jackson/databind/introspect/AnnotatedConstructor.java: error: unknown function
	data: [struct(com/fasterxml/jackson/databind/introspect/TypeResolutionContext, [], [pointer(reference(java/lang/Object))], []) com/fasterxml/jackson/databind/introspect/TypeResolutionContext//resolveType [] [call(select(this, getRawType!d41d8cd98f00b204e9800998ecf8427e), [])]]
src/main/java/com/fasterxml/jackson/databind/introspect/AnnotatedConstructor.java: error: unknown function
	data: [pointer(genericInstance(reference(java/lang/Class), [wildcard(, pointer(reference(java/lang/Object)))])) java/lang/Class<descendant of java/lang/Object>//getDeclaredConstructor [] [select(select(this, _serialization), args)]]
src/main/java/com/fasterxml/jackson/databind/introspect/AnnotatedConstructor.java: error: unknown import
	data: com/fasterxml/jackson/databind/JavaType
src/main/java/com/fasterxml/jackson/databind/introspect/AnnotatedConstructor.java: error: unknown import
	data: com/fasterxml/jackson/databind/util/ClassUtil
src/main/java/com/fasterxml/jackson/databind/introspect/AnnotatedConstructor.java: error: unknown type
	data: Member
src/main/java/com/fasterxml/jackson/databind/introspect/AnnotatedConstructor.java: error: unknown function
	data: [<nil> getClass [] []]
src/main/java/com/fasterxml/jackson/databind/introspect/AnnotatedConstructor.java: error: unknown identifier
	data: ctor
src/main/java/com/fasterxml/jackson/databind/introspect/AnnotatedConstructor.java: error: unknown import
	data: java/lang/reflect
src/main/java/com/fasterxml/jackson/databind/introspect/AnnotatedConstructor.java: error: unknown type
	data: Constructor
src/main/java/com/fasterxml/jackson/databind/introspect/AnnotatedConstructor.java: error: unknown function
	data: [pointer(reference(java/lang/Object)) java/lang/Object//getClass [] []]
src/main/java/com/fasterxml/jackson/databind/introspect/AnnotatedField.java: error: unknown type
	data: Deprecated
src/main/java/com/fasterxml/jackson/databind/introspect/AnnotatedField.java: error: unknown import
	data: com/fasterxml/jackson/databind/JavaType
src/main/java/com/fasterxml/jackson/databind/introspect/AnnotatedField.java: error: unknown type
	data: Field
src/main/java/com/fasterxml/jackson/databind/introspect/AnnotatedField.java: error: unknown type
	data: Member
src/main/java/com/fasterxml/jackson/databind/introspect/AnnotatedField.java: error: unknown field
	data: [this struct(com/fasterxml/jackson/databind/introspect/AnnotatedField, [], [pointer(reference(com/fasterxml/jackson/databind/introspect/AnnotatedMember))], [reference(java/io/Serializable)]) Modifier]
src/main/java/com/fasterxml/jackson/databind/introspect/AnnotatedField.java: error: unknown function
	data: [pointer(reference(java/lang/Object)) java/lang/Object//getClass [] []]
src/main/java/com/fasterxml/jackson/databind/introspect/AnnotatedField.java: error: unknown function
	data: [<nil> getClass [] []]
src/main/java/com/fasterxml/jackson/databind/introspect/AnnotatedField.java: error: unknown import
	data: com/fasterxml/jackson/databind/util/ClassUtil
src/main/java/com/fasterxml/jackson/databind/introspect/AnnotatedField.java: error: unknown import
	data: java/lang/reflect
src/main/java/com/fasterxml/jackson/databind/introspect/AnnotatedField.java: error: unknown type
	data: Type
src/main/java/com/fasterxml/jackson/databind/introspect/AnnotatedMember.java: error: unknown function
	data: [struct(com/fasterxml/jackson/databind/introspect/AnnotationMap, [], [pointer(reference(java/lang/Object))], [unsupported(com/fasterxml/jackson/databind/util/Annotations)]) com/fasterxml/jackson/databind/introspect/AnnotationMap//get [] [acls]]
src/main/java/com/fasterxml/jackson/databind/introspect/AnnotatedMember.java: error: unknown import
	data: java/lang/reflect/Member
src/main/java/com/fasterxml/jackson/databind/introspect/AnnotatedMember.java: error: unknown import
	data: java/util/Collections
src/main/java/com/fasterxml/jackson/databind/introspect/AnnotatedMember.java: error: unknown import
	data: com/fasterxml/jackson/databind/util/ClassUtil
src/main/java/com/fasterxml/jackson/databind/introspect/AnnotatedMember.java: error: unknown type
	data: Deprecated
src/main/java/com/fasterxml/jackson/databind/introspect/AnnotatedMethod.java: error: unknown field
	data: [this struct(com/fasterxml/jackson/databind/introspect/AnnotatedMethod, [], [pointer(reference(com/fasterxml/jackson/databind/introspect/AnnotatedWithParams))], [reference(java/io/Serializable)]) Void]
src/main/java/com/fasterxml/jackson/databind/introspect/AnnotatedMethod.java: error: unknown import
	data: com/fasterxml/jackson/databind/JavaType
src/main/java/com/fasterxml/jackson/databind/introspect/AnnotatedMethod.java: error: unknown import
	data: java/lang/reflect
src/main/java/com/fasterxml/jackson/databind/introspect/AnnotatedMethod.java: error: unknown type
	data: Type
src/main/java/com/fasterxml/jackson/databind/introspect/AnnotatedMethod.java: error: unknown type
	data: Deprecated
src/main/java/com/fasterxml/jackson/databind/introspect/AnnotatedMethod.java: error: unknown function
	data: [pointer(reference(java/lang/Object)) java/lang/Object//getClass [] []]
src/main/java/com/fasterxml/jackson/databind/introspect/AnnotatedMethod.java: error: unknown function
	data: [<nil> getClass [] []]
src/main/java/com/fasterxml/jackson/databind/introspect/AnnotatedMethod.java: error: unknown import
	data: com/fasterxml/jackson/databind/util/ClassUtil
src/main/java/com/fasterxml/jackson/databind/introspect/AnnotatedMethod.java: error: unknown type
	data: Method
src/main/java/com/fasterxml/jackson/databind/introspect/AnnotatedMethod.java: error: unknown type
	data: InvocationTargetException
src/main/java/com/fasterxml/jackson/databind/introspect/AnnotatedMethodMap.java: error: unknown import
	data: java/lang/reflect/Method
src/main/java/com/fasterxml/jackson/databind/introspect/AnnotatedMethodMap.java: error: unknown type
	data: LinkedHashMap
src/main/java/com/fasterxml/jackson/databind/introspect/AnnotatedMethodMap.java: error: unknown field
	data: [this struct(com/fasterxml/jackson/databind/introspect/AnnotatedMethodMap, [], [pointer(reference(java/lang/Object))], [pointer(genericInstance(reference(java/lang/Iterable), [pointer(reference(com/fasterxml/jackson/databind/introspect/AnnotatedMethod))]))]) Collections]
src/main/java/com/fasterxml/jackson/databind/introspect/AnnotatedParameter.java: error: unknown function
	data: [pointer(reference(java/lang/Object)) java/lang/Object//getClass [] []]
src/main/java/com/fasterxml/jackson/databind/introspect/AnnotatedParameter.java: error: unknown function
	data: [<nil> getClass [] []]
src/main/java/com/fasterxml/jackson/databind/introspect/AnnotatedParameter.java: error: unknown import
	data: com/fasterxml/jackson/databind/JavaType
src/main/java/com/fasterxml/jackson/databind/introspect/AnnotatedParameter.java: error: unknown import
	data: java/lang/reflect
src/main/java/com/fasterxml/jackson/databind/introspect/AnnotatedParameter.java: error: unknown type
	data: AnnotatedElement
src/main/java/com/fasterxml/jackson/databind/introspect/AnnotatedParameter.java: error: unknown type
	data: Type
src/main/java/com/fasterxml/jackson/databind/introspect/AnnotatedParameter.java: error: unknown type
	data: Deprecated
src/main/java/com/fasterxml/jackson/databind/introspect/AnnotatedParameter.java: error: unknown type
	data: Member
src/main/java/com/fasterxml/jackson/databind/introspect/AnnotatedWithParams.java: error: unknown import
	data: java/lang/reflect/Type
src/main/java/com/fasterxml/jackson/databind/introspect/AnnotatedWithParams.java: error: unknown import
	data: com/fasterxml/jackson/databind/JavaType
src/main/java/com/fasterxml/jackson/databind/introspect/AnnotatedWithParams.java: error: unknown type
	data: Deprecated
src/main/java/com/fasterxml/jackson/databind/introspect/AnnotationIntrospectorPair.java: error: unknown import
	data: com/fasterxml/jackson/databind/jsontype/TypeResolverBuilder
src/main/java/com/fasterxml/jackson/databind/introspect/AnnotationIntrospectorPair.java: error: unknown function
	data: [<nil> java/util/ArrayList//ArrayList [unsupported(com/fasterxml/jackson/databind/jsontype/NamedType)] [+(call(select(ensure_not_nil(types1), size!d41d8cd98f00b204e9800998ecf8427e), []), call(select(ensure_not_nil(types2), size!d41d8cd98f00b204e9800998ecf8427e), []))]]
src/main/java/com/fasterxml/jackson/databind/introspect/AnnotationIntrospectorPair.java: error: unknown field
	data: [this struct(com/fasterxml/jackson/databind/introspect/AnnotationIntrospectorPair, [], [unsupported(AnnotationIntrospector)], [reference(java/io/Serializable)]) PropertyName]
src/main/java/com/fasterxml/jackson/databind/introspect/AnnotationIntrospectorPair.java: error: unknown import
	data: com/fasterxml/jackson/annotation/JsonFormat
src/main/java/com/fasterxml/jackson/databind/introspect/AnnotationIntrospectorPair.java: error: unknown import
	data: com/fasterxml/jackson/annotation/JsonProperty
src/main/java/com/fasterxml/jackson/databind/introspect/AnnotationIntrospectorPair.java: error: unknown import
	data: com/fasterxml/jackson/core/Version
src/main/java/com/fasterxml/jackson/databind/introspect/AnnotationIntrospectorPair.java: error: unknown function
	data: [pointer(genericInstance(reference(java/util/ArrayList), [unsupported(com/fasterxml/jackson/databind/jsontype/NamedType)])) java/util/ArrayList<com/fasterxml/jackson/databind/jsontype/NamedType>//addAll [] [types1]]
src/main/java/com/fasterxml/jackson/databind/introspect/AnnotationIntrospectorPair.java: error: unknown field
	data: [this struct(com/fasterxml/jackson/databind/introspect/AnnotationIntrospectorPair, [], [unsupported(AnnotationIntrospector)], [reference(java/io/Serializable)]) PropertyName]
src/main/java/com/fasterxml/jackson/databind/introspect/AnnotationIntrospectorPair.java: error: unknown import
	data: com/fasterxml/jackson/databind/cfg/MapperConfig
src/main/java/com/fasterxml/jackson/databind/introspect/AnnotationIntrospectorPair.java: error: unknown import
	data: com/fasterxml/jackson/databind/jsontype/NamedType
src/main/java/com/fasterxml/jackson/databind/introspect/AnnotationIntrospectorPair.java: error: unknown type
	data: AnnotationIntrospector
src/main/java/com/fasterxml/jackson/databind/introspect/AnnotationIntrospectorPair.java: error: unknown import
	data: com/fasterxml/jackson/annotation/JsonCreator
src/main/java/com/fasterxml/jackson/databind/introspect/AnnotationIntrospectorPair.java: error: unknown import
	data: com/fasterxml/jackson/databind/ser/BeanPropertyWriter
src/main/java/com/fasterxml/jackson/databind/introspect/AnnotationIntrospectorPair.java: error: unknown import
	data: com/fasterxml/jackson/databind/util/NameTransformer
src/main/java/com/fasterxml/jackson/databind/introspect/AnnotationIntrospectorPair.java: error: not a boolean type
	data: unsupported
src/main/java/com/fasterxml/jackson/databind/introspect/AnnotationIntrospectorPair.java: error: not a boolean type
	data: unsupported
src/main/java/com/fasterxml/jackson/databind/introspect/AnnotationIntrospectorPair.java: error: unknown import
	data: com/fasterxml/jackson/databind/annotation/JsonPOJOBuilder
src/main/java/com/fasterxml/jackson/databind/introspect/AnnotationIntrospectorPair.java: error: unknown import
	data: com/fasterxml/jackson/databind/annotation/JsonSerialize
src/main/java/com/fasterxml/jackson/databind/introspect/AnnotationIntrospectorPair.java: error: unknown type
	data: JsonMappingException
src/main/java/com/fasterxml/jackson/databind/introspect/AnnotationIntrospectorPair.java: error: unknown identifier
	data: result
src/main/java/com/fasterxml/jackson/databind/introspect/AnnotationIntrospectorPair.java: error: not a boolean type
	data: unsupported
src/main/java/com/fasterxml/jackson/databind/introspect/AnnotationIntrospectorPair.java: error: not a boolean type
	data: unsupported
src/main/java/com/fasterxml/jackson/databind/introspect/AnnotationIntrospectorPair.java: error: not a boolean type
	data: unsupported
src/main/java/com/fasterxml/jackson/databind/introspect/AnnotationIntrospectorPair.java: error: unknown type
	data: ReferenceProperty
src/main/java/com/fasterxml/jackson/databind/introspect/AnnotationIntrospectorPair.java: error: unknown field
	data: [this struct(com/fasterxml/jackson/databind/introspect/AnnotationIntrospectorPair, [], [unsupported(AnnotationIntrospector)], [reference(java/io/Serializable)]) PropertyName]
src/main/java/com/fasterxml/jackson/databind/introspect/AnnotationIntrospectorPair.java: error: not a boolean type
	data: unsupported
src/main/java/com/fasterxml/jackson/databind/introspect/AnnotationIntrospectorPair.java: error: unknown identifier
	data: b
src/main/java/com/fasterxml/jackson/databind/introspect/AnnotationIntrospectorPair.java: error: unknown import
	data: com/fasterxml/jackson/databind/util/ClassUtil
src/main/java/com/fasterxml/jackson/databind/introspect/AnnotationIntrospectorPair.java: error: unknown type
	data: PropertyName
src/main/java/com/fasterxml/jackson/databind/introspect/AnnotationIntrospectorPair.java: error: unknown type
	data: Deprecated
src/main/java/com/fasterxml/jackson/databind/introspect/AnnotationIntrospectorPair.java: error: unknown type
	data: JavaType
src/main/java/com/fasterxml/jackson/databind/introspect/AnnotationIntrospectorPair.java: error: not a boolean type
	data: unsupported
src/main/java/com/fasterxml/jackson/databind/introspect/AnnotationIntrospectorPair.java: error: unknown import
	data: com/fasterxml/jackson/annotation/JsonInclude
src/main/java/com/fasterxml/jackson/databind/introspect/AnnotationIntrospectorPair.java: error: unknown function
	data: [pointer(genericInstance(reference(java/util/ArrayList), [unsupported(com/fasterxml/jackson/databind/jsontype/NamedType)])) java/util/ArrayList<com/fasterxml/jackson/databind/jsontype/NamedType>//addAll [] [types2]]
src/main/java/com/fasterxml/jackson/databind/introspect/AnnotationMap.java: error: unknown import
	data: com/fasterxml/jackson/databind/util/Annotations
src/main/java/com/fasterxml/jackson/databind/introspect/AnnotationMap.java: error: unknown type
	data: SuppressWarnings
src/main/java/com/fasterxml/jackson/databind/introspect/AnnotationMap.java: error: unknown identifier
	data: annotations
src/main/java/com/fasterxml/jackson/databind/introspect/AnnotationMap.java: error: unknown type
	data: HashMap
src/main/java/com/fasterxml/jackson/databind/introspect/AnnotationMap.java: error: unknown field
	data: [this struct(com/fasterxml/jackson/databind/introspect/AnnotationMap, [], [pointer(reference(java/lang/Object))], [unsupported(com/fasterxml/jackson/databind/util/Annotations)]) Collections]
src/main/java/com/fasterxml/jackson/databind/introspect/BasicBeanDescription.java: error: unknown import
	data: com/fasterxml/jackson/databind/util/Converter
src/main/java/com/fasterxml/jackson/databind/introspect/BasicBeanDescription.java: error: unknown type
	data: Set
src/main/java/com/fasterxml/jackson/databind/introspect/BasicBeanDescription.java: error: unknown type
	data: java/lang/reflect/Type
src/main/java/com/fasterxml/jackson/databind/introspect/BasicBeanDescription.java: error: unknown type
	data: LinkedHashMap
src/main/java/com/fasterxml/jackson/databind/introspect/BasicBeanDescription.java: internal error: not all elements have the same type
	data: conditional(==(i, 0), [call(select(this, getConstructors!d41d8cd98f00b204e9800998ecf8427e), []), call(select(this, getFactoryMethods!d41d8cd98f00b204e9800998ecf8427e), [])])
src/main/java/com/fasterxml/jackson/databind/introspect/BasicBeanDescription.java: error: unknown field
	data: [this struct(com/fasterxml/jackson/databind/introspect/BasicBeanDescription, [], [unsupported(BeanDescription)], []) Collections]
src/main/java/com/fasterxml/jackson/databind/introspect/BasicBeanDescription.java: error: unknown field
	data: [this struct(com/fasterxml/jackson/databind/introspect/BasicBeanDescription, [], [unsupported(BeanDescription)], []) _type]
src/main/java/com/fasterxml/jackson/databind/introspect/BasicBeanDescription.java: error: unknown field
	data: [this struct(com/fasterxml/jackson/databind/introspect/BasicBeanDescription, [], [unsupported(BeanDescription)], []) Collections]
src/main/java/com/fasterxml/jackson/databind/introspect/BasicBeanDescription.java: error: unknown function
	data: [pointer(reference(java/lang/Throwable)) java/lang/Throwable//getClass [] []]
src/main/java/com/fasterxml/jackson/databind/introspect/BasicBeanDescription.java: error: unknown import
	data: com/fasterxml/jackson/annotation/JsonFormat
src/main/java/com/fasterxml/jackson/databind/introspect/BasicBeanDescription.java: error: unknown import
	data: com/fasterxml/jackson/databind/type/TypeBindings
src/main/java/com/fasterxml/jackson/databind/introspect/BasicBeanDescription.java: error: unknown type
	data: HashMap
src/main/java/com/fasterxml/jackson/databind/introspect/BasicBeanDescription.java: error: unknown type
	data: AnnotationIntrospector/ReferenceProperty
src/main/java/com/fasterxml/jackson/databind/introspect/BasicBeanDescription.java: error: unknown field
	data: [this struct(com/fasterxml/jackson/databind/introspect/BasicBeanDescription, [], [unsupported(BeanDescription)], []) PropertyName]
src/main/java/com/fasterxml/jackson/databind/introspect/BasicBeanDescription.java: error: unknown identifier
	data: conv
src/main/java/com/fasterxml/jackson/databind/introspect/BasicBeanDescription.java: error: unknown import
	data: com/fasterxml/jackson/databind/cfg/HandlerInstantiator
src/main/java/com/fasterxml/jackson/databind/introspect/BasicBeanDescription.java: error: unknown type
	data: AnnotationIntrospector
src/main/java/com/fasterxml/jackson/databind/introspect/BasicBeanDescription.java: error: unknown type
	data: JavaType
src/main/java/com/fasterxml/jackson/databind/introspect/BasicBeanDescription.java: error: unknown type
	data: PropertyName
src/main/java/com/fasterxml/jackson/databind/introspect/BasicBeanDescription.java: error: unknown field
	data: [this struct(com/fasterxml/jackson/databind/introspect/BasicBeanDescription, [], [unsupported(BeanDescription)], []) Collections]
src/main/java/com/fasterxml/jackson/databind/introspect/BasicBeanDescription.java: error: unknown import
	data: java/lang/reflect/Constructor
src/main/java/com/fasterxml/jackson/databind/introspect/BasicBeanDescription.java: error: unknown import
	data: java/lang/reflect/Method
src/main/java/com/fasterxml/jackson/databind/introspect/BasicBeanDescription.java: error: unknown function
	data: [pointer(reference(java/lang/Throwable)) java/lang/Throwable//getCause [] []]
src/main/java/com/fasterxml/jackson/databind/introspect/BasicBeanDescription.java: error: unknown function
	data: [pointer(genericInstance(reference(java/lang/Class), [wildcard(, pointer(reference(java/lang/Object)))])) java/lang/Class<descendant of java/lang/Object>//isAssignableFrom [] [expArgType]]
src/main/java/com/fasterxml/jackson/databind/introspect/BasicBeanDescription.java: error: unknown function
	data: [<nil> getBeanClass [] []]
src/main/java/com/fasterxml/jackson/databind/introspect/BasicBeanDescription.java: error: unknown function
	data: [genericInstance(reference(java/lang/Class), [pointer(reference(java/lang/Object))]) java/lang/Class<java/lang/Object>//isAssignableFrom [] [cls]]
src/main/java/com/fasterxml/jackson/databind/introspect/BasicBeanDescription.java: error: unknown import
	data: com/fasterxml/jackson/databind/util/ClassUtil
src/main/java/com/fasterxml/jackson/databind/introspect/BasicBeanDescription.java: error: unknown type
	data: BeanDescription
src/main/java/com/fasterxml/jackson/databind/introspect/BasicBeanDescription.java: error: unknown identifier
	data: Collections
src/main/java/com/fasterxml/jackson/databind/introspect/BasicBeanDescription.java: error: unknown field
	data: [this struct(com/fasterxml/jackson/databind/introspect/BasicBeanDescription, [], [unsupported(BeanDescription)], []) MapperFeature]
src/main/java/com/fasterxml/jackson/databind/introspect/BasicBeanDescription.java: error: unknown field
	data: [this struct(com/fasterxml/jackson/databind/introspect/BasicBeanDescription, [], [unsupported(BeanDescription)], []) Collections]
src/main/java/com/fasterxml/jackson/databind/introspect/BasicBeanDescription.java: error: unknown type
	data: Deprecated
src/main/java/com/fasterxml/jackson/databind/introspect/BasicBeanDescription.java: error: unknown function
	data: [<nil> java/util/ArrayList//ArrayList [pointer(reference(java/lang/String))] [unsupported]]
src/main/java/com/fasterxml/jackson/databind/introspect/BasicBeanDescription.java: error: Internal error: unknown identifier:
		"l"
		Stacktrace: goroutine 1 [running]:
		gitlab.nethead.at/symflower/symflower/model/errors.NewInternalError({0x21de060, 0x2d25970}, {0x12473e0, 0xc001248240})
			gitlab.nethead.at/symflower/symflower/model/errors/error.go:852 +0x4e
		gitlab.nethead.at/symflower/symflower/model/ast.(*Identifier).ExpressionType(0xc0026ef820, 0xc000380360)
			gitlab.nethead.at/symflower/symflower/model/ast/parameters.go:70 +0x186
		gitlab.nethead.at/symflower/symflower/model/ast.(*ExpressionUnary).ExpressionType(0xc0031a3440, 0xc000380360)
			gitlab.nethead.at/symflower/symflower/model/ast/expression.go:1258 +0x2a
		gitlab.nethead.at/symflower/symflower/model/ast.(*Scope).GetFunctionWithEffectiveReceiver(0xc000380360, {0x2208dd0?, 0xc0031a3470})
			gitlab.nethead.at/symflower/symflower/model/ast/scope.go:677 +0x182
		gitlab.nethead.at/symflower/symflower/model/ast.(*Scope).GetFunction(...)
			gitlab.nethead.at/symflower/symflower/model/ast/scope.go:662
		gitlab.nethead.at/symflower/symflower/model/ast.(*Call).ScopeVisit(0xc001dc9cc0, 0xc000380360)
			gitlab.nethead.at/symflower/symflower/model/ast/function.go:1084 +0x1a5
		gitlab.nethead.at/symflower/symflower/model/ast.(*Call).Walk(0xc001dc9cc0, 0xc000380360, 0x1, 0xc0020664e0)
			gitlab.nethead.at/symflower/symflower/model/ast/walk_gen.go:123 +0xf0
		gitlab.nethead.at/symflower/symflower/model/ast.(*StatementDeclaration).Walk(0xc0000f5290, 0xc000380360, 0x1, 0xc0020664e0)
			gitlab.nethead.at/symflower/symflower/model/ast/walk_gen.go:1443 +0x21c
		gitlab.nethead.at/symflower/symflower/model/ast.(*StatementBlock).Walk(0xc00286f140, 0xc000380360, 0x1, 0xc0020664e0)
			gitlab.nethead.at/symflower/symflower/model/ast/walk_gen.go:1379 +0x36b
		gitlab.nethead.at/symflower/symflower/model/ast.(*StatementBlock).Walk(0xc00286f170, 0xc000380360, 0x1, 0xc0020664e0)
			gitlab.nethead.at/symflower/symflower/model/ast/walk_gen.go:1379 +0x36b
		gitlab.nethead.at/symflower/symflower/model/ast.(*StatementLoop).Walk(0xc001a34aa0, 0xc000380360, 0x1, 0xc0020664e0)
			gitlab.nethead.at/symflower/symflower/model/ast/walk_gen.go:1537 +0x2f4
		gitlab.nethead.at/symflower/symflower/model/ast.(*StatementBlock).Walk(0xc00286f200, 0xc000380360, 0x1, 0xc0020664e0)
			gitlab.nethead.at/symflower/symflower/model/ast/walk_gen.go:1379 +0x36b
		gitlab.nethead.at/symflower/symflower/model/ast.(*StatementBlock).Walk(0xc0011d01e0, 0xc000380360, 0x1, 0xc0020664e0)
			gitlab.nethead.at/symflower/symflower/model/ast/walk_gen.go:1379 +0x36b
		gitlab.nethead.at/symflower/symflower/model/ast.WalkInferTypes(0xc000380360, {0x2203830, 0xc0011d01e0}, 0x2088c68)
			gitlab.nethead.at/symflower/symflower/model/ast/walk.go:17 +0xd9
		gitlab.nethead.at/symflower/symflower/language/java/symbol.(*transpiler).inferBodyTypes(0xc0003b7680, {0x2203830, 0xc0011d01e0})
			gitlab.nethead.at/symflower/symflower/language/java/symbol/handle.go:2850 +0x31
		gitlab.nethead.at/symflower/symflower/language/java/symbol.(*transpiler).completeFunctionAndVerify(0xc0003b7680, 0xc0011fe900, 0xc001207900)
			gitlab.nethead.at/symflower/symflower/language/java/symbol/handle.go:2777 +0x107
		gitlab.nethead.at/symflower/symflower/language/java/symbol.(*transpiler).handleMethodDeclarationBody(0xc0003b7680, 0xc0011fe900, {0x2208170, 0xc000f6d500}, 0xc001207900, 0x0)
			gitlab.nethead.at/symflower/symflower/language/java/symbol/handle.go:2540 +0x7b5
		gitlab.nethead.at/symflower/symflower/language/java/symbol.(*transpiler).handleClassAndInterfaceDeclarationBodies(0xc0003b7680, 0xc0011fe900, 0xc000f6d500)
			gitlab.nethead.at/symflower/symflower/language/java/symbol/handle.go:1534 +0x2f7
		gitlab.nethead.at/symflower/symflower/language/java/symbol.(*transpiler).handleClassDeclarationBodies(0xc0003b7680, 0xc0011fe900, 0xc000f6d500)
			gitlab.nethead.at/symflower/symflower/language/java/symbol/handle.go:1419 +0x106
		gitlab.nethead.at/symflower/symflower/language/java/symbol.(*transpiler).handleBodies.func1(0xc0011fe900, {0x2207578, 0xc000f6d500})
			gitlab.nethead.at/symflower/symflower/language/java/symbol/symbols.go:532 +0x1ff
		gitlab.nethead.at/symflower/symflower/language/java/symbol.(*transpiler).walkSubDeclarations(0xc0003b7680, 0xc0011fe900, 0xc002eb5760, 0xc0011ccde0, 0xc0011f5b80, {0x2207578, 0xc000f6d500})
			gitlab.nethead.at/symflower/symflower/language/java/symbol/symbols.go:869 +0x1ee
		gitlab.nethead.at/symflower/symflower/language/java/symbol.(*transpiler).walkFile(0xc0003b7680, 0x1, 0x2088c58, 0xc002eb5760, 0xc0011ccde0, 0xc0011f5b80)
			gitlab.nethead.at/symflower/symflower/language/java/symbol/symbols.go:625 +0x3c5
		gitlab.nethead.at/symflower/symflower/language/java/symbol.(*transpiler).walkPackage(0xc0003b7680, 0x1, 0x2088c58, 0xc002eb5760, 0xc0011ccde0)
			gitlab.nethead.at/symflower/symflower/language/java/symbol/symbols.go:583 +0x225
		gitlab.nethead.at/symflower/symflower/language/java/symbol.(*transpiler).walkFilesAndDeclarations(0xc0003b7680, 0x1, 0x2088c58, 0xc002eb5760)
			gitlab.nethead.at/symflower/symflower/language/java/symbol/symbols.go:566 +0xa5
		gitlab.nethead.at/symflower/symflower/language/java/symbol.(*transpiler).handleBodies(0xc0003b7680)
			gitlab.nethead.at/symflower/symflower/language/java/symbol/symbols.go:513 +0x65
		gitlab.nethead.at/symflower/symflower/language/java/symbol.symbolsWithDependencies(0xc000010750, {0x0?, 0x41aa94?, 0x42a965?}, 0x1)
			gitlab.nethead.at/symflower/symflower/language/java/symbol/symbols.go:486 +0x147
		gitlab.nethead.at/symflower/symflower/language/java/symbol.Symbols(0xc000010750, 0x1)
			gitlab.nethead.at/symflower/symflower/language/java/symbol/symbols.go:457 +0xf2
		gitlab.nethead.at/symflower/symflower/language/java.Adapter.Symbols(...)
			gitlab.nethead.at/symflower/symflower/language/java/symbols.go:29
		gitlab.nethead.at/symflower/symflower/cmd/symflower-local/generate.(*Generator).transpileLanguage(0xc00043d380, 0x0, 0x0, {0x220c620, 0x2e6b360})
			gitlab.nethead.at/symflower/symflower/cmd/symflower-local/generate/generate.go:136 +0x373
		gitlab.nethead.at/symflower/symflower/cmd/symflower-local/generate.(*Generator).Symbols(0xc00043d380, 0x0, 0x0)
			gitlab.nethead.at/symflower/symflower/cmd/symflower-local/generate/generate.go:94 +0x136
		gitlab.nethead.at/symflower/symflower/cmd/symflower-local/generate.(*AnalyzeEngineDefault).UnitTests(0x34?, 0x124bba0?, {0x21eb890?, 0xc00004cde0?}, {0xc0?, 0xc1?, 0x50?, 0x0?}, 0x34?, {0xc0000ff170, ...})
			gitlab.nethead.at/symflower/symflower/cmd/symflower-local/generate/analyze.go:153 +0x77
		gitlab.nethead.at/symflower/symflower/cmd/symflower-local/cmd.(*commandUnitTests).Execute(0xc0005103d8, {0xc000510008?, 0x7ab188083218?, 0xc0005103d8?})
			gitlab.nethead.at/symflower/symflower/cmd/symflower-local/cmd/unit-tests.go:85 +0x2a6
		gitlab.nethead.at/symflower/symflower/cmd.ExecuteNoExit({0x21de020, 0xc000510008}, {0xc00003e050?, 0x44?, 0x0?})
			gitlab.nethead.at/symflower/symflower/cmd/execute.go:59 +0x2ad
		gitlab.nethead.at/symflower/symflower/cmd.Execute({0x21de020?, 0xc000510008?}, {0xc00003e050?, 0xc000416000?, 0xc000507f10?})
			gitlab.nethead.at/symflower/symflower/cmd/execute.go:17 +0x26
		gitlab.nethead.at/symflower/symflower/cmd.ExecuteWithOSArguments(...)
			gitlab.nethead.at/symflower/symflower/cmd/execute.go:78
		main.main.func1()
			gitlab.nethead.at/symflower/symflower/cmd/symflower-demo/main.go:39 +0x34
		gitlab.nethead.at/symflower/symflower/cmd/symflower-local/cmd.(*Command).WithPanicReporter(0xc0000b2060?, 0x0?)
			gitlab.nethead.at/symflower/symflower/cmd/symflower-local/cmd/cmd.go:151 +0x33
		main.main()
			gitlab.nethead.at/symflower/symflower/cmd/symflower-demo/main.go:38 +0x7f
	
	data: select(ensure_not_nil(l), iterator!d41d8cd98f00b204e9800998ecf8427e)
src/main/java/com/fasterxml/jackson/databind/introspect/BasicBeanDescription.java: error: unknown identifier
	data: results
src/main/java/com/fasterxml/jackson/databind/introspect/BasicBeanDescription.java: error: unknown function
	data: [pointer(reference(java/lang/Object)) java/lang/Object//getClass [] []]
src/main/java/com/fasterxml/jackson/databind/introspect/BasicBeanDescription.java: error: unknown import
	data: com/fasterxml/jackson/annotation/JsonInclude
src/main/java/com/fasterxml/jackson/databind/introspect/BasicBeanDescription.java: error: unknown import
	data: com/fasterxml/jackson/databind/annotation/JsonPOJOBuilder
src/main/java/com/fasterxml/jackson/databind/introspect/BasicBeanDescription.java: error: unknown import
	data: com/fasterxml/jackson/databind/cfg/MapperConfig
src/main/java/com/fasterxml/jackson/databind/introspect/BasicBeanDescription.java: error: unknown import
	data: com/fasterxml/jackson/databind/util/Annotations
src/main/java/com/fasterxml/jackson/databind/introspect/BasicBeanDescription.java: error: unknown type
	data: SuppressWarnings
src/main/java/com/fasterxml/jackson/databind/introspect/BasicBeanDescription.java: error: unknown function
	data: [genericInstance(reference(java/lang/Class), [pointer(reference(java/lang/Object))]) java/lang/Class<java/lang/Object>//isAssignableFrom [] [type]]
src/main/java/com/fasterxml/jackson/databind/introspect/BasicBeanDescription.java: error: an unsupported collection type has been used for this operation
	data: genericInstance(unsupported(List), [unsupported(PropertyName)])
src/main/java/com/fasterxml/jackson/databind/introspect/BasicBeanDescription.java: error: unknown field
	data: [this struct(com/fasterxml/jackson/databind/introspect/BasicBeanDescription, [], [unsupported(BeanDescription)], []) _type]
src/main/java/com/fasterxml/jackson/databind/introspect/BasicClassIntrospector.java: error: unknown function
	data: [genericInstance(reference(java/lang/Class), [pointer(reference(java/lang/Object))]) java/lang/Class<java/lang/Object>//isAssignableFrom [] [raw]]
src/main/java/com/fasterxml/jackson/databind/introspect/BasicClassIntrospector.java: error: unknown field
	data: [Integer struct(java/lang/Integer, [], [pointer(reference(java/lang/Object))], []) TYPE]
src/main/java/com/fasterxml/jackson/databind/introspect/BasicClassIntrospector.java: error: unknown import
	data: com/fasterxml/jackson/databind/DeserializationConfig
src/main/java/com/fasterxml/jackson/databind/introspect/BasicClassIntrospector.java: error: unknown import
	data: com/fasterxml/jackson/databind/annotation/JsonPOJOBuilder
src/main/java/com/fasterxml/jackson/databind/introspect/BasicClassIntrospector.java: error: unknown function
	data: [pointer(genericInstance(reference(java/lang/Class), [wildcard(, pointer(reference(java/lang/Object)))])) java/lang/Class<descendant of java/lang/Object>//isPrimitive [] []]
src/main/java/com/fasterxml/jackson/databind/introspect/BasicClassIntrospector.java: error: unknown field
	data: [Boolean struct(java/lang/Boolean, [], [pointer(reference(java/lang/Object))], []) TYPE]
src/main/java/com/fasterxml/jackson/databind/introspect/BasicClassIntrospector.java: error: unknown field
	data: [Integer struct(java/lang/Integer, [], [pointer(reference(java/lang/Object))], []) TYPE]
src/main/java/com/fasterxml/jackson/databind/introspect/BasicClassIntrospector.java: error: unknown function
	data: [genericInstance(reference(java/lang/Class), [pointer(reference(java/lang/Object))]) java/lang/Class<java/lang/Object>//isAssignableFrom [] [raw]]
src/main/java/com/fasterxml/jackson/databind/introspect/BasicClassIntrospector.java: error: unknown import
	data: com/fasterxml/jackson/databind/SerializationConfig
src/main/java/com/fasterxml/jackson/databind/introspect/BasicClassIntrospector.java: error: unknown import
	data: com/fasterxml/jackson/databind/cfg/MapperConfig
src/main/java/com/fasterxml/jackson/databind/introspect/BasicClassIntrospector.java: error: unknown field
	data: [Boolean struct(java/lang/Boolean, [], [pointer(reference(java/lang/Object))], []) TYPE]
src/main/java/com/fasterxml/jackson/databind/introspect/BasicClassIntrospector.java: error: unknown field
	data: [Long struct(java/lang/Long, [], [pointer(reference(java/lang/Object))], []) TYPE]
src/main/java/com/fasterxml/jackson/databind/introspect/BasicClassIntrospector.java: error: unknown field
	data: [Long struct(java/lang/Long, [], [pointer(reference(java/lang/Object))], []) TYPE]
src/main/java/com/fasterxml/jackson/databind/introspect/BasicClassIntrospector.java: error: unknown import
	data: com/fasterxml/jackson/databind/AnnotationIntrospector
src/main/java/com/fasterxml/jackson/databind/introspect/BasicClassIntrospector.java: error: unknown import
	data: com/fasterxml/jackson/databind/JavaType
src/main/java/com/fasterxml/jackson/databind/introspect/BasicClassIntrospector.java: error: unknown import
	data: com/fasterxml/jackson/databind/type/SimpleType
src/main/java/com/fasterxml/jackson/databind/introspect/BasicClassIntrospector.java: error: unknown import
	data: com/fasterxml/jackson/databind/util/ClassUtil
src/main/java/com/fasterxml/jackson/databind/introspect/BasicClassIntrospector.java: error: unknown import
	data: com/fasterxml/jackson/databind/util/LRUMap
src/main/java/com/fasterxml/jackson/databind/introspect/BasicClassIntrospector.java: error: unknown field
	data: [Boolean struct(java/lang/Boolean, [], [pointer(reference(java/lang/Object))], []) TYPE]
src/main/java/com/fasterxml/jackson/databind/introspect/BasicClassIntrospector.java: error: unknown field
	data: [Integer struct(java/lang/Integer, [], [pointer(reference(java/lang/Object))], []) TYPE]
src/main/java/com/fasterxml/jackson/databind/introspect/BasicClassIntrospector.java: error: unknown field
	data: [Long struct(java/lang/Long, [], [pointer(reference(java/lang/Object))], []) TYPE]
src/main/java/com/fasterxml/jackson/databind/introspect/BeanPropertyDefinition.java: error: unknown import
	data: com/fasterxml/jackson/annotation/JsonInclude
src/main/java/com/fasterxml/jackson/databind/introspect/BeanPropertyDefinition.java: error: unknown import
	data: com/fasterxml/jackson/databind/util/ClassUtil
src/main/java/com/fasterxml/jackson/databind/introspect/BeanPropertyDefinition.java: error: unknown import
	data: com/fasterxml/jackson/databind/util/Named
src/main/java/com/fasterxml/jackson/databind/introspect/BeanPropertyDefinition.java: error: unknown type
	data: PropertyName
src/main/java/com/fasterxml/jackson/databind/introspect/BeanPropertyDefinition.java: error: unknown type
	data: PropertyMetadata
src/main/java/com/fasterxml/jackson/databind/introspect/BeanPropertyDefinition.java: error: unknown type
	data: AnnotationIntrospector/ReferenceProperty
src/main/java/com/fasterxml/jackson/databind/introspect/ClassIntrospector.java: error: unknown import
	data: com/fasterxml/jackson/databind/DeserializationConfig
src/main/java/com/fasterxml/jackson/databind/introspect/ClassIntrospector.java: error: unknown import
	data: com/fasterxml/jackson/databind/JavaType
src/main/java/com/fasterxml/jackson/databind/introspect/ClassIntrospector.java: error: unknown import
	data: com/fasterxml/jackson/databind/SerializationConfig
src/main/java/com/fasterxml/jackson/databind/introspect/ClassIntrospector.java: error: unknown import
	data: com/fasterxml/jackson/databind/cfg/MapperConfig
src/main/java/com/fasterxml/jackson/databind/introspect/ClassIntrospector.java: error: unknown import
	data: com/fasterxml/jackson/databind/BeanDescription
src/main/java/com/fasterxml/jackson/databind/introspect/ConcreteBeanPropertyBase.java: error: unknown import
	data: com/fasterxml/jackson/databind/AnnotationIntrospector
src/main/java/com/fasterxml/jackson/databind/introspect/ConcreteBeanPropertyBase.java: error: unknown import
	data: com/fasterxml/jackson/databind/BeanProperty
src/main/java/com/fasterxml/jackson/databind/introspect/ConcreteBeanPropertyBase.java: error: unknown import
	data: com/fasterxml/jackson/databind/cfg/MapperConfig
src/main/java/com/fasterxml/jackson/databind/introspect/ConcreteBeanPropertyBase.java: error: unknown import
	data: com/fasterxml/jackson/annotation/JsonFormat
src/main/java/com/fasterxml/jackson/databind/introspect/ConcreteBeanPropertyBase.java: error: unknown import
	data: com/fasterxml/jackson/annotation/JsonInclude
src/main/java/com/fasterxml/jackson/databind/introspect/ConcreteBeanPropertyBase.java: error: unknown import
	data: com/fasterxml/jackson/databind/PropertyMetadata
src/main/java/com/fasterxml/jackson/databind/introspect/ConcreteBeanPropertyBase.java: error: unknown type
	data: Deprecated
src/main/java/com/fasterxml/jackson/databind/introspect/ConcreteBeanPropertyBase.java: error: unknown function
	data: [<nil> getMember [] []]
src/main/java/com/fasterxml/jackson/databind/introspect/ConcreteBeanPropertyBase.java: error: unknown field
	data: [this struct(com/fasterxml/jackson/databind/introspect/ConcreteBeanPropertyBase, [], [pointer(reference(java/lang/Object))], [unsupported(com/fasterxml/jackson/databind/BeanProperty), reference(java/io/Serializable)]) EMPTY_FORMAT]
src/main/java/com/fasterxml/jackson/databind/introspect/JacksonAnnotationIntrospector.java: error: unknown field
	data: [this struct(com/fasterxml/jackson/databind/introspect/JacksonAnnotationIntrospector, [], [unsupported(AnnotationIntrospector)], [reference(java/io/Serializable)]) ClassUtil]
src/main/java/com/fasterxml/jackson/databind/introspect/JacksonAnnotationIntrospector.java: error: unknown type
	data: JsonIdentityReference
src/main/java/com/fasterxml/jackson/databind/introspect/JacksonAnnotationIntrospector.java: error: unknown type
	data: JsonDeserialize
src/main/java/com/fasterxml/jackson/databind/introspect/JacksonAnnotationIntrospector.java: error: unknown function
	data: [<nil> _hasAnnotation [] [am unsupported]]
src/main/java/com/fasterxml/jackson/databind/introspect/JacksonAnnotationIntrospector.java: error: unknown import
	data: com/fasterxml/jackson/databind/ser/std/RawSerializer
src/main/java/com/fasterxml/jackson/databind/introspect/JacksonAnnotationIntrospector.java: error: unknown import
	data: com/fasterxml/jackson/annotation
src/main/java/com/fasterxml/jackson/databind/introspect/JacksonAnnotationIntrospector.java: error: unknown type
	data: AnnotationIntrospector
src/main/java/com/fasterxml/jackson/databind/introspect/JacksonAnnotationIntrospector.java: internal error: not all elements have the same type
	data: declaration([type], [pointer(genericInstance(reference(java/lang/Class), [wildcard(, pointer(reference(java/lang/Object)))]))], [call(select(ensure_not_nil(ann), annotationType!d41d8cd98f00b204e9800998ecf8427e), [])], ModifierVisibilityPublic)
src/main/java/com/fasterxml/jackson/databind/introspect/JacksonAnnotationIntrospector.java: error: unknown type
	data: JsonAppend
src/main/java/com/fasterxml/jackson/databind/introspect/JacksonAnnotationIntrospector.java: error: unknown type
	data: JavaType
src/main/java/com/fasterxml/jackson/databind/introspect/JacksonAnnotationIntrospector.java: error: unknown type
	data: JsonCreator/Mode
src/main/java/com/fasterxml/jackson/databind/introspect/JacksonAnnotationIntrospector.java: error: unknown function
	data: [pointer(genericInstance(reference(java/lang/Class), [wildcard(, pointer(reference(java/lang/Object)))])) java/lang/Class<descendant of java/lang/Object>//isPrimitive [] []]
src/main/java/com/fasterxml/jackson/databind/introspect/JacksonAnnotationIntrospector.java: error: unknown type
	data: JsonValue
src/main/java/com/fasterxml/jackson/databind/introspect/JacksonAnnotationIntrospector.java: error: unknown type
	data: JsonIgnore
src/main/java/com/fasterxml/jackson/databind/introspect/JacksonAnnotationIntrospector.java: error: unknown import
	data: com/fasterxml/jackson/databind/cfg/MapperConfig
src/main/java/com/fasterxml/jackson/databind/introspect/JacksonAnnotationIntrospector.java: error: unknown import
	data: com/fasterxml/jackson/databind/jsontype/impl/StdTypeResolverBuilder
src/main/java/com/fasterxml/jackson/databind/introspect/JacksonAnnotationIntrospector.java: error: unknown type
	data: JsonIgnoreType
src/main/java/com/fasterxml/jackson/databind/introspect/JacksonAnnotationIntrospector.java: error: unknown type
	data: JsonPropertyDescription
src/main/java/com/fasterxml/jackson/databind/introspect/JacksonAnnotationIntrospector.java: error: unknown field
	data: [this struct(com/fasterxml/jackson/databind/introspect/JacksonAnnotationIntrospector, [], [unsupported(AnnotationIntrospector)], [reference(java/io/Serializable)]) NameTransformer]
src/main/java/com/fasterxml/jackson/databind/introspect/JacksonAnnotationIntrospector.java: error: unknown function
	data: [<nil> _hasOneOf [] [a com/fasterxml/jackson/databind/introspect/JacksonAnnotationIntrospector//ANNOTATIONS_TO_INFER_DESER]]
src/main/java/com/fasterxml/jackson/databind/introspect/JacksonAnnotationIntrospector.java: error: unknown type
	data: JsonPOJOBuilder/Value
src/main/java/com/fasterxml/jackson/databind/introspect/JacksonAnnotationIntrospector.java: error: unknown type
	data: JsonAutoDetect
src/main/java/com/fasterxml/jackson/databind/introspect/JacksonAnnotationIntrospector.java: error: unknown type
	data: JsonUnwrapped
src/main/java/com/fasterxml/jackson/databind/introspect/JacksonAnnotationIntrospector.java: error: unknown type
	data: PropertyMetadata
src/main/java/com/fasterxml/jackson/databind/introspect/JacksonAnnotationIntrospector.java: error: unknown type
	data: SimpleBeanPropertyDefinition
src/main/java/com/fasterxml/jackson/databind/introspect/JacksonAnnotationIntrospector.java: error: unknown type
	data: JsonGetter
src/main/java/com/fasterxml/jackson/databind/introspect/JacksonAnnotationIntrospector.java: error: unknown type
	data: JsonDeserializer
src/main/java/com/fasterxml/jackson/databind/introspect/JacksonAnnotationIntrospector.java: error: unknown type
	data: KeyDeserializer
src/main/java/com/fasterxml/jackson/databind/introspect/JacksonAnnotationIntrospector.java: error: unknown function
	data: [<nil> _hasAnnotation [] [member unsupported]]
src/main/java/com/fasterxml/jackson/databind/introspect/JacksonAnnotationIntrospector.java: error: unknown type
	data: JsonSerialize
src/main/java/com/fasterxml/jackson/databind/introspect/JacksonAnnotationIntrospector.java: error: unknown identifier
	data: names
src/main/java/com/fasterxml/jackson/databind/introspect/JacksonAnnotationIntrospector.java: unsupported: unsupported AST node
	data: genericInstance(unsupported(LRUMap), [pointer(genericInstance(reference(java/lang/Class), [wildcard(, pointer(reference(java/lang/Object)))])), pointer(reference(java/lang/Boolean))])
src/main/java/com/fasterxml/jackson/databind/introspect/JacksonAnnotationIntrospector.java: error: unknown import
	data: java/beans/Transient
src/main/java/com/fasterxml/jackson/databind/introspect/JacksonAnnotationIntrospector.java: unsupported: unsupported AST node
	data: genericInstance(unsupported(com/fasterxml/jackson/databind/cfg/MapperConfig), [wildcard(, pointer(reference(java/lang/Object)))])
src/main/java/com/fasterxml/jackson/databind/introspect/JacksonAnnotationIntrospector.java: unsupported: unsupported type
	data: unsupported(JsonDeserializer)
src/main/java/com/fasterxml/jackson/databind/introspect/JacksonAnnotationIntrospector.java: error: unknown field
	data: [this struct(com/fasterxml/jackson/databind/introspect/JacksonAnnotationIntrospector//Java7Support, [], [pointer(reference(java/lang/Object))], []) PropertyName]
src/main/java/com/fasterxml/jackson/databind/introspect/JacksonAnnotationIntrospector.java: error: unknown field
	data: [this struct(com/fasterxml/jackson/databind/introspect/JacksonAnnotationIntrospector, [], [unsupported(AnnotationIntrospector)], [reference(java/io/Serializable)]) ALWAYS]
src/main/java/com/fasterxml/jackson/databind/introspect/JacksonAnnotationIntrospector.java: error: unknown field
	data: [this struct(com/fasterxml/jackson/databind/introspect/JacksonAnnotationIntrospector, [], [unsupported(AnnotationIntrospector)], [reference(java/io/Serializable)]) PropertyName]
src/main/java/com/fasterxml/jackson/databind/introspect/JacksonAnnotationIntrospector.java: error: unknown type
	data: ReferenceProperty
src/main/java/com/fasterxml/jackson/databind/introspect/JacksonAnnotationIntrospector.java: error: unknown type
	data: JsonSerialize/Typing
src/main/java/com/fasterxml/jackson/databind/introspect/JacksonAnnotationIntrospector.java: unsupported: unsupported type
	data: pointer(reference(java/lang/Object)) vs pointer(reference(com/fasterxml/jackson/databind/introspect/JacksonAnnotationIntrospector))
src/main/java/com/fasterxml/jackson/databind/introspect/JacksonAnnotationIntrospector.java: error: unknown function
	data: [<nil> java/util/ArrayList//ArrayList [unsupported(com/fasterxml/jackson/databind/jsontype/NamedType)] [len(ensure_not_nil(types))]]
src/main/java/com/fasterxml/jackson/databind/introspect/JacksonAnnotationIntrospector.java: unsupported: unsupported AST node
	data: genericInstance(unsupported(com/fasterxml/jackson/databind/cfg/MapperConfig), [wildcard(, pointer(reference(java/lang/Object)))])
src/main/java/com/fasterxml/jackson/databind/introspect/JacksonAnnotationIntrospector.java: unsupported: not an array type
	data: unsupported(@@unsupported)
src/main/java/com/fasterxml/jackson/databind/introspect/JacksonAnnotationIntrospector.java: error: unknown import
	data: java/beans/ConstructorProperties
src/main/java/com/fasterxml/jackson/databind/introspect/JacksonAnnotationIntrospector.java: error: unknown type
	data: JsonProperty/Access
src/main/java/com/fasterxml/jackson/databind/introspect/JacksonAnnotationIntrospector.java: error: unknown type
	data: JsonAppend/Prop
src/main/java/com/fasterxml/jackson/databind/introspect/JacksonAnnotationIntrospector.java: error: unknown type
	data: JsonRootName
src/main/java/com/fasterxml/jackson/databind/introspect/JacksonAnnotationIntrospector.java: error: unknown type
	data: JsonBackReference
src/main/java/com/fasterxml/jackson/databind/introspect/JacksonAnnotationIntrospector.java: error: unknown function
	data: [pointer(genericInstance(reference(java/lang/Class), [wildcard(, pointer(reference(java/lang/Object)))])) java/lang/Class<descendant of java/lang/Object>//isPrimitive [] []]
src/main/java/com/fasterxml/jackson/databind/introspect/JacksonAnnotationIntrospector.java: unsupported: unsupported node
	data: unsupported(java/beans/Transient)
src/main/java/com/fasterxml/jackson/databind/introspect/JacksonAnnotationIntrospector.java: error: unknown import
	data: com/fasterxml/jackson/databind/cfg/HandlerInstantiator
src/main/java/com/fasterxml/jackson/databind/introspect/JacksonAnnotationIntrospector.java: error: unknown import
	data: com/fasterxml/jackson/databind/jsontype/NamedType
src/main/java/com/fasterxml/jackson/databind/introspect/JacksonAnnotationIntrospector.java: error: unknown import
	data: com/fasterxml/jackson/databind/jsontype/TypeResolverBuilder
src/main/java/com/fasterxml/jackson/databind/introspect/JacksonAnnotationIntrospector.java: error: unknown type
	data: JacksonInject
src/main/java/com/fasterxml/jackson/databind/introspect/JacksonAnnotationIntrospector.java: error: unknown type
	data: JsonIdentityInfo
src/main/java/com/fasterxml/jackson/databind/introspect/JacksonAnnotationIntrospector.java: error: unknown type
	data: JsonTypeIdResolver
src/main/java/com/fasterxml/jackson/databind/introspect/JacksonAnnotationIntrospector.java: error: unknown import
	data: com/fasterxml/jackson/core/Version
src/main/java/com/fasterxml/jackson/databind/introspect/JacksonAnnotationIntrospector.java: error: unknown import
	data: com/fasterxml/jackson/databind/ser/VirtualBeanPropertyWriter
src/main/java/com/fasterxml/jackson/databind/introspect/JacksonAnnotationIntrospector.java: error: unknown type
	data: JsonProperty
src/main/java/com/fasterxml/jackson/databind/introspect/JacksonAnnotationIntrospector.java: unsupported: unsupported AST node
	data: genericInstance(unsupported(HashMap), [pointer(reference(java/lang/String)), pointer(reference(java/lang/String))])
src/main/java/com/fasterxml/jackson/databind/introspect/JacksonAnnotationIntrospector.java: error: unknown type
	data: JsonInclude/Include
src/main/java/com/fasterxml/jackson/databind/introspect/JacksonAnnotationIntrospector.java: error: unknown import
	data: java/lang/reflect/Field
src/main/java/com/fasterxml/jackson/databind/introspect/JacksonAnnotationIntrospector.java: error: unknown type
	data: PropertyName
src/main/java/com/fasterxml/jackson/databind/introspect/JacksonAnnotationIntrospector.java: error: unknown type
	data: JsonManagedReference
src/main/java/com/fasterxml/jackson/databind/introspect/JacksonAnnotationIntrospector.java: error: unknown type
	data: JsonSerializer
src/main/java/com/fasterxml/jackson/databind/introspect/JacksonAnnotationIntrospector.java: unsupported: unsupported type
	data: unsupported(JsonSerializer)
src/main/java/com/fasterxml/jackson/databind/introspect/JacksonAnnotationIntrospector.java: error: unknown type
	data: JsonSerialize/Inclusion
src/main/java/com/fasterxml/jackson/databind/introspect/JacksonAnnotationIntrospector.java: error: unknown field
	data: [this struct(com/fasterxml/jackson/databind/introspect/JacksonAnnotationIntrospector, [], [unsupported(AnnotationIntrospector)], [reference(java/io/Serializable)]) NON_NULL]
src/main/java/com/fasterxml/jackson/databind/introspect/JacksonAnnotationIntrospector.java: unsupported: not an array type
	data: unsupported(@@unsupported)
src/main/java/com/fasterxml/jackson/databind/introspect/JacksonAnnotationIntrospector.java: error: unknown field
	data: [this struct(com/fasterxml/jackson/databind/introspect/JacksonAnnotationIntrospector, [], [unsupported(AnnotationIntrospector)], [reference(java/io/Serializable)]) NON_EMPTY]
src/main/java/com/fasterxml/jackson/databind/introspect/JacksonAnnotationIntrospector.java: error: unknown field
	data: [this struct(com/fasterxml/jackson/databind/introspect/JacksonAnnotationIntrospector, [], [unsupported(AnnotationIntrospector)], [reference(java/io/Serializable)]) DEFAULT_INCLUSION]
src/main/java/com/fasterxml/jackson/databind/introspect/JacksonAnnotationIntrospector.java: error: unknown type
	data: JsonInclude/Value
src/main/java/com/fasterxml/jackson/databind/introspect/JacksonAnnotationIntrospector.java: error: unknown type
	data: JsonIgnoreProperties
src/main/java/com/fasterxml/jackson/databind/introspect/JacksonAnnotationIntrospector.java: error: unknown type
	data: JsonSubTypes
src/main/java/com/fasterxml/jackson/databind/introspect/JacksonAnnotationIntrospector.java: unsupported: unsupported type
	data: unsupported(JsonSerializer)
src/main/java/com/fasterxml/jackson/databind/introspect/JacksonAnnotationIntrospector.java: error: unknown function
	data: [<nil> _hasOneOf [] [a com/fasterxml/jackson/databind/introspect/JacksonAnnotationIntrospector//ANNOTATIONS_TO_INFER_SER]]
src/main/java/com/fasterxml/jackson/databind/introspect/JacksonAnnotationIntrospector.java: error: unknown field
	data: [this struct(com/fasterxml/jackson/databind/introspect/JacksonAnnotationIntrospector, [], [unsupported(AnnotationIntrospector)], [reference(java/io/Serializable)]) PropertyName]
src/main/java/com/fasterxml/jackson/databind/introspect/JacksonAnnotationIntrospector.java: error: unknown function
	data: [pointer(genericInstance(reference(java/lang/Class), [wildcard(, pointer(reference(java/lang/Object)))])) java/lang/Class<descendant of java/lang/Object>//isAnnotation [] []]
src/main/java/com/fasterxml/jackson/databind/introspect/JacksonAnnotationIntrospector.java: error: unknown field
	data: [this struct(com/fasterxml/jackson/databind/introspect/JacksonAnnotationIntrospector, [], [unsupported(AnnotationIntrospector)], [reference(java/io/Serializable)]) JsonProperty]
src/main/java/com/fasterxml/jackson/databind/introspect/JacksonAnnotationIntrospector.java: unsupported: unsupported type
	data: pointer(genericInstance(reference(java/lang/Class), [wildcard(, pointer(reference(java/lang/Object)))])) vs pointer(genericInstance(reference(java/lang/Class), [pointer(reference(java/lang/Object))]))
src/main/java/com/fasterxml/jackson/databind/introspect/JacksonAnnotationIntrospector.java: unsupported: unsupported type
	data: unsupported(JsonSerializer)
src/main/java/com/fasterxml/jackson/databind/introspect/JacksonAnnotationIntrospector.java: error: unknown field
	data: [this struct(com/fasterxml/jackson/databind/introspect/JacksonAnnotationIntrospector, [], [unsupported(AnnotationIntrospector)], [reference(java/io/Serializable)]) JsonInclude]
src/main/java/com/fasterxml/jackson/databind/introspect/JacksonAnnotationIntrospector.java: error: unknown import
	data: com/fasterxml/jackson/databind/jsontype/TypeIdResolver
src/main/java/com/fasterxml/jackson/databind/introspect/JacksonAnnotationIntrospector.java: error: unknown function
	data: [pointer(genericInstance(reference(java/lang/Class), [wildcard(, pointer(reference(java/lang/Object)))])) java/lang/Class<descendant of java/lang/Object>//getAnnotation [] [unsupported]]
src/main/java/com/fasterxml/jackson/databind/introspect/JacksonAnnotationIntrospector.java: unsupported: encountered an unsupported type
	data: unsupported(@@unsupported)
src/main/java/com/fasterxml/jackson/databind/introspect/JacksonAnnotationIntrospector.java: error: unknown type
	data: JsonTypeName
src/main/java/com/fasterxml/jackson/databind/introspect/JacksonAnnotationIntrospector.java: error: unknown type
	data: JsonCreator
src/main/java/com/fasterxml/jackson/databind/introspect/JacksonAnnotationIntrospector.java: error: unknown import
	data: com/fasterxml/jackson/databind/ser/impl/AttributePropertyWriter
src/main/java/com/fasterxml/jackson/databind/introspect/JacksonAnnotationIntrospector.java: error: unknown function
	data: [pointer(genericInstance(reference(java/lang/Enum), [wildcard(, pointer(reference(java/lang/Object)))])) java/lang/Enum<descendant of java/lang/Object>//name [] []]
src/main/java/com/fasterxml/jackson/databind/introspect/JacksonAnnotationIntrospector.java: error: unknown type
	data: JsonFilter
src/main/java/com/fasterxml/jackson/databind/introspect/JacksonAnnotationIntrospector.java: error: unknown type
	data: JsonView
src/main/java/com/fasterxml/jackson/databind/introspect/JacksonAnnotationIntrospector.java: error: unknown field
	data: [this struct(com/fasterxml/jackson/databind/introspect/JacksonAnnotationIntrospector, [], [unsupported(AnnotationIntrospector)], [reference(java/io/Serializable)]) ALWAYS]
src/main/java/com/fasterxml/jackson/databind/introspect/JacksonAnnotationIntrospector.java: error: unknown field
	data: [this struct(com/fasterxml/jackson/databind/introspect/JacksonAnnotationIntrospector, [], [unsupported(AnnotationIntrospector)], [reference(java/io/Serializable)]) JsonInclude]
src/main/java/com/fasterxml/jackson/databind/introspect/JacksonAnnotationIntrospector.java: error: unknown import
	data: com/fasterxml/jackson/databind/ser/BeanPropertyWriter
src/main/java/com/fasterxml/jackson/databind/introspect/JacksonAnnotationIntrospector.java: unsupported: unsupported node
src/main/java/com/fasterxml/jackson/databind/introspect/JacksonAnnotationIntrospector.java: error: unknown type
	data: JsonFormat
src/main/java/com/fasterxml/jackson/databind/introspect/JacksonAnnotationIntrospector.java: error: unknown field
	data: [this struct(com/fasterxml/jackson/databind/introspect/JacksonAnnotationIntrospector, [], [unsupported(AnnotationIntrospector)], [reference(java/io/Serializable)]) NON_DEFAULT]
src/main/java/com/fasterxml/jackson/databind/introspect/JacksonAnnotationIntrospector.java: unsupported: unsupported type
	data: unsupported(KeyDeserializer)
src/main/java/com/fasterxml/jackson/databind/introspect/JacksonAnnotationIntrospector.java: error: unknown type
	data: Deprecated
src/main/java/com/fasterxml/jackson/databind/introspect/JacksonAnnotationIntrospector.java: error: unknown type
	data: JsonPOJOBuilder
src/main/java/com/fasterxml/jackson/databind/introspect/JacksonAnnotationIntrospector.java: error: unknown type
	data: JsonSetter
src/main/java/com/fasterxml/jackson/databind/introspect/JacksonAnnotationIntrospector.java: error: unknown field
	data: [this struct(com/fasterxml/jackson/databind/introspect/JacksonAnnotationIntrospector, [], [unsupported(AnnotationIntrospector)], [reference(java/io/Serializable)]) ClassUtil]
src/main/java/com/fasterxml/jackson/databind/introspect/JacksonAnnotationIntrospector.java: error: unknown type
	data: JsonFormat/Value
src/main/java/com/fasterxml/jackson/databind/introspect/JacksonAnnotationIntrospector.java: error: unknown type
	data: SuppressWarnings
src/main/java/com/fasterxml/jackson/databind/introspect/JacksonAnnotationIntrospector.java: error: unknown identifier
	data: java
src/main/java/com/fasterxml/jackson/databind/introspect/JacksonAnnotationIntrospector.java: error: unknown type
	data: HashMap
src/main/java/com/fasterxml/jackson/databind/introspect/JacksonAnnotationIntrospector.java: error: unknown field
	data: [this struct(com/fasterxml/jackson/databind/introspect/JacksonAnnotationIntrospector, [], [unsupported(AnnotationIntrospector)], [reference(java/io/Serializable)]) AnnotationIntrospector]
src/main/java/com/fasterxml/jackson/databind/introspect/JacksonAnnotationIntrospector.java: error: unknown type
	data: JsonSubTypes/Type
src/main/java/com/fasterxml/jackson/databind/introspect/JacksonAnnotationIntrospector.java: error: unknown type
	data: JsonPropertyOrder
src/main/java/com/fasterxml/jackson/databind/introspect/JacksonAnnotationIntrospector.java: error: unknown field
	data: [this struct(com/fasterxml/jackson/databind/introspect/JacksonAnnotationIntrospector, [], [unsupported(AnnotationIntrospector)], [reference(java/io/Serializable)]) ClassUtil]
src/main/java/com/fasterxml/jackson/databind/introspect/JacksonAnnotationIntrospector.java: error: unknown field
	data: [this struct(com/fasterxml/jackson/databind/introspect/JacksonAnnotationIntrospector, [], [unsupported(AnnotationIntrospector)], [reference(java/io/Serializable)]) JsonCreator]
src/main/java/com/fasterxml/jackson/databind/introspect/JacksonAnnotationIntrospector.java: error: unknown type
	data: JsonTypeResolver
src/main/java/com/fasterxml/jackson/databind/introspect/JacksonAnnotationIntrospector.java: error: unknown type
	data: JsonNaming
src/main/java/com/fasterxml/jackson/databind/introspect/JacksonAnnotationIntrospector.java: error: unknown field
	data: [this struct(com/fasterxml/jackson/databind/introspect/JacksonAnnotationIntrospector, [], [unsupported(AnnotationIntrospector)], [reference(java/io/Serializable)]) JsonInclude]
src/main/java/com/fasterxml/jackson/databind/introspect/JacksonAnnotationIntrospector.java: error: unknown field
	data: [this struct(com/fasterxml/jackson/databind/introspect/JacksonAnnotationIntrospector, [], [unsupported(AnnotationIntrospector)], [reference(java/io/Serializable)]) NON_EMPTY]
src/main/java/com/fasterxml/jackson/databind/introspect/JacksonAnnotationIntrospector.java: error: unknown field
	data: [this struct(com/fasterxml/jackson/databind/introspect/JacksonAnnotationIntrospector, [], [unsupported(AnnotationIntrospector)], [reference(java/io/Serializable)]) PropertyName]
src/main/java/com/fasterxml/jackson/databind/introspect/JacksonAnnotationIntrospector.java: unsupported: unsupported AST node
	data: genericInstance(unsupported(com/fasterxml/jackson/databind/cfg/MapperConfig), [wildcard(, pointer(reference(java/lang/Object)))])
src/main/java/com/fasterxml/jackson/databind/introspect/JacksonAnnotationIntrospector.java: error: unknown import
	data: com/fasterxml/jackson/databind/util
src/main/java/com/fasterxml/jackson/databind/introspect/JacksonAnnotationIntrospector.java: error: unknown type
	data: NameTransformer
src/main/java/com/fasterxml/jackson/databind/introspect/JacksonAnnotationIntrospector.java: error: unknown field
	data: [this struct(com/fasterxml/jackson/databind/introspect/JacksonAnnotationIntrospector, [], [unsupported(AnnotationIntrospector)], [reference(java/io/Serializable)]) PropertyName]
src/main/java/com/fasterxml/jackson/databind/introspect/JacksonAnnotationIntrospector.java: error: unknown field
	data: [this struct(com/fasterxml/jackson/databind/introspect/JacksonAnnotationIntrospector, [], [unsupported(AnnotationIntrospector)], [reference(java/io/Serializable)]) NON_NULL]
src/main/java/com/fasterxml/jackson/databind/introspect/JacksonAnnotationIntrospector.java: error: unknown type
	data: JsonTypeInfo
src/main/java/com/fasterxml/jackson/databind/introspect/JacksonAnnotationIntrospector.java: error: unknown function
	data: [genericInstance(reference(java/lang/Enum), [wildcard(, pointer(reference(java/lang/Object)))]) java/lang/Enum<descendant of java/lang/Object>//name [] []]
src/main/java/com/fasterxml/jackson/databind/introspect/JacksonAnnotationIntrospector.java: error: unknown type
	data: JsonInclude
src/main/java/com/fasterxml/jackson/databind/introspect/JacksonAnnotationIntrospector.java: error: unknown field
	data: [this struct(com/fasterxml/jackson/databind/introspect/JacksonAnnotationIntrospector, [], [unsupported(AnnotationIntrospector)], [reference(java/io/Serializable)]) DEFAULT_INCLUSION]
src/main/java/com/fasterxml/jackson/databind/introspect/JacksonAnnotationIntrospector.java: error: unknown field
	data: [this struct(com/fasterxml/jackson/databind/introspect/JacksonAnnotationIntrospector, [], [unsupported(AnnotationIntrospector)], [reference(java/io/Serializable)]) JsonTypeInfo]
src/main/java/com/fasterxml/jackson/databind/introspect/JacksonAnnotationIntrospector.java: error: unknown type
	data: [com/fasterxml/jackson/databind cfg]
src/main/java/com/fasterxml/jackson/databind/introspect/JacksonAnnotationIntrospector.java: error: unknown type
	data: JsonRawValue
src/main/java/com/fasterxml/jackson/databind/introspect/JacksonAnnotationIntrospector.java: unsupported: unsupported type
	data: unsupported(JsonSerializer)
src/main/java/com/fasterxml/jackson/databind/introspect/JacksonAnnotationIntrospector.java: unsupported: unsupported node
	data: unsupported(java/beans/ConstructorProperties)
src/main/java/com/fasterxml/jackson/databind/introspect/JacksonAnnotationIntrospector.java: error: unknown type
	data: LRUMap
src/main/java/com/fasterxml/jackson/databind/introspect/JacksonAnnotationIntrospector.java: error: unknown field
	data: [this struct(com/fasterxml/jackson/databind/introspect/JacksonAnnotationIntrospector, [], [unsupported(AnnotationIntrospector)], [reference(java/io/Serializable)]) NON_DEFAULT]
src/main/java/com/fasterxml/jackson/databind/introspect/JacksonAnnotationIntrospector.java: unsupported: unsupported type
	data: unsupported(JsonDeserializer)
src/main/java/com/fasterxml/jackson/databind/introspect/JacksonAnnotationIntrospector.java: error: unknown import
	data: com/fasterxml/jackson/databind/annotation
src/main/java/com/fasterxml/jackson/databind/introspect/JacksonAnnotationIntrospector.java: error: unknown type
	data: JsonValueInstantiator
src/main/java/com/fasterxml/jackson/databind/introspect/JacksonAnnotationIntrospector.java: error: unknown type
	data: JsonAppend/Attr
src/main/java/com/fasterxml/jackson/databind/introspect/JacksonAnnotationIntrospector.java: error: unknown function
	data: [genericInstance(reference(java/lang/Class), [pointer(reference(java/lang/Object))]) java/lang/Class<java/lang/Object>//newInstance [] []]
src/main/java/com/fasterxml/jackson/databind/introspect/JacksonAnnotationIntrospector.java: unsupported: unsupported node
	data: [!=(expl, nil) genericInstance(unsupported(HashMap), [pointer(struct(java/lang/String, [], [pointer(reference(java/lang/Object))], [reference(java/lang/CharSequence)])), pointer(struct(java/lang/String, [], [pointer(reference(java/lang/Object))], [reference(java/lang/CharSequence)]))])]
src/main/java/com/fasterxml/jackson/databind/introspect/JacksonAnnotationIntrospector.java: error: unknown field
	data: [this struct(com/fasterxml/jackson/databind/introspect/JacksonAnnotationIntrospector, [], [unsupported(AnnotationIntrospector)], [reference(java/io/Serializable)]) PropertyName]
src/main/java/com/fasterxml/jackson/databind/introspect/JacksonAnnotationIntrospector.java: unsupported: unsupported AST node
	data: genericInstance(unsupported(com/fasterxml/jackson/databind/jsontype/TypeResolverBuilder), [wildcard(, pointer(reference(java/lang/Object)))])
src/main/java/com/fasterxml/jackson/databind/introspect/JacksonAnnotationIntrospector.java: error: unknown type
	data: JsonTypeInfo/As
src/main/java/com/fasterxml/jackson/databind/introspect/JacksonAnnotationIntrospector.java: error: unknown type
	data: JsonClassDescription
src/main/java/com/fasterxml/jackson/databind/introspect/JacksonAnnotationIntrospector.java: error: unknown function
	data: [<nil> _hasAnnotation [] [am unsupported]]
src/main/java/com/fasterxml/jackson/databind/introspect/MemberKey.java: error: unknown import
	data: java/lang/reflect/Constructor
src/main/java/com/fasterxml/jackson/databind/introspect/MemberKey.java: error: unknown import
	data: java/lang/reflect/Method
src/main/java/com/fasterxml/jackson/databind/introspect/MemberKey.java: error: unknown function
	data: [pointer(reference(java/lang/Object)) java/lang/Object//getClass [] []]
src/main/java/com/fasterxml/jackson/databind/introspect/MemberKey.java: error: unknown function
	data: [<nil> getClass [] []]
src/main/java/com/fasterxml/jackson/databind/introspect/NopAnnotationIntrospector.java: error: unknown type
	data: [com/fasterxml/jackson/databind cfg]
src/main/java/com/fasterxml/jackson/databind/introspect/NopAnnotationIntrospector.java: error: unknown identifier
	data: this
src/main/java/com/fasterxml/jackson/databind/introspect/NopAnnotationIntrospector.java: error: unknown import
	data: com/fasterxml/jackson/core/Version
src/main/java/com/fasterxml/jackson/databind/introspect/NopAnnotationIntrospector.java: error: unknown type
	data: AnnotationIntrospector
src/main/java/com/fasterxml/jackson/databind/introspect/ObjectIdInfo.java: error: unknown import
	data: com/fasterxml/jackson/annotation/JsonIdentityInfo
src/main/java/com/fasterxml/jackson/databind/introspect/ObjectIdInfo.java: error: unknown import
	data: com/fasterxml/jackson/annotation/SimpleObjectIdResolver
src/main/java/com/fasterxml/jackson/databind/introspect/ObjectIdInfo.java: error: unknown import
	data: com/fasterxml/jackson/annotation/ObjectIdGenerator
src/main/java/com/fasterxml/jackson/databind/introspect/ObjectIdInfo.java: error: unknown import
	data: com/fasterxml/jackson/annotation/ObjectIdResolver
src/main/java/com/fasterxml/jackson/databind/introspect/ObjectIdInfo.java: error: unknown import
	data: com/fasterxml/jackson/databind/PropertyName
src/main/java/com/fasterxml/jackson/databind/introspect/ObjectIdInfo.java: error: unknown type
	data: Deprecated
src/main/java/com/fasterxml/jackson/databind/introspect/POJOPropertiesCollector.java: error: an unsupported collection type has been used for this operation
	data: genericInstance(unsupported(LinkedList), [pointer(reference(com/fasterxml/jackson/databind/introspect/POJOPropertyBuilder))])
src/main/java/com/fasterxml/jackson/databind/introspect/POJOPropertiesCollector.java: error: unknown field
	data: [this struct(com/fasterxml/jackson/databind/introspect/POJOPropertiesCollector, [], [pointer(reference(java/lang/Object))], []) PropertyName]
src/main/java/com/fasterxml/jackson/databind/introspect/POJOPropertiesCollector.java: error: unknown type
	data: PropertyName
src/main/java/com/fasterxml/jackson/databind/introspect/POJOPropertiesCollector.java: error: unknown function
	data: [<nil> _addInjectables [] [props]]
src/main/java/com/fasterxml/jackson/databind/introspect/POJOPropertiesCollector.java: error: unknown function
	data: [<nil> _renameProperties [] [props]]
src/main/java/com/fasterxml/jackson/databind/introspect/POJOPropertiesCollector.java: error: unknown identifier
	data: namingDef
src/main/java/com/fasterxml/jackson/databind/introspect/POJOPropertiesCollector.java: error: unknown import
	data: com/fasterxml/jackson/databind/util/BeanUtil
src/main/java/com/fasterxml/jackson/databind/introspect/POJOPropertiesCollector.java: error: unknown function
	data: [<nil> _updateCreatorProperty [] [prop select(this, _creatorProperties)]]
src/main/java/com/fasterxml/jackson/databind/introspect/POJOPropertiesCollector.java: error: unknown function
	data: [pointer(genericInstance(reference(java/util/Map//Entry), [pointer(reference(java/lang/String)), pointer(reference(com/fasterxml/jackson/databind/introspect/POJOPropertyBuilder))])) java/util/Map//Entry<java/lang/String,com/fasterxml/jackson/databind/introspect/POJOPropertyBuilder>//getValue [] []]
src/main/java/com/fasterxml/jackson/databind/introspect/POJOPropertiesCollector.java: error: unknown function
	data: [pointer(genericInstance(reference(java/util/Map), [pointer(reference(java/lang/String)), pointer(reference(com/fasterxml/jackson/databind/introspect/POJOPropertyBuilder))])) java/util/Map<java/lang/String,com/fasterxml/jackson/databind/introspect/POJOPropertyBuilder>//putAll [] [all]]
src/main/java/com/fasterxml/jackson/databind/introspect/POJOPropertiesCollector.java: error: unknown type
	data: Set
src/main/java/com/fasterxml/jackson/databind/introspect/POJOPropertiesCollector.java: error: unknown identifier
	data: props
src/main/java/com/fasterxml/jackson/databind/introspect/POJOPropertiesCollector.java: error: unknown function
	data: [struct(java/lang/String, [], [pointer(reference(java/lang/Object))], [reference(java/lang/CharSequence)]) java/lang/String//valueOf [] [id]]
src/main/java/com/fasterxml/jackson/databind/introspect/POJOPropertiesCollector.java: error: not a boolean type
	data: unsupported
src/main/java/com/fasterxml/jackson/databind/introspect/POJOPropertiesCollector.java: error: unknown field
	data: [this struct(com/fasterxml/jackson/databind/introspect/POJOPropertiesCollector, [], [pointer(reference(java/lang/Object))], []) MapperFeature]
src/main/java/com/fasterxml/jackson/databind/introspect/POJOPropertiesCollector.java: error: an unsupported collection type has been used for this operation
	data: genericInstance(unsupported(LinkedList), [pointer(reference(com/fasterxml/jackson/databind/introspect/POJOPropertyBuilder))])
src/main/java/com/fasterxml/jackson/databind/introspect/POJOPropertiesCollector.java: error: unknown function
	data: [<nil> _addMethods [] [props]]
src/main/java/com/fasterxml/jackson/databind/introspect/POJOPropertiesCollector.java: error: unknown function
	data: [<nil> _renameWithWrappers [] [props]]
src/main/java/com/fasterxml/jackson/databind/introspect/POJOPropertiesCollector.java: error: unknown type
	data: JavaType
src/main/java/com/fasterxml/jackson/databind/introspect/POJOPropertiesCollector.java: error: unknown type
	data: Deprecated
src/main/java/com/fasterxml/jackson/databind/introspect/POJOPropertiesCollector.java: error: unknown field
	data: [this struct(com/fasterxml/jackson/databind/introspect/POJOPropertiesCollector, [], [pointer(reference(java/lang/Object))], []) PropertyName]
src/main/java/com/fasterxml/jackson/databind/introspect/POJOPropertiesCollector.java: error: unknown type
	data: AnnotationIntrospector
src/main/java/com/fasterxml/jackson/databind/introspect/POJOPropertiesCollector.java: error: an unsupported collection type has been used for this operation
	data: pointer(genericInstance(reference(java/lang/Iterable), [pointer(reference(com/fasterxml/jackson/databind/introspect/AnnotatedMethod))]))
src/main/java/com/fasterxml/jackson/databind/introspect/POJOPropertiesCollector.java: error: unknown field
	data: [this struct(com/fasterxml/jackson/databind/introspect/POJOPropertiesCollector, [], [pointer(reference(java/lang/Object))], []) MapperFeature]
src/main/java/com/fasterxml/jackson/databind/introspect/POJOPropertiesCollector.java: error: unknown field
	data: [this struct(com/fasterxml/jackson/databind/introspect/POJOPropertiesCollector, [], [pointer(reference(java/lang/Object))], []) PropertyName]
src/main/java/com/fasterxml/jackson/databind/introspect/POJOPropertiesCollector.java: error: unknown import
	data: com/fasterxml/jackson/databind/cfg/MapperConfig
src/main/java/com/fasterxml/jackson/databind/introspect/POJOPropertiesCollector.java: error: unknown function
	data: [<nil> java/util/ArrayList//ArrayList [pointer(reference(com/fasterxml/jackson/databind/introspect/BeanPropertyDefinition))] [call(select(ensure_not_nil(props), values!d41d8cd98f00b204e9800998ecf8427e), [])]]
src/main/java/com/fasterxml/jackson/databind/introspect/POJOPropertiesCollector.java: error: unknown function
	data: [<nil> _removeUnwantedAccessor [] [props]]
src/main/java/com/fasterxml/jackson/databind/introspect/POJOPropertiesCollector.java: error: unknown function
	data: [<nil> _renameUsing [] [props naming]]
src/main/java/com/fasterxml/jackson/databind/introspect/POJOPropertiesCollector.java: error: an unsupported collection type has been used for this operation
	data: pointer(genericInstance(reference(java/lang/Iterable), [pointer(reference(com/fasterxml/jackson/databind/introspect/AnnotatedField))]))
src/main/java/com/fasterxml/jackson/databind/introspect/POJOPropertiesCollector.java: error: unknown import
	data: com/fasterxml/jackson/databind/util/ClassUtil
src/main/java/com/fasterxml/jackson/databind/introspect/POJOPropertiesCollector.java: error: unknown field
	data: [this struct(com/fasterxml/jackson/databind/introspect/POJOPropertiesCollector, [], [pointer(reference(java/lang/Object))], []) MapperFeature]
src/main/java/com/fasterxml/jackson/databind/introspect/POJOPropertiesCollector.java: error: unknown function
	data: [pointer(genericInstance(reference(java/util/Map), [pointer(reference(java/lang/String)), pointer(reference(com/fasterxml/jackson/databind/introspect/POJOPropertyBuilder))])) java/util/Map<java/lang/String,com/fasterxml/jackson/databind/introspect/POJOPropertyBuilder>//putAll [] [ordered]]
src/main/java/com/fasterxml/jackson/databind/introspect/POJOPropertiesCollector.java: error: unknown function
	data: [<nil> _sortProperties [] [props]]
src/main/java/com/fasterxml/jackson/databind/introspect/POJOPropertiesCollector.java: error: an unsupported collection type has been used for this operation
	data: genericInstance(unsupported(LinkedList), [pointer(reference(com/fasterxml/jackson/databind/introspect/POJOPropertyBuilder))])
src/main/java/com/fasterxml/jackson/databind/introspect/POJOPropertiesCollector.java: error: unknown type
	data: PropertyNamingStrategy
src/main/java/com/fasterxml/jackson/databind/introspect/POJOPropertiesCollector.java: error: unknown field
	data: [this struct(com/fasterxml/jackson/databind/introspect/POJOPropertiesCollector, [], [pointer(reference(java/lang/Object))], []) MapperFeature]
src/main/java/com/fasterxml/jackson/databind/introspect/POJOPropertiesCollector.java: error: unknown function
	data: [pointer(genericInstance(reference(java/util/Map), [pointer(reference(java/lang/String)), pointer(reference(com/fasterxml/jackson/databind/introspect/POJOPropertyBuilder))])) java/util/Map<java/lang/String,com/fasterxml/jackson/databind/introspect/POJOPropertyBuilder>//entrySet [] []]
src/main/java/com/fasterxml/jackson/databind/introspect/POJOPropertiesCollector.java: error: unknown identifier
	data: alpha
src/main/java/com/fasterxml/jackson/databind/introspect/POJOPropertiesCollector.java: error: unknown type
	data: LinkedList
src/main/java/com/fasterxml/jackson/databind/introspect/POJOPropertiesCollector.java: error: unknown function
	data: [pointer(reference(java/lang/Object)) java/lang/Object//getClass [] []]
src/main/java/com/fasterxml/jackson/databind/introspect/POJOPropertiesCollector.java: error: unknown type
	data: TreeMap
src/main/java/com/fasterxml/jackson/databind/introspect/POJOPropertiesCollector.java: error: unknown import
	data: com/fasterxml/jackson/databind/cfg/HandlerInstantiator
src/main/java/com/fasterxml/jackson/databind/introspect/POJOPropertiesCollector.java: error: unknown type
	data: HashSet
src/main/java/com/fasterxml/jackson/databind/introspect/POJOPropertiesCollector.java: error: unknown function
	data: [<nil> _addFields [] [props]]
src/main/java/com/fasterxml/jackson/databind/introspect/POJOPropertiesCollector.java: error: unknown function
	data: [pointer(genericInstance(reference(java/util/Map//Entry), [pointer(reference(java/lang/String)), pointer(reference(com/fasterxml/jackson/databind/introspect/POJOPropertyBuilder))])) java/util/Map//Entry<java/lang/String,com/fasterxml/jackson/databind/introspect/POJOPropertyBuilder>//getValue [] []]
src/main/java/com/fasterxml/jackson/databind/introspect/POJOPropertiesCollector.java: internal error: not all elements have the same type
	data: declaration([props], [array(pointer(reference(com/fasterxml/jackson/databind/introspect/POJOPropertyBuilder)), primitive(int, 32, false), 0)], [call(select(ensure_not_nil(call(select(ensure_not_nil(propMap), values!d41d8cd98f00b204e9800998ecf8427e), [])), toArray!4ca58e31cd2242105fd0ef5028975b56), [cast(make(array(pointer(reference(com/fasterxml/jackson/databind/introspect/POJOPropertyBuilder)), primitive(int, 32, false), 0), call(select(ensure_not_nil(propMap), size!d41d8cd98f00b204e9800998ecf8427e), [])), array(pointer(reference(java/lang/Object)), primitive(int, 32, false), 0))])], ModifierVisibilityPublic)
src/main/java/com/fasterxml/jackson/databind/introspect/POJOPropertiesCollector.java: error: unknown import
	data: java/lang/reflect/Modifier
src/main/java/com/fasterxml/jackson/databind/introspect/POJOPropertiesCollector.java: error: unknown type
	data: LinkedHashMap
src/main/java/com/fasterxml/jackson/databind/introspect/POJOPropertiesCollector.java: error: unknown function
	data: [<nil> _addCreators [] [props]]
src/main/java/com/fasterxml/jackson/databind/introspect/POJOPropertiesCollector.java: error: unknown function
	data: [<nil> _removeUnwantedProperties [] [props]]
src/main/java/com/fasterxml/jackson/databind/introspect/POJOPropertiesCollector.java: error: unknown field
	data: [this struct(com/fasterxml/jackson/databind/introspect/POJOPropertiesCollector, [], [pointer(reference(java/lang/Object))], []) MapperFeature]
src/main/java/com/fasterxml/jackson/databind/introspect/POJOPropertiesCollector.java: error: unknown function
	data: [pointer(genericInstance(reference(java/util/Map), [pointer(reference(java/lang/String)), pointer(reference(com/fasterxml/jackson/databind/introspect/POJOPropertyBuilder))])) java/util/Map<java/lang/String,com/fasterxml/jackson/databind/introspect/POJOPropertyBuilder>//entrySet [] []]
src/main/java/com/fasterxml/jackson/databind/introspect/POJOPropertyBuilder.java: error: unknown type
	data: HashMap
src/main/java/com/fasterxml/jackson/databind/introspect/POJOPropertyBuilder.java: error: error: unresolved type
	data: reference(T)
	child error: (error) Internal error: unknown type:
		"T"
		Stacktrace: goroutine 1 [running]:
		gitlab.nethead.at/symflower/symflower/model/errors.NewInternalError({0x21de060, 0x2d25a00}, {0x12473e0, 0xc000631400})
			gitlab.nethead.at/symflower/symflower/model/errors/error.go:852 +0x4e
		gitlab.nethead.at/symflower/symflower/model/errors.NewProblemWithErrorSeverity(...)
			gitlab.nethead.at/symflower/symflower/model/errors/problem.go:321
		gitlab.nethead.at/symflower/symflower/model/ast.(*Scope).GetType(0xc0049bdf70?, {0x2221c60, 0x1})
			gitlab.nethead.at/symflower/symflower/model/ast/scope.go:986 +0x85
		gitlab.nethead.at/symflower/symflower/model/ast.resolve(0xc000380360, {0x2205848?, 0xc000c438c0}, 0xe0)
			gitlab.nethead.at/symflower/symflower/model/ast/type-resolve.go:362 +0x78
		gitlab.nethead.at/symflower/symflower/model/ast.ResolveWithPointers(...)
			gitlab.nethead.at/symflower/symflower/model/ast/type-resolve.go:326
		gitlab.nethead.at/symflower/symflower/model/ast.(*TypeGenericInstance).IsCompatibleType(0xc0016e0fc0, 0xc000380360, {0x2205728?, 0xc000aac600?})
			gitlab.nethead.at/symflower/symflower/model/ast/type.go:3369 +0x230
		gitlab.nethead.at/symflower/symflower/language/java/symbol.(*transpiler).checkFunctionApplicability(0xc0003b7680, 0xc00125b100, {0x0?, 0x0?}, {0x0?, 0xa9c0c5?, 0xc000810880?}, {0xc000631390, 0x1, 0x1})
			gitlab.nethead.at/symflower/symflower/language/java/symbol/overloading.go:406 +0x66b
		gitlab.nethead.at/symflower/symflower/language/java/symbol.(*transpiler).matchOverloadingFunction(0xc0003b7680, {0xc0016e40e8, 0x1, 0x1}, {0x0, 0x0}, {0x0, 0x0, 0x0}, {0xc000631390, ...})
			gitlab.nethead.at/symflower/symflower/language/java/symbol/overloading.go:451 +0x217
		gitlab.nethead.at/symflower/symflower/language/java/symbol.(*transpiler).getFunction(0xc0003b7680, {0x0, 0x0}, {0xc000810880, 0xd}, {0x0, 0x0, 0x0}, {0xc000631390, 0x1, ...})
			gitlab.nethead.at/symflower/symflower/language/java/symbol/overloading.go:224 +0xd2
		gitlab.nethead.at/symflower/symflower/language/java/symbol.(*transpiler).handleMethodCallResolveOverloads(0xc0003b7680, {0xc000810880, 0xd}, {0x0?, 0x0?}, {0x0?, 0x40?, 0xc0003b7680?}, {0xc000631390, 0x1, ...})
			gitlab.nethead.at/symflower/symflower/language/java/symbol/handle.go:5426 +0x87
		gitlab.nethead.at/symflower/symflower/language/java/symbol.(*transpiler).handleExpressionMethodCall(0xc0003b7680, 0xc001252450, 0xc000d089c0)
			gitlab.nethead.at/symflower/symflower/language/java/symbol/handle.go:5568 +0x68b
		gitlab.nethead.at/symflower/symflower/language/java/symbol.(*transpiler).handleExpression(0xc0003b7680, 0xc001252450, {0x21f7d38, 0xc000d089c0})
			gitlab.nethead.at/symflower/symflower/language/java/symbol/handle.go:6903 +0x785
		gitlab.nethead.at/symflower/symflower/language/java/symbol.(*transpiler).handleExpressionBinary(0xc0003b7680, 0xc001252450, 0xc000a737c0)
			gitlab.nethead.at/symflower/symflower/language/java/symbol/handle.go:4912 +0x78
		gitlab.nethead.at/symflower/symflower/language/java/symbol.(*transpiler).handleExpression(0xc0003b7680, 0xc001252450, {0x21f7a20, 0xc000a737c0})
			gitlab.nethead.at/symflower/symflower/language/java/symbol/handle.go:6879 +0x6ae
		gitlab.nethead.at/symflower/symflower/language/java/symbol.(*transpiler).handleExpressionBinary(0xc0003b7680, 0xc001252450, 0xc000a73860)
			gitlab.nethead.at/symflower/symflower/language/java/symbol/handle.go:4907 +0x3a
		gitlab.nethead.at/symflower/symflower/language/java/symbol.(*transpiler).handleExpression(0xc0003b7680, 0xc001252450, {0x21f7a20, 0xc000a73860})
			gitlab.nethead.at/symflower/symflower/language/java/symbol/handle.go:6879 +0x6ae
		gitlab.nethead.at/symflower/symflower/language/java/symbol.(*transpiler).handleStatementReturn(0xc0003b7680, 0xc001252450, 0xc000d0dd80)
			gitlab.nethead.at/symflower/symflower/language/java/symbol/handle.go:4352 +0x7c
		gitlab.nethead.at/symflower/symflower/language/java/symbol.(*transpiler).handleStatement(0xc0003b7680, 0xc001252450, {0x21f74a0, 0xc000d0dd80})
			gitlab.nethead.at/symflower/symflower/language/java/symbol/handle.go:4423 +0x745
		gitlab.nethead.at/symflower/symflower/language/java/symbol.(*transpiler).handleStatements(0xc0003b7680, 0xc001252450, {0xc000a7e1d0, 0x1, 0xc000081808?})
			gitlab.nethead.at/symflower/symflower/language/java/symbol/handle.go:3731 +0x85
		gitlab.nethead.at/symflower/symflower/language/java/symbol.(*transpiler).handleBlock.func1()
			gitlab.nethead.at/symflower/symflower/language/java/symbol/handle.go:3712 +0x45
		gitlab.nethead.at/symflower/symflower/model/ast.(*Scope).Scoped(0xc000380360, 0xc0049bed50)
			gitlab.nethead.at/symflower/symflower/model/ast/scope.go:297 +0x162
		gitlab.nethead.at/symflower/symflower/language/java/symbol.(*transpiler).handleBlock(0xc0003b7680, 0xc001252450, 0xc000a76bd0)
			gitlab.nethead.at/symflower/symflower/language/java/symbol/handle.go:3711 +0x9e
		gitlab.nethead.at/symflower/symflower/language/java/symbol.(*transpiler).handleMethodDeclarationBody.(*transpiler).handleScopedBlockStatement.func2()
			gitlab.nethead.at/symflower/symflower/language/java/symbol/handle.go:2716 +0x205
		gitlab.nethead.at/symflower/symflower/model/ast.(*Scope).Scoped(0xc000380360, 0xc0049bf160)
			gitlab.nethead.at/symflower/symflower/model/ast/scope.go:297 +0x162
		gitlab.nethead.at/symflower/symflower/language/java/symbol.(*transpiler).handleScopedBlockStatement(...)
			gitlab.nethead.at/symflower/symflower/language/java/symbol/handle.go:2693
		gitlab.nethead.at/symflower/symflower/language/java/symbol.(*transpiler).handleMethodDeclarationBody(0xc0003b7680, 0xc001252450, {0x2208170, 0xc00124a540}, 0xc001256000, 0x0)
			gitlab.nethead.at/symflower/symflower/language/java/symbol/handle.go:2523 +0x61b
		gitlab.nethead.at/symflower/symflower/language/java/symbol.(*transpiler).handleClassAndInterfaceDeclarationBodies(0xc0003b7680, 0xc001252450, 0xc00124a540)
			gitlab.nethead.at/symflower/symflower/language/java/symbol/handle.go:1534 +0x2f7
		gitlab.nethead.at/symflower/symflower/language/java/symbol.(*transpiler).handleClassDeclarationBodies(0xc0003b7680, 0xc001252450, 0xc00124a540)
			gitlab.nethead.at/symflower/symflower/language/java/symbol/handle.go:1419 +0x106
		gitlab.nethead.at/symflower/symflower/language/java/symbol.(*transpiler).handleBodies.func1(0xc001252450, {0x2207578, 0xc00124a540})
			gitlab.nethead.at/symflower/symflower/language/java/symbol/symbols.go:532 +0x1ff
		gitlab.nethead.at/symflower/symflower/language/java/symbol.(*transpiler).walkSubDeclarations(0xc0003b7680, 0xc001252450, 0xc0049bf760, 0xc0011ccde0, 0xc00124cc80, {0x2207578, 0xc00124a540})
			gitlab.nethead.at/symflower/symflower/language/java/symbol/symbols.go:869 +0x1ee
		gitlab.nethead.at/symflower/symflower/language/java/symbol.(*transpiler).walkFile(0xc0003b7680, 0x1, 0x2088c58, 0xc0049bf760, 0xc0011ccde0, 0xc00124cc80)
			gitlab.nethead.at/symflower/symflower/language/java/symbol/symbols.go:625 +0x3c5
		gitlab.nethead.at/symflower/symflower/language/java/symbol.(*transpiler).walkPackage(0xc0003b7680, 0x1, 0x2088c58, 0xc0049bf760, 0xc0011ccde0)
			gitlab.nethead.at/symflower/symflower/language/java/symbol/symbols.go:583 +0x225
		gitlab.nethead.at/symflower/symflower/language/java/symbol.(*transpiler).walkFilesAndDeclarations(0xc0003b7680, 0x1, 0x2088c58, 0xc0049bf760)
			gitlab.nethead.at/symflower/symflower/language/java/symbol/symbols.go:566 +0xa5
		gitlab.nethead.at/symflower/symflower/language/java/symbol.(*transpiler).handleBodies(0xc0003b7680)
			gitlab.nethead.at/symflower/symflower/language/java/symbol/symbols.go:513 +0x65
		gitlab.nethead.at/symflower/symflower/language/java/symbol.symbolsWithDependencies(0xc000010750, {0x0?, 0x41aa94?, 0x42a965?}, 0x1)
			gitlab.nethead.at/symflower/symflower/language/java/symbol/symbols.go:486 +0x147
		gitlab.nethead.at/symflower/symflower/language/java/symbol.Symbols(0xc000010750, 0x1)
			gitlab.nethead.at/symflower/symflower/language/java/symbol/symbols.go:457 +0xf2
		gitlab.nethead.at/symflower/symflower/language/java.Adapter.Symbols(...)
			gitlab.nethead.at/symflower/symflower/language/java/symbols.go:29
		gitlab.nethead.at/symflower/symflower/cmd/symflower-local/generate.(*Generator).transpileLanguage(0xc00043d380, 0x0, 0x0, {0x220c620, 0x2e6b360})
			gitlab.nethead.at/symflower/symflower/cmd/symflower-local/generate/generate.go:136 +0x373
		gitlab.nethead.at/symflower/symflower/cmd/symflower-local/generate.(*Generator).Symbols(0xc00043d380, 0x0, 0x0)
			gitlab.nethead.at/symflower/symflower/cmd/symflower-local/generate/generate.go:94 +0x136
		gitlab.nethead.at/symflower/symflower/cmd/symflower-local/generate.(*AnalyzeEngineDefault).UnitTests(0x34?, 0x124bba0?, {0x21eb890?, 0xc00004cde0?}, {0xc0?, 0xc1?, 0x50?, 0x0?}, 0x34?, {0xc0000ff170, ...})
			gitlab.nethead.at/symflower/symflower/cmd/symflower-local/generate/analyze.go:153 +0x77
		gitlab.nethead.at/symflower/symflower/cmd/symflower-local/cmd.(*commandUnitTests).Execute(0xc0005103d8, {0xc000510008?, 0x7ab188083218?, 0xc0005103d8?})
			gitlab.nethead.at/symflower/symflower/cmd/symflower-local/cmd/unit-tests.go:85 +0x2a6
		gitlab.nethead.at/symflower/symflower/cmd.ExecuteNoExit({0x21de020, 0xc000510008}, {0xc00003e050?, 0x44?, 0x0?})
			gitlab.nethead.at/symflower/symflower/cmd/execute.go:59 +0x2ad
		gitlab.nethead.at/symflower/symflower/cmd.Execute({0x21de020?, 0xc000510008?}, {0xc00003e050?, 0xc000416000?, 0xc000507f10?})
			gitlab.nethead.at/symflower/symflower/cmd/execute.go:17 +0x26
		gitlab.nethead.at/symflower/symflower/cmd.ExecuteWithOSArguments(...)
			gitlab.nethead.at/symflower/symflower/cmd/execute.go:78
		main.main.func1()
			gitlab.nethead.at/symflower/symflower/cmd/symflower-demo/main.go:39 +0x34
		gitlab.nethead.at/symflower/symflower/cmd/symflower-local/cmd.(*Command).WithPanicReporter(0xc0000b2060?, 0x0?)
			gitlab.nethead.at/symflower/symflower/cmd/symflower-local/cmd/cmd.go:151 +0x33
		main.main()
			gitlab.nethead.at/symflower/symflower/cmd/symflower-demo/main.go:38 +0x7f
src/main/java/com/fasterxml/jackson/databind/introspect/POJOPropertyBuilder.java: error: error: unresolved type
	data: reference(T)
	child error: (error) Internal error: unknown type:
		"T"
		Stacktrace: goroutine 1 [running]:
		gitlab.nethead.at/symflower/symflower/model/errors.NewInternalError({0x21de060, 0x2d25a00}, {0x12473e0, 0xc000cdc6b0})
			gitlab.nethead.at/symflower/symflower/model/errors/error.go:852 +0x4e
		gitlab.nethead.at/symflower/symflower/model/errors.NewProblemWithErrorSeverity(...)
			gitlab.nethead.at/symflower/symflower/model/errors/problem.go:321
		gitlab.nethead.at/symflower/symflower/model/ast.(*Scope).GetType(0xc0049bde20?, {0x2221c60, 0x1})
			gitlab.nethead.at/symflower/symflower/model/ast/scope.go:986 +0x85
		gitlab.nethead.at/symflower/symflower/model/ast.resolve(0xc000380360, {0x2205848?, 0xc000c43aa0}, 0xe0)
			gitlab.nethead.at/symflower/symflower/model/ast/type-resolve.go:362 +0x78
		gitlab.nethead.at/symflower/symflower/model/ast.ResolveWithPointers(...)
			gitlab.nethead.at/symflower/symflower/model/ast/type-resolve.go:326
		gitlab.nethead.at/symflower/symflower/model/ast.(*TypeGenericInstance).IsCompatibleType(0xc0016e1080, 0xc000380360, {0x2205728?, 0xc000aac480?})
			gitlab.nethead.at/symflower/symflower/model/ast/type.go:3369 +0x230
		gitlab.nethead.at/symflower/symflower/language/java/symbol.(*transpiler).checkFunctionApplicability(0xc0003b7680, 0xc00125b200, {0x0?, 0x0?}, {0x0?, 0xa9c0c5?, 0xc0003db998?}, {0xc000cdc410, 0x1, 0x1})
			gitlab.nethead.at/symflower/symflower/language/java/symbol/overloading.go:406 +0x66b
		gitlab.nethead.at/symflower/symflower/language/java/symbol.(*transpiler).matchOverloadingFunction(0xc0003b7680, {0xc0016e40f0, 0x1, 0x1}, {0x0, 0x0}, {0x0, 0x0, 0x0}, {0xc000cdc410, ...})
			gitlab.nethead.at/symflower/symflower/language/java/symbol/overloading.go:451 +0x217
		gitlab.nethead.at/symflower/symflower/language/java/symbol.(*transpiler).getFunction(0xc0003b7680, {0x0, 0x0}, {0xc0003db998, 0x11}, {0x0, 0x0, 0x0}, {0xc000cdc410, 0x1, ...})
			gitlab.nethead.at/symflower/symflower/language/java/symbol/overloading.go:224 +0xd2
		gitlab.nethead.at/symflower/symflower/language/java/symbol.(*transpiler).handleMethodCallResolveOverloads(0xc0003b7680, {0xc0003db998, 0x11}, {0x0?, 0x0?}, {0x0?, 0x2000?, 0x1?}, {0xc000cdc410, 0x1, ...})
			gitlab.nethead.at/symflower/symflower/language/java/symbol/handle.go:5426 +0x87
		gitlab.nethead.at/symflower/symflower/language/java/symbol.(*transpiler).handleExpressionMethodCall(0xc0003b7680, 0xc001252450, 0xc000d08b40)
			gitlab.nethead.at/symflower/symflower/language/java/symbol/handle.go:5568 +0x68b
		gitlab.nethead.at/symflower/symflower/language/java/symbol.(*transpiler).handleExpression(0xc0003b7680, 0xc001252450, {0x21f7d38, 0xc000d08b40})
			gitlab.nethead.at/symflower/symflower/language/java/symbol/handle.go:6903 +0x785
		gitlab.nethead.at/symflower/symflower/language/java/symbol.(*transpiler).handleExpressionBinary(0xc0003b7680, 0xc001252450, 0xc000a739a0)
			gitlab.nethead.at/symflower/symflower/language/java/symbol/handle.go:4907 +0x3a
		gitlab.nethead.at/symflower/symflower/language/java/symbol.(*transpiler).handleExpression(0xc0003b7680, 0xc001252450, {0x21f7a20, 0xc000a739a0})
			gitlab.nethead.at/symflower/symflower/language/java/symbol/handle.go:6879 +0x6ae
		gitlab.nethead.at/symflower/symflower/language/java/symbol.(*transpiler).handleExpressionBinary(0xc0003b7680, 0xc001252450, 0xc000a73a40)
			gitlab.nethead.at/symflower/symflower/language/java/symbol/handle.go:4907 +0x3a
		gitlab.nethead.at/symflower/symflower/language/java/symbol.(*transpiler).handleExpression(0xc0003b7680, 0xc001252450, {0x21f7a20, 0xc000a73a40})
			gitlab.nethead.at/symflower/symflower/language/java/symbol/handle.go:6879 +0x6ae
		gitlab.nethead.at/symflower/symflower/language/java/symbol.(*transpiler).handleExpressionBinary(0xc0003b7680, 0xc001252450, 0xc000a73ae0)
			gitlab.nethead.at/symflower/symflower/language/java/symbol/handle.go:4907 +0x3a
		gitlab.nethead.at/symflower/symflower/language/java/symbol.(*transpiler).handleExpression(0xc0003b7680, 0xc001252450, {0x21f7a20, 0xc000a73ae0})
			gitlab.nethead.at/symflower/symflower/language/java/symbol/handle.go:6879 +0x6ae
		gitlab.nethead.at/symflower/symflower/language/java/symbol.(*transpiler).handleStatementReturn(0xc0003b7680, 0xc001252450, 0xc000d0e600)
			gitlab.nethead.at/symflower/symflower/language/java/symbol/handle.go:4352 +0x7c
		gitlab.nethead.at/symflower/symflower/language/java/symbol.(*transpiler).handleStatement(0xc0003b7680, 0xc001252450, {0x21f74a0, 0xc000d0e600})
			gitlab.nethead.at/symflower/symflower/language/java/symbol/handle.go:4423 +0x745
		gitlab.nethead.at/symflower/symflower/language/java/symbol.(*transpiler).handleStatements(0xc0003b7680, 0xc001252450, {0xc000a7e240, 0x1, 0xc000081808?})
			gitlab.nethead.at/symflower/symflower/language/java/symbol/handle.go:3731 +0x85
		gitlab.nethead.at/symflower/symflower/language/java/symbol.(*transpiler).handleBlock.func1()
			gitlab.nethead.at/symflower/symflower/language/java/symbol/handle.go:3712 +0x45
		gitlab.nethead.at/symflower/symflower/model/ast.(*Scope).Scoped(0xc000380360, 0xc0049bed50)
			gitlab.nethead.at/symflower/symflower/model/ast/scope.go:297 +0x162
		gitlab.nethead.at/symflower/symflower/language/java/symbol.(*transpiler).handleBlock(0xc0003b7680, 0xc001252450, 0xc000a76cf0)
			gitlab.nethead.at/symflower/symflower/language/java/symbol/handle.go:3711 +0x9e
		gitlab.nethead.at/symflower/symflower/language/java/symbol.(*transpiler).handleMethodDeclarationBody.(*transpiler).handleScopedBlockStatement.func2()
			gitlab.nethead.at/symflower/symflower/language/java/symbol/handle.go:2716 +0x205
		gitlab.nethead.at/symflower/symflower/model/ast.(*Scope).Scoped(0xc000380360, 0xc0049bf160)
			gitlab.nethead.at/symflower/symflower/model/ast/scope.go:297 +0x162
		gitlab.nethead.at/symflower/symflower/language/java/symbol.(*transpiler).handleScopedBlockStatement(...)
			gitlab.nethead.at/symflower/symflower/language/java/symbol/handle.go:2693
		gitlab.nethead.at/symflower/symflower/language/java/symbol.(*transpiler).handleMethodDeclarationBody(0xc0003b7680, 0xc001252450, {0x2208170, 0xc00124a540}, 0xc001256100, 0x0)
			gitlab.nethead.at/symflower/symflower/language/java/symbol/handle.go:2523 +0x61b
		gitlab.nethead.at/symflower/symflower/language/java/symbol.(*transpiler).handleClassAndInterfaceDeclarationBodies(0xc0003b7680, 0xc001252450, 0xc00124a540)
			gitlab.nethead.at/symflower/symflower/language/java/symbol/handle.go:1534 +0x2f7
		gitlab.nethead.at/symflower/symflower/language/java/symbol.(*transpiler).handleClassDeclarationBodies(0xc0003b7680, 0xc001252450, 0xc00124a540)
			gitlab.nethead.at/symflower/symflower/language/java/symbol/handle.go:1419 +0x106
		gitlab.nethead.at/symflower/symflower/language/java/symbol.(*transpiler).handleBodies.func1(0xc001252450, {0x2207578, 0xc00124a540})
			gitlab.nethead.at/symflower/symflower/language/java/symbol/symbols.go:532 +0x1ff
		gitlab.nethead.at/symflower/symflower/language/java/symbol.(*transpiler).walkSubDeclarations(0xc0003b7680, 0xc001252450, 0xc0049bf760, 0xc0011ccde0, 0xc00124cc80, {0x2207578, 0xc00124a540})
			gitlab.nethead.at/symflower/symflower/language/java/symbol/symbols.go:869 +0x1ee
		gitlab.nethead.at/symflower/symflower/language/java/symbol.(*transpiler).walkFile(0xc0003b7680, 0x1, 0x2088c58, 0xc0049bf760, 0xc0011ccde0, 0xc00124cc80)
			gitlab.nethead.at/symflower/symflower/language/java/symbol/symbols.go:625 +0x3c5
		gitlab.nethead.at/symflower/symflower/language/java/symbol.(*transpiler).walkPackage(0xc0003b7680, 0x1, 0x2088c58, 0xc0049bf760, 0xc0011ccde0)
			gitlab.nethead.at/symflower/symflower/language/java/symbol/symbols.go:583 +0x225
		gitlab.nethead.at/symflower/symflower/language/java/symbol.(*transpiler).walkFilesAndDeclarations(0xc0003b7680, 0x1, 0x2088c58, 0xc0049bf760)
			gitlab.nethead.at/symflower/symflower/language/java/symbol/symbols.go:566 +0xa5
		gitlab.nethead.at/symflower/symflower/language/java/symbol.(*transpiler).handleBodies(0xc0003b7680)
			gitlab.nethead.at/symflower/symflower/language/java/symbol/symbols.go:513 +0x65
		gitlab.nethead.at/symflower/symflower/language/java/symbol.symbolsWithDependencies(0xc000010750, {0x0?, 0x41aa94?, 0x42a965?}, 0x1)
			gitlab.nethead.at/symflower/symflower/language/java/symbol/symbols.go:486 +0x147
		gitlab.nethead.at/symflower/symflower/language/java/symbol.Symbols(0xc000010750, 0x1)
			gitlab.nethead.at/symflower/symflower/language/java/symbol/symbols.go:457 +0xf2
		gitlab.nethead.at/symflower/symflower/language/java.Adapter.Symbols(...)
			gitlab.nethead.at/symflower/symflower/language/java/symbols.go:29
		gitlab.nethead.at/symflower/symflower/cmd/symflower-local/generate.(*Generator).transpileLanguage(0xc00043d380, 0x0, 0x0, {0x220c620, 0x2e6b360})
			gitlab.nethead.at/symflower/symflower/cmd/symflower-local/generate/generate.go:136 +0x373
		gitlab.nethead.at/symflower/symflower/cmd/symflower-local/generate.(*Generator).Symbols(0xc00043d380, 0x0, 0x0)
			gitlab.nethead.at/symflower/symflower/cmd/symflower-local/generate/generate.go:94 +0x136
		gitlab.nethead.at/symflower/symflower/cmd/symflower-local/generate.(*AnalyzeEngineDefault).UnitTests(0x34?, 0x124bba0?, {0x21eb890?, 0xc00004cde0?}, {0xc0?, 0xc1?, 0x50?, 0x0?}, 0x34?, {0xc0000ff170, ...})
			gitlab.nethead.at/symflower/symflower/cmd/symflower-local/generate/analyze.go:153 +0x77
		gitlab.nethead.at/symflower/symflower/cmd/symflower-local/cmd.(*commandUnitTests).Execute(0xc0005103d8, {0xc000510008?, 0x7ab188083218?, 0xc0005103d8?})
			gitlab.nethead.at/symflower/symflower/cmd/symflower-local/cmd/unit-tests.go:85 +0x2a6
		gitlab.nethead.at/symflower/symflower/cmd.ExecuteNoExit({0x21de020, 0xc000510008}, {0xc00003e050?, 0x44?, 0x0?})
			gitlab.nethead.at/symflower/symflower/cmd/execute.go:59 +0x2ad
		gitlab.nethead.at/symflower/symflower/cmd.Execute({0x21de020?, 0xc000510008?}, {0xc00003e050?, 0xc000416000?, 0xc000507f10?})
			gitlab.nethead.at/symflower/symflower/cmd/execute.go:17 +0x26
		gitlab.nethead.at/symflower/symflower/cmd.ExecuteWithOSArguments(...)
			gitlab.nethead.at/symflower/symflower/cmd/execute.go:78
		main.main.func1()
			gitlab.nethead.at/symflower/symflower/cmd/symflower-demo/main.go:39 +0x34
		gitlab.nethead.at/symflower/symflower/cmd/symflower-local/cmd.(*Command).WithPanicReporter(0xc0000b2060?, 0x0?)
			gitlab.nethead.at/symflower/symflower/cmd/symflower-local/cmd/cmd.go:151 +0x33
		main.main()
			gitlab.nethead.at/symflower/symflower/cmd/symflower-demo/main.go:38 +0x7f
src/main/java/com/fasterxml/jackson/databind/introspect/POJOPropertyBuilder.java: error: error: unresolved type
	data: reference(T)
	child error: (error) Internal error: unknown type:
		"T"
		Stacktrace: goroutine 1 [running]:
		gitlab.nethead.at/symflower/symflower/model/errors.NewInternalError({0x21de060, 0x2d25a00}, {0x12473e0, 0xc0059ad860})
			gitlab.nethead.at/symflower/symflower/model/errors/error.go:852 +0x4e
		gitlab.nethead.at/symflower/symflower/model/errors.NewProblemWithErrorSeverity(...)
			gitlab.nethead.at/symflower/symflower/model/errors/problem.go:321
		gitlab.nethead.at/symflower/symflower/model/ast.(*Scope).GetType(0xc0067b20a8?, {0x2221c60, 0x1})
			gitlab.nethead.at/symflower/symflower/model/ast/scope.go:986 +0x85
		gitlab.nethead.at/symflower/symflower/model/ast.resolve(0xc000380360, {0x2205848?, 0xc000c42d20}, 0xe0)
			gitlab.nethead.at/symflower/symflower/model/ast/type-resolve.go:362 +0x78
		gitlab.nethead.at/symflower/symflower/model/ast.ResolveWithPointers(...)
			gitlab.nethead.at/symflower/symflower/model/ast/type-resolve.go:326
		gitlab.nethead.at/symflower/symflower/model/ast.(*TypeGenericInstance).IsCompatibleType(0xc0016e09c0, 0xc000380360, {0x2205728?, 0xc000cca840?})
			gitlab.nethead.at/symflower/symflower/model/ast/type.go:3369 +0x230
		gitlab.nethead.at/symflower/symflower/language/java/symbol.(*transpiler).checkFunctionApplicability(0xc0003b7680, 0xc00125ac00, {0x0?, 0x0?}, {0x0?, 0xc000380360?, 0xc000b0b728?}, {0xc0059ad800, 0x1, 0x1})
			gitlab.nethead.at/symflower/symflower/language/java/symbol/overloading.go:406 +0x66b
		gitlab.nethead.at/symflower/symflower/language/java/symbol.(*transpiler).matchOverloadingFunction(0xc0003b7680, {0xc0016e40b8, 0x1, 0x1}, {0x0, 0x0}, {0x0, 0x0, 0x0}, {0xc0059ad800, ...})
			gitlab.nethead.at/symflower/symflower/language/java/symbol/overloading.go:451 +0x217
		gitlab.nethead.at/symflower/symflower/language/java/symbol.(*transpiler).getFunction(0xc0003b7680, {0x0, 0x0}, {0xc000b0b728, 0x12}, {0x0, 0x0, 0x0}, {0xc0059ad800, 0x1, ...})
			gitlab.nethead.at/symflower/symflower/language/java/symbol/overloading.go:224 +0xd2
		gitlab.nethead.at/symflower/symflower/language/java/symbol.(*transpiler).handleMethodCallResolveOverloads(0xc0003b7680, {0xc000b0b728, 0x12}, {0x0?, 0x0?}, {0x0?, 0xc0067b2948?, 0xe3d0b8?}, {0xc0059ad800, 0x1, ...})
			gitlab.nethead.at/symflower/symflower/language/java/symbol/handle.go:5426 +0x87
		gitlab.nethead.at/symflower/symflower/language/java/symbol.(*transpiler).handleExpressionMethodCall(0xc0003b7680, 0xc001252450, 0xc000d7c000)
			gitlab.nethead.at/symflower/symflower/language/java/symbol/handle.go:5568 +0x68b
		gitlab.nethead.at/symflower/symflower/language/java/symbol.(*transpiler).handleExpression(0xc0003b7680, 0xc001252450, {0x21f7d38, 0xc000d7c000})
			gitlab.nethead.at/symflower/symflower/language/java/symbol/handle.go:6903 +0x785
		gitlab.nethead.at/symflower/symflower/language/java/symbol.(*transpiler).handleExpressionVariableDeclaration(0xc0003b7680, 0xc001252450, 0xc000d7c0c0)
			gitlab.nethead.at/symflower/symflower/language/java/symbol/handle.go:6477 +0x72f
		gitlab.nethead.at/symflower/symflower/language/java/symbol.(*transpiler).handleStatementExpression(0xc0067b2b78?, 0x41aa94?, {0x21f8100?, 0xc000d7c0c0?})
			gitlab.nethead.at/symflower/symflower/language/java/symbol/handle.go:3976 +0xc5
		gitlab.nethead.at/symflower/symflower/language/java/symbol.(*transpiler).handleStatement(0xc0003b7680, 0xc001252450, {0x21f7238, 0xc000d79780})
			gitlab.nethead.at/symflower/symflower/language/java/symbol/handle.go:4415 +0x8aa
		gitlab.nethead.at/symflower/symflower/language/java/symbol.(*transpiler).handleStatements(0xc0003b7680, 0xc001252450, {0xc000d28240, 0x3, 0xc000380360?})
			gitlab.nethead.at/symflower/symflower/language/java/symbol/handle.go:3731 +0x85
		gitlab.nethead.at/symflower/symflower/language/java/symbol.(*transpiler).handleBlock.func1()
			gitlab.nethead.at/symflower/symflower/language/java/symbol/handle.go:3712 +0x45
		gitlab.nethead.at/symflower/symflower/model/ast.(*Scope).Scoped(0xc000380360, 0xc0067b2d50)
			gitlab.nethead.at/symflower/symflower/model/ast/scope.go:297 +0x162
		gitlab.nethead.at/symflower/symflower/language/java/symbol.(*transpiler).handleBlock(0xc0003b7680, 0xc001252450, 0xc000d53ef0)
			gitlab.nethead.at/symflower/symflower/language/java/symbol/handle.go:3711 +0x9e
		gitlab.nethead.at/symflower/symflower/language/java/symbol.(*transpiler).handleMethodDeclarationBody.(*transpiler).handleScopedBlockStatement.func2()
			gitlab.nethead.at/symflower/symflower/language/java/symbol/handle.go:2716 +0x205
		gitlab.nethead.at/symflower/symflower/model/ast.(*Scope).Scoped(0xc000380360, 0xc0067b3160)
			gitlab.nethead.at/symflower/symflower/model/ast/scope.go:297 +0x162
		gitlab.nethead.at/symflower/symflower/language/java/symbol.(*transpiler).handleScopedBlockStatement(...)
			gitlab.nethead.at/symflower/symflower/language/java/symbol/handle.go:2693
		gitlab.nethead.at/symflower/symflower/language/java/symbol.(*transpiler).handleMethodDeclarationBody(0xc0003b7680, 0xc001252450, {0x2208170, 0xc00124a540}, 0xc00125ab00, 0x0)
			gitlab.nethead.at/symflower/symflower/language/java/symbol/handle.go:2523 +0x61b
		gitlab.nethead.at/symflower/symflower/language/java/symbol.(*transpiler).handleClassAndInterfaceDeclarationBodies(0xc0003b7680, 0xc001252450, 0xc00124a540)
			gitlab.nethead.at/symflower/symflower/language/java/symbol/handle.go:1534 +0x2f7
		gitlab.nethead.at/symflower/symflower/language/java/symbol.(*transpiler).handleClassDeclarationBodies(0xc0003b7680, 0xc001252450, 0xc00124a540)
			gitlab.nethead.at/symflower/symflower/language/java/symbol/handle.go:1419 +0x106
		gitlab.nethead.at/symflower/symflower/language/java/symbol.(*transpiler).handleBodies.func1(0xc001252450, {0x2207578, 0xc00124a540})
			gitlab.nethead.at/symflower/symflower/language/java/symbol/symbols.go:532 +0x1ff
		gitlab.nethead.at/symflower/symflower/language/java/symbol.(*transpiler).walkSubDeclarations(0xc0003b7680, 0xc001252450, 0xc0067b3760, 0xc0011ccde0, 0xc00124cc80, {0x2207578, 0xc00124a540})
			gitlab.nethead.at/symflower/symflower/language/java/symbol/symbols.go:869 +0x1ee
		gitlab.nethead.at/symflower/symflower/language/java/symbol.(*transpiler).walkFile(0xc0003b7680, 0x1, 0x2088c58, 0xc0067b3760, 0xc0011ccde0, 0xc00124cc80)
			gitlab.nethead.at/symflower/symflower/language/java/symbol/symbols.go:625 +0x3c5
		gitlab.nethead.at/symflower/symflower/language/java/symbol.(*transpiler).walkPackage(0xc0003b7680, 0x1, 0x2088c58, 0xc0067b3760, 0xc0011ccde0)
			gitlab.nethead.at/symflower/symflower/language/java/symbol/symbols.go:583 +0x225
		gitlab.nethead.at/symflower/symflower/language/java/symbol.(*transpiler).walkFilesAndDeclarations(0xc0003b7680, 0x1, 0x2088c58, 0xc0067b3760)
			gitlab.nethead.at/symflower/symflower/language/java/symbol/symbols.go:566 +0xa5
		gitlab.nethead.at/symflower/symflower/language/java/symbol.(*transpiler).handleBodies(0xc0003b7680)
			gitlab.nethead.at/symflower/symflower/language/java/symbol/symbols.go:513 +0x65
		gitlab.nethead.at/symflower/symflower/language/java/symbol.symbolsWithDependencies(0xc000010750, {0x0?, 0x41aa94?, 0x42a965?}, 0x1)
			gitlab.nethead.at/symflower/symflower/language/java/symbol/symbols.go:486 +0x147
		gitlab.nethead.at/symflower/symflower/language/java/symbol.Symbols(0xc000010750, 0x1)
			gitlab.nethead.at/symflower/symflower/language/java/symbol/symbols.go:457 +0xf2
		gitlab.nethead.at/symflower/symflower/language/java.Adapter.Symbols(...)
			gitlab.nethead.at/symflower/symflower/language/java/symbols.go:29
		gitlab.nethead.at/symflower/symflower/cmd/symflower-local/generate.(*Generator).transpileLanguage(0xc00043d380, 0x0, 0x0, {0x220c620, 0x2e6b360})
			gitlab.nethead.at/symflower/symflower/cmd/symflower-local/generate/generate.go:136 +0x373
		gitlab.nethead.at/symflower/symflower/cmd/symflower-local/generate.(*Generator).Symbols(0xc00043d380, 0x0, 0x0)
			gitlab.nethead.at/symflower/symflower/cmd/symflower-local/generate/generate.go:94 +0x136
		gitlab.nethead.at/symflower/symflower/cmd/symflower-local/generate.(*AnalyzeEngineDefault).UnitTests(0x34?, 0x124bba0?, {0x21eb890?, 0xc00004cde0?}, {0xc0?, 0xc1?, 0x50?, 0x0?}, 0x34?, {0xc0000ff170, ...})
			gitlab.nethead.at/symflower/symflower/cmd/symflower-local/generate/analyze.go:153 +0x77
		gitlab.nethead.at/symflower/symflower/cmd/symflower-local/cmd.(*commandUnitTests).Execute(0xc0005103d8, {0xc000510008?, 0x7ab188083218?, 0xc0005103d8?})
			gitlab.nethead.at/symflower/symflower/cmd/symflower-local/cmd/unit-tests.go:85 +0x2a6
		gitlab.nethead.at/symflower/symflower/cmd.ExecuteNoExit({0x21de020, 0xc000510008}, {0xc00003e050?, 0x44?, 0x0?})
			gitlab.nethead.at/symflower/symflower/cmd/execute.go:59 +0x2ad
		gitlab.nethead.at/symflower/symflower/cmd.Execute({0x21de020?, 0xc000510008?}, {0xc00003e050?, 0xc000416000?, 0xc000507f10?})
			gitlab.nethead.at/symflower/symflower/cmd/execute.go:17 +0x26
		gitlab.nethead.at/symflower/symflower/cmd.ExecuteWithOSArguments(...)
			gitlab.nethead.at/symflower/symflower/cmd/execute.go:78
		main.main.func1()
			gitlab.nethead.at/symflower/symflower/cmd/symflower-demo/main.go:39 +0x34
		gitlab.nethead.at/symflower/symflower/cmd/symflower-local/cmd.(*Command).WithPanicReporter(0xc0000b2060?, 0x0?)
			gitlab.nethead.at/symflower/symflower/cmd/symflower-local/cmd/cmd.go:151 +0x33
		main.main()
			gitlab.nethead.at/symflower/symflower/cmd/symflower-demo/main.go:38 +0x7f
src/main/java/com/fasterxml/jackson/databind/introspect/POJOPropertyBuilder.java: error: unknown field
	data: [this struct(com/fasterxml/jackson/databind/introspect/POJOPropertyBuilder, [], [pointer(reference(com/fasterxml/jackson/databind/introspect/BeanPropertyDefinition))], [pointer(genericInstance(reference(java/lang/Comparable), [pointer(reference(com/fasterxml/jackson/databind/introspect/POJOPropertyBuilder))]))]) READ_WRITE]
src/main/java/com/fasterxml/jackson/databind/introspect/POJOPropertyBuilder.java: error: error: unresolved type
	data: reference(T)
	child error: (error) Internal error: unknown type:
		"T"
		Stacktrace: goroutine 1 [running]:
		gitlab.nethead.at/symflower/symflower/model/errors.NewInternalError({0x21de060, 0x2d25a00}, {0x12473e0, 0xc005d2a600})
			gitlab.nethead.at/symflower/symflower/model/errors/error.go:852 +0x4e
		gitlab.nethead.at/symflower/symflower/model/errors.NewProblemWithErrorSeverity(...)
			gitlab.nethead.at/symflower/symflower/model/errors/problem.go:321
		gitlab.nethead.at/symflower/symflower/model/ast.(*Scope).GetType(0xc0067b2150?, {0x2221c60, 0x1})
			gitlab.nethead.at/symflower/symflower/model/ast/scope.go:986 +0x85
		gitlab.nethead.at/symflower/symflower/model/ast.resolve(0xc000380360, {0x2205848?, 0xc000c436e0}, 0xe0)
			gitlab.nethead.at/symflower/symflower/model/ast/type-resolve.go:362 +0x78
		gitlab.nethead.at/symflower/symflower/model/ast.ResolveWithPointers(...)
			gitlab.nethead.at/symflower/symflower/model/ast/type-resolve.go:326
		gitlab.nethead.at/symflower/symflower/model/ast.(*TypeGenericInstance).IsCompatibleType(0xc0016e0f00, 0xc000380360, {0x2205728?, 0xc000aac500?})
			gitlab.nethead.at/symflower/symflower/model/ast/type.go:3369 +0x230
		gitlab.nethead.at/symflower/symflower/language/java/symbol.(*transpiler).checkFunctionApplicability(0xc0003b7680, 0xc00125b000, {0x0?, 0x0?}, {0x0?, 0xa9c0c5?, 0xc000b0b2c0?}, {0xc005d2a5a0, 0x1, 0x1})
			gitlab.nethead.at/symflower/symflower/language/java/symbol/overloading.go:406 +0x66b
		gitlab.nethead.at/symflower/symflower/language/java/symbol.(*transpiler).matchOverloadingFunction(0xc0003b7680, {0xc0016e40e0, 0x1, 0x1}, {0x0, 0x0}, {0x0, 0x0, 0x0}, {0xc005d2a5a0, ...})
			gitlab.nethead.at/symflower/symflower/language/java/symbol/overloading.go:451 +0x217
		gitlab.nethead.at/symflower/symflower/language/java/symbol.(*transpiler).getFunction(0xc0003b7680, {0x0, 0x0}, {0xc000b0b2c0, 0x11}, {0x0, 0x0, 0x0}, {0xc005d2a5a0, 0x1, ...})
			gitlab.nethead.at/symflower/symflower/language/java/symbol/overloading.go:224 +0xd2
		gitlab.nethead.at/symflower/symflower/language/java/symbol.(*transpiler).handleMethodCallResolveOverloads(0xc0003b7680, {0xc000b0b2c0, 0x11}, {0x0?, 0x0?}, {0x0?, 0x3d?, 0x0?}, {0xc005d2a5a0, 0x1, ...})
			gitlab.nethead.at/symflower/symflower/language/java/symbol/handle.go:5426 +0x87
		gitlab.nethead.at/symflower/symflower/language/java/symbol.(*transpiler).handleExpressionMethodCall(0xc0003b7680, 0xc001252450, 0xc000d57380)
			gitlab.nethead.at/symflower/symflower/language/java/symbol/handle.go:5568 +0x68b
		gitlab.nethead.at/symflower/symflower/language/java/symbol.(*transpiler).handleExpression(0xc0003b7680, 0xc001252450, {0x21f7d38, 0xc000d57380})
			gitlab.nethead.at/symflower/symflower/language/java/symbol/handle.go:6903 +0x785
		gitlab.nethead.at/symflower/symflower/language/java/symbol.(*transpiler).handleStatementExpressionAssign(0xc0003b7680, 0xc001252450, 0xc000d6e820)
			gitlab.nethead.at/symflower/symflower/language/java/symbol/handle.go:3771 +0xe5
		gitlab.nethead.at/symflower/symflower/language/java/symbol.(*transpiler).handleStatementExpression(0xc0067b2b78?, 0x41aa94?, {0x21f79c8?, 0xc000d6e820?})
			gitlab.nethead.at/symflower/symflower/language/java/symbol/handle.go:3932 +0x53
		gitlab.nethead.at/symflower/symflower/language/java/symbol.(*transpiler).handleStatement(0xc0003b7680, 0xc001252450, {0x21f7238, 0xc000d71600})
			gitlab.nethead.at/symflower/symflower/language/java/symbol/handle.go:4415 +0x8aa
		gitlab.nethead.at/symflower/symflower/language/java/symbol.(*transpiler).handleStatements(0xc0003b7680, 0xc001252450, {0xc000d6c080, 0x4, 0xc000403808?})
			gitlab.nethead.at/symflower/symflower/language/java/symbol/handle.go:3731 +0x85
		gitlab.nethead.at/symflower/symflower/language/java/symbol.(*transpiler).handleBlock.func1()
			gitlab.nethead.at/symflower/symflower/language/java/symbol/handle.go:3712 +0x45
		gitlab.nethead.at/symflower/symflower/model/ast.(*Scope).Scoped(0xc000380360, 0xc0067b2d50)
			gitlab.nethead.at/symflower/symflower/model/ast/scope.go:297 +0x162
		gitlab.nethead.at/symflower/symflower/language/java/symbol.(*transpiler).handleBlock(0xc0003b7680, 0xc001252450, 0xc000d53560)
			gitlab.nethead.at/symflower/symflower/language/java/symbol/handle.go:3711 +0x9e
		gitlab.nethead.at/symflower/symflower/language/java/symbol.(*transpiler).handleMethodDeclarationBody.(*transpiler).handleScopedBlockStatement.func2()
			gitlab.nethead.at/symflower/symflower/language/java/symbol/handle.go:2716 +0x205
		gitlab.nethead.at/symflower/symflower/model/ast.(*Scope).Scoped(0xc000380360, 0xc0067b3160)
			gitlab.nethead.at/symflower/symflower/model/ast/scope.go:297 +0x162
		gitlab.nethead.at/symflower/symflower/language/java/symbol.(*transpiler).handleScopedBlockStatement(...)
			gitlab.nethead.at/symflower/symflower/language/java/symbol/handle.go:2693
		gitlab.nethead.at/symflower/symflower/language/java/symbol.(*transpiler).handleMethodDeclarationBody(0xc0003b7680, 0xc001252450, {0x2208170, 0xc00124a540}, 0xc00125a900, 0x0)
			gitlab.nethead.at/symflower/symflower/language/java/symbol/handle.go:2523 +0x61b
		gitlab.nethead.at/symflower/symflower/language/java/symbol.(*transpiler).handleClassAndInterfaceDeclarationBodies(0xc0003b7680, 0xc001252450, 0xc00124a540)
			gitlab.nethead.at/symflower/symflower/language/java/symbol/handle.go:1534 +0x2f7
		gitlab.nethead.at/symflower/symflower/language/java/symbol.(*transpiler).handleClassDeclarationBodies(0xc0003b7680, 0xc001252450, 0xc00124a540)
			gitlab.nethead.at/symflower/symflower/language/java/symbol/handle.go:1419 +0x106
		gitlab.nethead.at/symflower/symflower/language/java/symbol.(*transpiler).handleBodies.func1(0xc001252450, {0x2207578, 0xc00124a540})
			gitlab.nethead.at/symflower/symflower/language/java/symbol/symbols.go:532 +0x1ff
		gitlab.nethead.at/symflower/symflower/language/java/symbol.(*transpiler).walkSubDeclarations(0xc0003b7680, 0xc001252450, 0xc0067b3760, 0xc0011ccde0, 0xc00124cc80, {0x2207578, 0xc00124a540})
			gitlab.nethead.at/symflower/symflower/language/java/symbol/symbols.go:869 +0x1ee
		gitlab.nethead.at/symflower/symflower/language/java/symbol.(*transpiler).walkFile(0xc0003b7680, 0x1, 0x2088c58, 0xc0067b3760, 0xc0011ccde0, 0xc00124cc80)
			gitlab.nethead.at/symflower/symflower/language/java/symbol/symbols.go:625 +0x3c5
		gitlab.nethead.at/symflower/symflower/language/java/symbol.(*transpiler).walkPackage(0xc0003b7680, 0x1, 0x2088c58, 0xc0067b3760, 0xc0011ccde0)
			gitlab.nethead.at/symflower/symflower/language/java/symbol/symbols.go:583 +0x225
		gitlab.nethead.at/symflower/symflower/language/java/symbol.(*transpiler).walkFilesAndDeclarations(0xc0003b7680, 0x1, 0x2088c58, 0xc0067b3760)
			gitlab.nethead.at/symflower/symflower/language/java/symbol/symbols.go:566 +0xa5
		gitlab.nethead.at/symflower/symflower/language/java/symbol.(*transpiler).handleBodies(0xc0003b7680)
			gitlab.nethead.at/symflower/symflower/language/java/symbol/symbols.go:513 +0x65
		gitlab.nethead.at/symflower/symflower/language/java/symbol.symbolsWithDependencies(0xc000010750, {0x0?, 0x41aa94?, 0x42a965?}, 0x1)
			gitlab.nethead.at/symflower/symflower/language/java/symbol/symbols.go:486 +0x147
		gitlab.nethead.at/symflower/symflower/language/java/symbol.Symbols(0xc000010750, 0x1)
			gitlab.nethead.at/symflower/symflower/language/java/symbol/symbols.go:457 +0xf2
		gitlab.nethead.at/symflower/symflower/language/java.Adapter.Symbols(...)
			gitlab.nethead.at/symflower/symflower/language/java/symbols.go:29
		gitlab.nethead.at/symflower/symflower/cmd/symflower-local/generate.(*Generator).transpileLanguage(0xc00043d380, 0x0, 0x0, {0x220c620, 0x2e6b360})
			gitlab.nethead.at/symflower/symflower/cmd/symflower-local/generate/generate.go:136 +0x373
		gitlab.nethead.at/symflower/symflower/cmd/symflower-local/generate.(*Generator).Symbols(0xc00043d380, 0x0, 0x0)
			gitlab.nethead.at/symflower/symflower/cmd/symflower-local/generate/generate.go:94 +0x136
		gitlab.nethead.at/symflower/symflower/cmd/symflower-local/generate.(*AnalyzeEngineDefault).UnitTests(0x34?, 0x124bba0?, {0x21eb890?, 0xc00004cde0?}, {0xc0?, 0xc1?, 0x50?, 0x0?}, 0x34?, {0xc0000ff170, ...})
			gitlab.nethead.at/symflower/symflower/cmd/symflower-local/generate/analyze.go:153 +0x77
		gitlab.nethead.at/symflower/symflower/cmd/symflower-local/cmd.(*commandUnitTests).Execute(0xc0005103d8, {0xc000510008?, 0x7ab188083218?, 0xc0005103d8?})
			gitlab.nethead.at/symflower/symflower/cmd/symflower-local/cmd/unit-tests.go:85 +0x2a6
		gitlab.nethead.at/symflower/symflower/cmd.ExecuteNoExit({0x21de020, 0xc000510008}, {0xc00003e050?, 0x44?, 0x0?})
			gitlab.nethead.at/symflower/symflower/cmd/execute.go:59 +0x2ad
		gitlab.nethead.at/symflower/symflower/cmd.Execute({0x21de020?, 0xc000510008?}, {0xc00003e050?, 0xc000416000?, 0xc000507f10?})
			gitlab.nethead.at/symflower/symflower/cmd/execute.go:17 +0x26
		gitlab.nethead.at/symflower/symflower/cmd.ExecuteWithOSArguments(...)
			gitlab.nethead.at/symflower/symflower/cmd/execute.go:78
		main.main.func1()
			gitlab.nethead.at/symflower/symflower/cmd/symflower-demo/main.go:39 +0x34
		gitlab.nethead.at/symflower/symflower/cmd/symflower-local/cmd.(*Command).WithPanicReporter(0xc0000b2060?, 0x0?)
			gitlab.nethead.at/symflower/symflower/cmd/symflower-local/cmd/cmd.go:151 +0x33
		main.main()
			gitlab.nethead.at/symflower/symflower/cmd/symflower-demo/main.go:38 +0x7f
src/main/java/com/fasterxml/jackson/databind/introspect/POJOPropertyBuilder.java: error: unknown type
	data: HashSet
src/main/java/com/fasterxml/jackson/databind/introspect/POJOPropertyBuilder.java: error: unknown field
	data: [this struct(com/fasterxml/jackson/databind/introspect/POJOPropertyBuilder, [], [pointer(reference(com/fasterxml/jackson/databind/introspect/BeanPropertyDefinition))], [pointer(genericInstance(reference(java/lang/Comparable), [pointer(reference(com/fasterxml/jackson/databind/introspect/POJOPropertyBuilder))]))]) PropertyMetadata]
src/main/java/com/fasterxml/jackson/databind/introspect/POJOPropertyBuilder.java: error: error: unresolved type
	data: reference(T)
	child error: (error) Internal error: unknown type:
		"T"
		Stacktrace: goroutine 1 [running]:
		gitlab.nethead.at/symflower/symflower/model/errors.NewInternalError({0x21de060, 0x2d25a00}, {0x12473e0, 0xc000631960})
			gitlab.nethead.at/symflower/symflower/model/errors/error.go:852 +0x4e
		gitlab.nethead.at/symflower/symflower/model/errors.NewProblemWithErrorSeverity(...)
			gitlab.nethead.at/symflower/symflower/model/errors/problem.go:321
		gitlab.nethead.at/symflower/symflower/model/ast.(*Scope).GetType(0xc0049be0c0?, {0x2221c60, 0x1})
			gitlab.nethead.at/symflower/symflower/model/ast/scope.go:986 +0x85
		gitlab.nethead.at/symflower/symflower/model/ast.resolve(0xc000380360, {0x2205848?, 0xc000c438c0}, 0xe0)
			gitlab.nethead.at/symflower/symflower/model/ast/type-resolve.go:362 +0x78
		gitlab.nethead.at/symflower/symflower/model/ast.ResolveWithPointers(...)
			gitlab.nethead.at/symflower/symflower/model/ast/type-resolve.go:326
		gitlab.nethead.at/symflower/symflower/model/ast.(*TypeGenericInstance).IsCompatibleType(0xc0016e0fc0, 0xc000380360, {0x2205728?, 0xc000aac500?})
			gitlab.nethead.at/symflower/symflower/model/ast/type.go:3369 +0x230
		gitlab.nethead.at/symflower/symflower/language/java/symbol.(*transpiler).checkFunctionApplicability(0xc0003b7680, 0xc00125b100, {0x0?, 0x0?}, {0x0?, 0xa9c0c5?, 0xc0008108d0?}, {0xc000631900, 0x1, 0x1})
			gitlab.nethead.at/symflower/symflower/language/java/symbol/overloading.go:406 +0x66b
		gitlab.nethead.at/symflower/symflower/language/java/symbol.(*transpiler).matchOverloadingFunction(0xc0003b7680, {0xc0016e40e8, 0x1, 0x1}, {0x0, 0x0}, {0x0, 0x0, 0x0}, {0xc000631900, ...})
			gitlab.nethead.at/symflower/symflower/language/java/symbol/overloading.go:451 +0x217
		gitlab.nethead.at/symflower/symflower/language/java/symbol.(*transpiler).getFunction(0xc0003b7680, {0x0, 0x0}, {0xc0008108d0, 0xd}, {0x0, 0x0, 0x0}, {0xc000631900, 0x1, ...})
			gitlab.nethead.at/symflower/symflower/language/java/symbol/overloading.go:224 +0xd2
		gitlab.nethead.at/symflower/symflower/language/java/symbol.(*transpiler).handleMethodCallResolveOverloads(0xc0003b7680, {0xc0008108d0, 0xd}, {0x0?, 0x0?}, {0x0?, 0x40?, 0xc0003b7680?}, {0xc000631900, 0x1, ...})
			gitlab.nethead.at/symflower/symflower/language/java/symbol/handle.go:5426 +0x87
		gitlab.nethead.at/symflower/symflower/language/java/symbol.(*transpiler).handleExpressionMethodCall(0xc0003b7680, 0xc001252450, 0xc000d08a80)
			gitlab.nethead.at/symflower/symflower/language/java/symbol/handle.go:5568 +0x68b
		gitlab.nethead.at/symflower/symflower/language/java/symbol.(*transpiler).handleExpression(0xc0003b7680, 0xc001252450, {0x21f7d38, 0xc000d08a80})
			gitlab.nethead.at/symflower/symflower/language/java/symbol/handle.go:6903 +0x785
		gitlab.nethead.at/symflower/symflower/language/java/symbol.(*transpiler).handleExpressionBinary(0xc0003b7680, 0xc001252450, 0xc000a73860)
			gitlab.nethead.at/symflower/symflower/language/java/symbol/handle.go:4912 +0x78
		gitlab.nethead.at/symflower/symflower/language/java/symbol.(*transpiler).handleExpression(0xc0003b7680, 0xc001252450, {0x21f7a20, 0xc000a73860})
			gitlab.nethead.at/symflower/symflower/language/java/symbol/handle.go:6879 +0x6ae
		gitlab.nethead.at/symflower/symflower/language/java/symbol.(*transpiler).handleStatementReturn(0xc0003b7680, 0xc001252450, 0xc000d0dd80)
			gitlab.nethead.at/symflower/symflower/language/java/symbol/handle.go:4352 +0x7c
		gitlab.nethead.at/symflower/symflower/language/java/symbol.(*transpiler).handleStatement(0xc0003b7680, 0xc001252450, {0x21f74a0, 0xc000d0dd80})
			gitlab.nethead.at/symflower/symflower/language/java/symbol/handle.go:4423 +0x745
		gitlab.nethead.at/symflower/symflower/language/java/symbol.(*transpiler).handleStatements(0xc0003b7680, 0xc001252450, {0xc000a7e1d0, 0x1, 0xc000081808?})
			gitlab.nethead.at/symflower/symflower/language/java/symbol/handle.go:3731 +0x85
		gitlab.nethead.at/symflower/symflower/language/java/symbol.(*transpiler).handleBlock.func1()
			gitlab.nethead.at/symflower/symflower/language/java/symbol/handle.go:3712 +0x45
		gitlab.nethead.at/symflower/symflower/model/ast.(*Scope).Scoped(0xc000380360, 0xc0049bed50)
			gitlab.nethead.at/symflower/symflower/model/ast/scope.go:297 +0x162
		gitlab.nethead.at/symflower/symflower/language/java/symbol.(*transpiler).handleBlock(0xc0003b7680, 0xc001252450, 0xc000a76bd0)
			gitlab.nethead.at/symflower/symflower/language/java/symbol/handle.go:3711 +0x9e
		gitlab.nethead.at/symflower/symflower/language/java/symbol.(*transpiler).handleMethodDeclarationBody.(*transpiler).handleScopedBlockStatement.func2()
			gitlab.nethead.at/symflower/symflower/language/java/symbol/handle.go:2716 +0x205
		gitlab.nethead.at/symflower/symflower/model/ast.(*Scope).Scoped(0xc000380360, 0xc0049bf160)
			gitlab.nethead.at/symflower/symflower/model/ast/scope.go:297 +0x162
		gitlab.nethead.at/symflower/symflower/language/java/symbol.(*transpiler).handleScopedBlockStatement(...)
			gitlab.nethead.at/symflower/symflower/language/java/symbol/handle.go:2693
		gitlab.nethead.at/symflower/symflower/language/java/symbol.(*transpiler).handleMethodDeclarationBody(0xc0003b7680, 0xc001252450, {0x2208170, 0xc00124a540}, 0xc001256000, 0x0)
			gitlab.nethead.at/symflower/symflower/language/java/symbol/handle.go:2523 +0x61b
		gitlab.nethead.at/symflower/symflower/language/java/symbol.(*transpiler).handleClassAndInterfaceDeclarationBodies(0xc0003b7680, 0xc001252450, 0xc00124a540)
			gitlab.nethead.at/symflower/symflower/language/java/symbol/handle.go:1534 +0x2f7
		gitlab.nethead.at/symflower/symflower/language/java/symbol.(*transpiler).handleClassDeclarationBodies(0xc0003b7680, 0xc001252450, 0xc00124a540)
			gitlab.nethead.at/symflower/symflower/language/java/symbol/handle.go:1419 +0x106
		gitlab.nethead.at/symflower/symflower/language/java/symbol.(*transpiler).handleBodies.func1(0xc001252450, {0x2207578, 0xc00124a540})
			gitlab.nethead.at/symflower/symflower/language/java/symbol/symbols.go:532 +0x1ff
		gitlab.nethead.at/symflower/symflower/language/java/symbol.(*transpiler).walkSubDeclarations(0xc0003b7680, 0xc001252450, 0xc0049bf760, 0xc0011ccde0, 0xc00124cc80, {0x2207578, 0xc00124a540})
			gitlab.nethead.at/symflower/symflower/language/java/symbol/symbols.go:869 +0x1ee
		gitlab.nethead.at/symflower/symflower/language/java/symbol.(*transpiler).walkFile(0xc0003b7680, 0x1, 0x2088c58, 0xc0049bf760, 0xc0011ccde0, 0xc00124cc80)
			gitlab.nethead.at/symflower/symflower/language/java/symbol/symbols.go:625 +0x3c5
		gitlab.nethead.at/symflower/symflower/language/java/symbol.(*transpiler).walkPackage(0xc0003b7680, 0x1, 0x2088c58, 0xc0049bf760, 0xc0011ccde0)
			gitlab.nethead.at/symflower/symflower/language/java/symbol/symbols.go:583 +0x225
		gitlab.nethead.at/symflower/symflower/language/java/symbol.(*transpiler).walkFilesAndDeclarations(0xc0003b7680, 0x1, 0x2088c58, 0xc0049bf760)
			gitlab.nethead.at/symflower/symflower/language/java/symbol/symbols.go:566 +0xa5
		gitlab.nethead.at/symflower/symflower/language/java/symbol.(*transpiler).handleBodies(0xc0003b7680)
			gitlab.nethead.at/symflower/symflower/language/java/symbol/symbols.go:513 +0x65
		gitlab.nethead.at/symflower/symflower/language/java/symbol.symbolsWithDependencies(0xc000010750, {0x0?, 0x41aa94?, 0x42a965?}, 0x1)
			gitlab.nethead.at/symflower/symflower/language/java/symbol/symbols.go:486 +0x147
		gitlab.nethead.at/symflower/symflower/language/java/symbol.Symbols(0xc000010750, 0x1)
			gitlab.nethead.at/symflower/symflower/language/java/symbol/symbols.go:457 +0xf2
		gitlab.nethead.at/symflower/symflower/language/java.Adapter.Symbols(...)
			gitlab.nethead.at/symflower/symflower/language/java/symbols.go:29
		gitlab.nethead.at/symflower/symflower/cmd/symflower-local/generate.(*Generator).transpileLanguage(0xc00043d380, 0x0, 0x0, {0x220c620, 0x2e6b360})
			gitlab.nethead.at/symflower/symflower/cmd/symflower-local/generate/generate.go:136 +0x373
		gitlab.nethead.at/symflower/symflower/cmd/symflower-local/generate.(*Generator).Symbols(0xc00043d380, 0x0, 0x0)
			gitlab.nethead.at/symflower/symflower/cmd/symflower-local/generate/generate.go:94 +0x136
		gitlab.nethead.at/symflower/symflower/cmd/symflower-local/generate.(*AnalyzeEngineDefault).UnitTests(0x34?, 0x124bba0?, {0x21eb890?, 0xc00004cde0?}, {0xc0?, 0xc1?, 0x50?, 0x0?}, 0x34?, {0xc0000ff170, ...})
			gitlab.nethead.at/symflower/symflower/cmd/symflower-local/generate/analyze.go:153 +0x77
		gitlab.nethead.at/symflower/symflower/cmd/symflower-local/cmd.(*commandUnitTests).Execute(0xc0005103d8, {0xc000510008?, 0x7ab188083218?, 0xc0005103d8?})
			gitlab.nethead.at/symflower/symflower/cmd/symflower-local/cmd/unit-tests.go:85 +0x2a6
		gitlab.nethead.at/symflower/symflower/cmd.ExecuteNoExit({0x21de020, 0xc000510008}, {0xc00003e050?, 0x44?, 0x0?})
			gitlab.nethead.at/symflower/symflower/cmd/execute.go:59 +0x2ad
		gitlab.nethead.at/symflower/symflower/cmd.Execute({0x21de020?, 0xc000510008?}, {0xc00003e050?, 0xc000416000?, 0xc000507f10?})
			gitlab.nethead.at/symflower/symflower/cmd/execute.go:17 +0x26
		gitlab.nethead.at/symflower/symflower/cmd.ExecuteWithOSArguments(...)
			gitlab.nethead.at/symflower/symflower/cmd/execute.go:78
		main.main.func1()
			gitlab.nethead.at/symflower/symflower/cmd/symflower-demo/main.go:39 +0x34
		gitlab.nethead.at/symflower/symflower/cmd/symflower-local/cmd.(*Command).WithPanicReporter(0xc0000b2060?, 0x0?)
			gitlab.nethead.at/symflower/symflower/cmd/symflower-local/cmd/cmd.go:151 +0x33
		main.main()
			gitlab.nethead.at/symflower/symflower/cmd/symflower-demo/main.go:38 +0x7f
src/main/java/com/fasterxml/jackson/databind/introspect/POJOPropertyBuilder.java: error: error: unresolved type
	data: reference(T)
	child error: (error) Internal error: unknown type:
		"T"
		Stacktrace: goroutine 1 [running]:
		gitlab.nethead.at/symflower/symflower/model/errors.NewInternalError({0x21de060, 0x2d25a00}, {0x12473e0, 0xc00004cf10})
			gitlab.nethead.at/symflower/symflower/model/errors/error.go:852 +0x4e
		gitlab.nethead.at/symflower/symflower/model/errors.NewProblemWithErrorSeverity(...)
			gitlab.nethead.at/symflower/symflower/model/errors/problem.go:321
		gitlab.nethead.at/symflower/symflower/model/ast.(*Scope).GetType(0xc0049bde20?, {0x2221c60, 0x1})
			gitlab.nethead.at/symflower/symflower/model/ast/scope.go:986 +0x85
		gitlab.nethead.at/symflower/symflower/model/ast.resolve(0xc000380360, {0x2205848?, 0xc000c43aa0}, 0xe0)
			gitlab.nethead.at/symflower/symflower/model/ast/type-resolve.go:362 +0x78
		gitlab.nethead.at/symflower/symflower/model/ast.ResolveWithPointers(...)
			gitlab.nethead.at/symflower/symflower/model/ast/type-resolve.go:326
		gitlab.nethead.at/symflower/symflower/model/ast.(*TypeGenericInstance).IsCompatibleType(0xc0016e1080, 0xc000380360, {0x2205728?, 0xc000aac580?})
			gitlab.nethead.at/symflower/symflower/model/ast/type.go:3369 +0x230
		gitlab.nethead.at/symflower/symflower/language/java/symbol.(*transpiler).checkFunctionApplicability(0xc0003b7680, 0xc00125b200, {0x0?, 0x0?}, {0x0?, 0xa9c0c5?, 0xc0003db9e0?}, {0xc00004ce60, 0x1, 0x1})
			gitlab.nethead.at/symflower/symflower/language/java/symbol/overloading.go:406 +0x66b
		gitlab.nethead.at/symflower/symflower/language/java/symbol.(*transpiler).matchOverloadingFunction(0xc0003b7680, {0xc0016e40f0, 0x1, 0x1}, {0x0, 0x0}, {0x0, 0x0, 0x0}, {0xc00004ce60, ...})
			gitlab.nethead.at/symflower/symflower/language/java/symbol/overloading.go:451 +0x217
		gitlab.nethead.at/symflower/symflower/language/java/symbol.(*transpiler).getFunction(0xc0003b7680, {0x0, 0x0}, {0xc0003db9e0, 0x11}, {0x0, 0x0, 0x0}, {0xc00004ce60, 0x1, ...})
			gitlab.nethead.at/symflower/symflower/language/java/symbol/overloading.go:224 +0xd2
		gitlab.nethead.at/symflower/symflower/language/java/symbol.(*transpiler).handleMethodCallResolveOverloads(0xc0003b7680, {0xc0003db9e0, 0x11}, {0x0?, 0x0?}, {0x0?, 0x160000b0000011?, 0xc0003b7680?}, {0xc00004ce60, 0x1, ...})
			gitlab.nethead.at/symflower/symflower/language/java/symbol/handle.go:5426 +0x87
		gitlab.nethead.at/symflower/symflower/language/java/symbol.(*transpiler).handleExpressionMethodCall(0xc0003b7680, 0xc001252450, 0xc000d08c00)
			gitlab.nethead.at/symflower/symflower/language/java/symbol/handle.go:5568 +0x68b
		gitlab.nethead.at/symflower/symflower/language/java/symbol.(*transpiler).handleExpression(0xc0003b7680, 0xc001252450, {0x21f7d38, 0xc000d08c00})
			gitlab.nethead.at/symflower/symflower/language/java/symbol/handle.go:6903 +0x785
		gitlab.nethead.at/symflower/symflower/language/java/symbol.(*transpiler).handleExpressionBinary(0xc0003b7680, 0xc001252450, 0xc000a739a0)
			gitlab.nethead.at/symflower/symflower/language/java/symbol/handle.go:4912 +0x78
		gitlab.nethead.at/symflower/symflower/language/java/symbol.(*transpiler).handleExpression(0xc0003b7680, 0xc001252450, {0x21f7a20, 0xc000a739a0})
			gitlab.nethead.at/symflower/symflower/language/java/symbol/handle.go:6879 +0x6ae
		gitlab.nethead.at/symflower/symflower/language/java/symbol.(*transpiler).handleExpressionBinary(0xc0003b7680, 0xc001252450, 0xc000a73a40)
			gitlab.nethead.at/symflower/symflower/language/java/symbol/handle.go:4907 +0x3a
		gitlab.nethead.at/symflower/symflower/language/java/symbol.(*transpiler).handleExpression(0xc0003b7680, 0xc001252450, {0x21f7a20, 0xc000a73a40})
			gitlab.nethead.at/symflower/symflower/language/java/symbol/handle.go:6879 +0x6ae
		gitlab.nethead.at/symflower/symflower/language/java/symbol.(*transpiler).handleExpressionBinary(0xc0003b7680, 0xc001252450, 0xc000a73ae0)
			gitlab.nethead.at/symflower/symflower/language/java/symbol/handle.go:4907 +0x3a
		gitlab.nethead.at/symflower/symflower/language/java/symbol.(*transpiler).handleExpression(0xc0003b7680, 0xc001252450, {0x21f7a20, 0xc000a73ae0})
			gitlab.nethead.at/symflower/symflower/language/java/symbol/handle.go:6879 +0x6ae
		gitlab.nethead.at/symflower/symflower/language/java/symbol.(*transpiler).handleStatementReturn(0xc0003b7680, 0xc001252450, 0xc000d0e600)
			gitlab.nethead.at/symflower/symflower/language/java/symbol/handle.go:4352 +0x7c
		gitlab.nethead.at/symflower/symflower/language/java/symbol.(*transpiler).handleStatement(0xc0003b7680, 0xc001252450, {0x21f74a0, 0xc000d0e600})
			gitlab.nethead.at/symflower/symflower/language/java/symbol/handle.go:4423 +0x745
		gitlab.nethead.at/symflower/symflower/language/java/symbol.(*transpiler).handleStatements(0xc0003b7680, 0xc001252450, {0xc000a7e240, 0x1, 0xc000081808?})
			gitlab.nethead.at/symflower/symflower/language/java/symbol/handle.go:3731 +0x85
		gitlab.nethead.at/symflower/symflower/language/java/symbol.(*transpiler).handleBlock.func1()
			gitlab.nethead.at/symflower/symflower/language/java/symbol/handle.go:3712 +0x45
		gitlab.nethead.at/symflower/symflower/model/ast.(*Scope).Scoped(0xc000380360, 0xc0049bed50)
			gitlab.nethead.at/symflower/symflower/model/ast/scope.go:297 +0x162
		gitlab.nethead.at/symflower/symflower/language/java/symbol.(*transpiler).handleBlock(0xc0003b7680, 0xc001252450, 0xc000a76cf0)
			gitlab.nethead.at/symflower/symflower/language/java/symbol/handle.go:3711 +0x9e
		gitlab.nethead.at/symflower/symflower/language/java/symbol.(*transpiler).handleMethodDeclarationBody.(*transpiler).handleScopedBlockStatement.func2()
			gitlab.nethead.at/symflower/symflower/language/java/symbol/handle.go:2716 +0x205
		gitlab.nethead.at/symflower/symflower/model/ast.(*Scope).Scoped(0xc000380360, 0xc0049bf160)
			gitlab.nethead.at/symflower/symflower/model/ast/scope.go:297 +0x162
		gitlab.nethead.at/symflower/symflower/language/java/symbol.(*transpiler).handleScopedBlockStatement(...)
			gitlab.nethead.at/symflower/symflower/language/java/symbol/handle.go:2693
		gitlab.nethead.at/symflower/symflower/language/java/symbol.(*transpiler).handleMethodDeclarationBody(0xc0003b7680, 0xc001252450, {0x2208170, 0xc00124a540}, 0xc001256100, 0x0)
			gitlab.nethead.at/symflower/symflower/language/java/symbol/handle.go:2523 +0x61b
		gitlab.nethead.at/symflower/symflower/language/java/symbol.(*transpiler).handleClassAndInterfaceDeclarationBodies(0xc0003b7680, 0xc001252450, 0xc00124a540)
			gitlab.nethead.at/symflower/symflower/language/java/symbol/handle.go:1534 +0x2f7
		gitlab.nethead.at/symflower/symflower/language/java/symbol.(*transpiler).handleClassDeclarationBodies(0xc0003b7680, 0xc001252450, 0xc00124a540)
			gitlab.nethead.at/symflower/symflower/language/java/symbol/handle.go:1419 +0x106
		gitlab.nethead.at/symflower/symflower/language/java/symbol.(*transpiler).handleBodies.func1(0xc001252450, {0x2207578, 0xc00124a540})
			gitlab.nethead.at/symflower/symflower/language/java/symbol/symbols.go:532 +0x1ff
		gitlab.nethead.at/symflower/symflower/language/java/symbol.(*transpiler).walkSubDeclarations(0xc0003b7680, 0xc001252450, 0xc0049bf760, 0xc0011ccde0, 0xc00124cc80, {0x2207578, 0xc00124a540})
			gitlab.nethead.at/symflower/symflower/language/java/symbol/symbols.go:869 +0x1ee
		gitlab.nethead.at/symflower/symflower/language/java/symbol.(*transpiler).walkFile(0xc0003b7680, 0x1, 0x2088c58, 0xc0049bf760, 0xc0011ccde0, 0xc00124cc80)
			gitlab.nethead.at/symflower/symflower/language/java/symbol/symbols.go:625 +0x3c5
		gitlab.nethead.at/symflower/symflower/language/java/symbol.(*transpiler).walkPackage(0xc0003b7680, 0x1, 0x2088c58, 0xc0049bf760, 0xc0011ccde0)
			gitlab.nethead.at/symflower/symflower/language/java/symbol/symbols.go:583 +0x225
		gitlab.nethead.at/symflower/symflower/language/java/symbol.(*transpiler).walkFilesAndDeclarations(0xc0003b7680, 0x1, 0x2088c58, 0xc0049bf760)
			gitlab.nethead.at/symflower/symflower/language/java/symbol/symbols.go:566 +0xa5
		gitlab.nethead.at/symflower/symflower/language/java/symbol.(*transpiler).handleBodies(0xc0003b7680)
			gitlab.nethead.at/symflower/symflower/language/java/symbol/symbols.go:513 +0x65
		gitlab.nethead.at/symflower/symflower/language/java/symbol.symbolsWithDependencies(0xc000010750, {0x0?, 0x41aa94?, 0x42a965?}, 0x1)
			gitlab.nethead.at/symflower/symflower/language/java/symbol/symbols.go:486 +0x147
		gitlab.nethead.at/symflower/symflower/language/java/symbol.Symbols(0xc000010750, 0x1)
			gitlab.nethead.at/symflower/symflower/language/java/symbol/symbols.go:457 +0xf2
		gitlab.nethead.at/symflower/symflower/language/java.Adapter.Symbols(...)
			gitlab.nethead.at/symflower/symflower/language/java/symbols.go:29
		gitlab.nethead.at/symflower/symflower/cmd/symflower-local/generate.(*Generator).transpileLanguage(0xc00043d380, 0x0, 0x0, {0x220c620, 0x2e6b360})
			gitlab.nethead.at/symflower/symflower/cmd/symflower-local/generate/generate.go:136 +0x373
		gitlab.nethead.at/symflower/symflower/cmd/symflower-local/generate.(*Generator).Symbols(0xc00043d380, 0x0, 0x0)
			gitlab.nethead.at/symflower/symflower/cmd/symflower-local/generate/generate.go:94 +0x136
		gitlab.nethead.at/symflower/symflower/cmd/symflower-local/generate.(*AnalyzeEngineDefault).UnitTests(0x34?, 0x124bba0?, {0x21eb890?, 0xc00004cde0?}, {0xc0?, 0xc1?, 0x50?, 0x0?}, 0x34?, {0xc0000ff170, ...})
			gitlab.nethead.at/symflower/symflower/cmd/symflower-local/generate/analyze.go:153 +0x77
		gitlab.nethead.at/symflower/symflower/cmd/symflower-local/cmd.(*commandUnitTests).Execute(0xc0005103d8, {0xc000510008?, 0x7ab188083218?, 0xc0005103d8?})
			gitlab.nethead.at/symflower/symflower/cmd/symflower-local/cmd/unit-tests.go:85 +0x2a6
		gitlab.nethead.at/symflower/symflower/cmd.ExecuteNoExit({0x21de020, 0xc000510008}, {0xc00003e050?, 0x44?, 0x0?})
			gitlab.nethead.at/symflower/symflower/cmd/execute.go:59 +0x2ad
		gitlab.nethead.at/symflower/symflower/cmd.Execute({0x21de020?, 0xc000510008?}, {0xc00003e050?, 0xc000416000?, 0xc000507f10?})
			gitlab.nethead.at/symflower/symflower/cmd/execute.go:17 +0x26
		gitlab.nethead.at/symflower/symflower/cmd.ExecuteWithOSArguments(...)
			gitlab.nethead.at/symflower/symflower/cmd/execute.go:78
		main.main.func1()
			gitlab.nethead.at/symflower/symflower/cmd/symflower-demo/main.go:39 +0x34
		gitlab.nethead.at/symflower/symflower/cmd/symflower-local/cmd.(*Command).WithPanicReporter(0xc0000b2060?, 0x0?)
			gitlab.nethead.at/symflower/symflower/cmd/symflower-local/cmd/cmd.go:151 +0x33
		main.main()
			gitlab.nethead.at/symflower/symflower/cmd/symflower-demo/main.go:38 +0x7f
src/main/java/com/fasterxml/jackson/databind/introspect/POJOPropertyBuilder.java: internal error: not all elements have the same type
	data: declaration([b], [pointer(reference(java/lang/Boolean))], [call(select(this, fromMemberAnnotations!261c11339fe74c5dc4545a62bc6bbd68), [cast(call(com/fasterxml/jackson/databind/introspect/POJOPropertyBuilder//@@localWithMember2//@@localWithMember2!e9eaae5e335350c3fef63cc9a0bf945f, [this]), pointer(genericInstance(reference(com/fasterxml/jackson/databind/introspect/POJOPropertyBuilder//WithMember), [pointer(reference(java/lang/Object))])))])], ModifierVisibilityPublic)
src/main/java/com/fasterxml/jackson/databind/introspect/POJOPropertyBuilder.java: error: error: unresolved type
	data: reference(T)
	child error: (error) Internal error: unknown type:
		"T"
		Stacktrace: goroutine 1 [running]:
		gitlab.nethead.at/symflower/symflower/model/errors.NewInternalError({0x21de060, 0x2d25a00}, {0x12473e0, 0xc0008fb8f0})
			gitlab.nethead.at/symflower/symflower/model/errors/error.go:852 +0x4e
		gitlab.nethead.at/symflower/symflower/model/errors.NewProblemWithErrorSeverity(...)
			gitlab.nethead.at/symflower/symflower/model/errors/problem.go:321
		gitlab.nethead.at/symflower/symflower/model/ast.(*Scope).GetType(0xc0013d4150?, {0x2221c60, 0x1})
			gitlab.nethead.at/symflower/symflower/model/ast/scope.go:986 +0x85
		gitlab.nethead.at/symflower/symflower/model/ast.resolve(0xc000380360, {0x2205848?, 0xc000c424e0}, 0xe0)
			gitlab.nethead.at/symflower/symflower/model/ast/type-resolve.go:362 +0x78
		gitlab.nethead.at/symflower/symflower/model/ast.ResolveWithPointers(...)
			gitlab.nethead.at/symflower/symflower/model/ast/type-resolve.go:326
		gitlab.nethead.at/symflower/symflower/model/ast.(*TypeGenericInstance).IsCompatibleType(0xc0016e0740, 0xc000380360, {0x2205728?, 0xc000aac580?})
			gitlab.nethead.at/symflower/symflower/model/ast/type.go:3369 +0x230
		gitlab.nethead.at/symflower/symflower/language/java/symbol.(*transpiler).checkFunctionApplicability(0xc0003b7680, 0xc00125a500, {0x0?, 0x0?}, {0x0?, 0xa9c0c5?, 0xc000b16ca9?}, {0xc000faff40, 0x2, 0x2})
			gitlab.nethead.at/symflower/symflower/language/java/symbol/overloading.go:406 +0x66b
		gitlab.nethead.at/symflower/symflower/language/java/symbol.(*transpiler).matchOverloadingFunction(0xc0003b7680, {0xc0016e4078, 0x1, 0x1}, {0x0, 0x0}, {0x0, 0x0, 0x0}, {0xc000faff40, ...})
			gitlab.nethead.at/symflower/symflower/language/java/symbol/overloading.go:451 +0x217
		gitlab.nethead.at/symflower/symflower/language/java/symbol.(*transpiler).getFunction(0xc0003b7680, {0x0, 0x0}, {0xc000b16ca9, 0x5}, {0x0, 0x0, 0x0}, {0xc000faff40, 0x2, ...})
			gitlab.nethead.at/symflower/symflower/language/java/symbol/overloading.go:224 +0xd2
		gitlab.nethead.at/symflower/symflower/language/java/symbol.(*transpiler).handleMethodCallResolveOverloads(0xc0003b7680, {0xc000b16ca9, 0x5}, {0x0?, 0x0?}, {0x0?, 0x3d?, 0x0?}, {0xc000faff40, 0x2, ...})
			gitlab.nethead.at/symflower/symflower/language/java/symbol/handle.go:5426 +0x87
		gitlab.nethead.at/symflower/symflower/language/java/symbol.(*transpiler).handleExpressionMethodCall(0xc0003b7680, 0xc001252450, 0xc000d56780)
			gitlab.nethead.at/symflower/symflower/language/java/symbol/handle.go:5568 +0x68b
		gitlab.nethead.at/symflower/symflower/language/java/symbol.(*transpiler).handleExpression(0xc0003b7680, 0xc001252450, {0x21f7d38, 0xc000d56780})
			gitlab.nethead.at/symflower/symflower/language/java/symbol/handle.go:6903 +0x785
		gitlab.nethead.at/symflower/symflower/language/java/symbol.(*transpiler).handleStatementExpressionAssign(0xc0003b7680, 0xc001252450, 0xc000d5cfa0)
			gitlab.nethead.at/symflower/symflower/language/java/symbol/handle.go:3771 +0xe5
		gitlab.nethead.at/symflower/symflower/language/java/symbol.(*transpiler).handleStatementExpression(0xc0013d4b78?, 0x41aa94?, {0x21f79c8?, 0xc000d5cfa0?})
			gitlab.nethead.at/symflower/symflower/language/java/symbol/handle.go:3932 +0x53
		gitlab.nethead.at/symflower/symflower/language/java/symbol.(*transpiler).handleStatement(0xc0003b7680, 0xc001252450, {0x21f7238, 0xc000d63a00})
			gitlab.nethead.at/symflower/symflower/language/java/symbol/handle.go:4415 +0x8aa
		gitlab.nethead.at/symflower/symflower/language/java/symbol.(*transpiler).handleStatements(0xc0003b7680, 0xc001252450, {0xc000059d00, 0x4, 0xc000380360?})
			gitlab.nethead.at/symflower/symflower/language/java/symbol/handle.go:3731 +0x85
		gitlab.nethead.at/symflower/symflower/language/java/symbol.(*transpiler).handleBlock.func1()
			gitlab.nethead.at/symflower/symflower/language/java/symbol/handle.go:3712 +0x45
		gitlab.nethead.at/symflower/symflower/model/ast.(*Scope).Scoped(0xc000380360, 0xc0013d4d50)
			gitlab.nethead.at/symflower/symflower/model/ast/scope.go:297 +0x162
		gitlab.nethead.at/symflower/symflower/language/java/symbol.(*transpiler).handleBlock(0xc0003b7680, 0xc001252450, 0xc000d52e10)
			gitlab.nethead.at/symflower/symflower/language/java/symbol/handle.go:3711 +0x9e
		gitlab.nethead.at/symflower/symflower/language/java/symbol.(*transpiler).handleMethodDeclarationBody.(*transpiler).handleScopedBlockStatement.func2()
			gitlab.nethead.at/symflower/symflower/language/java/symbol/handle.go:2716 +0x205
		gitlab.nethead.at/symflower/symflower/model/ast.(*Scope).Scoped(0xc000380360, 0xc0013d5160)
			gitlab.nethead.at/symflower/symflower/model/ast/scope.go:297 +0x162
		gitlab.nethead.at/symflower/symflower/language/java/symbol.(*transpiler).handleScopedBlockStatement(...)
			gitlab.nethead.at/symflower/symflower/language/java/symbol/handle.go:2693
		gitlab.nethead.at/symflower/symflower/language/java/symbol.(*transpiler).handleMethodDeclarationBody(0xc0003b7680, 0xc001252450, {0x2208170, 0xc00124a540}, 0xc00125a400, 0x0)
			gitlab.nethead.at/symflower/symflower/language/java/symbol/handle.go:2523 +0x61b
		gitlab.nethead.at/symflower/symflower/language/java/symbol.(*transpiler).handleClassAndInterfaceDeclarationBodies(0xc0003b7680, 0xc001252450, 0xc00124a540)
			gitlab.nethead.at/symflower/symflower/language/java/symbol/handle.go:1534 +0x2f7
		gitlab.nethead.at/symflower/symflower/language/java/symbol.(*transpiler).handleClassDeclarationBodies(0xc0003b7680, 0xc001252450, 0xc00124a540)
			gitlab.nethead.at/symflower/symflower/language/java/symbol/handle.go:1419 +0x106
		gitlab.nethead.at/symflower/symflower/language/java/symbol.(*transpiler).handleBodies.func1(0xc001252450, {0x2207578, 0xc00124a540})
			gitlab.nethead.at/symflower/symflower/language/java/symbol/symbols.go:532 +0x1ff
		gitlab.nethead.at/symflower/symflower/language/java/symbol.(*transpiler).walkSubDeclarations(0xc0003b7680, 0xc001252450, 0xc0013d5760, 0xc0011ccde0, 0xc00124cc80, {0x2207578, 0xc00124a540})
			gitlab.nethead.at/symflower/symflower/language/java/symbol/symbols.go:869 +0x1ee
		gitlab.nethead.at/symflower/symflower/language/java/symbol.(*transpiler).walkFile(0xc0003b7680, 0x1, 0x2088c58, 0xc0013d5760, 0xc0011ccde0, 0xc00124cc80)
			gitlab.nethead.at/symflower/symflower/language/java/symbol/symbols.go:625 +0x3c5
		gitlab.nethead.at/symflower/symflower/language/java/symbol.(*transpiler).walkPackage(0xc0003b7680, 0x1, 0x2088c58, 0xc0013d5760, 0xc0011ccde0)
			gitlab.nethead.at/symflower/symflower/language/java/symbol/symbols.go:583 +0x225
		gitlab.nethead.at/symflower/symflower/language/java/symbol.(*transpiler).walkFilesAndDeclarations(0xc0003b7680, 0x1, 0x2088c58, 0xc0013d5760)
			gitlab.nethead.at/symflower/symflower/language/java/symbol/symbols.go:566 +0xa5
		gitlab.nethead.at/symflower/symflower/language/java/symbol.(*transpiler).handleBodies(0xc0003b7680)
			gitlab.nethead.at/symflower/symflower/language/java/symbol/symbols.go:513 +0x65
		gitlab.nethead.at/symflower/symflower/language/java/symbol.symbolsWithDependencies(0xc000010750, {0x0?, 0x41aa94?, 0x42a965?}, 0x1)
			gitlab.nethead.at/symflower/symflower/language/java/symbol/symbols.go:486 +0x147
		gitlab.nethead.at/symflower/symflower/language/java/symbol.Symbols(0xc000010750, 0x1)
			gitlab.nethead.at/symflower/symflower/language/java/symbol/symbols.go:457 +0xf2
		gitlab.nethead.at/symflower/symflower/language/java.Adapter.Symbols(...)
			gitlab.nethead.at/symflower/symflower/language/java/symbols.go:29
		gitlab.nethead.at/symflower/symflower/cmd/symflower-local/generate.(*Generator).transpileLanguage(0xc00043d380, 0x0, 0x0, {0x220c620, 0x2e6b360})
			gitlab.nethead.at/symflower/symflower/cmd/symflower-local/generate/generate.go:136 +0x373
		gitlab.nethead.at/symflower/symflower/cmd/symflower-local/generate.(*Generator).Symbols(0xc00043d380, 0x0, 0x0)
			gitlab.nethead.at/symflower/symflower/cmd/symflower-local/generate/generate.go:94 +0x136
		gitlab.nethead.at/symflower/symflower/cmd/symflower-local/generate.(*AnalyzeEngineDefault).UnitTests(0x34?, 0x124bba0?, {0x21eb890?, 0xc00004cde0?}, {0xc0?, 0xc1?, 0x50?, 0x0?}, 0x34?, {0xc0000ff170, ...})
			gitlab.nethead.at/symflower/symflower/cmd/symflower-local/generate/analyze.go:153 +0x77
		gitlab.nethead.at/symflower/symflower/cmd/symflower-local/cmd.(*commandUnitTests).Execute(0xc0005103d8, {0xc000510008?, 0x7ab188083218?, 0xc0005103d8?})
			gitlab.nethead.at/symflower/symflower/cmd/symflower-local/cmd/unit-tests.go:85 +0x2a6
		gitlab.nethead.at/symflower/symflower/cmd.ExecuteNoExit({0x21de020, 0xc000510008}, {0xc00003e050?, 0x44?, 0x0?})
			gitlab.nethead.at/symflower/symflower/cmd/execute.go:59 +0x2ad
		gitlab.nethead.at/symflower/symflower/cmd.Execute({0x21de020?, 0xc000510008?}, {0xc00003e050?, 0xc000416000?, 0xc000507f10?})
			gitlab.nethead.at/symflower/symflower/cmd/execute.go:17 +0x26
		gitlab.nethead.at/symflower/symflower/cmd.ExecuteWithOSArguments(...)
			gitlab.nethead.at/symflower/symflower/cmd/execute.go:78
		main.main.func1()
			gitlab.nethead.at/symflower/symflower/cmd/symflower-demo/main.go:39 +0x34
		gitlab.nethead.at/symflower/symflower/cmd/symflower-local/cmd.(*Command).WithPanicReporter(0xc0000b2060?, 0x0?)
			gitlab.nethead.at/symflower/symflower/cmd/symflower-local/cmd/cmd.go:151 +0x33
		main.main()
			gitlab.nethead.at/symflower/symflower/cmd/symflower-demo/main.go:38 +0x7f
src/main/java/com/fasterxml/jackson/databind/introspect/POJOPropertyBuilder.java: error: error: unresolved type
	data: reference(T)
	child error: (error) Internal error: unknown type:
		"T"
		Stacktrace: goroutine 1 [running]:
		gitlab.nethead.at/symflower/symflower/model/errors.NewInternalError({0x21de060, 0x2d25a00}, {0x12473e0, 0xc002428130})
			gitlab.nethead.at/symflower/symflower/model/errors/error.go:852 +0x4e
		gitlab.nethead.at/symflower/symflower/model/errors.NewProblemWithErrorSeverity(...)
			gitlab.nethead.at/symflower/symflower/model/errors/problem.go:321
		gitlab.nethead.at/symflower/symflower/model/ast.(*Scope).GetType(0xc0067b1e20?, {0x2221c60, 0x1})
			gitlab.nethead.at/symflower/symflower/model/ast/scope.go:986 +0x85
		gitlab.nethead.at/symflower/symflower/model/ast.resolve(0xc000380360, {0x2205848?, 0xc000cca020}, 0xe0)
			gitlab.nethead.at/symflower/symflower/model/ast/type-resolve.go:362 +0x78
		gitlab.nethead.at/symflower/symflower/model/ast.ResolveWithPointers(...)
			gitlab.nethead.at/symflower/symflower/model/ast/type-resolve.go:326
		gitlab.nethead.at/symflower/symflower/model/ast.(*TypeGenericInstance).IsCompatibleType(0xc0016e1200, 0xc000380360, {0x2205728?, 0xc000aac580?})
			gitlab.nethead.at/symflower/symflower/model/ast/type.go:3369 +0x230
		gitlab.nethead.at/symflower/symflower/language/java/symbol.(*transpiler).checkFunctionApplicability(0xc0003b7680, 0xc00125b600, {0x0?, 0x0?}, {0x0?, 0xa9c0c5?, 0xc000c4a900?}, {0xc002428040, 0x1, 0x1})
			gitlab.nethead.at/symflower/symflower/language/java/symbol/overloading.go:406 +0x66b
		gitlab.nethead.at/symflower/symflower/language/java/symbol.(*transpiler).matchOverloadingFunction(0xc0003b7680, {0xc0016e4110, 0x1, 0x1}, {0x0, 0x0}, {0x0, 0x0, 0x0}, {0xc002428040, ...})
			gitlab.nethead.at/symflower/symflower/language/java/symbol/overloading.go:451 +0x217
		gitlab.nethead.at/symflower/symflower/language/java/symbol.(*transpiler).getFunction(0xc0003b7680, {0x0, 0x0}, {0xc000c4a900, 0xc}, {0x0, 0x0, 0x0}, {0xc002428040, 0x1, ...})
			gitlab.nethead.at/symflower/symflower/language/java/symbol/overloading.go:224 +0xd2
		gitlab.nethead.at/symflower/symflower/language/java/symbol.(*transpiler).handleMethodCallResolveOverloads(0xc0003b7680, {0xc000c4a900, 0xc}, {0x0?, 0x0?}, {0x0?, 0x1600034d000011?, 0xc0003b7680?}, {0xc002428040, 0x1, ...})
			gitlab.nethead.at/symflower/symflower/language/java/symbol/handle.go:5426 +0x87
		gitlab.nethead.at/symflower/symflower/language/java/symbol.(*transpiler).handleExpressionMethodCall(0xc0003b7680, 0xc001252450, 0xc000d7d2c0)
			gitlab.nethead.at/symflower/symflower/language/java/symbol/handle.go:5568 +0x68b
		gitlab.nethead.at/symflower/symflower/language/java/symbol.(*transpiler).handleExpression(0xc0003b7680, 0xc001252450, {0x21f7d38, 0xc000d7d2c0})
			gitlab.nethead.at/symflower/symflower/language/java/symbol/handle.go:6903 +0x785
		gitlab.nethead.at/symflower/symflower/language/java/symbol.(*transpiler).handleExpressionBinary(0xc0003b7680, 0xc001252450, 0xc000d859a0)
			gitlab.nethead.at/symflower/symflower/language/java/symbol/handle.go:4912 +0x78
		gitlab.nethead.at/symflower/symflower/language/java/symbol.(*transpiler).handleExpression(0xc0003b7680, 0xc001252450, {0x21f7a20, 0xc000d859a0})
			gitlab.nethead.at/symflower/symflower/language/java/symbol/handle.go:6879 +0x6ae
		gitlab.nethead.at/symflower/symflower/language/java/symbol.(*transpiler).handleExpressionBinary(0xc0003b7680, 0xc001252450, 0xc000d85a40)
			gitlab.nethead.at/symflower/symflower/language/java/symbol/handle.go:4907 +0x3a
		gitlab.nethead.at/symflower/symflower/language/java/symbol.(*transpiler).handleExpression(0xc0003b7680, 0xc001252450, {0x21f7a20, 0xc000d85a40})
			gitlab.nethead.at/symflower/symflower/language/java/symbol/handle.go:6879 +0x6ae
		gitlab.nethead.at/symflower/symflower/language/java/symbol.(*transpiler).handleExpressionBinary(0xc0003b7680, 0xc001252450, 0xc000d85ae0)
			gitlab.nethead.at/symflower/symflower/language/java/symbol/handle.go:4907 +0x3a
		gitlab.nethead.at/symflower/symflower/language/java/symbol.(*transpiler).handleExpression(0xc0003b7680, 0xc001252450, {0x21f7a20, 0xc000d85ae0})
			gitlab.nethead.at/symflower/symflower/language/java/symbol/handle.go:6879 +0x6ae
		gitlab.nethead.at/symflower/symflower/language/java/symbol.(*transpiler).handleStatementReturn(0xc0003b7680, 0xc001252450, 0xc000d8dc80)
			gitlab.nethead.at/symflower/symflower/language/java/symbol/handle.go:4352 +0x7c
		gitlab.nethead.at/symflower/symflower/language/java/symbol.(*transpiler).handleStatement(0xc0003b7680, 0xc001252450, {0x21f74a0, 0xc000d8dc80})
			gitlab.nethead.at/symflower/symflower/language/java/symbol/handle.go:4423 +0x745
		gitlab.nethead.at/symflower/symflower/language/java/symbol.(*transpiler).handleStatements(0xc0003b7680, 0xc001252450, {0xc000a7f470, 0x1, 0xc000403808?})
			gitlab.nethead.at/symflower/symflower/language/java/symbol/handle.go:3731 +0x85
		gitlab.nethead.at/symflower/symflower/language/java/symbol.(*transpiler).handleBlock.func1()
			gitlab.nethead.at/symflower/symflower/language/java/symbol/handle.go:3712 +0x45
		gitlab.nethead.at/symflower/symflower/model/ast.(*Scope).Scoped(0xc000380360, 0xc0067b2d50)
			gitlab.nethead.at/symflower/symflower/model/ast/scope.go:297 +0x162
		gitlab.nethead.at/symflower/symflower/language/java/symbol.(*transpiler).handleBlock(0xc0003b7680, 0xc001252450, 0xc000d80cf0)
			gitlab.nethead.at/symflower/symflower/language/java/symbol/handle.go:3711 +0x9e
		gitlab.nethead.at/symflower/symflower/language/java/symbol.(*transpiler).handleMethodDeclarationBody.(*transpiler).handleScopedBlockStatement.func2()
			gitlab.nethead.at/symflower/symflower/language/java/symbol/handle.go:2716 +0x205
		gitlab.nethead.at/symflower/symflower/model/ast.(*Scope).Scoped(0xc000380360, 0xc0067b3160)
			gitlab.nethead.at/symflower/symflower/model/ast/scope.go:297 +0x162
		gitlab.nethead.at/symflower/symflower/language/java/symbol.(*transpiler).handleScopedBlockStatement(...)
			gitlab.nethead.at/symflower/symflower/language/java/symbol/handle.go:2693
		gitlab.nethead.at/symflower/symflower/language/java/symbol.(*transpiler).handleMethodDeclarationBody(0xc0003b7680, 0xc001252450, {0x2208170, 0xc00124a540}, 0xc00125b500, 0x0)
			gitlab.nethead.at/symflower/symflower/language/java/symbol/handle.go:2523 +0x61b
		gitlab.nethead.at/symflower/symflower/language/java/symbol.(*transpiler).handleClassAndInterfaceDeclarationBodies(0xc0003b7680, 0xc001252450, 0xc00124a540)
			gitlab.nethead.at/symflower/symflower/language/java/symbol/handle.go:1534 +0x2f7
		gitlab.nethead.at/symflower/symflower/language/java/symbol.(*transpiler).handleClassDeclarationBodies(0xc0003b7680, 0xc001252450, 0xc00124a540)
			gitlab.nethead.at/symflower/symflower/language/java/symbol/handle.go:1419 +0x106
		gitlab.nethead.at/symflower/symflower/language/java/symbol.(*transpiler).handleBodies.func1(0xc001252450, {0x2207578, 0xc00124a540})
			gitlab.nethead.at/symflower/symflower/language/java/symbol/symbols.go:532 +0x1ff
		gitlab.nethead.at/symflower/symflower/language/java/symbol.(*transpiler).walkSubDeclarations(0xc0003b7680, 0xc001252450, 0xc0067b3760, 0xc0011ccde0, 0xc00124cc80, {0x2207578, 0xc00124a540})
			gitlab.nethead.at/symflower/symflower/language/java/symbol/symbols.go:869 +0x1ee
		gitlab.nethead.at/symflower/symflower/language/java/symbol.(*transpiler).walkFile(0xc0003b7680, 0x1, 0x2088c58, 0xc0067b3760, 0xc0011ccde0, 0xc00124cc80)
			gitlab.nethead.at/symflower/symflower/language/java/symbol/symbols.go:625 +0x3c5
		gitlab.nethead.at/symflower/symflower/language/java/symbol.(*transpiler).walkPackage(0xc0003b7680, 0x1, 0x2088c58, 0xc0067b3760, 0xc0011ccde0)
			gitlab.nethead.at/symflower/symflower/language/java/symbol/symbols.go:583 +0x225
		gitlab.nethead.at/symflower/symflower/language/java/symbol.(*transpiler).walkFilesAndDeclarations(0xc0003b7680, 0x1, 0x2088c58, 0xc0067b3760)
			gitlab.nethead.at/symflower/symflower/language/java/symbol/symbols.go:566 +0xa5
		gitlab.nethead.at/symflower/symflower/language/java/symbol.(*transpiler).handleBodies(0xc0003b7680)
			gitlab.nethead.at/symflower/symflower/language/java/symbol/symbols.go:513 +0x65
		gitlab.nethead.at/symflower/symflower/language/java/symbol.symbolsWithDependencies(0xc000010750, {0x0?, 0x41aa94?, 0x42a965?}, 0x1)
			gitlab.nethead.at/symflower/symflower/language/java/symbol/symbols.go:486 +0x147
		gitlab.nethead.at/symflower/symflower/language/java/symbol.Symbols(0xc000010750, 0x1)
			gitlab.nethead.at/symflower/symflower/language/java/symbol/symbols.go:457 +0xf2
		gitlab.nethead.at/symflower/symflower/language/java.Adapter.Symbols(...)
			gitlab.nethead.at/symflower/symflower/language/java/symbols.go:29
		gitlab.nethead.at/symflower/symflower/cmd/symflower-local/generate.(*Generator).transpileLanguage(0xc00043d380, 0x0, 0x0, {0x220c620, 0x2e6b360})
			gitlab.nethead.at/symflower/symflower/cmd/symflower-local/generate/generate.go:136 +0x373
		gitlab.nethead.at/symflower/symflower/cmd/symflower-local/generate.(*Generator).Symbols(0xc00043d380, 0x0, 0x0)
			gitlab.nethead.at/symflower/symflower/cmd/symflower-local/generate/generate.go:94 +0x136
		gitlab.nethead.at/symflower/symflower/cmd/symflower-local/generate.(*AnalyzeEngineDefault).UnitTests(0x34?, 0x124bba0?, {0x21eb890?, 0xc00004cde0?}, {0xc0?, 0xc1?, 0x50?, 0x0?}, 0x34?, {0xc0000ff170, ...})
			gitlab.nethead.at/symflower/symflower/cmd/symflower-local/generate/analyze.go:153 +0x77
		gitlab.nethead.at/symflower/symflower/cmd/symflower-local/cmd.(*commandUnitTests).Execute(0xc0005103d8, {0xc000510008?, 0x7ab188083218?, 0xc0005103d8?})
			gitlab.nethead.at/symflower/symflower/cmd/symflower-local/cmd/unit-tests.go:85 +0x2a6
		gitlab.nethead.at/symflower/symflower/cmd.ExecuteNoExit({0x21de020, 0xc000510008}, {0xc00003e050?, 0x44?, 0x0?})
			gitlab.nethead.at/symflower/symflower/cmd/execute.go:59 +0x2ad
		gitlab.nethead.at/symflower/symflower/cmd.Execute({0x21de020?, 0xc000510008?}, {0xc00003e050?, 0xc000416000?, 0xc000507f10?})
			gitlab.nethead.at/symflower/symflower/cmd/execute.go:17 +0x26
		gitlab.nethead.at/symflower/symflower/cmd.ExecuteWithOSArguments(...)
			gitlab.nethead.at/symflower/symflower/cmd/execute.go:78
		main.main.func1()
			gitlab.nethead.at/symflower/symflower/cmd/symflower-demo/main.go:39 +0x34
		gitlab.nethead.at/symflower/symflower/cmd/symflower-local/cmd.(*Command).WithPanicReporter(0xc0000b2060?, 0x0?)
			gitlab.nethead.at/symflower/symflower/cmd/symflower-local/cmd/cmd.go:151 +0x33
		main.main()
			gitlab.nethead.at/symflower/symflower/cmd/symflower-demo/main.go:38 +0x7f
src/main/java/com/fasterxml/jackson/databind/introspect/POJOPropertyBuilder.java: internal error: not all elements have the same type
	data: conditional(select(this, isVisible), [call(select(this, withNext!860e6d1d2e0bda453aa80ba28b753fd1), [nil]), newNext])
src/main/java/com/fasterxml/jackson/databind/introspect/POJOPropertyBuilder.java: error: unknown type
	data: PropertyMetadata
src/main/java/com/fasterxml/jackson/databind/introspect/POJOPropertyBuilder.java: error: unknown type
	data: Set
src/main/java/com/fasterxml/jackson/databind/introspect/POJOPropertyBuilder.java: error: error: unresolved type
	data: reference(T)
	child error: (error) Internal error: unknown type:
		"T"
		Stacktrace: goroutine 1 [running]:
		gitlab.nethead.at/symflower/symflower/model/errors.NewInternalError({0x21de060, 0x2d25a00}, {0x12473e0, 0xc005d2b180})
			gitlab.nethead.at/symflower/symflower/model/errors/error.go:852 +0x4e
		gitlab.nethead.at/symflower/symflower/model/errors.NewProblemWithErrorSeverity(...)
			gitlab.nethead.at/symflower/symflower/model/errors/problem.go:321
		gitlab.nethead.at/symflower/symflower/model/ast.(*Scope).GetType(0xc0067b18d0?, {0x2221c60, 0x1})
			gitlab.nethead.at/symflower/symflower/model/ast/scope.go:986 +0x85
		gitlab.nethead.at/symflower/symflower/model/ast.resolve(0xc000380360, {0x2205848?, 0xc000c42f60}, 0xe0)
			gitlab.nethead.at/symflower/symflower/model/ast/type-resolve.go:362 +0x78
		gitlab.nethead.at/symflower/symflower/model/ast.ResolveWithPointers(...)
			gitlab.nethead.at/symflower/symflower/model/ast/type-resolve.go:326
		gitlab.nethead.at/symflower/symflower/model/ast.(*TypeGenericInstance).IsCompatibleType(0xc0016e0b00, 0xc000380360, {0x2205728?, 0xc000aac480?})
			gitlab.nethead.at/symflower/symflower/model/ast/type.go:3369 +0x230
		gitlab.nethead.at/symflower/symflower/language/java/symbol.(*transpiler).checkFunctionApplicability(0xc0003b7680, 0xc00125ad00, {0x0?, 0x0?}, {0x0?, 0x43f908?, 0xc000b0b440?}, {0xc000f3a520, 0x2, 0x2})
			gitlab.nethead.at/symflower/symflower/language/java/symbol/overloading.go:406 +0x66b
		gitlab.nethead.at/symflower/symflower/language/java/symbol.(*transpiler).matchOverloadingFunction(0xc0003b7680, {0xc0016e40c8, 0x1, 0x1}, {0x0, 0x0}, {0x0, 0x0, 0x0}, {0xc000f3a520, ...})
			gitlab.nethead.at/symflower/symflower/language/java/symbol/overloading.go:451 +0x217
		gitlab.nethead.at/symflower/symflower/language/java/symbol.(*transpiler).getFunction(0xc0003b7680, {0x0, 0x0}, {0xc000b0b440, 0x11}, {0x0, 0x0, 0x0}, {0xc000f3a520, 0x2, ...})
			gitlab.nethead.at/symflower/symflower/language/java/symbol/overloading.go:224 +0xd2
		gitlab.nethead.at/symflower/symflower/language/java/symbol.(*transpiler).handleMethodCallResolveOverloads(0xc0003b7680, {0xc000b0b440, 0x11}, {0x0?, 0x0?}, {0x0?, 0x3d?, 0x0?}, {0xc000f3a520, 0x2, ...})
			gitlab.nethead.at/symflower/symflower/language/java/symbol/handle.go:5426 +0x87
		gitlab.nethead.at/symflower/symflower/language/java/symbol.(*transpiler).handleExpressionMethodCall(0xc0003b7680, 0xc001252450, 0xc000d57c80)
			gitlab.nethead.at/symflower/symflower/language/java/symbol/handle.go:5568 +0x68b
		gitlab.nethead.at/symflower/symflower/language/java/symbol.(*transpiler).handleExpression(0xc0003b7680, 0xc001252450, {0x21f7d38, 0xc000d57c80})
			gitlab.nethead.at/symflower/symflower/language/java/symbol/handle.go:6903 +0x785
		gitlab.nethead.at/symflower/symflower/language/java/symbol.(*transpiler).handleStatementExpressionAssign(0xc0003b7680, 0xc001252450, 0xc000d6f180)
			gitlab.nethead.at/symflower/symflower/language/java/symbol/handle.go:3771 +0xe5
		gitlab.nethead.at/symflower/symflower/language/java/symbol.(*transpiler).handleStatementExpression(0xc0067b22f8?, 0x41aa94?, {0x21f79c8?, 0xc000d6f180?})
			gitlab.nethead.at/symflower/symflower/language/java/symbol/handle.go:3932 +0x53
		gitlab.nethead.at/symflower/symflower/language/java/symbol.(*transpiler).handleStatement(0xc0003b7680, 0xc001252450, {0x21f7238, 0xc000d78580})
			gitlab.nethead.at/symflower/symflower/language/java/symbol/handle.go:4415 +0x8aa
		gitlab.nethead.at/symflower/symflower/language/java/symbol.(*transpiler).handleStatements(0xc0003b7680, 0xc001252450, {0xc000d02520, 0x2, 0x41aa01?})
			gitlab.nethead.at/symflower/symflower/language/java/symbol/handle.go:3731 +0x85
		gitlab.nethead.at/symflower/symflower/language/java/symbol.(*transpiler).handleBlock.func1()
			gitlab.nethead.at/symflower/symflower/language/java/symbol/handle.go:3712 +0x45
		gitlab.nethead.at/symflower/symflower/model/ast.(*Scope).Scoped(0xc000380360, 0xc0067b24d0)
			gitlab.nethead.at/symflower/symflower/model/ast/scope.go:297 +0x162
		gitlab.nethead.at/symflower/symflower/language/java/symbol.(*transpiler).handleBlock(0xc0003b7680, 0xc001252450, 0xc000d53830)
			gitlab.nethead.at/symflower/symflower/language/java/symbol/handle.go:3711 +0x9e
		gitlab.nethead.at/symflower/symflower/language/java/symbol.(*transpiler).handleStatement(0xc0003b7680, 0xc001252450, {0x21f7028, 0xc000d53830})
			gitlab.nethead.at/symflower/symflower/language/java/symbol/handle.go:4403 +0x4b6
		gitlab.nethead.at/symflower/symflower/language/java/symbol.(*transpiler).handleStatementIf(0xc0003b7680, 0xc001252450, 0xc000d6f220)
			gitlab.nethead.at/symflower/symflower/language/java/symbol/handle.go:4303 +0x65
		gitlab.nethead.at/symflower/symflower/language/java/symbol.(*transpiler).handleStatement(0xc0003b7680, 0xc001252450, {0x21f7340, 0xc000d6f220})
			gitlab.nethead.at/symflower/symflower/language/java/symbol/handle.go:4421 +0x645
		gitlab.nethead.at/symflower/symflower/language/java/symbol.(*transpiler).handleStatementIf(0xc0003b7680, 0xc001252450, 0xc000d6f4a0)
			gitlab.nethead.at/symflower/symflower/language/java/symbol/handle.go:4316 +0x125
		gitlab.nethead.at/symflower/symflower/language/java/symbol.(*transpiler).handleStatement(0xc0003b7680, 0xc001252450, {0x21f7340, 0xc000d6f4a0})
			gitlab.nethead.at/symflower/symflower/language/java/symbol/handle.go:4421 +0x645
		gitlab.nethead.at/symflower/symflower/language/java/symbol.(*transpiler).handleStatements(0xc0003b7680, 0xc001252450, {0xc000a7f190, 0x1, 0x82d328?})
			gitlab.nethead.at/symflower/symflower/language/java/symbol/handle.go:3731 +0x85
		gitlab.nethead.at/symflower/symflower/language/java/symbol.(*transpiler).handleBlock.func1()
			gitlab.nethead.at/symflower/symflower/language/java/symbol/handle.go:3712 +0x45
		gitlab.nethead.at/symflower/symflower/model/ast.(*Scope).Scoped(0xc000380360, 0xc0067b29a8)
			gitlab.nethead.at/symflower/symflower/model/ast/scope.go:297 +0x162
		gitlab.nethead.at/symflower/symflower/language/java/symbol.(*transpiler).handleBlock(0xc0003b7680, 0xc001252450, 0xc000d53950)
			gitlab.nethead.at/symflower/symflower/language/java/symbol/handle.go:3711 +0x9e
		gitlab.nethead.at/symflower/symflower/language/java/symbol.(*transpiler).handleStatement(0xc0003b7680, 0xc001252450, {0x21f7028, 0xc000d53950})
			gitlab.nethead.at/symflower/symflower/language/java/symbol/handle.go:4403 +0x4b6
		gitlab.nethead.at/symflower/symflower/language/java/symbol.(*transpiler).handleStatementIf(0xc0003b7680, 0xc001252450, 0xc000d6f540)
			gitlab.nethead.at/symflower/symflower/language/java/symbol/handle.go:4303 +0x65
		gitlab.nethead.at/symflower/symflower/language/java/symbol.(*transpiler).handleStatement(0xc0003b7680, 0xc001252450, {0x21f7340, 0xc000d6f540})
			gitlab.nethead.at/symflower/symflower/language/java/symbol/handle.go:4421 +0x645
		gitlab.nethead.at/symflower/symflower/language/java/symbol.(*transpiler).handleStatements(0xc0003b7680, 0xc001252450, {0xc000a7f170, 0x1, 0xc000380360?})
			gitlab.nethead.at/symflower/symflower/language/java/symbol/handle.go:3731 +0x85
		gitlab.nethead.at/symflower/symflower/language/java/symbol.(*transpiler).handleBlock.func1()
			gitlab.nethead.at/symflower/symflower/language/java/symbol/handle.go:3712 +0x45
		gitlab.nethead.at/symflower/symflower/model/ast.(*Scope).Scoped(0xc000380360, 0xc0067b2d50)
			gitlab.nethead.at/symflower/symflower/model/ast/scope.go:297 +0x162
		gitlab.nethead.at/symflower/symflower/language/java/symbol.(*transpiler).handleBlock(0xc0003b7680, 0xc001252450, 0xc000d539e0)
			gitlab.nethead.at/symflower/symflower/language/java/symbol/handle.go:3711 +0x9e
		gitlab.nethead.at/symflower/symflower/language/java/symbol.(*transpiler).handleMethodDeclarationBody.(*transpiler).handleScopedBlockStatement.func2()
			gitlab.nethead.at/symflower/symflower/language/java/symbol/handle.go:2716 +0x205
		gitlab.nethead.at/symflower/symflower/model/ast.(*Scope).Scoped(0xc000380360, 0xc0067b3160)
			gitlab.nethead.at/symflower/symflower/model/ast/scope.go:297 +0x162
		gitlab.nethead.at/symflower/symflower/language/java/symbol.(*transpiler).handleScopedBlockStatement(...)
			gitlab.nethead.at/symflower/symflower/language/java/symbol/handle.go:2693
		gitlab.nethead.at/symflower/symflower/language/java/symbol.(*transpiler).handleMethodDeclarationBody(0xc0003b7680, 0xc001252450, {0x2208170, 0xc00124a540}, 0xc00125aa00, 0x0)
			gitlab.nethead.at/symflower/symflower/language/java/symbol/handle.go:2523 +0x61b
		gitlab.nethead.at/symflower/symflower/language/java/symbol.(*transpiler).handleClassAndInterfaceDeclarationBodies(0xc0003b7680, 0xc001252450, 0xc00124a540)
			gitlab.nethead.at/symflower/symflower/language/java/symbol/handle.go:1534 +0x2f7
		gitlab.nethead.at/symflower/symflower/language/java/symbol.(*transpiler).handleClassDeclarationBodies(0xc0003b7680, 0xc001252450, 0xc00124a540)
			gitlab.nethead.at/symflower/symflower/language/java/symbol/handle.go:1419 +0x106
		gitlab.nethead.at/symflower/symflower/language/java/symbol.(*transpiler).handleBodies.func1(0xc001252450, {0x2207578, 0xc00124a540})
			gitlab.nethead.at/symflower/symflower/language/java/symbol/symbols.go:532 +0x1ff
		gitlab.nethead.at/symflower/symflower/language/java/symbol.(*transpiler).walkSubDeclarations(0xc0003b7680, 0xc001252450, 0xc0067b3760, 0xc0011ccde0, 0xc00124cc80, {0x2207578, 0xc00124a540})
			gitlab.nethead.at/symflower/symflower/language/java/symbol/symbols.go:869 +0x1ee
		gitlab.nethead.at/symflower/symflower/language/java/symbol.(*transpiler).walkFile(0xc0003b7680, 0x1, 0x2088c58, 0xc0067b3760, 0xc0011ccde0, 0xc00124cc80)
			gitlab.nethead.at/symflower/symflower/language/java/symbol/symbols.go:625 +0x3c5
		gitlab.nethead.at/symflower/symflower/language/java/symbol.(*transpiler).walkPackage(0xc0003b7680, 0x1, 0x2088c58, 0xc0067b3760, 0xc0011ccde0)
			gitlab.nethead.at/symflower/symflower/language/java/symbol/symbols.go:583 +0x225
		gitlab.nethead.at/symflower/symflower/language/java/symbol.(*transpiler).walkFilesAndDeclarations(0xc0003b7680, 0x1, 0x2088c58, 0xc0067b3760)
			gitlab.nethead.at/symflower/symflower/language/java/symbol/symbols.go:566 +0xa5
		gitlab.nethead.at/symflower/symflower/language/java/symbol.(*transpiler).handleBodies(0xc0003b7680)
			gitlab.nethead.at/symflower/symflower/language/java/symbol/symbols.go:513 +0x65
		gitlab.nethead.at/symflower/symflower/language/java/symbol.symbolsWithDependencies(0xc000010750, {0x0?, 0x41aa94?, 0x42a965?}, 0x1)
			gitlab.nethead.at/symflower/symflower/language/java/symbol/symbols.go:486 +0x147
		gitlab.nethead.at/symflower/symflower/language/java/symbol.Symbols(0xc000010750, 0x1)
			gitlab.nethead.at/symflower/symflower/language/java/symbol/symbols.go:457 +0xf2
		gitlab.nethead.at/symflower/symflower/language/java.Adapter.Symbols(...)
			gitlab.nethead.at/symflower/symflower/language/java/symbols.go:29
		gitlab.nethead.at/symflower/symflower/cmd/symflower-local/generate.(*Generator).transpileLanguage(0xc00043d380, 0x0, 0x0, {0x220c620, 0x2e6b360})
			gitlab.nethead.at/symflower/symflower/cmd/symflower-local/generate/generate.go:136 +0x373
		gitlab.nethead.at/symflower/symflower/cmd/symflower-local/generate.(*Generator).Symbols(0xc00043d380, 0x0, 0x0)
			gitlab.nethead.at/symflower/symflower/cmd/symflower-local/generate/generate.go:94 +0x136
		gitlab.nethead.at/symflower/symflower/cmd/symflower-local/generate.(*AnalyzeEngineDefault).UnitTests(0x34?, 0x124bba0?, {0x21eb890?, 0xc00004cde0?}, {0xc0?, 0xc1?, 0x50?, 0x0?}, 0x34?, {0xc0000ff170, ...})
			gitlab.nethead.at/symflower/symflower/cmd/symflower-local/generate/analyze.go:153 +0x77
		gitlab.nethead.at/symflower/symflower/cmd/symflower-local/cmd.(*commandUnitTests).Execute(0xc0005103d8, {0xc000510008?, 0x7ab188083218?, 0xc0005103d8?})
			gitlab.nethead.at/symflower/symflower/cmd/symflower-local/cmd/unit-tests.go:85 +0x2a6
		gitlab.nethead.at/symflower/symflower/cmd.ExecuteNoExit({0x21de020, 0xc000510008}, {0xc00003e050?, 0x44?, 0x0?})
			gitlab.nethead.at/symflower/symflower/cmd/execute.go:59 +0x2ad
		gitlab.nethead.at/symflower/symflower/cmd.Execute({0x21de020?, 0xc000510008?}, {0xc00003e050?, 0xc000416000?, 0xc000507f10?})
			gitlab.nethead.at/symflower/symflower/cmd/execute.go:17 +0x26
		gitlab.nethead.at/symflower/symflower/cmd.ExecuteWithOSArguments(...)
			gitlab.nethead.at/symflower/symflower/cmd/execute.go:78
		main.main.func1()
			gitlab.nethead.at/symflower/symflower/cmd/symflower-demo/main.go:39 +0x34
		gitlab.nethead.at/symflower/symflower/cmd/symflower-local/cmd.(*Command).WithPanicReporter(0xc0000b2060?, 0x0?)
			gitlab.nethead.at/symflower/symflower/cmd/symflower-local/cmd/cmd.go:151 +0x33
		main.main()
			gitlab.nethead.at/symflower/symflower/cmd/symflower-demo/main.go:38 +0x7f
src/main/java/com/fasterxml/jackson/databind/introspect/POJOPropertyBuilder.java: error: error: unresolved type
	data: reference(T)
	child error: (error) Internal error: unknown type:
		"T"
		Stacktrace: goroutine 1 [running]:
		gitlab.nethead.at/symflower/symflower/model/errors.NewInternalError({0x21de060, 0x2d25a00}, {0x12473e0, 0xc005d2b710})
			gitlab.nethead.at/symflower/symflower/model/errors/error.go:852 +0x4e
		gitlab.nethead.at/symflower/symflower/model/errors.NewProblemWithErrorSeverity(...)
			gitlab.nethead.at/symflower/symflower/model/errors/problem.go:321
		gitlab.nethead.at/symflower/symflower/model/ast.(*Scope).GetType(0xc0067b1a00?, {0x2221c60, 0x1})
			gitlab.nethead.at/symflower/symflower/model/ast/scope.go:986 +0x85
		gitlab.nethead.at/symflower/symflower/model/ast.resolve(0xc000380360, {0x2205848?, 0xc000c42f60}, 0xe0)
			gitlab.nethead.at/symflower/symflower/model/ast/type-resolve.go:362 +0x78
		gitlab.nethead.at/symflower/symflower/model/ast.ResolveWithPointers(...)
			gitlab.nethead.at/symflower/symflower/model/ast/type-resolve.go:326
		gitlab.nethead.at/symflower/symflower/model/ast.(*TypeGenericInstance).IsCompatibleType(0xc0016e0b00, 0xc000380360, {0x2205728?, 0xc000aac500?})
			gitlab.nethead.at/symflower/symflower/model/ast/type.go:3369 +0x230
		gitlab.nethead.at/symflower/symflower/language/java/symbol.(*transpiler).checkFunctionApplicability(0xc0003b7680, 0xc00125ad00, {0x0?, 0x0?}, {0x0?, 0x43f908?, 0xc000b0b6b0?}, {0xc005760c80, 0x2, 0x2})
			gitlab.nethead.at/symflower/symflower/language/java/symbol/overloading.go:406 +0x66b
		gitlab.nethead.at/symflower/symflower/language/java/symbol.(*transpiler).matchOverloadingFunction(0xc0003b7680, {0xc0016e40c8, 0x1, 0x1}, {0x0, 0x0}, {0x0, 0x0, 0x0}, {0xc005760c80, ...})
			gitlab.nethead.at/symflower/symflower/language/java/symbol/overloading.go:451 +0x217
		gitlab.nethead.at/symflower/symflower/language/java/symbol.(*transpiler).getFunction(0xc0003b7680, {0x0, 0x0}, {0xc000b0b6b0, 0x11}, {0x0, 0x0, 0x0}, {0xc005760c80, 0x2, ...})
			gitlab.nethead.at/symflower/symflower/language/java/symbol/overloading.go:224 +0xd2
		gitlab.nethead.at/symflower/symflower/language/java/symbol.(*transpiler).handleMethodCallResolveOverloads(0xc0003b7680, {0xc000b0b6b0, 0x11}, {0x0?, 0x0?}, {0x0?, 0x3d?, 0x0?}, {0xc005760c80, 0x2, ...})
			gitlab.nethead.at/symflower/symflower/language/java/symbol/handle.go:5426 +0x87
		gitlab.nethead.at/symflower/symflower/language/java/symbol.(*transpiler).handleExpressionMethodCall(0xc0003b7680, 0xc001252450, 0xc000d57a40)
			gitlab.nethead.at/symflower/symflower/language/java/symbol/handle.go:5568 +0x68b
		gitlab.nethead.at/symflower/symflower/language/java/symbol.(*transpiler).handleExpression(0xc0003b7680, 0xc001252450, {0x21f7d38, 0xc000d57a40})
			gitlab.nethead.at/symflower/symflower/language/java/symbol/handle.go:6903 +0x785
		gitlab.nethead.at/symflower/symflower/language/java/symbol.(*transpiler).handleStatementExpressionAssign(0xc0003b7680, 0xc001252450, 0xc000d6ef00)
			gitlab.nethead.at/symflower/symflower/language/java/symbol/handle.go:3771 +0xe5
		gitlab.nethead.at/symflower/symflower/language/java/symbol.(*transpiler).handleStatementExpression(0xc0067b2428?, 0x41aa94?, {0x21f79c8?, 0xc000d6ef00?})
			gitlab.nethead.at/symflower/symflower/language/java/symbol/handle.go:3932 +0x53
		gitlab.nethead.at/symflower/symflower/language/java/symbol.(*transpiler).handleStatement(0xc0003b7680, 0xc001252450, {0x21f7238, 0xc000d75880})
			gitlab.nethead.at/symflower/symflower/language/java/symbol/handle.go:4415 +0x8aa
		gitlab.nethead.at/symflower/symflower/language/java/symbol.(*transpiler).handleStatements(0xc0003b7680, 0xc001252450, {0xc000d024e0, 0x2, 0x41ab01?})
			gitlab.nethead.at/symflower/symflower/language/java/symbol/handle.go:3731 +0x85
		gitlab.nethead.at/symflower/symflower/language/java/symbol.(*transpiler).handleBlock.func1()
			gitlab.nethead.at/symflower/symflower/language/java/symbol/handle.go:3712 +0x45
		gitlab.nethead.at/symflower/symflower/model/ast.(*Scope).Scoped(0xc000380360, 0xc0067b2600)
			gitlab.nethead.at/symflower/symflower/model/ast/scope.go:297 +0x162
		gitlab.nethead.at/symflower/symflower/language/java/symbol.(*transpiler).handleBlock(0xc0003b7680, 0xc001252450, 0xc000d53710)
			gitlab.nethead.at/symflower/symflower/language/java/symbol/handle.go:3711 +0x9e
		gitlab.nethead.at/symflower/symflower/language/java/symbol.(*transpiler).handleStatement(0xc0003b7680, 0xc001252450, {0x21f7028, 0xc000d53710})
			gitlab.nethead.at/symflower/symflower/language/java/symbol/handle.go:4403 +0x4b6
		gitlab.nethead.at/symflower/symflower/language/java/symbol.(*transpiler).handleStatementIf(0xc0003b7680, 0xc001252450, 0xc000d6efa0)
			gitlab.nethead.at/symflower/symflower/language/java/symbol/handle.go:4303 +0x65
		gitlab.nethead.at/symflower/symflower/language/java/symbol.(*transpiler).handleStatement(0xc0003b7680, 0xc001252450, {0x21f7340, 0xc000d6efa0})
			gitlab.nethead.at/symflower/symflower/language/java/symbol/handle.go:4421 +0x645
		gitlab.nethead.at/symflower/symflower/language/java/symbol.(*transpiler).handleStatements(0xc0003b7680, 0xc001252450, {0xc000a7f180, 0x1, 0x1?})
			gitlab.nethead.at/symflower/symflower/language/java/symbol/handle.go:3731 +0x85
		gitlab.nethead.at/symflower/symflower/language/java/symbol.(*transpiler).handleBlock.func1()
			gitlab.nethead.at/symflower/symflower/language/java/symbol/handle.go:3712 +0x45
		gitlab.nethead.at/symflower/symflower/model/ast.(*Scope).Scoped(0xc000380360, 0xc0067b29a8)
			gitlab.nethead.at/symflower/symflower/model/ast/scope.go:297 +0x162
		gitlab.nethead.at/symflower/symflower/language/java/symbol.(*transpiler).handleBlock(0xc0003b7680, 0xc001252450, 0xc000d537a0)
			gitlab.nethead.at/symflower/symflower/language/java/symbol/handle.go:3711 +0x9e
		gitlab.nethead.at/symflower/symflower/language/java/symbol.(*transpiler).handleStatement(0xc0003b7680, 0xc001252450, {0x21f7028, 0xc000d537a0})
			gitlab.nethead.at/symflower/symflower/language/java/symbol/handle.go:4403 +0x4b6
		gitlab.nethead.at/symflower/symflower/language/java/symbol.(*transpiler).handleStatementIf(0xc0003b7680, 0xc001252450, 0xc000d6f540)
			gitlab.nethead.at/symflower/symflower/language/java/symbol/handle.go:4316 +0x125
		gitlab.nethead.at/symflower/symflower/language/java/symbol.(*transpiler).handleStatement(0xc0003b7680, 0xc001252450, {0x21f7340, 0xc000d6f540})
			gitlab.nethead.at/symflower/symflower/language/java/symbol/handle.go:4421 +0x645
		gitlab.nethead.at/symflower/symflower/language/java/symbol.(*transpiler).handleStatements(0xc0003b7680, 0xc001252450, {0xc000a7f170, 0x1, 0xc000380360?})
			gitlab.nethead.at/symflower/symflower/language/java/symbol/handle.go:3731 +0x85
		gitlab.nethead.at/symflower/symflower/language/java/symbol.(*transpiler).handleBlock.func1()
			gitlab.nethead.at/symflower/symflower/language/java/symbol/handle.go:3712 +0x45
		gitlab.nethead.at/symflower/symflower/model/ast.(*Scope).Scoped(0xc000380360, 0xc0067b2d50)
			gitlab.nethead.at/symflower/symflower/model/ast/scope.go:297 +0x162
		gitlab.nethead.at/symflower/symflower/language/java/symbol.(*transpiler).handleBlock(0xc0003b7680, 0xc001252450, 0xc000d539e0)
			gitlab.nethead.at/symflower/symflower/language/java/symbol/handle.go:3711 +0x9e
		gitlab.nethead.at/symflower/symflower/language/java/symbol.(*transpiler).handleMethodDeclarationBody.(*transpiler).handleScopedBlockStatement.func2()
			gitlab.nethead.at/symflower/symflower/language/java/symbol/handle.go:2716 +0x205
		gitlab.nethead.at/symflower/symflower/model/ast.(*Scope).Scoped(0xc000380360, 0xc0067b3160)
			gitlab.nethead.at/symflower/symflower/model/ast/scope.go:297 +0x162
		gitlab.nethead.at/symflower/symflower/language/java/symbol.(*transpiler).handleScopedBlockStatement(...)
			gitlab.nethead.at/symflower/symflower/language/java/symbol/handle.go:2693
		gitlab.nethead.at/symflower/symflower/language/java/symbol.(*transpiler).handleMethodDeclarationBody(0xc0003b7680, 0xc001252450, {0x2208170, 0xc00124a540}, 0xc00125aa00, 0x0)
			gitlab.nethead.at/symflower/symflower/language/java/symbol/handle.go:2523 +0x61b
		gitlab.nethead.at/symflower/symflower/language/java/symbol.(*transpiler).handleClassAndInterfaceDeclarationBodies(0xc0003b7680, 0xc001252450, 0xc00124a540)
			gitlab.nethead.at/symflower/symflower/language/java/symbol/handle.go:1534 +0x2f7
		gitlab.nethead.at/symflower/symflower/language/java/symbol.(*transpiler).handleClassDeclarationBodies(0xc0003b7680, 0xc001252450, 0xc00124a540)
			gitlab.nethead.at/symflower/symflower/language/java/symbol/handle.go:1419 +0x106
		gitlab.nethead.at/symflower/symflower/language/java/symbol.(*transpiler).handleBodies.func1(0xc001252450, {0x2207578, 0xc00124a540})
			gitlab.nethead.at/symflower/symflower/language/java/symbol/symbols.go:532 +0x1ff
		gitlab.nethead.at/symflower/symflower/language/java/symbol.(*transpiler).walkSubDeclarations(0xc0003b7680, 0xc001252450, 0xc0067b3760, 0xc0011ccde0, 0xc00124cc80, {0x2207578, 0xc00124a540})
			gitlab.nethead.at/symflower/symflower/language/java/symbol/symbols.go:869 +0x1ee
		gitlab.nethead.at/symflower/symflower/language/java/symbol.(*transpiler).walkFile(0xc0003b7680, 0x1, 0x2088c58, 0xc0067b3760, 0xc0011ccde0, 0xc00124cc80)
			gitlab.nethead.at/symflower/symflower/language/java/symbol/symbols.go:625 +0x3c5
		gitlab.nethead.at/symflower/symflower/language/java/symbol.(*transpiler).walkPackage(0xc0003b7680, 0x1, 0x2088c58, 0xc0067b3760, 0xc0011ccde0)
			gitlab.nethead.at/symflower/symflower/language/java/symbol/symbols.go:583 +0x225
		gitlab.nethead.at/symflower/symflower/language/java/symbol.(*transpiler).walkFilesAndDeclarations(0xc0003b7680, 0x1, 0x2088c58, 0xc0067b3760)
			gitlab.nethead.at/symflower/symflower/language/java/symbol/symbols.go:566 +0xa5
		gitlab.nethead.at/symflower/symflower/language/java/symbol.(*transpiler).handleBodies(0xc0003b7680)
			gitlab.nethead.at/symflower/symflower/language/java/symbol/symbols.go:513 +0x65
		gitlab.nethead.at/symflower/symflower/language/java/symbol.symbolsWithDependencies(0xc000010750, {0x0?, 0x41aa94?, 0x42a965?}, 0x1)
			gitlab.nethead.at/symflower/symflower/language/java/symbol/symbols.go:486 +0x147
		gitlab.nethead.at/symflower/symflower/language/java/symbol.Symbols(0xc000010750, 0x1)
			gitlab.nethead.at/symflower/symflower/language/java/symbol/symbols.go:457 +0xf2
		gitlab.nethead.at/symflower/symflower/language/java.Adapter.Symbols(...)
			gitlab.nethead.at/symflower/symflower/language/java/symbols.go:29
		gitlab.nethead.at/symflower/symflower/cmd/symflower-local/generate.(*Generator).transpileLanguage(0xc00043d380, 0x0, 0x0, {0x220c620, 0x2e6b360})
			gitlab.nethead.at/symflower/symflower/cmd/symflower-local/generate/generate.go:136 +0x373
		gitlab.nethead.at/symflower/symflower/cmd/symflower-local/generate.(*Generator).Symbols(0xc00043d380, 0x0, 0x0)
			gitlab.nethead.at/symflower/symflower/cmd/symflower-local/generate/generate.go:94 +0x136
		gitlab.nethead.at/symflower/symflower/cmd/symflower-local/generate.(*AnalyzeEngineDefault).UnitTests(0x34?, 0x124bba0?, {0x21eb890?, 0xc00004cde0?}, {0xc0?, 0xc1?, 0x50?, 0x0?}, 0x34?, {0xc0000ff170, ...})
			gitlab.nethead.at/symflower/symflower/cmd/symflower-local/generate/analyze.go:153 +0x77
		gitlab.nethead.at/symflower/symflower/cmd/symflower-local/cmd.(*commandUnitTests).Execute(0xc0005103d8, {0xc000510008?, 0x7ab188083218?, 0xc0005103d8?})
			gitlab.nethead.at/symflower/symflower/cmd/symflower-local/cmd/unit-tests.go:85 +0x2a6
		gitlab.nethead.at/symflower/symflower/cmd.ExecuteNoExit({0x21de020, 0xc000510008}, {0xc00003e050?, 0x44?, 0x0?})
			gitlab.nethead.at/symflower/symflower/cmd/execute.go:59 +0x2ad
		gitlab.nethead.at/symflower/symflower/cmd.Execute({0x21de020?, 0xc000510008?}, {0xc00003e050?, 0xc000416000?, 0xc000507f10?})
			gitlab.nethead.at/symflower/symflower/cmd/execute.go:17 +0x26
		gitlab.nethead.at/symflower/symflower/cmd.ExecuteWithOSArguments(...)
			gitlab.nethead.at/symflower/symflower/cmd/execute.go:78
		main.main.func1()
			gitlab.nethead.at/symflower/symflower/cmd/symflower-demo/main.go:39 +0x34
		gitlab.nethead.at/symflower/symflower/cmd/symflower-local/cmd.(*Command).WithPanicReporter(0xc0000b2060?, 0x0?)
			gitlab.nethead.at/symflower/symflower/cmd/symflower-local/cmd/cmd.go:151 +0x33
		main.main()
			gitlab.nethead.at/symflower/symflower/cmd/symflower-demo/main.go:38 +0x7f
src/main/java/com/fasterxml/jackson/databind/introspect/POJOPropertyBuilder.java: error: error: unresolved type
	data: reference(T)
	child error: (error) Internal error: unknown type:
		"T"
		Stacktrace: goroutine 1 [running]:
		gitlab.nethead.at/symflower/symflower/model/errors.NewInternalError({0x21de060, 0x2d25a00}, {0x12473e0, 0xc0059ac190})
			gitlab.nethead.at/symflower/symflower/model/errors/error.go:852 +0x4e
		gitlab.nethead.at/symflower/symflower/model/errors.NewProblemWithErrorSeverity(...)
			gitlab.nethead.at/symflower/symflower/model/errors/problem.go:321
		gitlab.nethead.at/symflower/symflower/model/ast.(*Scope).GetType(0xc0067b17a0?, {0x2221c60, 0x1})
			gitlab.nethead.at/symflower/symflower/model/ast/scope.go:986 +0x85
		gitlab.nethead.at/symflower/symflower/model/ast.resolve(0xc000380360, {0x2205848?, 0xc000c42f60}, 0xe0)
			gitlab.nethead.at/symflower/symflower/model/ast/type-resolve.go:362 +0x78
		gitlab.nethead.at/symflower/symflower/model/ast.ResolveWithPointers(...)
			gitlab.nethead.at/symflower/symflower/model/ast/type-resolve.go:326
		gitlab.nethead.at/symflower/symflower/model/ast.(*TypeGenericInstance).IsCompatibleType(0xc0016e0b00, 0xc000380360, {0x2205728?, 0xc000aac480?})
			gitlab.nethead.at/symflower/symflower/model/ast/type.go:3369 +0x230
		gitlab.nethead.at/symflower/symflower/language/java/symbol.(*transpiler).checkFunctionApplicability(0xc0003b7680, 0xc00125ad00, {0x0?, 0x0?}, {0x0?, 0x43f908?, 0xc000b0b5f0?}, {0xc0026ac7e0, 0x2, 0x2})
			gitlab.nethead.at/symflower/symflower/language/java/symbol/overloading.go:406 +0x66b
		gitlab.nethead.at/symflower/symflower/language/java/symbol.(*transpiler).matchOverloadingFunction(0xc0003b7680, {0xc0016e40c8, 0x1, 0x1}, {0x0, 0x0}, {0x0, 0x0, 0x0}, {0xc0026ac7e0, ...})
			gitlab.nethead.at/symflower/symflower/language/java/symbol/overloading.go:451 +0x217
		gitlab.nethead.at/symflower/symflower/language/java/symbol.(*transpiler).getFunction(0xc0003b7680, {0x0, 0x0}, {0xc000b0b5f0, 0x11}, {0x0, 0x0, 0x0}, {0xc0026ac7e0, 0x2, ...})
			gitlab.nethead.at/symflower/symflower/language/java/symbol/overloading.go:224 +0xd2
		gitlab.nethead.at/symflower/symflower/language/java/symbol.(*transpiler).handleMethodCallResolveOverloads(0xc0003b7680, {0xc000b0b5f0, 0x11}, {0x0?, 0x0?}, {0x0?, 0x3d?, 0x0?}, {0xc0026ac7e0, 0x2, ...})
			gitlab.nethead.at/symflower/symflower/language/java/symbol/handle.go:5426 +0x87
		gitlab.nethead.at/symflower/symflower/language/java/symbol.(*transpiler).handleExpressionMethodCall(0xc0003b7680, 0xc001252450, 0xc000d575c0)
			gitlab.nethead.at/symflower/symflower/language/java/symbol/handle.go:5568 +0x68b
		gitlab.nethead.at/symflower/symflower/language/java/symbol.(*transpiler).handleExpression(0xc0003b7680, 0xc001252450, {0x21f7d38, 0xc000d575c0})
			gitlab.nethead.at/symflower/symflower/language/java/symbol/handle.go:6903 +0x785
		gitlab.nethead.at/symflower/symflower/language/java/symbol.(*transpiler).handleStatementExpressionAssign(0xc0003b7680, 0xc001252450, 0xc000d6ea00)
			gitlab.nethead.at/symflower/symflower/language/java/symbol/handle.go:3771 +0xe5
		gitlab.nethead.at/symflower/symflower/language/java/symbol.(*transpiler).handleStatementExpression(0xc0067b21c8?, 0x41aa94?, {0x21f79c8?, 0xc000d6ea00?})
			gitlab.nethead.at/symflower/symflower/language/java/symbol/handle.go:3932 +0x53
		gitlab.nethead.at/symflower/symflower/language/java/symbol.(*transpiler).handleStatement(0xc0003b7680, 0xc001252450, {0x21f7238, 0xc000d74180})
			gitlab.nethead.at/symflower/symflower/language/java/symbol/handle.go:4415 +0x8aa
		gitlab.nethead.at/symflower/symflower/language/java/symbol.(*transpiler).handleStatements(0xc0003b7680, 0xc001252450, {0xc000d02460, 0x2, 0x41aa01?})
			gitlab.nethead.at/symflower/symflower/language/java/symbol/handle.go:3731 +0x85
		gitlab.nethead.at/symflower/symflower/language/java/symbol.(*transpiler).handleBlock.func1()
			gitlab.nethead.at/symflower/symflower/language/java/symbol/handle.go:3712 +0x45
		gitlab.nethead.at/symflower/symflower/model/ast.(*Scope).Scoped(0xc000380360, 0xc0067b23a0)
			gitlab.nethead.at/symflower/symflower/model/ast/scope.go:297 +0x162
		gitlab.nethead.at/symflower/symflower/language/java/symbol.(*transpiler).handleBlock(0xc0003b7680, 0xc001252450, 0xc000d535f0)
			gitlab.nethead.at/symflower/symflower/language/java/symbol/handle.go:3711 +0x9e
		gitlab.nethead.at/symflower/symflower/language/java/symbol.(*transpiler).handleStatement(0xc0003b7680, 0xc001252450, {0x21f7028, 0xc000d535f0})
			gitlab.nethead.at/symflower/symflower/language/java/symbol/handle.go:4403 +0x4b6
		gitlab.nethead.at/symflower/symflower/language/java/symbol.(*transpiler).handleStatementIf(0xc0003b7680, 0xc001252450, 0xc000d6eaa0)
			gitlab.nethead.at/symflower/symflower/language/java/symbol/handle.go:4303 +0x65
		gitlab.nethead.at/symflower/symflower/language/java/symbol.(*transpiler).handleStatement(0xc0003b7680, 0xc001252450, {0x21f7340, 0xc000d6eaa0})
			gitlab.nethead.at/symflower/symflower/language/java/symbol/handle.go:4421 +0x645
		gitlab.nethead.at/symflower/symflower/language/java/symbol.(*transpiler).handleStatementIf(0xc0003b7680, 0xc001252450, 0xc000d6ed20)
			gitlab.nethead.at/symflower/symflower/language/java/symbol/handle.go:4316 +0x125
		gitlab.nethead.at/symflower/symflower/language/java/symbol.(*transpiler).handleStatement(0xc0003b7680, 0xc001252450, {0x21f7340, 0xc000d6ed20})
			gitlab.nethead.at/symflower/symflower/language/java/symbol/handle.go:4421 +0x645
		gitlab.nethead.at/symflower/symflower/language/java/symbol.(*transpiler).handleStatementIf(0xc0003b7680, 0xc001252450, 0xc000d6efa0)
			gitlab.nethead.at/symflower/symflower/language/java/symbol/handle.go:4316 +0x125
		gitlab.nethead.at/symflower/symflower/language/java/symbol.(*transpiler).handleStatement(0xc0003b7680, 0xc001252450, {0x21f7340, 0xc000d6efa0})
			gitlab.nethead.at/symflower/symflower/language/java/symbol/handle.go:4421 +0x645
		gitlab.nethead.at/symflower/symflower/language/java/symbol.(*transpiler).handleStatements(0xc0003b7680, 0xc001252450, {0xc000a7f180, 0x1, 0x1?})
			gitlab.nethead.at/symflower/symflower/language/java/symbol/handle.go:3731 +0x85
		gitlab.nethead.at/symflower/symflower/language/java/symbol.(*transpiler).handleBlock.func1()
			gitlab.nethead.at/symflower/symflower/language/java/symbol/handle.go:3712 +0x45
		gitlab.nethead.at/symflower/symflower/model/ast.(*Scope).Scoped(0xc000380360, 0xc0067b29a8)
			gitlab.nethead.at/symflower/symflower/model/ast/scope.go:297 +0x162
		gitlab.nethead.at/symflower/symflower/language/java/symbol.(*transpiler).handleBlock(0xc0003b7680, 0xc001252450, 0xc000d537a0)
			gitlab.nethead.at/symflower/symflower/language/java/symbol/handle.go:3711 +0x9e
		gitlab.nethead.at/symflower/symflower/language/java/symbol.(*transpiler).handleStatement(0xc0003b7680, 0xc001252450, {0x21f7028, 0xc000d537a0})
			gitlab.nethead.at/symflower/symflower/language/java/symbol/handle.go:4403 +0x4b6
		gitlab.nethead.at/symflower/symflower/language/java/symbol.(*transpiler).handleStatementIf(0xc0003b7680, 0xc001252450, 0xc000d6f540)
			gitlab.nethead.at/symflower/symflower/language/java/symbol/handle.go:4316 +0x125
		gitlab.nethead.at/symflower/symflower/language/java/symbol.(*transpiler).handleStatement(0xc0003b7680, 0xc001252450, {0x21f7340, 0xc000d6f540})
			gitlab.nethead.at/symflower/symflower/language/java/symbol/handle.go:4421 +0x645
		gitlab.nethead.at/symflower/symflower/language/java/symbol.(*transpiler).handleStatements(0xc0003b7680, 0xc001252450, {0xc000a7f170, 0x1, 0xc000380360?})
			gitlab.nethead.at/symflower/symflower/language/java/symbol/handle.go:3731 +0x85
		gitlab.nethead.at/symflower/symflower/language/java/symbol.(*transpiler).handleBlock.func1()
			gitlab.nethead.at/symflower/symflower/language/java/symbol/handle.go:3712 +0x45
		gitlab.nethead.at/symflower/symflower/model/ast.(*Scope).Scoped(0xc000380360, 0xc0067b2d50)
			gitlab.nethead.at/symflower/symflower/model/ast/scope.go:297 +0x162
		gitlab.nethead.at/symflower/symflower/language/java/symbol.(*transpiler).handleBlock(0xc0003b7680, 0xc001252450, 0xc000d539e0)
			gitlab.nethead.at/symflower/symflower/language/java/symbol/handle.go:3711 +0x9e
		gitlab.nethead.at/symflower/symflower/language/java/symbol.(*transpiler).handleMethodDeclarationBody.(*transpiler).handleScopedBlockStatement.func2()
			gitlab.nethead.at/symflower/symflower/language/java/symbol/handle.go:2716 +0x205
		gitlab.nethead.at/symflower/symflower/model/ast.(*Scope).Scoped(0xc000380360, 0xc0067b3160)
			gitlab.nethead.at/symflower/symflower/model/ast/scope.go:297 +0x162
		gitlab.nethead.at/symflower/symflower/language/java/symbol.(*transpiler).handleScopedBlockStatement(...)
			gitlab.nethead.at/symflower/symflower/language/java/symbol/handle.go:2693
		gitlab.nethead.at/symflower/symflower/language/java/symbol.(*transpiler).handleMethodDeclarationBody(0xc0003b7680, 0xc001252450, {0x2208170, 0xc00124a540}, 0xc00125aa00, 0x0)
			gitlab.nethead.at/symflower/symflower/language/java/symbol/handle.go:2523 +0x61b
		gitlab.nethead.at/symflower/symflower/language/java/symbol.(*transpiler).handleClassAndInterfaceDeclarationBodies(0xc0003b7680, 0xc001252450, 0xc00124a540)
			gitlab.nethead.at/symflower/symflower/language/java/symbol/handle.go:1534 +0x2f7
		gitlab.nethead.at/symflower/symflower/language/java/symbol.(*transpiler).handleClassDeclarationBodies(0xc0003b7680, 0xc001252450, 0xc00124a540)
			gitlab.nethead.at/symflower/symflower/language/java/symbol/handle.go:1419 +0x106
		gitlab.nethead.at/symflower/symflower/language/java/symbol.(*transpiler).handleBodies.func1(0xc001252450, {0x2207578, 0xc00124a540})
			gitlab.nethead.at/symflower/symflower/language/java/symbol/symbols.go:532 +0x1ff
		gitlab.nethead.at/symflower/symflower/language/java/symbol.(*transpiler).walkSubDeclarations(0xc0003b7680, 0xc001252450, 0xc0067b3760, 0xc0011ccde0, 0xc00124cc80, {0x2207578, 0xc00124a540})
			gitlab.nethead.at/symflower/symflower/language/java/symbol/symbols.go:869 +0x1ee
		gitlab.nethead.at/symflower/symflower/language/java/symbol.(*transpiler).walkFile(0xc0003b7680, 0x1, 0x2088c58, 0xc0067b3760, 0xc0011ccde0, 0xc00124cc80)
			gitlab.nethead.at/symflower/symflower/language/java/symbol/symbols.go:625 +0x3c5
		gitlab.nethead.at/symflower/symflower/language/java/symbol.(*transpiler).walkPackage(0xc0003b7680, 0x1, 0x2088c58, 0xc0067b3760, 0xc0011ccde0)
			gitlab.nethead.at/symflower/symflower/language/java/symbol/symbols.go:583 +0x225
		gitlab.nethead.at/symflower/symflower/language/java/symbol.(*transpiler).walkFilesAndDeclarations(0xc0003b7680, 0x1, 0x2088c58, 0xc0067b3760)
			gitlab.nethead.at/symflower/symflower/language/java/symbol/symbols.go:566 +0xa5
		gitlab.nethead.at/symflower/symflower/language/java/symbol.(*transpiler).handleBodies(0xc0003b7680)
			gitlab.nethead.at/symflower/symflower/language/java/symbol/symbols.go:513 +0x65
		gitlab.nethead.at/symflower/symflower/language/java/symbol.symbolsWithDependencies(0xc000010750, {0x0?, 0x41aa94?, 0x42a965?}, 0x1)
			gitlab.nethead.at/symflower/symflower/language/java/symbol/symbols.go:486 +0x147
		gitlab.nethead.at/symflower/symflower/language/java/symbol.Symbols(0xc000010750, 0x1)
			gitlab.nethead.at/symflower/symflower/language/java/symbol/symbols.go:457 +0xf2
		gitlab.nethead.at/symflower/symflower/language/java.Adapter.Symbols(...)
			gitlab.nethead.at/symflower/symflower/language/java/symbols.go:29
		gitlab.nethead.at/symflower/symflower/cmd/symflower-local/generate.(*Generator).transpileLanguage(0xc00043d380, 0x0, 0x0, {0x220c620, 0x2e6b360})
			gitlab.nethead.at/symflower/symflower/cmd/symflower-local/generate/generate.go:136 +0x373
		gitlab.nethead.at/symflower/symflower/cmd/symflower-local/generate.(*Generator).Symbols(0xc00043d380, 0x0, 0x0)
			gitlab.nethead.at/symflower/symflower/cmd/symflower-local/generate/generate.go:94 +0x136
		gitlab.nethead.at/symflower/symflower/cmd/symflower-local/generate.(*AnalyzeEngineDefault).UnitTests(0x34?, 0x124bba0?, {0x21eb890?, 0xc00004cde0?}, {0xc0?, 0xc1?, 0x50?, 0x0?}, 0x34?, {0xc0000ff170, ...})
			gitlab.nethead.at/symflower/symflower/cmd/symflower-local/generate/analyze.go:153 +0x77
		gitlab.nethead.at/symflower/symflower/cmd/symflower-local/cmd.(*commandUnitTests).Execute(0xc0005103d8, {0xc000510008?, 0x7ab188083218?, 0xc0005103d8?})
			gitlab.nethead.at/symflower/symflower/cmd/symflower-local/cmd/unit-tests.go:85 +0x2a6
		gitlab.nethead.at/symflower/symflower/cmd.ExecuteNoExit({0x21de020, 0xc000510008}, {0xc00003e050?, 0x44?, 0x0?})
			gitlab.nethead.at/symflower/symflower/cmd/execute.go:59 +0x2ad
		gitlab.nethead.at/symflower/symflower/cmd.Execute({0x21de020?, 0xc000510008?}, {0xc00003e050?, 0xc000416000?, 0xc000507f10?})
			gitlab.nethead.at/symflower/symflower/cmd/execute.go:17 +0x26
		gitlab.nethead.at/symflower/symflower/cmd.ExecuteWithOSArguments(...)
			gitlab.nethead.at/symflower/symflower/cmd/execute.go:78
		main.main.func1()
			gitlab.nethead.at/symflower/symflower/cmd/symflower-demo/main.go:39 +0x34
		gitlab.nethead.at/symflower/symflower/cmd/symflower-local/cmd.(*Command).WithPanicReporter(0xc0000b2060?, 0x0?)
			gitlab.nethead.at/symflower/symflower/cmd/symflower-local/cmd/cmd.go:151 +0x33
		main.main()
			gitlab.nethead.at/symflower/symflower/cmd/symflower-demo/main.go:38 +0x7f
src/main/java/com/fasterxml/jackson/databind/introspect/POJOPropertyBuilder.java: error: error: unresolved type
	data: reference(T)
	child error: (error) Internal error: unknown type:
		"T"
		Stacktrace: goroutine 1 [running]:
		gitlab.nethead.at/symflower/symflower/model/errors.NewInternalError({0x21de060, 0x2d25a00}, {0x12473e0, 0xc002428640})
			gitlab.nethead.at/symflower/symflower/model/errors/error.go:852 +0x4e
		gitlab.nethead.at/symflower/symflower/model/errors.NewProblemWithErrorSeverity(...)
			gitlab.nethead.at/symflower/symflower/model/errors/problem.go:321
		gitlab.nethead.at/symflower/symflower/model/ast.(*Scope).GetType(0xc0067b1f70?, {0x2221c60, 0x1})
			gitlab.nethead.at/symflower/symflower/model/ast/scope.go:986 +0x85
		gitlab.nethead.at/symflower/symflower/model/ast.resolve(0xc000380360, {0x2205848?, 0xc000cca020}, 0xe0)
			gitlab.nethead.at/symflower/symflower/model/ast/type-resolve.go:362 +0x78
		gitlab.nethead.at/symflower/symflower/model/ast.ResolveWithPointers(...)
			gitlab.nethead.at/symflower/symflower/model/ast/type-resolve.go:326
		gitlab.nethead.at/symflower/symflower/model/ast.(*TypeGenericInstance).IsCompatibleType(0xc0016e1200, 0xc000380360, {0x2205728?, 0xc000aac600?})
			gitlab.nethead.at/symflower/symflower/model/ast/type.go:3369 +0x230
		gitlab.nethead.at/symflower/symflower/language/java/symbol.(*transpiler).checkFunctionApplicability(0xc0003b7680, 0xc00125b600, {0x0?, 0x0?}, {0x0?, 0xa9c0c5?, 0xc000c4a940?}, {0xc0024285e0, 0x1, 0x1})
			gitlab.nethead.at/symflower/symflower/language/java/symbol/overloading.go:406 +0x66b
		gitlab.nethead.at/symflower/symflower/language/java/symbol.(*transpiler).matchOverloadingFunction(0xc0003b7680, {0xc0016e4110, 0x1, 0x1}, {0x0, 0x0}, {0x0, 0x0, 0x0}, {0xc0024285e0, ...})
			gitlab.nethead.at/symflower/symflower/language/java/symbol/overloading.go:451 +0x217
		gitlab.nethead.at/symflower/symflower/language/java/symbol.(*transpiler).getFunction(0xc0003b7680, {0x0, 0x0}, {0xc000c4a940, 0xc}, {0x0, 0x0, 0x0}, {0xc0024285e0, 0x1, ...})
			gitlab.nethead.at/symflower/symflower/language/java/symbol/overloading.go:224 +0xd2
		gitlab.nethead.at/symflower/symflower/language/java/symbol.(*transpiler).handleMethodCallResolveOverloads(0xc0003b7680, {0xc000c4a940, 0xc}, {0x0?, 0x0?}, {0x0?, 0x40?, 0xc0003b7680?}, {0xc0024285e0, 0x1, ...})
			gitlab.nethead.at/symflower/symflower/language/java/symbol/handle.go:5426 +0x87
		gitlab.nethead.at/symflower/symflower/language/java/symbol.(*transpiler).handleExpressionMethodCall(0xc0003b7680, 0xc001252450, 0xc000d7d380)
			gitlab.nethead.at/symflower/symflower/language/java/symbol/handle.go:5568 +0x68b
		gitlab.nethead.at/symflower/symflower/language/java/symbol.(*transpiler).handleExpression(0xc0003b7680, 0xc001252450, {0x21f7d38, 0xc000d7d380})
			gitlab.nethead.at/symflower/symflower/language/java/symbol/handle.go:6903 +0x785
		gitlab.nethead.at/symflower/symflower/language/java/symbol.(*transpiler).handleExpressionBinary(0xc0003b7680, 0xc001252450, 0xc000d85a40)
			gitlab.nethead.at/symflower/symflower/language/java/symbol/handle.go:4912 +0x78
		gitlab.nethead.at/symflower/symflower/language/java/symbol.(*transpiler).handleExpression(0xc0003b7680, 0xc001252450, {0x21f7a20, 0xc000d85a40})
			gitlab.nethead.at/symflower/symflower/language/java/symbol/handle.go:6879 +0x6ae
		gitlab.nethead.at/symflower/symflower/language/java/symbol.(*transpiler).handleExpressionBinary(0xc0003b7680, 0xc001252450, 0xc000d85ae0)
			gitlab.nethead.at/symflower/symflower/language/java/symbol/handle.go:4907 +0x3a
		gitlab.nethead.at/symflower/symflower/language/java/symbol.(*transpiler).handleExpression(0xc0003b7680, 0xc001252450, {0x21f7a20, 0xc000d85ae0})
			gitlab.nethead.at/symflower/symflower/language/java/symbol/handle.go:6879 +0x6ae
		gitlab.nethead.at/symflower/symflower/language/java/symbol.(*transpiler).handleStatementReturn(0xc0003b7680, 0xc001252450, 0xc000d8dc80)
			gitlab.nethead.at/symflower/symflower/language/java/symbol/handle.go:4352 +0x7c
		gitlab.nethead.at/symflower/symflower/language/java/symbol.(*transpiler).handleStatement(0xc0003b7680, 0xc001252450, {0x21f74a0, 0xc000d8dc80})
			gitlab.nethead.at/symflower/symflower/language/java/symbol/handle.go:4423 +0x745
		gitlab.nethead.at/symflower/symflower/language/java/symbol.(*transpiler).handleStatements(0xc0003b7680, 0xc001252450, {0xc000a7f470, 0x1, 0xc000403808?})
			gitlab.nethead.at/symflower/symflower/language/java/symbol/handle.go:3731 +0x85
		gitlab.nethead.at/symflower/symflower/language/java/symbol.(*transpiler).handleBlock.func1()
			gitlab.nethead.at/symflower/symflower/language/java/symbol/handle.go:3712 +0x45
		gitlab.nethead.at/symflower/symflower/model/ast.(*Scope).Scoped(0xc000380360, 0xc0067b2d50)
			gitlab.nethead.at/symflower/symflower/model/ast/scope.go:297 +0x162
		gitlab.nethead.at/symflower/symflower/language/java/symbol.(*transpiler).handleBlock(0xc0003b7680, 0xc001252450, 0xc000d80cf0)
			gitlab.nethead.at/symflower/symflower/language/java/symbol/handle.go:3711 +0x9e
		gitlab.nethead.at/symflower/symflower/language/java/symbol.(*transpiler).handleMethodDeclarationBody.(*transpiler).handleScopedBlockStatement.func2()
			gitlab.nethead.at/symflower/symflower/language/java/symbol/handle.go:2716 +0x205
		gitlab.nethead.at/symflower/symflower/model/ast.(*Scope).Scoped(0xc000380360, 0xc0067b3160)
			gitlab.nethead.at/symflower/symflower/model/ast/scope.go:297 +0x162
		gitlab.nethead.at/symflower/symflower/language/java/symbol.(*transpiler).handleScopedBlockStatement(...)
			gitlab.nethead.at/symflower/symflower/language/java/symbol/handle.go:2693
		gitlab.nethead.at/symflower/symflower/language/java/symbol.(*transpiler).handleMethodDeclarationBody(0xc0003b7680, 0xc001252450, {0x2208170, 0xc00124a540}, 0xc00125b500, 0x0)
			gitlab.nethead.at/symflower/symflower/language/java/symbol/handle.go:2523 +0x61b
		gitlab.nethead.at/symflower/symflower/language/java/symbol.(*transpiler).handleClassAndInterfaceDeclarationBodies(0xc0003b7680, 0xc001252450, 0xc00124a540)
			gitlab.nethead.at/symflower/symflower/language/java/symbol/handle.go:1534 +0x2f7
		gitlab.nethead.at/symflower/symflower/language/java/symbol.(*transpiler).handleClassDeclarationBodies(0xc0003b7680, 0xc001252450, 0xc00124a540)
			gitlab.nethead.at/symflower/symflower/language/java/symbol/handle.go:1419 +0x106
		gitlab.nethead.at/symflower/symflower/language/java/symbol.(*transpiler).handleBodies.func1(0xc001252450, {0x2207578, 0xc00124a540})
			gitlab.nethead.at/symflower/symflower/language/java/symbol/symbols.go:532 +0x1ff
		gitlab.nethead.at/symflower/symflower/language/java/symbol.(*transpiler).walkSubDeclarations(0xc0003b7680, 0xc001252450, 0xc0067b3760, 0xc0011ccde0, 0xc00124cc80, {0x2207578, 0xc00124a540})
			gitlab.nethead.at/symflower/symflower/language/java/symbol/symbols.go:869 +0x1ee
		gitlab.nethead.at/symflower/symflower/language/java/symbol.(*transpiler).walkFile(0xc0003b7680, 0x1, 0x2088c58, 0xc0067b3760, 0xc0011ccde0, 0xc00124cc80)
			gitlab.nethead.at/symflower/symflower/language/java/symbol/symbols.go:625 +0x3c5
		gitlab.nethead.at/symflower/symflower/language/java/symbol.(*transpiler).walkPackage(0xc0003b7680, 0x1, 0x2088c58, 0xc0067b3760, 0xc0011ccde0)
			gitlab.nethead.at/symflower/symflower/language/java/symbol/symbols.go:583 +0x225
		gitlab.nethead.at/symflower/symflower/language/java/symbol.(*transpiler).walkFilesAndDeclarations(0xc0003b7680, 0x1, 0x2088c58, 0xc0067b3760)
			gitlab.nethead.at/symflower/symflower/language/java/symbol/symbols.go:566 +0xa5
		gitlab.nethead.at/symflower/symflower/language/java/symbol.(*transpiler).handleBodies(0xc0003b7680)
			gitlab.nethead.at/symflower/symflower/language/java/symbol/symbols.go:513 +0x65
		gitlab.nethead.at/symflower/symflower/language/java/symbol.symbolsWithDependencies(0xc000010750, {0x0?, 0x41aa94?, 0x42a965?}, 0x1)
			gitlab.nethead.at/symflower/symflower/language/java/symbol/symbols.go:486 +0x147
		gitlab.nethead.at/symflower/symflower/language/java/symbol.Symbols(0xc000010750, 0x1)
			gitlab.nethead.at/symflower/symflower/language/java/symbol/symbols.go:457 +0xf2
		gitlab.nethead.at/symflower/symflower/language/java.Adapter.Symbols(...)
			gitlab.nethead.at/symflower/symflower/language/java/symbols.go:29
		gitlab.nethead.at/symflower/symflower/cmd/symflower-local/generate.(*Generator).transpileLanguage(0xc00043d380, 0x0, 0x0, {0x220c620, 0x2e6b360})
			gitlab.nethead.at/symflower/symflower/cmd/symflower-local/generate/generate.go:136 +0x373
		gitlab.nethead.at/symflower/symflower/cmd/symflower-local/generate.(*Generator).Symbols(0xc00043d380, 0x0, 0x0)
			gitlab.nethead.at/symflower/symflower/cmd/symflower-local/generate/generate.go:94 +0x136
		gitlab.nethead.at/symflower/symflower/cmd/symflower-local/generate.(*AnalyzeEngineDefault).UnitTests(0x34?, 0x124bba0?, {0x21eb890?, 0xc00004cde0?}, {0xc0?, 0xc1?, 0x50?, 0x0?}, 0x34?, {0xc0000ff170, ...})
			gitlab.nethead.at/symflower/symflower/cmd/symflower-local/generate/analyze.go:153 +0x77
		gitlab.nethead.at/symflower/symflower/cmd/symflower-local/cmd.(*commandUnitTests).Execute(0xc0005103d8, {0xc000510008?, 0x7ab188083218?, 0xc0005103d8?})
			gitlab.nethead.at/symflower/symflower/cmd/symflower-local/cmd/unit-tests.go:85 +0x2a6
		gitlab.nethead.at/symflower/symflower/cmd.ExecuteNoExit({0x21de020, 0xc000510008}, {0xc00003e050?, 0x44?, 0x0?})
			gitlab.nethead.at/symflower/symflower/cmd/execute.go:59 +0x2ad
		gitlab.nethead.at/symflower/symflower/cmd.Execute({0x21de020?, 0xc000510008?}, {0xc00003e050?, 0xc000416000?, 0xc000507f10?})
			gitlab.nethead.at/symflower/symflower/cmd/execute.go:17 +0x26
		gitlab.nethead.at/symflower/symflower/cmd.ExecuteWithOSArguments(...)
			gitlab.nethead.at/symflower/symflower/cmd/execute.go:78
		main.main.func1()
			gitlab.nethead.at/symflower/symflower/cmd/symflower-demo/main.go:39 +0x34
		gitlab.nethead.at/symflower/symflower/cmd/symflower-local/cmd.(*Command).WithPanicReporter(0xc0000b2060?, 0x0?)
			gitlab.nethead.at/symflower/symflower/cmd/symflower-local/cmd/cmd.go:151 +0x33
		main.main()
			gitlab.nethead.at/symflower/symflower/cmd/symflower-demo/main.go:38 +0x7f
src/main/java/com/fasterxml/jackson/databind/introspect/POJOPropertyBuilder.java: error: unknown import
	data: com/fasterxml/jackson/databind/cfg/MapperConfig
src/main/java/com/fasterxml/jackson/databind/introspect/POJOPropertyBuilder.java: error: unknown type
	data: AnnotationIntrospector/ReferenceProperty
src/main/java/com/fasterxml/jackson/databind/introspect/POJOPropertyBuilder.java: error: error: unresolved type
	data: reference(T)
	child error: (error) Internal error: unknown type:
		"T"
		Stacktrace: goroutine 1 [running]:
		gitlab.nethead.at/symflower/symflower/model/errors.NewInternalError({0x21de060, 0x2d25a00}, {0x12473e0, 0xc000630f30})
			gitlab.nethead.at/symflower/symflower/model/errors/error.go:852 +0x4e
		gitlab.nethead.at/symflower/symflower/model/errors.NewProblemWithErrorSeverity(...)
			gitlab.nethead.at/symflower/symflower/model/errors/problem.go:321
		gitlab.nethead.at/symflower/symflower/model/ast.(*Scope).GetType(0xc0049bde20?, {0x2221c60, 0x1})
			gitlab.nethead.at/symflower/symflower/model/ast/scope.go:986 +0x85
		gitlab.nethead.at/symflower/symflower/model/ast.resolve(0xc000380360, {0x2205848?, 0xc000c438c0}, 0xe0)
			gitlab.nethead.at/symflower/symflower/model/ast/type-resolve.go:362 +0x78
		gitlab.nethead.at/symflower/symflower/model/ast.ResolveWithPointers(...)
			gitlab.nethead.at/symflower/symflower/model/ast/type-resolve.go:326
		gitlab.nethead.at/symflower/symflower/model/ast.(*TypeGenericInstance).IsCompatibleType(0xc0016e0fc0, 0xc000380360, {0x2205728?, 0xc000aac580?})
			gitlab.nethead.at/symflower/symflower/model/ast/type.go:3369 +0x230
		gitlab.nethead.at/symflower/symflower/language/java/symbol.(*transpiler).checkFunctionApplicability(0xc0003b7680, 0xc00125b100, {0x0?, 0x0?}, {0x0?, 0xa9c0c5?, 0xc000810830?}, {0xc000630d40, 0x1, 0x1})
			gitlab.nethead.at/symflower/symflower/language/java/symbol/overloading.go:406 +0x66b
		gitlab.nethead.at/symflower/symflower/language/java/symbol.(*transpiler).matchOverloadingFunction(0xc0003b7680, {0xc0016e40e8, 0x1, 0x1}, {0x0, 0x0}, {0x0, 0x0, 0x0}, {0xc000630d40, ...})
			gitlab.nethead.at/symflower/symflower/language/java/symbol/overloading.go:451 +0x217
		gitlab.nethead.at/symflower/symflower/language/java/symbol.(*transpiler).getFunction(0xc0003b7680, {0x0, 0x0}, {0xc000810830, 0xd}, {0x0, 0x0, 0x0}, {0xc000630d40, 0x1, ...})
			gitlab.nethead.at/symflower/symflower/language/java/symbol/overloading.go:224 +0xd2
		gitlab.nethead.at/symflower/symflower/language/java/symbol.(*transpiler).handleMethodCallResolveOverloads(0xc0003b7680, {0xc000810830, 0xd}, {0x0?, 0x0?}, {0x0?, 0x160000a7000011?, 0xc0003b7680?}, {0xc000630d40, 0x1, ...})
			gitlab.nethead.at/symflower/symflower/language/java/symbol/handle.go:5426 +0x87
		gitlab.nethead.at/symflower/symflower/language/java/symbol.(*transpiler).handleExpressionMethodCall(0xc0003b7680, 0xc001252450, 0xc000d08900)
			gitlab.nethead.at/symflower/symflower/language/java/symbol/handle.go:5568 +0x68b
		gitlab.nethead.at/symflower/symflower/language/java/symbol.(*transpiler).handleExpression(0xc0003b7680, 0xc001252450, {0x21f7d38, 0xc000d08900})
			gitlab.nethead.at/symflower/symflower/language/java/symbol/handle.go:6903 +0x785
		gitlab.nethead.at/symflower/symflower/language/java/symbol.(*transpiler).handleExpressionBinary(0xc0003b7680, 0xc001252450, 0xc000a73720)
			gitlab.nethead.at/symflower/symflower/language/java/symbol/handle.go:4912 +0x78
		gitlab.nethead.at/symflower/symflower/language/java/symbol.(*transpiler).handleExpression(0xc0003b7680, 0xc001252450, {0x21f7a20, 0xc000a73720})
			gitlab.nethead.at/symflower/symflower/language/java/symbol/handle.go:6879 +0x6ae
		gitlab.nethead.at/symflower/symflower/language/java/symbol.(*transpiler).handleExpressionBinary(0xc0003b7680, 0xc001252450, 0xc000a737c0)
			gitlab.nethead.at/symflower/symflower/language/java/symbol/handle.go:4907 +0x3a
		gitlab.nethead.at/symflower/symflower/language/java/symbol.(*transpiler).handleExpression(0xc0003b7680, 0xc001252450, {0x21f7a20, 0xc000a737c0})
			gitlab.nethead.at/symflower/symflower/language/java/symbol/handle.go:6879 +0x6ae
		gitlab.nethead.at/symflower/symflower/language/java/symbol.(*transpiler).handleExpressionBinary(0xc0003b7680, 0xc001252450, 0xc000a73860)
			gitlab.nethead.at/symflower/symflower/language/java/symbol/handle.go:4907 +0x3a
		gitlab.nethead.at/symflower/symflower/language/java/symbol.(*transpiler).handleExpression(0xc0003b7680, 0xc001252450, {0x21f7a20, 0xc000a73860})
			gitlab.nethead.at/symflower/symflower/language/java/symbol/handle.go:6879 +0x6ae
		gitlab.nethead.at/symflower/symflower/language/java/symbol.(*transpiler).handleStatementReturn(0xc0003b7680, 0xc001252450, 0xc000d0dd80)
			gitlab.nethead.at/symflower/symflower/language/java/symbol/handle.go:4352 +0x7c
		gitlab.nethead.at/symflower/symflower/language/java/symbol.(*transpiler).handleStatement(0xc0003b7680, 0xc001252450, {0x21f74a0, 0xc000d0dd80})
			gitlab.nethead.at/symflower/symflower/language/java/symbol/handle.go:4423 +0x745
		gitlab.nethead.at/symflower/symflower/language/java/symbol.(*transpiler).handleStatements(0xc0003b7680, 0xc001252450, {0xc000a7e1d0, 0x1, 0xc000081808?})
			gitlab.nethead.at/symflower/symflower/language/java/symbol/handle.go:3731 +0x85
		gitlab.nethead.at/symflower/symflower/language/java/symbol.(*transpiler).handleBlock.func1()
			gitlab.nethead.at/symflower/symflower/language/java/symbol/handle.go:3712 +0x45
		gitlab.nethead.at/symflower/symflower/model/ast.(*Scope).Scoped(0xc000380360, 0xc0049bed50)
			gitlab.nethead.at/symflower/symflower/model/ast/scope.go:297 +0x162
		gitlab.nethead.at/symflower/symflower/language/java/symbol.(*transpiler).handleBlock(0xc0003b7680, 0xc001252450, 0xc000a76bd0)
			gitlab.nethead.at/symflower/symflower/language/java/symbol/handle.go:3711 +0x9e
		gitlab.nethead.at/symflower/symflower/language/java/symbol.(*transpiler).handleMethodDeclarationBody.(*transpiler).handleScopedBlockStatement.func2()
			gitlab.nethead.at/symflower/symflower/language/java/symbol/handle.go:2716 +0x205
		gitlab.nethead.at/symflower/symflower/model/ast.(*Scope).Scoped(0xc000380360, 0xc0049bf160)
			gitlab.nethead.at/symflower/symflower/model/ast/scope.go:297 +0x162
		gitlab.nethead.at/symflower/symflower/language/java/symbol.(*transpiler).handleScopedBlockStatement(...)
			gitlab.nethead.at/symflower/symflower/language/java/symbol/handle.go:2693
		gitlab.nethead.at/symflower/symflower/language/java/symbol.(*transpiler).handleMethodDeclarationBody(0xc0003b7680, 0xc001252450, {0x2208170, 0xc00124a540}, 0xc001256000, 0x0)
			gitlab.nethead.at/symflower/symflower/language/java/symbol/handle.go:2523 +0x61b
		gitlab.nethead.at/symflower/symflower/language/java/symbol.(*transpiler).handleClassAndInterfaceDeclarationBodies(0xc0003b7680, 0xc001252450, 0xc00124a540)
			gitlab.nethead.at/symflower/symflower/language/java/symbol/handle.go:1534 +0x2f7
		gitlab.nethead.at/symflower/symflower/language/java/symbol.(*transpiler).handleClassDeclarationBodies(0xc0003b7680, 0xc001252450, 0xc00124a540)
			gitlab.nethead.at/symflower/symflower/language/java/symbol/handle.go:1419 +0x106
		gitlab.nethead.at/symflower/symflower/language/java/symbol.(*transpiler).handleBodies.func1(0xc001252450, {0x2207578, 0xc00124a540})
			gitlab.nethead.at/symflower/symflower/language/java/symbol/symbols.go:532 +0x1ff
		gitlab.nethead.at/symflower/symflower/language/java/symbol.(*transpiler).walkSubDeclarations(0xc0003b7680, 0xc001252450, 0xc0049bf760, 0xc0011ccde0, 0xc00124cc80, {0x2207578, 0xc00124a540})
			gitlab.nethead.at/symflower/symflower/language/java/symbol/symbols.go:869 +0x1ee
		gitlab.nethead.at/symflower/symflower/language/java/symbol.(*transpiler).walkFile(0xc0003b7680, 0x1, 0x2088c58, 0xc0049bf760, 0xc0011ccde0, 0xc00124cc80)
			gitlab.nethead.at/symflower/symflower/language/java/symbol/symbols.go:625 +0x3c5
		gitlab.nethead.at/symflower/symflower/language/java/symbol.(*transpiler).walkPackage(0xc0003b7680, 0x1, 0x2088c58, 0xc0049bf760, 0xc0011ccde0)
			gitlab.nethead.at/symflower/symflower/language/java/symbol/symbols.go:583 +0x225
		gitlab.nethead.at/symflower/symflower/language/java/symbol.(*transpiler).walkFilesAndDeclarations(0xc0003b7680, 0x1, 0x2088c58, 0xc0049bf760)
			gitlab.nethead.at/symflower/symflower/language/java/symbol/symbols.go:566 +0xa5
		gitlab.nethead.at/symflower/symflower/language/java/symbol.(*transpiler).handleBodies(0xc0003b7680)
			gitlab.nethead.at/symflower/symflower/language/java/symbol/symbols.go:513 +0x65
		gitlab.nethead.at/symflower/symflower/language/java/symbol.symbolsWithDependencies(0xc000010750, {0x0?, 0x41aa94?, 0x42a965?}, 0x1)
			gitlab.nethead.at/symflower/symflower/language/java/symbol/symbols.go:486 +0x147
		gitlab.nethead.at/symflower/symflower/language/java/symbol.Symbols(0xc000010750, 0x1)
			gitlab.nethead.at/symflower/symflower/language/java/symbol/symbols.go:457 +0xf2
		gitlab.nethead.at/symflower/symflower/language/java.Adapter.Symbols(...)
			gitlab.nethead.at/symflower/symflower/language/java/symbols.go:29
		gitlab.nethead.at/symflower/symflower/cmd/symflower-local/generate.(*Generator).transpileLanguage(0xc00043d380, 0x0, 0x0, {0x220c620, 0x2e6b360})
			gitlab.nethead.at/symflower/symflower/cmd/symflower-local/generate/generate.go:136 +0x373
		gitlab.nethead.at/symflower/symflower/cmd/symflower-local/generate.(*Generator).Symbols(0xc00043d380, 0x0, 0x0)
			gitlab.nethead.at/symflower/symflower/cmd/symflower-local/generate/generate.go:94 +0x136
		gitlab.nethead.at/symflower/symflower/cmd/symflower-local/generate.(*AnalyzeEngineDefault).UnitTests(0x34?, 0x124bba0?, {0x21eb890?, 0xc00004cde0?}, {0xc0?, 0xc1?, 0x50?, 0x0?}, 0x34?, {0xc0000ff170, ...})
			gitlab.nethead.at/symflower/symflower/cmd/symflower-local/generate/analyze.go:153 +0x77
		gitlab.nethead.at/symflower/symflower/cmd/symflower-local/cmd.(*commandUnitTests).Execute(0xc0005103d8, {0xc000510008?, 0x7ab188083218?, 0xc0005103d8?})
			gitlab.nethead.at/symflower/symflower/cmd/symflower-local/cmd/unit-tests.go:85 +0x2a6
		gitlab.nethead.at/symflower/symflower/cmd.ExecuteNoExit({0x21de020, 0xc000510008}, {0xc00003e050?, 0x44?, 0x0?})
			gitlab.nethead.at/symflower/symflower/cmd/execute.go:59 +0x2ad
		gitlab.nethead.at/symflower/symflower/cmd.Execute({0x21de020?, 0xc000510008?}, {0xc00003e050?, 0xc000416000?, 0xc000507f10?})
			gitlab.nethead.at/symflower/symflower/cmd/execute.go:17 +0x26
		gitlab.nethead.at/symflower/symflower/cmd.ExecuteWithOSArguments(...)
			gitlab.nethead.at/symflower/symflower/cmd/execute.go:78
		main.main.func1()
			gitlab.nethead.at/symflower/symflower/cmd/symflower-demo/main.go:39 +0x34
		gitlab.nethead.at/symflower/symflower/cmd/symflower-local/cmd.(*Command).WithPanicReporter(0xc0000b2060?, 0x0?)
			gitlab.nethead.at/symflower/symflower/cmd/symflower-local/cmd/cmd.go:151 +0x33
		main.main()
			gitlab.nethead.at/symflower/symflower/cmd/symflower-demo/main.go:38 +0x7f
src/main/java/com/fasterxml/jackson/databind/introspect/POJOPropertyBuilder.java: error: unknown field
	data: [this struct(com/fasterxml/jackson/databind/introspect/POJOPropertyBuilder//@@localWithMember0, [], [pointer(reference(java/lang/Object))], [pointer(genericInstance(reference(com/fasterxml/jackson/databind/introspect/POJOPropertyBuilder//WithMember), [array(pointer(genericInstance(reference(java/lang/Class), [wildcard(, pointer(reference(java/lang/Object)))])), primitive(int, 32, false), 0)]))]) _annotationIntrospector]
src/main/java/com/fasterxml/jackson/databind/introspect/POJOPropertyBuilder.java: error: unknown function
	data: [pointer(genericInstance(reference(java/lang/Class), [wildcard(, pointer(reference(java/lang/Object)))])) java/lang/Class<descendant of java/lang/Object>//isAssignableFrom [] [nextClass]]
src/main/java/com/fasterxml/jackson/databind/introspect/POJOPropertyBuilder.java: error: error: unresolved type
	data: reference(T)
	child error: (error) Internal error: unknown type:
		"T"
		Stacktrace: goroutine 1 [running]:
		gitlab.nethead.at/symflower/symflower/model/errors.NewInternalError({0x21de060, 0x2d25a00}, {0x12473e0, 0xc005516100})
			gitlab.nethead.at/symflower/symflower/model/errors/error.go:852 +0x4e
		gitlab.nethead.at/symflower/symflower/model/errors.NewProblemWithErrorSeverity(...)
			gitlab.nethead.at/symflower/symflower/model/errors/problem.go:321
		gitlab.nethead.at/symflower/symflower/model/ast.(*Scope).GetType(0xc0013d4150?, {0x2221c60, 0x1})
			gitlab.nethead.at/symflower/symflower/model/ast/scope.go:986 +0x85
		gitlab.nethead.at/symflower/symflower/model/ast.resolve(0xc000380360, {0x2205848?, 0xc000c424e0}, 0xe0)
			gitlab.nethead.at/symflower/symflower/model/ast/type-resolve.go:362 +0x78
		gitlab.nethead.at/symflower/symflower/model/ast.ResolveWithPointers(...)
			gitlab.nethead.at/symflower/symflower/model/ast/type-resolve.go:326
		gitlab.nethead.at/symflower/symflower/model/ast.(*TypeGenericInstance).IsCompatibleType(0xc0016e0740, 0xc000380360, {0x2205728?, 0xc000aac600?})
			gitlab.nethead.at/symflower/symflower/model/ast/type.go:3369 +0x230
		gitlab.nethead.at/symflower/symflower/language/java/symbol.(*transpiler).checkFunctionApplicability(0xc0003b7680, 0xc00125a500, {0x0?, 0x0?}, {0x0?, 0xa9c0c5?, 0xc000b16d49?}, {0xc000c43160, 0x2, 0x2})
			gitlab.nethead.at/symflower/symflower/language/java/symbol/overloading.go:406 +0x66b
		gitlab.nethead.at/symflower/symflower/language/java/symbol.(*transpiler).matchOverloadingFunction(0xc0003b7680, {0xc0016e4078, 0x1, 0x1}, {0x0, 0x0}, {0x0, 0x0, 0x0}, {0xc000c43160, ...})
			gitlab.nethead.at/symflower/symflower/language/java/symbol/overloading.go:451 +0x217
		gitlab.nethead.at/symflower/symflower/language/java/symbol.(*transpiler).getFunction(0xc0003b7680, {0x0, 0x0}, {0xc000b16d49, 0x5}, {0x0, 0x0, 0x0}, {0xc000c43160, 0x2, ...})
			gitlab.nethead.at/symflower/symflower/language/java/symbol/overloading.go:224 +0xd2
		gitlab.nethead.at/symflower/symflower/language/java/symbol.(*transpiler).handleMethodCallResolveOverloads(0xc0003b7680, {0xc000b16d49, 0x5}, {0x0?, 0x0?}, {0x0?, 0x3d?, 0x0?}, {0xc000c43160, 0x2, ...})
			gitlab.nethead.at/symflower/symflower/language/java/symbol/handle.go:5426 +0x87
		gitlab.nethead.at/symflower/symflower/language/java/symbol.(*transpiler).handleExpressionMethodCall(0xc0003b7680, 0xc001252450, 0xc000d56840)
			gitlab.nethead.at/symflower/symflower/language/java/symbol/handle.go:5568 +0x68b
		gitlab.nethead.at/symflower/symflower/language/java/symbol.(*transpiler).handleExpression(0xc0003b7680, 0xc001252450, {0x21f7d38, 0xc000d56840})
			gitlab.nethead.at/symflower/symflower/language/java/symbol/handle.go:6903 +0x785
		gitlab.nethead.at/symflower/symflower/language/java/symbol.(*transpiler).handleStatementExpressionAssign(0xc0003b7680, 0xc001252450, 0xc000d5d0e0)
			gitlab.nethead.at/symflower/symflower/language/java/symbol/handle.go:3771 +0xe5
		gitlab.nethead.at/symflower/symflower/language/java/symbol.(*transpiler).handleStatementExpression(0xc0013d4b78?, 0x41aa94?, {0x21f79c8?, 0xc000d5d0e0?})
			gitlab.nethead.at/symflower/symflower/language/java/symbol/handle.go:3932 +0x53
		gitlab.nethead.at/symflower/symflower/language/java/symbol.(*transpiler).handleStatement(0xc0003b7680, 0xc001252450, {0x21f7238, 0xc000d63e80})
			gitlab.nethead.at/symflower/symflower/language/java/symbol/handle.go:4415 +0x8aa
		gitlab.nethead.at/symflower/symflower/language/java/symbol.(*transpiler).handleStatements(0xc0003b7680, 0xc001252450, {0xc000059d00, 0x4, 0xc000380360?})
			gitlab.nethead.at/symflower/symflower/language/java/symbol/handle.go:3731 +0x85
		gitlab.nethead.at/symflower/symflower/language/java/symbol.(*transpiler).handleBlock.func1()
			gitlab.nethead.at/symflower/symflower/language/java/symbol/handle.go:3712 +0x45
		gitlab.nethead.at/symflower/symflower/model/ast.(*Scope).Scoped(0xc000380360, 0xc0013d4d50)
			gitlab.nethead.at/symflower/symflower/model/ast/scope.go:297 +0x162
		gitlab.nethead.at/symflower/symflower/language/java/symbol.(*transpiler).handleBlock(0xc0003b7680, 0xc001252450, 0xc000d52e10)
			gitlab.nethead.at/symflower/symflower/language/java/symbol/handle.go:3711 +0x9e
		gitlab.nethead.at/symflower/symflower/language/java/symbol.(*transpiler).handleMethodDeclarationBody.(*transpiler).handleScopedBlockStatement.func2()
			gitlab.nethead.at/symflower/symflower/language/java/symbol/handle.go:2716 +0x205
		gitlab.nethead.at/symflower/symflower/model/ast.(*Scope).Scoped(0xc000380360, 0xc0013d5160)
			gitlab.nethead.at/symflower/symflower/model/ast/scope.go:297 +0x162
		gitlab.nethead.at/symflower/symflower/language/java/symbol.(*transpiler).handleScopedBlockStatement(...)
			gitlab.nethead.at/symflower/symflower/language/java/symbol/handle.go:2693
		gitlab.nethead.at/symflower/symflower/language/java/symbol.(*transpiler).handleMethodDeclarationBody(0xc0003b7680, 0xc001252450, {0x2208170, 0xc00124a540}, 0xc00125a400, 0x0)
			gitlab.nethead.at/symflower/symflower/language/java/symbol/handle.go:2523 +0x61b
		gitlab.nethead.at/symflower/symflower/language/java/symbol.(*transpiler).handleClassAndInterfaceDeclarationBodies(0xc0003b7680, 0xc001252450, 0xc00124a540)
			gitlab.nethead.at/symflower/symflower/language/java/symbol/handle.go:1534 +0x2f7
		gitlab.nethead.at/symflower/symflower/language/java/symbol.(*transpiler).handleClassDeclarationBodies(0xc0003b7680, 0xc001252450, 0xc00124a540)
			gitlab.nethead.at/symflower/symflower/language/java/symbol/handle.go:1419 +0x106
		gitlab.nethead.at/symflower/symflower/language/java/symbol.(*transpiler).handleBodies.func1(0xc001252450, {0x2207578, 0xc00124a540})
			gitlab.nethead.at/symflower/symflower/language/java/symbol/symbols.go:532 +0x1ff
		gitlab.nethead.at/symflower/symflower/language/java/symbol.(*transpiler).walkSubDeclarations(0xc0003b7680, 0xc001252450, 0xc0013d5760, 0xc0011ccde0, 0xc00124cc80, {0x2207578, 0xc00124a540})
			gitlab.nethead.at/symflower/symflower/language/java/symbol/symbols.go:869 +0x1ee
		gitlab.nethead.at/symflower/symflower/language/java/symbol.(*transpiler).walkFile(0xc0003b7680, 0x1, 0x2088c58, 0xc0013d5760, 0xc0011ccde0, 0xc00124cc80)
			gitlab.nethead.at/symflower/symflower/language/java/symbol/symbols.go:625 +0x3c5
		gitlab.nethead.at/symflower/symflower/language/java/symbol.(*transpiler).walkPackage(0xc0003b7680, 0x1, 0x2088c58, 0xc0013d5760, 0xc0011ccde0)
			gitlab.nethead.at/symflower/symflower/language/java/symbol/symbols.go:583 +0x225
		gitlab.nethead.at/symflower/symflower/language/java/symbol.(*transpiler).walkFilesAndDeclarations(0xc0003b7680, 0x1, 0x2088c58, 0xc0013d5760)
			gitlab.nethead.at/symflower/symflower/language/java/symbol/symbols.go:566 +0xa5
		gitlab.nethead.at/symflower/symflower/language/java/symbol.(*transpiler).handleBodies(0xc0003b7680)
			gitlab.nethead.at/symflower/symflower/language/java/symbol/symbols.go:513 +0x65
		gitlab.nethead.at/symflower/symflower/language/java/symbol.symbolsWithDependencies(0xc000010750, {0x0?, 0x41aa94?, 0x42a965?}, 0x1)
			gitlab.nethead.at/symflower/symflower/language/java/symbol/symbols.go:486 +0x147
		gitlab.nethead.at/symflower/symflower/language/java/symbol.Symbols(0xc000010750, 0x1)
			gitlab.nethead.at/symflower/symflower/language/java/symbol/symbols.go:457 +0xf2
		gitlab.nethead.at/symflower/symflower/language/java.Adapter.Symbols(...)
			gitlab.nethead.at/symflower/symflower/language/java/symbols.go:29
		gitlab.nethead.at/symflower/symflower/cmd/symflower-local/generate.(*Generator).transpileLanguage(0xc00043d380, 0x0, 0x0, {0x220c620, 0x2e6b360})
			gitlab.nethead.at/symflower/symflower/cmd/symflower-local/generate/generate.go:136 +0x373
		gitlab.nethead.at/symflower/symflower/cmd/symflower-local/generate.(*Generator).Symbols(0xc00043d380, 0x0, 0x0)
			gitlab.nethead.at/symflower/symflower/cmd/symflower-local/generate/generate.go:94 +0x136
		gitlab.nethead.at/symflower/symflower/cmd/symflower-local/generate.(*AnalyzeEngineDefault).UnitTests(0x34?, 0x124bba0?, {0x21eb890?, 0xc00004cde0?}, {0xc0?, 0xc1?, 0x50?, 0x0?}, 0x34?, {0xc0000ff170, ...})
			gitlab.nethead.at/symflower/symflower/cmd/symflower-local/generate/analyze.go:153 +0x77
		gitlab.nethead.at/symflower/symflower/cmd/symflower-local/cmd.(*commandUnitTests).Execute(0xc0005103d8, {0xc000510008?, 0x7ab188083218?, 0xc0005103d8?})
			gitlab.nethead.at/symflower/symflower/cmd/symflower-local/cmd/unit-tests.go:85 +0x2a6
		gitlab.nethead.at/symflower/symflower/cmd.ExecuteNoExit({0x21de020, 0xc000510008}, {0xc00003e050?, 0x44?, 0x0?})
			gitlab.nethead.at/symflower/symflower/cmd/execute.go:59 +0x2ad
		gitlab.nethead.at/symflower/symflower/cmd.Execute({0x21de020?, 0xc000510008?}, {0xc00003e050?, 0xc000416000?, 0xc000507f10?})
			gitlab.nethead.at/symflower/symflower/cmd/execute.go:17 +0x26
		gitlab.nethead.at/symflower/symflower/cmd.ExecuteWithOSArguments(...)
			gitlab.nethead.at/symflower/symflower/cmd/execute.go:78
		main.main.func1()
			gitlab.nethead.at/symflower/symflower/cmd/symflower-demo/main.go:39 +0x34
		gitlab.nethead.at/symflower/symflower/cmd/symflower-local/cmd.(*Command).WithPanicReporter(0xc0000b2060?, 0x0?)
			gitlab.nethead.at/symflower/symflower/cmd/symflower-local/cmd/cmd.go:151 +0x33
		main.main()
			gitlab.nethead.at/symflower/symflower/cmd/symflower-demo/main.go:38 +0x7f
src/main/java/com/fasterxml/jackson/databind/introspect/POJOPropertyBuilder.java: error: error: unresolved type
	data: reference(T)
	child error: (error) Internal error: unknown type:
		"T"
		Stacktrace: goroutine 1 [running]:
		gitlab.nethead.at/symflower/symflower/model/errors.NewInternalError({0x21de060, 0x2d25a00}, {0x12473e0, 0xc005517e80})
			gitlab.nethead.at/symflower/symflower/model/errors/error.go:852 +0x4e
		gitlab.nethead.at/symflower/symflower/model/errors.NewProblemWithErrorSeverity(...)
			gitlab.nethead.at/symflower/symflower/model/errors/problem.go:321
		gitlab.nethead.at/symflower/symflower/model/ast.(*Scope).GetType(0xc0013d4150?, {0x2221c60, 0x1})
			gitlab.nethead.at/symflower/symflower/model/ast/scope.go:986 +0x85
		gitlab.nethead.at/symflower/symflower/model/ast.resolve(0xc000380360, {0x2205848?, 0xc000c43260}, 0xe0)
			gitlab.nethead.at/symflower/symflower/model/ast/type-resolve.go:362 +0x78
		gitlab.nethead.at/symflower/symflower/model/ast.ResolveWithPointers(...)
			gitlab.nethead.at/symflower/symflower/model/ast/type-resolve.go:326
		gitlab.nethead.at/symflower/symflower/model/ast.(*TypeGenericInstance).IsCompatibleType(0xc0016e0c80, 0xc000380360, {0x2205728?, 0xc000aac580?})
			gitlab.nethead.at/symflower/symflower/model/ast/type.go:3369 +0x230
		gitlab.nethead.at/symflower/symflower/language/java/symbol.(*transpiler).checkFunctionApplicability(0xc0003b7680, 0xc00125ae00, {0x0?, 0x0?}, {0x0?, 0xa9c0c5?, 0xc000b17280?}, {0xc005517e20, 0x1, 0x1})
			gitlab.nethead.at/symflower/symflower/language/java/symbol/overloading.go:406 +0x66b
		gitlab.nethead.at/symflower/symflower/language/java/symbol.(*transpiler).matchOverloadingFunction(0xc0003b7680, {0xc0016e40d0, 0x1, 0x1}, {0x0, 0x0}, {0x0, 0x0, 0x0}, {0xc005517e20, ...})
			gitlab.nethead.at/symflower/symflower/language/java/symbol/overloading.go:451 +0x217
		gitlab.nethead.at/symflower/symflower/language/java/symbol.(*transpiler).getFunction(0xc0003b7680, {0x0, 0x0}, {0xc000b17280, 0xe}, {0x0, 0x0, 0x0}, {0xc005517e20, 0x1, ...})
			gitlab.nethead.at/symflower/symflower/language/java/symbol/overloading.go:224 +0xd2
		gitlab.nethead.at/symflower/symflower/language/java/symbol.(*transpiler).handleMethodCallResolveOverloads(0xc0003b7680, {0xc000b17280, 0xe}, {0x0?, 0x0?}, {0x0?, 0x3d?, 0x0?}, {0xc005517e20, 0x1, ...})
			gitlab.nethead.at/symflower/symflower/language/java/symbol/handle.go:5426 +0x87
		gitlab.nethead.at/symflower/symflower/language/java/symbol.(*transpiler).handleExpressionMethodCall(0xc0003b7680, 0xc001252450, 0xc000d56a80)
			gitlab.nethead.at/symflower/symflower/language/java/symbol/handle.go:5568 +0x68b
		gitlab.nethead.at/symflower/symflower/language/java/symbol.(*transpiler).handleExpression(0xc0003b7680, 0xc001252450, {0x21f7d38, 0xc000d56a80})
			gitlab.nethead.at/symflower/symflower/language/java/symbol/handle.go:6903 +0x785
		gitlab.nethead.at/symflower/symflower/language/java/symbol.(*transpiler).handleStatementExpressionAssign(0xc0003b7680, 0xc001252450, 0xc000d5d4a0)
			gitlab.nethead.at/symflower/symflower/language/java/symbol/handle.go:3771 +0xe5
		gitlab.nethead.at/symflower/symflower/language/java/symbol.(*transpiler).handleStatementExpression(0xc0013d4b78?, 0x41aa94?, {0x21f79c8?, 0xc000d5d4a0?})
			gitlab.nethead.at/symflower/symflower/language/java/symbol/handle.go:3932 +0x53
		gitlab.nethead.at/symflower/symflower/language/java/symbol.(*transpiler).handleStatement(0xc0003b7680, 0xc001252450, {0x21f7238, 0xc000d67600})
			gitlab.nethead.at/symflower/symflower/language/java/symbol/handle.go:4415 +0x8aa
		gitlab.nethead.at/symflower/symflower/language/java/symbol.(*transpiler).handleStatements(0xc0003b7680, 0xc001252450, {0xc000059d40, 0x4, 0xc000081008?})
			gitlab.nethead.at/symflower/symflower/language/java/symbol/handle.go:3731 +0x85
		gitlab.nethead.at/symflower/symflower/language/java/symbol.(*transpiler).handleBlock.func1()
			gitlab.nethead.at/symflower/symflower/language/java/symbol/handle.go:3712 +0x45
		gitlab.nethead.at/symflower/symflower/model/ast.(*Scope).Scoped(0xc000380360, 0xc0013d4d50)
			gitlab.nethead.at/symflower/symflower/model/ast/scope.go:297 +0x162
		gitlab.nethead.at/symflower/symflower/language/java/symbol.(*transpiler).handleBlock(0xc0003b7680, 0xc001252450, 0xc000d53050)
			gitlab.nethead.at/symflower/symflower/language/java/symbol/handle.go:3711 +0x9e
		gitlab.nethead.at/symflower/symflower/language/java/symbol.(*transpiler).handleMethodDeclarationBody.(*transpiler).handleScopedBlockStatement.func2()
			gitlab.nethead.at/symflower/symflower/language/java/symbol/handle.go:2716 +0x205
		gitlab.nethead.at/symflower/symflower/model/ast.(*Scope).Scoped(0xc000380360, 0xc0013d5160)
			gitlab.nethead.at/symflower/symflower/model/ast/scope.go:297 +0x162
		gitlab.nethead.at/symflower/symflower/language/java/symbol.(*transpiler).handleScopedBlockStatement(...)
			gitlab.nethead.at/symflower/symflower/language/java/symbol/handle.go:2693
		gitlab.nethead.at/symflower/symflower/language/java/symbol.(*transpiler).handleMethodDeclarationBody(0xc0003b7680, 0xc001252450, {0x2208170, 0xc00124a540}, 0xc00125a600, 0x0)
			gitlab.nethead.at/symflower/symflower/language/java/symbol/handle.go:2523 +0x61b
		gitlab.nethead.at/symflower/symflower/language/java/symbol.(*transpiler).handleClassAndInterfaceDeclarationBodies(0xc0003b7680, 0xc001252450, 0xc00124a540)
			gitlab.nethead.at/symflower/symflower/language/java/symbol/handle.go:1534 +0x2f7
		gitlab.nethead.at/symflower/symflower/language/java/symbol.(*transpiler).handleClassDeclarationBodies(0xc0003b7680, 0xc001252450, 0xc00124a540)
			gitlab.nethead.at/symflower/symflower/language/java/symbol/handle.go:1419 +0x106
		gitlab.nethead.at/symflower/symflower/language/java/symbol.(*transpiler).handleBodies.func1(0xc001252450, {0x2207578, 0xc00124a540})
			gitlab.nethead.at/symflower/symflower/language/java/symbol/symbols.go:532 +0x1ff
		gitlab.nethead.at/symflower/symflower/language/java/symbol.(*transpiler).walkSubDeclarations(0xc0003b7680, 0xc001252450, 0xc0013d5760, 0xc0011ccde0, 0xc00124cc80, {0x2207578, 0xc00124a540})
			gitlab.nethead.at/symflower/symflower/language/java/symbol/symbols.go:869 +0x1ee
		gitlab.nethead.at/symflower/symflower/language/java/symbol.(*transpiler).walkFile(0xc0003b7680, 0x1, 0x2088c58, 0xc0013d5760, 0xc0011ccde0, 0xc00124cc80)
			gitlab.nethead.at/symflower/symflower/language/java/symbol/symbols.go:625 +0x3c5
		gitlab.nethead.at/symflower/symflower/language/java/symbol.(*transpiler).walkPackage(0xc0003b7680, 0x1, 0x2088c58, 0xc0013d5760, 0xc0011ccde0)
			gitlab.nethead.at/symflower/symflower/language/java/symbol/symbols.go:583 +0x225
		gitlab.nethead.at/symflower/symflower/language/java/symbol.(*transpiler).walkFilesAndDeclarations(0xc0003b7680, 0x1, 0x2088c58, 0xc0013d5760)
			gitlab.nethead.at/symflower/symflower/language/java/symbol/symbols.go:566 +0xa5
		gitlab.nethead.at/symflower/symflower/language/java/symbol.(*transpiler).handleBodies(0xc0003b7680)
			gitlab.nethead.at/symflower/symflower/language/java/symbol/symbols.go:513 +0x65
		gitlab.nethead.at/symflower/symflower/language/java/symbol.symbolsWithDependencies(0xc000010750, {0x0?, 0x41aa94?, 0x42a965?}, 0x1)
			gitlab.nethead.at/symflower/symflower/language/java/symbol/symbols.go:486 +0x147
		gitlab.nethead.at/symflower/symflower/language/java/symbol.Symbols(0xc000010750, 0x1)
			gitlab.nethead.at/symflower/symflower/language/java/symbol/symbols.go:457 +0xf2
		gitlab.nethead.at/symflower/symflower/language/java.Adapter.Symbols(...)
			gitlab.nethead.at/symflower/symflower/language/java/symbols.go:29
		gitlab.nethead.at/symflower/symflower/cmd/symflower-local/generate.(*Generator).transpileLanguage(0xc00043d380, 0x0, 0x0, {0x220c620, 0x2e6b360})
			gitlab.nethead.at/symflower/symflower/cmd/symflower-local/generate/generate.go:136 +0x373
		gitlab.nethead.at/symflower/symflower/cmd/symflower-local/generate.(*Generator).Symbols(0xc00043d380, 0x0, 0x0)
			gitlab.nethead.at/symflower/symflower/cmd/symflower-local/generate/generate.go:94 +0x136
		gitlab.nethead.at/symflower/symflower/cmd/symflower-local/generate.(*AnalyzeEngineDefault).UnitTests(0x34?, 0x124bba0?, {0x21eb890?, 0xc00004cde0?}, {0xc0?, 0xc1?, 0x50?, 0x0?}, 0x34?, {0xc0000ff170, ...})
			gitlab.nethead.at/symflower/symflower/cmd/symflower-local/generate/analyze.go:153 +0x77
		gitlab.nethead.at/symflower/symflower/cmd/symflower-local/cmd.(*commandUnitTests).Execute(0xc0005103d8, {0xc000510008?, 0x7ab188083218?, 0xc0005103d8?})
			gitlab.nethead.at/symflower/symflower/cmd/symflower-local/cmd/unit-tests.go:85 +0x2a6
		gitlab.nethead.at/symflower/symflower/cmd.ExecuteNoExit({0x21de020, 0xc000510008}, {0xc00003e050?, 0x44?, 0x0?})
			gitlab.nethead.at/symflower/symflower/cmd/execute.go:59 +0x2ad
		gitlab.nethead.at/symflower/symflower/cmd.Execute({0x21de020?, 0xc000510008?}, {0xc00003e050?, 0xc000416000?, 0xc000507f10?})
			gitlab.nethead.at/symflower/symflower/cmd/execute.go:17 +0x26
		gitlab.nethead.at/symflower/symflower/cmd.ExecuteWithOSArguments(...)
			gitlab.nethead.at/symflower/symflower/cmd/execute.go:78
		main.main.func1()
			gitlab.nethead.at/symflower/symflower/cmd/symflower-demo/main.go:39 +0x34
		gitlab.nethead.at/symflower/symflower/cmd/symflower-local/cmd.(*Command).WithPanicReporter(0xc0000b2060?, 0x0?)
			gitlab.nethead.at/symflower/symflower/cmd/symflower-local/cmd/cmd.go:151 +0x33
		main.main()
			gitlab.nethead.at/symflower/symflower/cmd/symflower-demo/main.go:38 +0x7f
src/main/java/com/fasterxml/jackson/databind/introspect/POJOPropertyBuilder.java: error: error: unresolved type
	data: reference(T)
	child error: (error) Internal error: unknown type:
		"T"
		Stacktrace: goroutine 1 [running]:
		gitlab.nethead.at/symflower/symflower/model/errors.NewInternalError({0x21de060, 0x2d25a00}, {0x12473e0, 0xc000713ab0})
			gitlab.nethead.at/symflower/symflower/model/errors/error.go:852 +0x4e
		gitlab.nethead.at/symflower/symflower/model/errors.NewProblemWithErrorSeverity(...)
			gitlab.nethead.at/symflower/symflower/model/errors/problem.go:321
		gitlab.nethead.at/symflower/symflower/model/ast.(*Scope).GetType(0xc0067b1b50?, {0x2221c60, 0x1})
			gitlab.nethead.at/symflower/symflower/model/ast/scope.go:986 +0x85
		gitlab.nethead.at/symflower/symflower/model/ast.resolve(0xc000380360, {0x2205848?, 0xc000c434a0}, 0xe0)
			gitlab.nethead.at/symflower/symflower/model/ast/type-resolve.go:362 +0x78
		gitlab.nethead.at/symflower/symflower/model/ast.ResolveWithPointers(...)
			gitlab.nethead.at/symflower/symflower/model/ast/type-resolve.go:326
		gitlab.nethead.at/symflower/symflower/model/ast.(*TypeGenericInstance).IsCompatibleType(0xc0016e0dc0, 0xc000380360, {0x2205728?, 0xc000aac480?})
			gitlab.nethead.at/symflower/symflower/model/ast/type.go:3369 +0x230
		gitlab.nethead.at/symflower/symflower/language/java/symbol.(*transpiler).checkFunctionApplicability(0xc0003b7680, 0xc00125af00, {0x0?, 0x0?}, {0x0?, 0xa9c0c5?, 0xc000b0b068?}, {0xc000713a10, 0x1, 0x1})
			gitlab.nethead.at/symflower/symflower/language/java/symbol/overloading.go:406 +0x66b
		gitlab.nethead.at/symflower/symflower/language/java/symbol.(*transpiler).matchOverloadingFunction(0xc0003b7680, {0xc0016e40d8, 0x1, 0x1}, {0x0, 0x0}, {0x0, 0x0, 0x0}, {0xc000713a10, ...})
			gitlab.nethead.at/symflower/symflower/language/java/symbol/overloading.go:451 +0x217
		gitlab.nethead.at/symflower/symflower/language/java/symbol.(*transpiler).getFunction(0xc0003b7680, {0x0, 0x0}, {0xc000b0b068, 0x11}, {0x0, 0x0, 0x0}, {0xc000713a10, 0x1, ...})
			gitlab.nethead.at/symflower/symflower/language/java/symbol/overloading.go:224 +0xd2
		gitlab.nethead.at/symflower/symflower/language/java/symbol.(*transpiler).handleMethodCallResolveOverloads(0xc0003b7680, {0xc000b0b068, 0x11}, {0x0?, 0x0?}, {0x0?, 0x3d?, 0x0?}, {0xc000713a10, 0x1, ...})
			gitlab.nethead.at/symflower/symflower/language/java/symbol/handle.go:5426 +0x87
		gitlab.nethead.at/symflower/symflower/language/java/symbol.(*transpiler).handleExpressionMethodCall(0xc0003b7680, 0xc001252450, 0xc000d56fc0)
			gitlab.nethead.at/symflower/symflower/language/java/symbol/handle.go:5568 +0x68b
		gitlab.nethead.at/symflower/symflower/language/java/symbol.(*transpiler).handleExpression(0xc0003b7680, 0xc001252450, {0x21f7d38, 0xc000d56fc0})
			gitlab.nethead.at/symflower/symflower/language/java/symbol/handle.go:6903 +0x785
		gitlab.nethead.at/symflower/symflower/language/java/symbol.(*transpiler).handleStatementExpressionAssign(0xc0003b7680, 0xc001252450, 0xc000d6e1e0)
			gitlab.nethead.at/symflower/symflower/language/java/symbol/handle.go:3771 +0xe5
		gitlab.nethead.at/symflower/symflower/language/java/symbol.(*transpiler).handleStatementExpression(0xc0067b2578?, 0x41aa94?, {0x21f79c8?, 0xc000d6e1e0?})
			gitlab.nethead.at/symflower/symflower/language/java/symbol/handle.go:3932 +0x53
		gitlab.nethead.at/symflower/symflower/language/java/symbol.(*transpiler).handleStatement(0xc0003b7680, 0xc001252450, {0x21f7238, 0xc000d70180})
			gitlab.nethead.at/symflower/symflower/language/java/symbol/handle.go:4415 +0x8aa
		gitlab.nethead.at/symflower/symflower/language/java/symbol.(*transpiler).handleStatements(0xc0003b7680, 0xc001252450, {0xc000d02440, 0x2, 0x41aa01?})
			gitlab.nethead.at/symflower/symflower/language/java/symbol/handle.go:3731 +0x85
		gitlab.nethead.at/symflower/symflower/language/java/symbol.(*transpiler).handleBlock.func1()
			gitlab.nethead.at/symflower/symflower/language/java/symbol/handle.go:3712 +0x45
		gitlab.nethead.at/symflower/symflower/model/ast.(*Scope).Scoped(0xc000380360, 0xc0067b2750)
			gitlab.nethead.at/symflower/symflower/model/ast/scope.go:297 +0x162
		gitlab.nethead.at/symflower/symflower/language/java/symbol.(*transpiler).handleBlock(0xc0003b7680, 0xc001252450, 0xc000d533b0)
			gitlab.nethead.at/symflower/symflower/language/java/symbol/handle.go:3711 +0x9e
		gitlab.nethead.at/symflower/symflower/language/java/symbol.(*transpiler).handleStatement(0xc0003b7680, 0xc001252450, {0x21f7028, 0xc000d533b0})
			gitlab.nethead.at/symflower/symflower/language/java/symbol/handle.go:4403 +0x4b6
		gitlab.nethead.at/symflower/symflower/language/java/symbol.(*transpiler).handleStatementIf(0xc0003b7680, 0xc001252450, 0xc000d6e320)
			gitlab.nethead.at/symflower/symflower/language/java/symbol/handle.go:4303 +0x65
		gitlab.nethead.at/symflower/symflower/language/java/symbol.(*transpiler).handleStatement(0xc0003b7680, 0xc001252450, {0x21f7340, 0xc000d6e320})
			gitlab.nethead.at/symflower/symflower/language/java/symbol/handle.go:4421 +0x645
		gitlab.nethead.at/symflower/symflower/language/java/symbol.(*transpiler).handleStatementSwitchEntry(0xc0003b7680, 0xc001252450, {0x2208640, 0xc0028d4100}, 0xc000d5f600)
			gitlab.nethead.at/symflower/symflower/language/java/symbol/handle.go:4477 +0x3d9
		gitlab.nethead.at/symflower/symflower/language/java/symbol.(*transpiler).handleStatementSwitch(0xc0003b7680, 0xc001252450, 0xc000d6e460)
			gitlab.nethead.at/symflower/symflower/language/java/symbol/handle.go:4522 +0xff
		gitlab.nethead.at/symflower/symflower/language/java/symbol.(*transpiler).handleStatement(0xc0003b7680, 0xc001252450, {0x21f74f8, 0xc000d6e460})
			gitlab.nethead.at/symflower/symflower/language/java/symbol/handle.go:4425 +0x836
		gitlab.nethead.at/symflower/symflower/language/java/symbol.(*transpiler).handleStatements(0xc0003b7680, 0xc001252450, {0xc000d281b0, 0x3, 0xc000380360?})
			gitlab.nethead.at/symflower/symflower/language/java/symbol/handle.go:3731 +0x85
		gitlab.nethead.at/symflower/symflower/language/java/symbol.(*transpiler).handleBlock.func1()
			gitlab.nethead.at/symflower/symflower/language/java/symbol/handle.go:3712 +0x45
		gitlab.nethead.at/symflower/symflower/model/ast.(*Scope).Scoped(0xc000380360, 0xc0013d4d50)
			gitlab.nethead.at/symflower/symflower/model/ast/scope.go:297 +0x162
		gitlab.nethead.at/symflower/symflower/language/java/symbol.(*transpiler).handleBlock(0xc0003b7680, 0xc001252450, 0xc000d53440)
			gitlab.nethead.at/symflower/symflower/language/java/symbol/handle.go:3711 +0x9e
		gitlab.nethead.at/symflower/symflower/language/java/symbol.(*transpiler).handleMethodDeclarationBody.(*transpiler).handleScopedBlockStatement.func2()
			gitlab.nethead.at/symflower/symflower/language/java/symbol/handle.go:2716 +0x205
		gitlab.nethead.at/symflower/symflower/model/ast.(*Scope).Scoped(0xc000380360, 0xc0013d5160)
			gitlab.nethead.at/symflower/symflower/model/ast/scope.go:297 +0x162
		gitlab.nethead.at/symflower/symflower/language/java/symbol.(*transpiler).handleScopedBlockStatement(...)
			gitlab.nethead.at/symflower/symflower/language/java/symbol/handle.go:2693
		gitlab.nethead.at/symflower/symflower/language/java/symbol.(*transpiler).handleMethodDeclarationBody(0xc0003b7680, 0xc001252450, {0x2208170, 0xc00124a540}, 0xc00125a700, 0x0)
			gitlab.nethead.at/symflower/symflower/language/java/symbol/handle.go:2523 +0x61b
		gitlab.nethead.at/symflower/symflower/language/java/symbol.(*transpiler).handleClassAndInterfaceDeclarationBodies(0xc0003b7680, 0xc001252450, 0xc00124a540)
			gitlab.nethead.at/symflower/symflower/language/java/symbol/handle.go:1534 +0x2f7
		gitlab.nethead.at/symflower/symflower/language/java/symbol.(*transpiler).handleClassDeclarationBodies(0xc0003b7680, 0xc001252450, 0xc00124a540)
			gitlab.nethead.at/symflower/symflower/language/java/symbol/handle.go:1419 +0x106
		gitlab.nethead.at/symflower/symflower/language/java/symbol.(*transpiler).handleBodies.func1(0xc001252450, {0x2207578, 0xc00124a540})
			gitlab.nethead.at/symflower/symflower/language/java/symbol/symbols.go:532 +0x1ff
		gitlab.nethead.at/symflower/symflower/language/java/symbol.(*transpiler).walkSubDeclarations(0xc0003b7680, 0xc001252450, 0xc0067b3760, 0xc0011ccde0, 0xc00124cc80, {0x2207578, 0xc00124a540})
			gitlab.nethead.at/symflower/symflower/language/java/symbol/symbols.go:869 +0x1ee
		gitlab.nethead.at/symflower/symflower/language/java/symbol.(*transpiler).walkFile(0xc0003b7680, 0x1, 0x2088c58, 0xc0067b3760, 0xc0011ccde0, 0xc00124cc80)
			gitlab.nethead.at/symflower/symflower/language/java/symbol/symbols.go:625 +0x3c5
		gitlab.nethead.at/symflower/symflower/language/java/symbol.(*transpiler).walkPackage(0xc0003b7680, 0x1, 0x2088c58, 0xc0067b3760, 0xc0011ccde0)
			gitlab.nethead.at/symflower/symflower/language/java/symbol/symbols.go:583 +0x225
		gitlab.nethead.at/symflower/symflower/language/java/symbol.(*transpiler).walkFilesAndDeclarations(0xc0003b7680, 0x1, 0x2088c58, 0xc0067b3760)
			gitlab.nethead.at/symflower/symflower/language/java/symbol/symbols.go:566 +0xa5
		gitlab.nethead.at/symflower/symflower/language/java/symbol.(*transpiler).handleBodies(0xc0003b7680)
			gitlab.nethead.at/symflower/symflower/language/java/symbol/symbols.go:513 +0x65
		gitlab.nethead.at/symflower/symflower/language/java/symbol.symbolsWithDependencies(0xc000010750, {0x0?, 0x41aa94?, 0x42a965?}, 0x1)
			gitlab.nethead.at/symflower/symflower/language/java/symbol/symbols.go:486 +0x147
		gitlab.nethead.at/symflower/symflower/language/java/symbol.Symbols(0xc000010750, 0x1)
			gitlab.nethead.at/symflower/symflower/language/java/symbol/symbols.go:457 +0xf2
		gitlab.nethead.at/symflower/symflower/language/java.Adapter.Symbols(...)
			gitlab.nethead.at/symflower/symflower/language/java/symbols.go:29
		gitlab.nethead.at/symflower/symflower/cmd/symflower-local/generate.(*Generator).transpileLanguage(0xc00043d380, 0x0, 0x0, {0x220c620, 0x2e6b360})
			gitlab.nethead.at/symflower/symflower/cmd/symflower-local/generate/generate.go:136 +0x373
		gitlab.nethead.at/symflower/symflower/cmd/symflower-local/generate.(*Generator).Symbols(0xc00043d380, 0x0, 0x0)
			gitlab.nethead.at/symflower/symflower/cmd/symflower-local/generate/generate.go:94 +0x136
		gitlab.nethead.at/symflower/symflower/cmd/symflower-local/generate.(*AnalyzeEngineDefault).UnitTests(0x34?, 0x124bba0?, {0x21eb890?, 0xc00004cde0?}, {0xc0?, 0xc1?, 0x50?, 0x0?}, 0x34?, {0xc0000ff170, ...})
			gitlab.nethead.at/symflower/symflower/cmd/symflower-local/generate/analyze.go:153 +0x77
		gitlab.nethead.at/symflower/symflower/cmd/symflower-local/cmd.(*commandUnitTests).Execute(0xc0005103d8, {0xc000510008?, 0x7ab188083218?, 0xc0005103d8?})
			gitlab.nethead.at/symflower/symflower/cmd/symflower-local/cmd/unit-tests.go:85 +0x2a6
		gitlab.nethead.at/symflower/symflower/cmd.ExecuteNoExit({0x21de020, 0xc000510008}, {0xc00003e050?, 0x44?, 0x0?})
			gitlab.nethead.at/symflower/symflower/cmd/execute.go:59 +0x2ad
		gitlab.nethead.at/symflower/symflower/cmd.Execute({0x21de020?, 0xc000510008?}, {0xc00003e050?, 0xc000416000?, 0xc000507f10?})
			gitlab.nethead.at/symflower/symflower/cmd/execute.go:17 +0x26
		gitlab.nethead.at/symflower/symflower/cmd.ExecuteWithOSArguments(...)
			gitlab.nethead.at/symflower/symflower/cmd/execute.go:78
		main.main.func1()
			gitlab.nethead.at/symflower/symflower/cmd/symflower-demo/main.go:39 +0x34
		gitlab.nethead.at/symflower/symflower/cmd/symflower-local/cmd.(*Command).WithPanicReporter(0xc0000b2060?, 0x0?)
			gitlab.nethead.at/symflower/symflower/cmd/symflower-local/cmd/cmd.go:151 +0x33
		main.main()
			gitlab.nethead.at/symflower/symflower/cmd/symflower-demo/main.go:38 +0x7f
src/main/java/com/fasterxml/jackson/databind/introspect/POJOPropertyBuilder.java: error: error: unresolved type
	data: reference(T)
	child error: (error) Internal error: unknown type:
		"T"
		Stacktrace: goroutine 1 [running]:
		gitlab.nethead.at/symflower/symflower/model/errors.NewInternalError({0x21de060, 0x2d25a00}, {0x12473e0, 0xc005d2bc00})
			gitlab.nethead.at/symflower/symflower/model/errors/error.go:852 +0x4e
		gitlab.nethead.at/symflower/symflower/model/errors.NewProblemWithErrorSeverity(...)
			gitlab.nethead.at/symflower/symflower/model/errors/problem.go:321
		gitlab.nethead.at/symflower/symflower/model/ast.(*Scope).GetType(0xc0067b18d0?, {0x2221c60, 0x1})
			gitlab.nethead.at/symflower/symflower/model/ast/scope.go:986 +0x85
		gitlab.nethead.at/symflower/symflower/model/ast.resolve(0xc000380360, {0x2205848?, 0xc000c42f60}, 0xe0)
			gitlab.nethead.at/symflower/symflower/model/ast/type-resolve.go:362 +0x78
		gitlab.nethead.at/symflower/symflower/model/ast.ResolveWithPointers(...)
			gitlab.nethead.at/symflower/symflower/model/ast/type-resolve.go:326
		gitlab.nethead.at/symflower/symflower/model/ast.(*TypeGenericInstance).IsCompatibleType(0xc0016e0b00, 0xc000380360, {0x2205728?, 0xc000aac600?})
			gitlab.nethead.at/symflower/symflower/model/ast/type.go:3369 +0x230
		gitlab.nethead.at/symflower/symflower/language/java/symbol.(*transpiler).checkFunctionApplicability(0xc0003b7680, 0xc00125ad00, {0x0?, 0x0?}, {0x0?, 0x43f908?, 0xc000b0b530?}, {0xc005761f60, 0x2, 0x2})
			gitlab.nethead.at/symflower/symflower/language/java/symbol/overloading.go:406 +0x66b
		gitlab.nethead.at/symflower/symflower/language/java/symbol.(*transpiler).matchOverloadingFunction(0xc0003b7680, {0xc0016e40c8, 0x1, 0x1}, {0x0, 0x0}, {0x0, 0x0, 0x0}, {0xc005761f60, ...})
			gitlab.nethead.at/symflower/symflower/language/java/symbol/overloading.go:451 +0x217
		gitlab.nethead.at/symflower/symflower/language/java/symbol.(*transpiler).getFunction(0xc0003b7680, {0x0, 0x0}, {0xc000b0b530, 0x11}, {0x0, 0x0, 0x0}, {0xc005761f60, 0x2, ...})
			gitlab.nethead.at/symflower/symflower/language/java/symbol/overloading.go:224 +0xd2
		gitlab.nethead.at/symflower/symflower/language/java/symbol.(*transpiler).handleMethodCallResolveOverloads(0xc0003b7680, {0xc000b0b530, 0x11}, {0x0?, 0x0?}, {0x0?, 0x3d?, 0x0?}, {0xc005761f60, 0x2, ...})
			gitlab.nethead.at/symflower/symflower/language/java/symbol/handle.go:5426 +0x87
		gitlab.nethead.at/symflower/symflower/language/java/symbol.(*transpiler).handleExpressionMethodCall(0xc0003b7680, 0xc001252450, 0xc000d57800)
			gitlab.nethead.at/symflower/symflower/language/java/symbol/handle.go:5568 +0x68b
		gitlab.nethead.at/symflower/symflower/language/java/symbol.(*transpiler).handleExpression(0xc0003b7680, 0xc001252450, {0x21f7d38, 0xc000d57800})
			gitlab.nethead.at/symflower/symflower/language/java/symbol/handle.go:6903 +0x785
		gitlab.nethead.at/symflower/symflower/language/java/symbol.(*transpiler).handleStatementExpressionAssign(0xc0003b7680, 0xc001252450, 0xc000d6ec80)
			gitlab.nethead.at/symflower/symflower/language/java/symbol/handle.go:3771 +0xe5
		gitlab.nethead.at/symflower/symflower/language/java/symbol.(*transpiler).handleStatementExpression(0xc0067b22f8?, 0x41aa94?, {0x21f79c8?, 0xc000d6ec80?})
			gitlab.nethead.at/symflower/symflower/language/java/symbol/handle.go:3932 +0x53
		gitlab.nethead.at/symflower/symflower/language/java/symbol.(*transpiler).handleStatement(0xc0003b7680, 0xc001252450, {0x21f7238, 0xc000d74c80})
			gitlab.nethead.at/symflower/symflower/language/java/symbol/handle.go:4415 +0x8aa
		gitlab.nethead.at/symflower/symflower/language/java/symbol.(*transpiler).handleStatements(0xc0003b7680, 0xc001252450, {0xc000d024a0, 0x2, 0x41aa01?})
			gitlab.nethead.at/symflower/symflower/language/java/symbol/handle.go:3731 +0x85
		gitlab.nethead.at/symflower/symflower/language/java/symbol.(*transpiler).handleBlock.func1()
			gitlab.nethead.at/symflower/symflower/language/java/symbol/handle.go:3712 +0x45
		gitlab.nethead.at/symflower/symflower/model/ast.(*Scope).Scoped(0xc000380360, 0xc0067b24d0)
			gitlab.nethead.at/symflower/symflower/model/ast/scope.go:297 +0x162
		gitlab.nethead.at/symflower/symflower/language/java/symbol.(*transpiler).handleBlock(0xc0003b7680, 0xc001252450, 0xc000d53680)
			gitlab.nethead.at/symflower/symflower/language/java/symbol/handle.go:3711 +0x9e
		gitlab.nethead.at/symflower/symflower/language/java/symbol.(*transpiler).handleStatement(0xc0003b7680, 0xc001252450, {0x21f7028, 0xc000d53680})
			gitlab.nethead.at/symflower/symflower/language/java/symbol/handle.go:4403 +0x4b6
		gitlab.nethead.at/symflower/symflower/language/java/symbol.(*transpiler).handleStatementIf(0xc0003b7680, 0xc001252450, 0xc000d6ed20)
			gitlab.nethead.at/symflower/symflower/language/java/symbol/handle.go:4303 +0x65
		gitlab.nethead.at/symflower/symflower/language/java/symbol.(*transpiler).handleStatement(0xc0003b7680, 0xc001252450, {0x21f7340, 0xc000d6ed20})
			gitlab.nethead.at/symflower/symflower/language/java/symbol/handle.go:4421 +0x645
		gitlab.nethead.at/symflower/symflower/language/java/symbol.(*transpiler).handleStatementIf(0xc0003b7680, 0xc001252450, 0xc000d6efa0)
			gitlab.nethead.at/symflower/symflower/language/java/symbol/handle.go:4316 +0x125
		gitlab.nethead.at/symflower/symflower/language/java/symbol.(*transpiler).handleStatement(0xc0003b7680, 0xc001252450, {0x21f7340, 0xc000d6efa0})
			gitlab.nethead.at/symflower/symflower/language/java/symbol/handle.go:4421 +0x645
		gitlab.nethead.at/symflower/symflower/language/java/symbol.(*transpiler).handleStatements(0xc0003b7680, 0xc001252450, {0xc000a7f180, 0x1, 0x1?})
			gitlab.nethead.at/symflower/symflower/language/java/symbol/handle.go:3731 +0x85
		gitlab.nethead.at/symflower/symflower/language/java/symbol.(*transpiler).handleBlock.func1()
			gitlab.nethead.at/symflower/symflower/language/java/symbol/handle.go:3712 +0x45
		gitlab.nethead.at/symflower/symflower/model/ast.(*Scope).Scoped(0xc000380360, 0xc0067b29a8)
			gitlab.nethead.at/symflower/symflower/model/ast/scope.go:297 +0x162
		gitlab.nethead.at/symflower/symflower/language/java/symbol.(*transpiler).handleBlock(0xc0003b7680, 0xc001252450, 0xc000d537a0)
			gitlab.nethead.at/symflower/symflower/language/java/symbol/handle.go:3711 +0x9e
		gitlab.nethead.at/symflower/symflower/language/java/symbol.(*transpiler).handleStatement(0xc0003b7680, 0xc001252450, {0x21f7028, 0xc000d537a0})
			gitlab.nethead.at/symflower/symflower/language/java/symbol/handle.go:4403 +0x4b6
		gitlab.nethead.at/symflower/symflower/language/java/symbol.(*transpiler).handleStatementIf(0xc0003b7680, 0xc001252450, 0xc000d6f540)
			gitlab.nethead.at/symflower/symflower/language/java/symbol/handle.go:4316 +0x125
		gitlab.nethead.at/symflower/symflower/language/java/symbol.(*transpiler).handleStatement(0xc0003b7680, 0xc001252450, {0x21f7340, 0xc000d6f540})
			gitlab.nethead.at/symflower/symflower/language/java/symbol/handle.go:4421 +0x645
		gitlab.nethead.at/symflower/symflower/language/java/symbol.(*transpiler).handleStatements(0xc0003b7680, 0xc001252450, {0xc000a7f170, 0x1, 0xc000380360?})
			gitlab.nethead.at/symflower/symflower/language/java/symbol/handle.go:3731 +0x85
		gitlab.nethead.at/symflower/symflower/language/java/symbol.(*transpiler).handleBlock.func1()
			gitlab.nethead.at/symflower/symflower/language/java/symbol/handle.go:3712 +0x45
		gitlab.nethead.at/symflower/symflower/model/ast.(*Scope).Scoped(0xc000380360, 0xc0067b2d50)
			gitlab.nethead.at/symflower/symflower/model/ast/scope.go:297 +0x162
		gitlab.nethead.at/symflower/symflower/language/java/symbol.(*transpiler).handleBlock(0xc0003b7680, 0xc001252450, 0xc000d539e0)
			gitlab.nethead.at/symflower/symflower/language/java/symbol/handle.go:3711 +0x9e
		gitlab.nethead.at/symflower/symflower/language/java/symbol.(*transpiler).handleMethodDeclarationBody.(*transpiler).handleScopedBlockStatement.func2()
			gitlab.nethead.at/symflower/symflower/language/java/symbol/handle.go:2716 +0x205
		gitlab.nethead.at/symflower/symflower/model/ast.(*Scope).Scoped(0xc000380360, 0xc0067b3160)
			gitlab.nethead.at/symflower/symflower/model/ast/scope.go:297 +0x162
		gitlab.nethead.at/symflower/symflower/language/java/symbol.(*transpiler).handleScopedBlockStatement(...)
			gitlab.nethead.at/symflower/symflower/language/java/symbol/handle.go:2693
		gitlab.nethead.at/symflower/symflower/language/java/symbol.(*transpiler).handleMethodDeclarationBody(0xc0003b7680, 0xc001252450, {0x2208170, 0xc00124a540}, 0xc00125aa00, 0x0)
			gitlab.nethead.at/symflower/symflower/language/java/symbol/handle.go:2523 +0x61b
		gitlab.nethead.at/symflower/symflower/language/java/symbol.(*transpiler).handleClassAndInterfaceDeclarationBodies(0xc0003b7680, 0xc001252450, 0xc00124a540)
			gitlab.nethead.at/symflower/symflower/language/java/symbol/handle.go:1534 +0x2f7
		gitlab.nethead.at/symflower/symflower/language/java/symbol.(*transpiler).handleClassDeclarationBodies(0xc0003b7680, 0xc001252450, 0xc00124a540)
			gitlab.nethead.at/symflower/symflower/language/java/symbol/handle.go:1419 +0x106
		gitlab.nethead.at/symflower/symflower/language/java/symbol.(*transpiler).handleBodies.func1(0xc001252450, {0x2207578, 0xc00124a540})
			gitlab.nethead.at/symflower/symflower/language/java/symbol/symbols.go:532 +0x1ff
		gitlab.nethead.at/symflower/symflower/language/java/symbol.(*transpiler).walkSubDeclarations(0xc0003b7680, 0xc001252450, 0xc0067b3760, 0xc0011ccde0, 0xc00124cc80, {0x2207578, 0xc00124a540})
			gitlab.nethead.at/symflower/symflower/language/java/symbol/symbols.go:869 +0x1ee
		gitlab.nethead.at/symflower/symflower/language/java/symbol.(*transpiler).walkFile(0xc0003b7680, 0x1, 0x2088c58, 0xc0067b3760, 0xc0011ccde0, 0xc00124cc80)
			gitlab.nethead.at/symflower/symflower/language/java/symbol/symbols.go:625 +0x3c5
		gitlab.nethead.at/symflower/symflower/language/java/symbol.(*transpiler).walkPackage(0xc0003b7680, 0x1, 0x2088c58, 0xc0067b3760, 0xc0011ccde0)
			gitlab.nethead.at/symflower/symflower/language/java/symbol/symbols.go:583 +0x225
		gitlab.nethead.at/symflower/symflower/language/java/symbol.(*transpiler).walkFilesAndDeclarations(0xc0003b7680, 0x1, 0x2088c58, 0xc0067b3760)
			gitlab.nethead.at/symflower/symflower/language/java/symbol/symbols.go:566 +0xa5
		gitlab.nethead.at/symflower/symflower/language/java/symbol.(*transpiler).handleBodies(0xc0003b7680)
			gitlab.nethead.at/symflower/symflower/language/java/symbol/symbols.go:513 +0x65
		gitlab.nethead.at/symflower/symflower/language/java/symbol.symbolsWithDependencies(0xc000010750, {0x0?, 0x41aa94?, 0x42a965?}, 0x1)
			gitlab.nethead.at/symflower/symflower/language/java/symbol/symbols.go:486 +0x147
		gitlab.nethead.at/symflower/symflower/language/java/symbol.Symbols(0xc000010750, 0x1)
			gitlab.nethead.at/symflower/symflower/language/java/symbol/symbols.go:457 +0xf2
		gitlab.nethead.at/symflower/symflower/language/java.Adapter.Symbols(...)
			gitlab.nethead.at/symflower/symflower/language/java/symbols.go:29
		gitlab.nethead.at/symflower/symflower/cmd/symflower-local/generate.(*Generator).transpileLanguage(0xc00043d380, 0x0, 0x0, {0x220c620, 0x2e6b360})
			gitlab.nethead.at/symflower/symflower/cmd/symflower-local/generate/generate.go:136 +0x373
		gitlab.nethead.at/symflower/symflower/cmd/symflower-local/generate.(*Generator).Symbols(0xc00043d380, 0x0, 0x0)
			gitlab.nethead.at/symflower/symflower/cmd/symflower-local/generate/generate.go:94 +0x136
		gitlab.nethead.at/symflower/symflower/cmd/symflower-local/generate.(*AnalyzeEngineDefault).UnitTests(0x34?, 0x124bba0?, {0x21eb890?, 0xc00004cde0?}, {0xc0?, 0xc1?, 0x50?, 0x0?}, 0x34?, {0xc0000ff170, ...})
			gitlab.nethead.at/symflower/symflower/cmd/symflower-local/generate/analyze.go:153 +0x77
		gitlab.nethead.at/symflower/symflower/cmd/symflower-local/cmd.(*commandUnitTests).Execute(0xc0005103d8, {0xc000510008?, 0x7ab188083218?, 0xc0005103d8?})
			gitlab.nethead.at/symflower/symflower/cmd/symflower-local/cmd/unit-tests.go:85 +0x2a6
		gitlab.nethead.at/symflower/symflower/cmd.ExecuteNoExit({0x21de020, 0xc000510008}, {0xc00003e050?, 0x44?, 0x0?})
			gitlab.nethead.at/symflower/symflower/cmd/execute.go:59 +0x2ad
		gitlab.nethead.at/symflower/symflower/cmd.Execute({0x21de020?, 0xc000510008?}, {0xc00003e050?, 0xc000416000?, 0xc000507f10?})
			gitlab.nethead.at/symflower/symflower/cmd/execute.go:17 +0x26
		gitlab.nethead.at/symflower/symflower/cmd.ExecuteWithOSArguments(...)
			gitlab.nethead.at/symflower/symflower/cmd/execute.go:78
		main.main.func1()
			gitlab.nethead.at/symflower/symflower/cmd/symflower-demo/main.go:39 +0x34
		gitlab.nethead.at/symflower/symflower/cmd/symflower-local/cmd.(*Command).WithPanicReporter(0xc0000b2060?, 0x0?)
			gitlab.nethead.at/symflower/symflower/cmd/symflower-local/cmd/cmd.go:151 +0x33
		main.main()
			gitlab.nethead.at/symflower/symflower/cmd/symflower-demo/main.go:38 +0x7f
src/main/java/com/fasterxml/jackson/databind/introspect/POJOPropertyBuilder.java: error: unknown function
	data: [pointer(genericInstance(reference(com/fasterxml/jackson/databind/introspect/POJOPropertyBuilder//Linked), [reference(T)])) com/fasterxml/jackson/databind/introspect/POJOPropertyBuilder//Linked<T>//withNext [] [call(select(this, _applyAnnotations!ea2606b6fc697a9af02cf21d05372e3b), [select(node, next), ann])]]
src/main/java/com/fasterxml/jackson/databind/introspect/POJOPropertyBuilder.java: error: unknown import
	data: com/fasterxml/jackson/annotation/JsonInclude
src/main/java/com/fasterxml/jackson/databind/introspect/POJOPropertyBuilder.java: error: unknown field
	data: [this struct(com/fasterxml/jackson/databind/introspect/POJOPropertyBuilder//@@localWithMember7, [], [pointer(reference(java/lang/Object))], [pointer(genericInstance(reference(com/fasterxml/jackson/databind/introspect/POJOPropertyBuilder//WithMember), [pointer(reference(com/fasterxml/jackson/databind/introspect/ObjectIdInfo))]))]) _annotationIntrospector]
src/main/java/com/fasterxml/jackson/databind/introspect/POJOPropertyBuilder.java: error: error: unresolved type
	data: reference(T)
	child error: (error) Internal error: unknown type:
		"T"
		Stacktrace: goroutine 1 [running]:
		gitlab.nethead.at/symflower/symflower/model/errors.NewInternalError({0x21de060, 0x2d25a00}, {0x12473e0, 0xc005517a80})
			gitlab.nethead.at/symflower/symflower/model/errors/error.go:852 +0x4e
		gitlab.nethead.at/symflower/symflower/model/errors.NewProblemWithErrorSeverity(...)
			gitlab.nethead.at/symflower/symflower/model/errors/problem.go:321
		gitlab.nethead.at/symflower/symflower/model/ast.(*Scope).GetType(0xc0013d4150?, {0x2221c60, 0x1})
			gitlab.nethead.at/symflower/symflower/model/ast/scope.go:986 +0x85
		gitlab.nethead.at/symflower/symflower/model/ast.resolve(0xc000380360, {0x2205848?, 0xc000c43260}, 0xe0)
			gitlab.nethead.at/symflower/symflower/model/ast/type-resolve.go:362 +0x78
		gitlab.nethead.at/symflower/symflower/model/ast.ResolveWithPointers(...)
			gitlab.nethead.at/symflower/symflower/model/ast/type-resolve.go:326
		gitlab.nethead.at/symflower/symflower/model/ast.(*TypeGenericInstance).IsCompatibleType(0xc0016e0c80, 0xc000380360, {0x2205728?, 0xc000aac480?})
			gitlab.nethead.at/symflower/symflower/model/ast/type.go:3369 +0x230
		gitlab.nethead.at/symflower/symflower/language/java/symbol.(*transpiler).checkFunctionApplicability(0xc0003b7680, 0xc00125ae00, {0x0?, 0x0?}, {0x0?, 0xa9c0c5?, 0xc000b17210?}, {0xc005517a20, 0x1, 0x1})
			gitlab.nethead.at/symflower/symflower/language/java/symbol/overloading.go:406 +0x66b
		gitlab.nethead.at/symflower/symflower/language/java/symbol.(*transpiler).matchOverloadingFunction(0xc0003b7680, {0xc0016e40d0, 0x1, 0x1}, {0x0, 0x0}, {0x0, 0x0, 0x0}, {0xc005517a20, ...})
			gitlab.nethead.at/symflower/symflower/language/java/symbol/overloading.go:451 +0x217
		gitlab.nethead.at/symflower/symflower/language/java/symbol.(*transpiler).getFunction(0xc0003b7680, {0x0, 0x0}, {0xc000b17210, 0xe}, {0x0, 0x0, 0x0}, {0xc005517a20, 0x1, ...})
			gitlab.nethead.at/symflower/symflower/language/java/symbol/overloading.go:224 +0xd2
		gitlab.nethead.at/symflower/symflower/language/java/symbol.(*transpiler).handleMethodCallResolveOverloads(0xc0003b7680, {0xc000b17210, 0xe}, {0x0?, 0x0?}, {0x0?, 0x3d?, 0x0?}, {0xc005517a20, 0x1, ...})
			gitlab.nethead.at/symflower/symflower/language/java/symbol/handle.go:5426 +0x87
		gitlab.nethead.at/symflower/symflower/language/java/symbol.(*transpiler).handleExpressionMethodCall(0xc0003b7680, 0xc001252450, 0xc000d569c0)
			gitlab.nethead.at/symflower/symflower/language/java/symbol/handle.go:5568 +0x68b
		gitlab.nethead.at/symflower/symflower/language/java/symbol.(*transpiler).handleExpression(0xc0003b7680, 0xc001252450, {0x21f7d38, 0xc000d569c0})
			gitlab.nethead.at/symflower/symflower/language/java/symbol/handle.go:6903 +0x785
		gitlab.nethead.at/symflower/symflower/language/java/symbol.(*transpiler).handleStatementExpressionAssign(0xc0003b7680, 0xc001252450, 0xc000d5d400)
			gitlab.nethead.at/symflower/symflower/language/java/symbol/handle.go:3771 +0xe5
		gitlab.nethead.at/symflower/symflower/language/java/symbol.(*transpiler).handleStatementExpression(0xc0013d4b78?, 0x41aa94?, {0x21f79c8?, 0xc000d5d400?})
			gitlab.nethead.at/symflower/symflower/language/java/symbol/handle.go:3932 +0x53
		gitlab.nethead.at/symflower/symflower/language/java/symbol.(*transpiler).handleStatement(0xc0003b7680, 0xc001252450, {0x21f7238, 0xc000d67300})
			gitlab.nethead.at/symflower/symflower/language/java/symbol/handle.go:4415 +0x8aa
		gitlab.nethead.at/symflower/symflower/language/java/symbol.(*transpiler).handleStatements(0xc0003b7680, 0xc001252450, {0xc000059d40, 0x4, 0xc000081008?})
			gitlab.nethead.at/symflower/symflower/language/java/symbol/handle.go:3731 +0x85
		gitlab.nethead.at/symflower/symflower/language/java/symbol.(*transpiler).handleBlock.func1()
			gitlab.nethead.at/symflower/symflower/language/java/symbol/handle.go:3712 +0x45
		gitlab.nethead.at/symflower/symflower/model/ast.(*Scope).Scoped(0xc000380360, 0xc0013d4d50)
			gitlab.nethead.at/symflower/symflower/model/ast/scope.go:297 +0x162
		gitlab.nethead.at/symflower/symflower/language/java/symbol.(*transpiler).handleBlock(0xc0003b7680, 0xc001252450, 0xc000d53050)
			gitlab.nethead.at/symflower/symflower/language/java/symbol/handle.go:3711 +0x9e
		gitlab.nethead.at/symflower/symflower/language/java/symbol.(*transpiler).handleMethodDeclarationBody.(*transpiler).handleScopedBlockStatement.func2()
			gitlab.nethead.at/symflower/symflower/language/java/symbol/handle.go:2716 +0x205
		gitlab.nethead.at/symflower/symflower/model/ast.(*Scope).Scoped(0xc000380360, 0xc0013d5160)
			gitlab.nethead.at/symflower/symflower/model/ast/scope.go:297 +0x162
		gitlab.nethead.at/symflower/symflower/language/java/symbol.(*transpiler).handleScopedBlockStatement(...)
			gitlab.nethead.at/symflower/symflower/language/java/symbol/handle.go:2693
		gitlab.nethead.at/symflower/symflower/language/java/symbol.(*transpiler).handleMethodDeclarationBody(0xc0003b7680, 0xc001252450, {0x2208170, 0xc00124a540}, 0xc00125a600, 0x0)
			gitlab.nethead.at/symflower/symflower/language/java/symbol/handle.go:2523 +0x61b
		gitlab.nethead.at/symflower/symflower/language/java/symbol.(*transpiler).handleClassAndInterfaceDeclarationBodies(0xc0003b7680, 0xc001252450, 0xc00124a540)
			gitlab.nethead.at/symflower/symflower/language/java/symbol/handle.go:1534 +0x2f7
		gitlab.nethead.at/symflower/symflower/language/java/symbol.(*transpiler).handleClassDeclarationBodies(0xc0003b7680, 0xc001252450, 0xc00124a540)
			gitlab.nethead.at/symflower/symflower/language/java/symbol/handle.go:1419 +0x106
		gitlab.nethead.at/symflower/symflower/language/java/symbol.(*transpiler).handleBodies.func1(0xc001252450, {0x2207578, 0xc00124a540})
			gitlab.nethead.at/symflower/symflower/language/java/symbol/symbols.go:532 +0x1ff
		gitlab.nethead.at/symflower/symflower/language/java/symbol.(*transpiler).walkSubDeclarations(0xc0003b7680, 0xc001252450, 0xc0013d5760, 0xc0011ccde0, 0xc00124cc80, {0x2207578, 0xc00124a540})
			gitlab.nethead.at/symflower/symflower/language/java/symbol/symbols.go:869 +0x1ee
		gitlab.nethead.at/symflower/symflower/language/java/symbol.(*transpiler).walkFile(0xc0003b7680, 0x1, 0x2088c58, 0xc0013d5760, 0xc0011ccde0, 0xc00124cc80)
			gitlab.nethead.at/symflower/symflower/language/java/symbol/symbols.go:625 +0x3c5
		gitlab.nethead.at/symflower/symflower/language/java/symbol.(*transpiler).walkPackage(0xc0003b7680, 0x1, 0x2088c58, 0xc0013d5760, 0xc0011ccde0)
			gitlab.nethead.at/symflower/symflower/language/java/symbol/symbols.go:583 +0x225
		gitlab.nethead.at/symflower/symflower/language/java/symbol.(*transpiler).walkFilesAndDeclarations(0xc0003b7680, 0x1, 0x2088c58, 0xc0013d5760)
			gitlab.nethead.at/symflower/symflower/language/java/symbol/symbols.go:566 +0xa5
		gitlab.nethead.at/symflower/symflower/language/java/symbol.(*transpiler).handleBodies(0xc0003b7680)
			gitlab.nethead.at/symflower/symflower/language/java/symbol/symbols.go:513 +0x65
		gitlab.nethead.at/symflower/symflower/language/java/symbol.symbolsWithDependencies(0xc000010750, {0x0?, 0x41aa94?, 0x42a965?}, 0x1)
			gitlab.nethead.at/symflower/symflower/language/java/symbol/symbols.go:486 +0x147
		gitlab.nethead.at/symflower/symflower/language/java/symbol.Symbols(0xc000010750, 0x1)
			gitlab.nethead.at/symflower/symflower/language/java/symbol/symbols.go:457 +0xf2
		gitlab.nethead.at/symflower/symflower/language/java.Adapter.Symbols(...)
			gitlab.nethead.at/symflower/symflower/language/java/symbols.go:29
		gitlab.nethead.at/symflower/symflower/cmd/symflower-local/generate.(*Generator).transpileLanguage(0xc00043d380, 0x0, 0x0, {0x220c620, 0x2e6b360})
			gitlab.nethead.at/symflower/symflower/cmd/symflower-local/generate/generate.go:136 +0x373
		gitlab.nethead.at/symflower/symflower/cmd/symflower-local/generate.(*Generator).Symbols(0xc00043d380, 0x0, 0x0)
			gitlab.nethead.at/symflower/symflower/cmd/symflower-local/generate/generate.go:94 +0x136
		gitlab.nethead.at/symflower/symflower/cmd/symflower-local/generate.(*AnalyzeEngineDefault).UnitTests(0x34?, 0x124bba0?, {0x21eb890?, 0xc00004cde0?}, {0xc0?, 0xc1?, 0x50?, 0x0?}, 0x34?, {0xc0000ff170, ...})
			gitlab.nethead.at/symflower/symflower/cmd/symflower-local/generate/analyze.go:153 +0x77
		gitlab.nethead.at/symflower/symflower/cmd/symflower-local/cmd.(*commandUnitTests).Execute(0xc0005103d8, {0xc000510008?, 0x7ab188083218?, 0xc0005103d8?})
			gitlab.nethead.at/symflower/symflower/cmd/symflower-local/cmd/unit-tests.go:85 +0x2a6
		gitlab.nethead.at/symflower/symflower/cmd.ExecuteNoExit({0x21de020, 0xc000510008}, {0xc00003e050?, 0x44?, 0x0?})
			gitlab.nethead.at/symflower/symflower/cmd/execute.go:59 +0x2ad
		gitlab.nethead.at/symflower/symflower/cmd.Execute({0x21de020?, 0xc000510008?}, {0xc00003e050?, 0xc000416000?, 0xc000507f10?})
			gitlab.nethead.at/symflower/symflower/cmd/execute.go:17 +0x26
		gitlab.nethead.at/symflower/symflower/cmd.ExecuteWithOSArguments(...)
			gitlab.nethead.at/symflower/symflower/cmd/execute.go:78
		main.main.func1()
			gitlab.nethead.at/symflower/symflower/cmd/symflower-demo/main.go:39 +0x34
		gitlab.nethead.at/symflower/symflower/cmd/symflower-local/cmd.(*Command).WithPanicReporter(0xc0000b2060?, 0x0?)
			gitlab.nethead.at/symflower/symflower/cmd/symflower-local/cmd/cmd.go:151 +0x33
		main.main()
			gitlab.nethead.at/symflower/symflower/cmd/symflower-demo/main.go:38 +0x7f
src/main/java/com/fasterxml/jackson/databind/introspect/POJOPropertyBuilder.java: error: error: unresolved type
	data: reference(T)
	child error: (error) Internal error: unknown type:
		"T"
		Stacktrace: goroutine 1 [running]:
		gitlab.nethead.at/symflower/symflower/model/errors.NewInternalError({0x21de060, 0x2d25a00}, {0x12473e0, 0xc000fa8600})
			gitlab.nethead.at/symflower/symflower/model/errors/error.go:852 +0x4e
		gitlab.nethead.at/symflower/symflower/model/errors.NewProblemWithErrorSeverity(...)
			gitlab.nethead.at/symflower/symflower/model/errors/problem.go:321
		gitlab.nethead.at/symflower/symflower/model/ast.(*Scope).GetType(0xc0067b2150?, {0x2221c60, 0x1})
			gitlab.nethead.at/symflower/symflower/model/ast/scope.go:986 +0x85
		gitlab.nethead.at/symflower/symflower/model/ast.resolve(0xc000380360, {0x2205848?, 0xc000c436e0}, 0xe0)
			gitlab.nethead.at/symflower/symflower/model/ast/type-resolve.go:362 +0x78
		gitlab.nethead.at/symflower/symflower/model/ast.ResolveWithPointers(...)
			gitlab.nethead.at/symflower/symflower/model/ast/type-resolve.go:326
		gitlab.nethead.at/symflower/symflower/model/ast.(*TypeGenericInstance).IsCompatibleType(0xc0016e0f00, 0xc000380360, {0x2205728?, 0xc000aac480?})
			gitlab.nethead.at/symflower/symflower/model/ast/type.go:3369 +0x230
		gitlab.nethead.at/symflower/symflower/language/java/symbol.(*transpiler).checkFunctionApplicability(0xc0003b7680, 0xc00125b000, {0x0?, 0x0?}, {0x0?, 0xa9c0c5?, 0xc000b0b1a0?}, {0xc000fa8550, 0x1, 0x1})
			gitlab.nethead.at/symflower/symflower/language/java/symbol/overloading.go:406 +0x66b
		gitlab.nethead.at/symflower/symflower/language/java/symbol.(*transpiler).matchOverloadingFunction(0xc0003b7680, {0xc0016e40e0, 0x1, 0x1}, {0x0, 0x0}, {0x0, 0x0, 0x0}, {0xc000fa8550, ...})
			gitlab.nethead.at/symflower/symflower/language/java/symbol/overloading.go:451 +0x217
		gitlab.nethead.at/symflower/symflower/language/java/symbol.(*transpiler).getFunction(0xc0003b7680, {0x0, 0x0}, {0xc000b0b1a0, 0x11}, {0x0, 0x0, 0x0}, {0xc000fa8550, 0x1, ...})
			gitlab.nethead.at/symflower/symflower/language/java/symbol/overloading.go:224 +0xd2
		gitlab.nethead.at/symflower/symflower/language/java/symbol.(*transpiler).handleMethodCallResolveOverloads(0xc0003b7680, {0xc000b0b1a0, 0x11}, {0x0?, 0x0?}, {0x0?, 0x3d?, 0x0?}, {0xc000fa8550, 0x1, ...})
			gitlab.nethead.at/symflower/symflower/language/java/symbol/handle.go:5426 +0x87
		gitlab.nethead.at/symflower/symflower/language/java/symbol.(*transpiler).handleExpressionMethodCall(0xc0003b7680, 0xc001252450, 0xc000d57140)
			gitlab.nethead.at/symflower/symflower/language/java/symbol/handle.go:5568 +0x68b
		gitlab.nethead.at/symflower/symflower/language/java/symbol.(*transpiler).handleExpression(0xc0003b7680, 0xc001252450, {0x21f7d38, 0xc000d57140})
			gitlab.nethead.at/symflower/symflower/language/java/symbol/handle.go:6903 +0x785
		gitlab.nethead.at/symflower/symflower/language/java/symbol.(*transpiler).handleStatementExpressionAssign(0xc0003b7680, 0xc001252450, 0xc000d6e640)
			gitlab.nethead.at/symflower/symflower/language/java/symbol/handle.go:3771 +0xe5
		gitlab.nethead.at/symflower/symflower/language/java/symbol.(*transpiler).handleStatementExpression(0xc0067b2b78?, 0x41aa94?, {0x21f79c8?, 0xc000d6e640?})
			gitlab.nethead.at/symflower/symflower/language/java/symbol/handle.go:3932 +0x53
		gitlab.nethead.at/symflower/symflower/language/java/symbol.(*transpiler).handleStatement(0xc0003b7680, 0xc001252450, {0x21f7238, 0xc000d70d00})
			gitlab.nethead.at/symflower/symflower/language/java/symbol/handle.go:4415 +0x8aa
		gitlab.nethead.at/symflower/symflower/language/java/symbol.(*transpiler).handleStatements(0xc0003b7680, 0xc001252450, {0xc000d6c080, 0x4, 0xc000403808?})
			gitlab.nethead.at/symflower/symflower/language/java/symbol/handle.go:3731 +0x85
		gitlab.nethead.at/symflower/symflower/language/java/symbol.(*transpiler).handleBlock.func1()
			gitlab.nethead.at/symflower/symflower/language/java/symbol/handle.go:3712 +0x45
		gitlab.nethead.at/symflower/symflower/model/ast.(*Scope).Scoped(0xc000380360, 0xc0067b2d50)
			gitlab.nethead.at/symflower/symflower/model/ast/scope.go:297 +0x162
		gitlab.nethead.at/symflower/symflower/language/java/symbol.(*transpiler).handleBlock(0xc0003b7680, 0xc001252450, 0xc000d53560)
			gitlab.nethead.at/symflower/symflower/language/java/symbol/handle.go:3711 +0x9e
		gitlab.nethead.at/symflower/symflower/language/java/symbol.(*transpiler).handleMethodDeclarationBody.(*transpiler).handleScopedBlockStatement.func2()
			gitlab.nethead.at/symflower/symflower/language/java/symbol/handle.go:2716 +0x205
		gitlab.nethead.at/symflower/symflower/model/ast.(*Scope).Scoped(0xc000380360, 0xc0067b3160)
			gitlab.nethead.at/symflower/symflower/model/ast/scope.go:297 +0x162
		gitlab.nethead.at/symflower/symflower/language/java/symbol.(*transpiler).handleScopedBlockStatement(...)
			gitlab.nethead.at/symflower/symflower/language/java/symbol/handle.go:2693
		gitlab.nethead.at/symflower/symflower/language/java/symbol.(*transpiler).handleMethodDeclarationBody(0xc0003b7680, 0xc001252450, {0x2208170, 0xc00124a540}, 0xc00125a900, 0x0)
			gitlab.nethead.at/symflower/symflower/language/java/symbol/handle.go:2523 +0x61b
		gitlab.nethead.at/symflower/symflower/language/java/symbol.(*transpiler).handleClassAndInterfaceDeclarationBodies(0xc0003b7680, 0xc001252450, 0xc00124a540)
			gitlab.nethead.at/symflower/symflower/language/java/symbol/handle.go:1534 +0x2f7
		gitlab.nethead.at/symflower/symflower/language/java/symbol.(*transpiler).handleClassDeclarationBodies(0xc0003b7680, 0xc001252450, 0xc00124a540)
			gitlab.nethead.at/symflower/symflower/language/java/symbol/handle.go:1419 +0x106
		gitlab.nethead.at/symflower/symflower/language/java/symbol.(*transpiler).handleBodies.func1(0xc001252450, {0x2207578, 0xc00124a540})
			gitlab.nethead.at/symflower/symflower/language/java/symbol/symbols.go:532 +0x1ff
		gitlab.nethead.at/symflower/symflower/language/java/symbol.(*transpiler).walkSubDeclarations(0xc0003b7680, 0xc001252450, 0xc0067b3760, 0xc0011ccde0, 0xc00124cc80, {0x2207578, 0xc00124a540})
			gitlab.nethead.at/symflower/symflower/language/java/symbol/symbols.go:869 +0x1ee
		gitlab.nethead.at/symflower/symflower/language/java/symbol.(*transpiler).walkFile(0xc0003b7680, 0x1, 0x2088c58, 0xc0067b3760, 0xc0011ccde0, 0xc00124cc80)
			gitlab.nethead.at/symflower/symflower/language/java/symbol/symbols.go:625 +0x3c5
		gitlab.nethead.at/symflower/symflower/language/java/symbol.(*transpiler).walkPackage(0xc0003b7680, 0x1, 0x2088c58, 0xc0067b3760, 0xc0011ccde0)
			gitlab.nethead.at/symflower/symflower/language/java/symbol/symbols.go:583 +0x225
		gitlab.nethead.at/symflower/symflower/language/java/symbol.(*transpiler).walkFilesAndDeclarations(0xc0003b7680, 0x1, 0x2088c58, 0xc0067b3760)
			gitlab.nethead.at/symflower/symflower/language/java/symbol/symbols.go:566 +0xa5
		gitlab.nethead.at/symflower/symflower/language/java/symbol.(*transpiler).handleBodies(0xc0003b7680)
			gitlab.nethead.at/symflower/symflower/language/java/symbol/symbols.go:513 +0x65
		gitlab.nethead.at/symflower/symflower/language/java/symbol.symbolsWithDependencies(0xc000010750, {0x0?, 0x41aa94?, 0x42a965?}, 0x1)
			gitlab.nethead.at/symflower/symflower/language/java/symbol/symbols.go:486 +0x147
		gitlab.nethead.at/symflower/symflower/language/java/symbol.Symbols(0xc000010750, 0x1)
			gitlab.nethead.at/symflower/symflower/language/java/symbol/symbols.go:457 +0xf2
		gitlab.nethead.at/symflower/symflower/language/java.Adapter.Symbols(...)
			gitlab.nethead.at/symflower/symflower/language/java/symbols.go:29
		gitlab.nethead.at/symflower/symflower/cmd/symflower-local/generate.(*Generator).transpileLanguage(0xc00043d380, 0x0, 0x0, {0x220c620, 0x2e6b360})
			gitlab.nethead.at/symflower/symflower/cmd/symflower-local/generate/generate.go:136 +0x373
		gitlab.nethead.at/symflower/symflower/cmd/symflower-local/generate.(*Generator).Symbols(0xc00043d380, 0x0, 0x0)
			gitlab.nethead.at/symflower/symflower/cmd/symflower-local/generate/generate.go:94 +0x136
		gitlab.nethead.at/symflower/symflower/cmd/symflower-local/generate.(*AnalyzeEngineDefault).UnitTests(0x34?, 0x124bba0?, {0x21eb890?, 0xc00004cde0?}, {0xc0?, 0xc1?, 0x50?, 0x0?}, 0x34?, {0xc0000ff170, ...})
			gitlab.nethead.at/symflower/symflower/cmd/symflower-local/generate/analyze.go:153 +0x77
		gitlab.nethead.at/symflower/symflower/cmd/symflower-local/cmd.(*commandUnitTests).Execute(0xc0005103d8, {0xc000510008?, 0x7ab188083218?, 0xc0005103d8?})
			gitlab.nethead.at/symflower/symflower/cmd/symflower-local/cmd/unit-tests.go:85 +0x2a6
		gitlab.nethead.at/symflower/symflower/cmd.ExecuteNoExit({0x21de020, 0xc000510008}, {0xc00003e050?, 0x44?, 0x0?})
			gitlab.nethead.at/symflower/symflower/cmd/execute.go:59 +0x2ad
		gitlab.nethead.at/symflower/symflower/cmd.Execute({0x21de020?, 0xc000510008?}, {0xc00003e050?, 0xc000416000?, 0xc000507f10?})
			gitlab.nethead.at/symflower/symflower/cmd/execute.go:17 +0x26
		gitlab.nethead.at/symflower/symflower/cmd.ExecuteWithOSArguments(...)
			gitlab.nethead.at/symflower/symflower/cmd/execute.go:78
		main.main.func1()
			gitlab.nethead.at/symflower/symflower/cmd/symflower-demo/main.go:39 +0x34
		gitlab.nethead.at/symflower/symflower/cmd/symflower-local/cmd.(*Command).WithPanicReporter(0xc0000b2060?, 0x0?)
			gitlab.nethead.at/symflower/symflower/cmd/symflower-local/cmd/cmd.go:151 +0x33
		main.main()
			gitlab.nethead.at/symflower/symflower/cmd/symflower-demo/main.go:38 +0x7f
src/main/java/com/fasterxml/jackson/databind/introspect/POJOPropertyBuilder.java: error: error: unresolved type
	data: reference(T)
	child error: (error) Internal error: unknown type:
		"T"
		Stacktrace: goroutine 1 [running]:
		gitlab.nethead.at/symflower/symflower/model/errors.NewInternalError({0x21de060, 0x2d25a00}, {0x12473e0, 0xc0059bcc80})
			gitlab.nethead.at/symflower/symflower/model/errors/error.go:852 +0x4e
		gitlab.nethead.at/symflower/symflower/model/errors.NewProblemWithErrorSeverity(...)
			gitlab.nethead.at/symflower/symflower/model/errors/problem.go:321
		gitlab.nethead.at/symflower/symflower/model/ast.(*Scope).GetType(0xc0067b1e20?, {0x2221c60, 0x1})
			gitlab.nethead.at/symflower/symflower/model/ast/scope.go:986 +0x85
		gitlab.nethead.at/symflower/symflower/model/ast.resolve(0xc000380360, {0x2205848?, 0xc000c43d20}, 0xe0)
			gitlab.nethead.at/symflower/symflower/model/ast/type-resolve.go:362 +0x78
		gitlab.nethead.at/symflower/symflower/model/ast.ResolveWithPointers(...)
			gitlab.nethead.at/symflower/symflower/model/ast/type-resolve.go:326
		gitlab.nethead.at/symflower/symflower/model/ast.(*TypeGenericInstance).IsCompatibleType(0xc0016e1140, 0xc000380360, {0x2205728?, 0xc000aac580?})
			gitlab.nethead.at/symflower/symflower/model/ast/type.go:3369 +0x230
		gitlab.nethead.at/symflower/symflower/language/java/symbol.(*transpiler).checkFunctionApplicability(0xc0003b7680, 0xc00125b400, {0x0?, 0x0?}, {0x0?, 0xa9c0c5?, 0xc000c4a4a0?}, {0xc0059bcc20, 0x1, 0x1})
			gitlab.nethead.at/symflower/symflower/language/java/symbol/overloading.go:406 +0x66b
		gitlab.nethead.at/symflower/symflower/language/java/symbol.(*transpiler).matchOverloadingFunction(0xc0003b7680, {0xc0016e4100, 0x1, 0x1}, {0x0, 0x0}, {0x0, 0x0, 0x0}, {0xc0059bcc20, ...})
			gitlab.nethead.at/symflower/symflower/language/java/symbol/overloading.go:451 +0x217
		gitlab.nethead.at/symflower/symflower/language/java/symbol.(*transpiler).getFunction(0xc0003b7680, {0x0, 0x0}, {0xc000c4a4a0, 0xb}, {0x0, 0x0, 0x0}, {0xc0059bcc20, 0x1, ...})
			gitlab.nethead.at/symflower/symflower/language/java/symbol/overloading.go:224 +0xd2
		gitlab.nethead.at/symflower/symflower/language/java/symbol.(*transpiler).handleMethodCallResolveOverloads(0xc0003b7680, {0xc000c4a4a0, 0xb}, {0x0?, 0x0?}, {0x0?, 0x1600033b000011?, 0xc0003b7680?}, {0xc0059bcc20, 0x1, ...})
			gitlab.nethead.at/symflower/symflower/language/java/symbol/handle.go:5426 +0x87
		gitlab.nethead.at/symflower/symflower/language/java/symbol.(*transpiler).handleExpressionMethodCall(0xc0003b7680, 0xc001252450, 0xc000d7cf00)
			gitlab.nethead.at/symflower/symflower/language/java/symbol/handle.go:5568 +0x68b
		gitlab.nethead.at/symflower/symflower/language/java/symbol.(*transpiler).handleExpression(0xc0003b7680, 0xc001252450, {0x21f7d38, 0xc000d7cf00})
			gitlab.nethead.at/symflower/symflower/language/java/symbol/handle.go:6903 +0x785
		gitlab.nethead.at/symflower/symflower/language/java/symbol.(*transpiler).handleExpressionBinary(0xc0003b7680, 0xc001252450, 0xc000d85360)
			gitlab.nethead.at/symflower/symflower/language/java/symbol/handle.go:4912 +0x78
		gitlab.nethead.at/symflower/symflower/language/java/symbol.(*transpiler).handleExpression(0xc0003b7680, 0xc001252450, {0x21f7a20, 0xc000d85360})
			gitlab.nethead.at/symflower/symflower/language/java/symbol/handle.go:6879 +0x6ae
		gitlab.nethead.at/symflower/symflower/language/java/symbol.(*transpiler).handleExpressionBinary(0xc0003b7680, 0xc001252450, 0xc000d85400)
			gitlab.nethead.at/symflower/symflower/language/java/symbol/handle.go:4907 +0x3a
		gitlab.nethead.at/symflower/symflower/language/java/symbol.(*transpiler).handleExpression(0xc0003b7680, 0xc001252450, {0x21f7a20, 0xc000d85400})
			gitlab.nethead.at/symflower/symflower/language/java/symbol/handle.go:6879 +0x6ae
		gitlab.nethead.at/symflower/symflower/language/java/symbol.(*transpiler).handleExpressionBinary(0xc0003b7680, 0xc001252450, 0xc000d854a0)
			gitlab.nethead.at/symflower/symflower/language/java/symbol/handle.go:4907 +0x3a
		gitlab.nethead.at/symflower/symflower/language/java/symbol.(*transpiler).handleExpression(0xc0003b7680, 0xc001252450, {0x21f7a20, 0xc000d854a0})
			gitlab.nethead.at/symflower/symflower/language/java/symbol/handle.go:6879 +0x6ae
		gitlab.nethead.at/symflower/symflower/language/java/symbol.(*transpiler).handleStatementReturn(0xc0003b7680, 0xc001252450, 0xc000d8ca80)
			gitlab.nethead.at/symflower/symflower/language/java/symbol/handle.go:4352 +0x7c
		gitlab.nethead.at/symflower/symflower/language/java/symbol.(*transpiler).handleStatement(0xc0003b7680, 0xc001252450, {0x21f74a0, 0xc000d8ca80})
			gitlab.nethead.at/symflower/symflower/language/java/symbol/handle.go:4423 +0x745
		gitlab.nethead.at/symflower/symflower/language/java/symbol.(*transpiler).handleStatements(0xc0003b7680, 0xc001252450, {0xc000a7f3e0, 0x1, 0xc000403808?})
			gitlab.nethead.at/symflower/symflower/language/java/symbol/handle.go:3731 +0x85
		gitlab.nethead.at/symflower/symflower/language/java/symbol.(*transpiler).handleBlock.func1()
			gitlab.nethead.at/symflower/symflower/language/java/symbol/handle.go:3712 +0x45
		gitlab.nethead.at/symflower/symflower/model/ast.(*Scope).Scoped(0xc000380360, 0xc0067b2d50)
			gitlab.nethead.at/symflower/symflower/model/ast/scope.go:297 +0x162
		gitlab.nethead.at/symflower/symflower/language/java/symbol.(*transpiler).handleBlock(0xc0003b7680, 0xc001252450, 0xc000d80ab0)
			gitlab.nethead.at/symflower/symflower/language/java/symbol/handle.go:3711 +0x9e
		gitlab.nethead.at/symflower/symflower/language/java/symbol.(*transpiler).handleMethodDeclarationBody.(*transpiler).handleScopedBlockStatement.func2()
			gitlab.nethead.at/symflower/symflower/language/java/symbol/handle.go:2716 +0x205
		gitlab.nethead.at/symflower/symflower/model/ast.(*Scope).Scoped(0xc000380360, 0xc0067b3160)
			gitlab.nethead.at/symflower/symflower/model/ast/scope.go:297 +0x162
		gitlab.nethead.at/symflower/symflower/language/java/symbol.(*transpiler).handleScopedBlockStatement(...)
			gitlab.nethead.at/symflower/symflower/language/java/symbol/handle.go:2693
		gitlab.nethead.at/symflower/symflower/language/java/symbol.(*transpiler).handleMethodDeclarationBody(0xc0003b7680, 0xc001252450, {0x2208170, 0xc00124a540}, 0xc00125b300, 0x0)
			gitlab.nethead.at/symflower/symflower/language/java/symbol/handle.go:2523 +0x61b
		gitlab.nethead.at/symflower/symflower/language/java/symbol.(*transpiler).handleClassAndInterfaceDeclarationBodies(0xc0003b7680, 0xc001252450, 0xc00124a540)
			gitlab.nethead.at/symflower/symflower/language/java/symbol/handle.go:1534 +0x2f7
		gitlab.nethead.at/symflower/symflower/language/java/symbol.(*transpiler).handleClassDeclarationBodies(0xc0003b7680, 0xc001252450, 0xc00124a540)
			gitlab.nethead.at/symflower/symflower/language/java/symbol/handle.go:1419 +0x106
		gitlab.nethead.at/symflower/symflower/language/java/symbol.(*transpiler).handleBodies.func1(0xc001252450, {0x2207578, 0xc00124a540})
			gitlab.nethead.at/symflower/symflower/language/java/symbol/symbols.go:532 +0x1ff
		gitlab.nethead.at/symflower/symflower/language/java/symbol.(*transpiler).walkSubDeclarations(0xc0003b7680, 0xc001252450, 0xc0067b3760, 0xc0011ccde0, 0xc00124cc80, {0x2207578, 0xc00124a540})
			gitlab.nethead.at/symflower/symflower/language/java/symbol/symbols.go:869 +0x1ee
		gitlab.nethead.at/symflower/symflower/language/java/symbol.(*transpiler).walkFile(0xc0003b7680, 0x1, 0x2088c58, 0xc0067b3760, 0xc0011ccde0, 0xc00124cc80)
			gitlab.nethead.at/symflower/symflower/language/java/symbol/symbols.go:625 +0x3c5
		gitlab.nethead.at/symflower/symflower/language/java/symbol.(*transpiler).walkPackage(0xc0003b7680, 0x1, 0x2088c58, 0xc0067b3760, 0xc0011ccde0)
			gitlab.nethead.at/symflower/symflower/language/java/symbol/symbols.go:583 +0x225
		gitlab.nethead.at/symflower/symflower/language/java/symbol.(*transpiler).walkFilesAndDeclarations(0xc0003b7680, 0x1, 0x2088c58, 0xc0067b3760)
			gitlab.nethead.at/symflower/symflower/language/java/symbol/symbols.go:566 +0xa5
		gitlab.nethead.at/symflower/symflower/language/java/symbol.(*transpiler).handleBodies(0xc0003b7680)
			gitlab.nethead.at/symflower/symflower/language/java/symbol/symbols.go:513 +0x65
		gitlab.nethead.at/symflower/symflower/language/java/symbol.symbolsWithDependencies(0xc000010750, {0x0?, 0x41aa94?, 0x42a965?}, 0x1)
			gitlab.nethead.at/symflower/symflower/language/java/symbol/symbols.go:486 +0x147
		gitlab.nethead.at/symflower/symflower/language/java/symbol.Symbols(0xc000010750, 0x1)
			gitlab.nethead.at/symflower/symflower/language/java/symbol/symbols.go:457 +0xf2
		gitlab.nethead.at/symflower/symflower/language/java.Adapter.Symbols(...)
			gitlab.nethead.at/symflower/symflower/language/java/symbols.go:29
		gitlab.nethead.at/symflower/symflower/cmd/symflower-local/generate.(*Generator).transpileLanguage(0xc00043d380, 0x0, 0x0, {0x220c620, 0x2e6b360})
			gitlab.nethead.at/symflower/symflower/cmd/symflower-local/generate/generate.go:136 +0x373
		gitlab.nethead.at/symflower/symflower/cmd/symflower-local/generate.(*Generator).Symbols(0xc00043d380, 0x0, 0x0)
			gitlab.nethead.at/symflower/symflower/cmd/symflower-local/generate/generate.go:94 +0x136
		gitlab.nethead.at/symflower/symflower/cmd/symflower-local/generate.(*AnalyzeEngineDefault).UnitTests(0x34?, 0x124bba0?, {0x21eb890?, 0xc00004cde0?}, {0xc0?, 0xc1?, 0x50?, 0x0?}, 0x34?, {0xc0000ff170, ...})
			gitlab.nethead.at/symflower/symflower/cmd/symflower-local/generate/analyze.go:153 +0x77
		gitlab.nethead.at/symflower/symflower/cmd/symflower-local/cmd.(*commandUnitTests).Execute(0xc0005103d8, {0xc000510008?, 0x7ab188083218?, 0xc0005103d8?})
			gitlab.nethead.at/symflower/symflower/cmd/symflower-local/cmd/unit-tests.go:85 +0x2a6
		gitlab.nethead.at/symflower/symflower/cmd.ExecuteNoExit({0x21de020, 0xc000510008}, {0xc00003e050?, 0x44?, 0x0?})
			gitlab.nethead.at/symflower/symflower/cmd/execute.go:59 +0x2ad
		gitlab.nethead.at/symflower/symflower/cmd.Execute({0x21de020?, 0xc000510008?}, {0xc00003e050?, 0xc000416000?, 0xc000507f10?})
			gitlab.nethead.at/symflower/symflower/cmd/execute.go:17 +0x26
		gitlab.nethead.at/symflower/symflower/cmd.ExecuteWithOSArguments(...)
			gitlab.nethead.at/symflower/symflower/cmd/execute.go:78
		main.main.func1()
			gitlab.nethead.at/symflower/symflower/cmd/symflower-demo/main.go:39 +0x34
		gitlab.nethead.at/symflower/symflower/cmd/symflower-local/cmd.(*Command).WithPanicReporter(0xc0000b2060?, 0x0?)
			gitlab.nethead.at/symflower/symflower/cmd/symflower-local/cmd/cmd.go:151 +0x33
		main.main()
			gitlab.nethead.at/symflower/symflower/cmd/symflower-demo/main.go:38 +0x7f
src/main/java/com/fasterxml/jackson/databind/introspect/POJOPropertyBuilder.java: error: unknown type
	data: SuppressWarnings
src/main/java/com/fasterxml/jackson/databind/introspect/POJOPropertyBuilder.java: error: error: unresolved type
	data: reference(T)
	child error: (error) Internal error: unknown type:
		"T"
		Stacktrace: goroutine 1 [running]:
		gitlab.nethead.at/symflower/symflower/model/errors.NewInternalError({0x21de060, 0x2d25a00}, {0x12473e0, 0xc00004d5e0})
			gitlab.nethead.at/symflower/symflower/model/errors/error.go:852 +0x4e
		gitlab.nethead.at/symflower/symflower/model/errors.NewProblemWithErrorSeverity(...)
			gitlab.nethead.at/symflower/symflower/model/errors/problem.go:321
		gitlab.nethead.at/symflower/symflower/model/ast.(*Scope).GetType(0xc0049bdf70?, {0x2221c60, 0x1})
			gitlab.nethead.at/symflower/symflower/model/ast/scope.go:986 +0x85
		gitlab.nethead.at/symflower/symflower/model/ast.resolve(0xc000380360, {0x2205848?, 0xc000c43aa0}, 0xe0)
			gitlab.nethead.at/symflower/symflower/model/ast/type-resolve.go:362 +0x78
		gitlab.nethead.at/symflower/symflower/model/ast.ResolveWithPointers(...)
			gitlab.nethead.at/symflower/symflower/model/ast/type-resolve.go:326
		gitlab.nethead.at/symflower/symflower/model/ast.(*TypeGenericInstance).IsCompatibleType(0xc0016e1080, 0xc000380360, {0x2205728?, 0xc000aac600?})
			gitlab.nethead.at/symflower/symflower/model/ast/type.go:3369 +0x230
		gitlab.nethead.at/symflower/symflower/language/java/symbol.(*transpiler).checkFunctionApplicability(0xc0003b7680, 0xc00125b200, {0x0?, 0x0?}, {0x0?, 0xa9c0c5?, 0xc0003db938?}, {0xc00004d4c0, 0x1, 0x1})
			gitlab.nethead.at/symflower/symflower/language/java/symbol/overloading.go:406 +0x66b
		gitlab.nethead.at/symflower/symflower/language/java/symbol.(*transpiler).matchOverloadingFunction(0xc0003b7680, {0xc0016e40f0, 0x1, 0x1}, {0x0, 0x0}, {0x0, 0x0, 0x0}, {0xc00004d4c0, ...})
			gitlab.nethead.at/symflower/symflower/language/java/symbol/overloading.go:451 +0x217
		gitlab.nethead.at/symflower/symflower/language/java/symbol.(*transpiler).getFunction(0xc0003b7680, {0x0, 0x0}, {0xc0003db938, 0x11}, {0x0, 0x0, 0x0}, {0xc00004d4c0, 0x1, ...})
			gitlab.nethead.at/symflower/symflower/language/java/symbol/overloading.go:224 +0xd2
		gitlab.nethead.at/symflower/symflower/language/java/symbol.(*transpiler).handleMethodCallResolveOverloads(0xc0003b7680, {0xc0003db938, 0x11}, {0x0?, 0x0?}, {0x0?, 0x40?, 0xc0003b7680?}, {0xc00004d4c0, 0x1, ...})
			gitlab.nethead.at/symflower/symflower/language/java/symbol/handle.go:5426 +0x87
		gitlab.nethead.at/symflower/symflower/language/java/symbol.(*transpiler).handleExpressionMethodCall(0xc0003b7680, 0xc001252450, 0xc000d08cc0)
			gitlab.nethead.at/symflower/symflower/language/java/symbol/handle.go:5568 +0x68b
		gitlab.nethead.at/symflower/symflower/language/java/symbol.(*transpiler).handleExpression(0xc0003b7680, 0xc001252450, {0x21f7d38, 0xc000d08cc0})
			gitlab.nethead.at/symflower/symflower/language/java/symbol/handle.go:6903 +0x785
		gitlab.nethead.at/symflower/symflower/language/java/symbol.(*transpiler).handleExpressionBinary(0xc0003b7680, 0xc001252450, 0xc000a73a40)
			gitlab.nethead.at/symflower/symflower/language/java/symbol/handle.go:4912 +0x78
		gitlab.nethead.at/symflower/symflower/language/java/symbol.(*transpiler).handleExpression(0xc0003b7680, 0xc001252450, {0x21f7a20, 0xc000a73a40})
			gitlab.nethead.at/symflower/symflower/language/java/symbol/handle.go:6879 +0x6ae
		gitlab.nethead.at/symflower/symflower/language/java/symbol.(*transpiler).handleExpressionBinary(0xc0003b7680, 0xc001252450, 0xc000a73ae0)
			gitlab.nethead.at/symflower/symflower/language/java/symbol/handle.go:4907 +0x3a
		gitlab.nethead.at/symflower/symflower/language/java/symbol.(*transpiler).handleExpression(0xc0003b7680, 0xc001252450, {0x21f7a20, 0xc000a73ae0})
			gitlab.nethead.at/symflower/symflower/language/java/symbol/handle.go:6879 +0x6ae
		gitlab.nethead.at/symflower/symflower/language/java/symbol.(*transpiler).handleStatementReturn(0xc0003b7680, 0xc001252450, 0xc000d0e600)
			gitlab.nethead.at/symflower/symflower/language/java/symbol/handle.go:4352 +0x7c
		gitlab.nethead.at/symflower/symflower/language/java/symbol.(*transpiler).handleStatement(0xc0003b7680, 0xc001252450, {0x21f74a0, 0xc000d0e600})
			gitlab.nethead.at/symflower/symflower/language/java/symbol/handle.go:4423 +0x745
		gitlab.nethead.at/symflower/symflower/language/java/symbol.(*transpiler).handleStatements(0xc0003b7680, 0xc001252450, {0xc000a7e240, 0x1, 0xc000081808?})
			gitlab.nethead.at/symflower/symflower/language/java/symbol/handle.go:3731 +0x85
		gitlab.nethead.at/symflower/symflower/language/java/symbol.(*transpiler).handleBlock.func1()
			gitlab.nethead.at/symflower/symflower/language/java/symbol/handle.go:3712 +0x45
		gitlab.nethead.at/symflower/symflower/model/ast.(*Scope).Scoped(0xc000380360, 0xc0049bed50)
			gitlab.nethead.at/symflower/symflower/model/ast/scope.go:297 +0x162
		gitlab.nethead.at/symflower/symflower/language/java/symbol.(*transpiler).handleBlock(0xc0003b7680, 0xc001252450, 0xc000a76cf0)
			gitlab.nethead.at/symflower/symflower/language/java/symbol/handle.go:3711 +0x9e
		gitlab.nethead.at/symflower/symflower/language/java/symbol.(*transpiler).handleMethodDeclarationBody.(*transpiler).handleScopedBlockStatement.func2()
			gitlab.nethead.at/symflower/symflower/language/java/symbol/handle.go:2716 +0x205
		gitlab.nethead.at/symflower/symflower/model/ast.(*Scope).Scoped(0xc000380360, 0xc0049bf160)
			gitlab.nethead.at/symflower/symflower/model/ast/scope.go:297 +0x162
		gitlab.nethead.at/symflower/symflower/language/java/symbol.(*transpiler).handleScopedBlockStatement(...)
			gitlab.nethead.at/symflower/symflower/language/java/symbol/handle.go:2693
		gitlab.nethead.at/symflower/symflower/language/java/symbol.(*transpiler).handleMethodDeclarationBody(0xc0003b7680, 0xc001252450, {0x2208170, 0xc00124a540}, 0xc001256100, 0x0)
			gitlab.nethead.at/symflower/symflower/language/java/symbol/handle.go:2523 +0x61b
		gitlab.nethead.at/symflower/symflower/language/java/symbol.(*transpiler).handleClassAndInterfaceDeclarationBodies(0xc0003b7680, 0xc001252450, 0xc00124a540)
			gitlab.nethead.at/symflower/symflower/language/java/symbol/handle.go:1534 +0x2f7
		gitlab.nethead.at/symflower/symflower/language/java/symbol.(*transpiler).handleClassDeclarationBodies(0xc0003b7680, 0xc001252450, 0xc00124a540)
			gitlab.nethead.at/symflower/symflower/language/java/symbol/handle.go:1419 +0x106
		gitlab.nethead.at/symflower/symflower/language/java/symbol.(*transpiler).handleBodies.func1(0xc001252450, {0x2207578, 0xc00124a540})
			gitlab.nethead.at/symflower/symflower/language/java/symbol/symbols.go:532 +0x1ff
		gitlab.nethead.at/symflower/symflower/language/java/symbol.(*transpiler).walkSubDeclarations(0xc0003b7680, 0xc001252450, 0xc0049bf760, 0xc0011ccde0, 0xc00124cc80, {0x2207578, 0xc00124a540})
			gitlab.nethead.at/symflower/symflower/language/java/symbol/symbols.go:869 +0x1ee
		gitlab.nethead.at/symflower/symflower/language/java/symbol.(*transpiler).walkFile(0xc0003b7680, 0x1, 0x2088c58, 0xc0049bf760, 0xc0011ccde0, 0xc00124cc80)
			gitlab.nethead.at/symflower/symflower/language/java/symbol/symbols.go:625 +0x3c5
		gitlab.nethead.at/symflower/symflower/language/java/symbol.(*transpiler).walkPackage(0xc0003b7680, 0x1, 0x2088c58, 0xc0049bf760, 0xc0011ccde0)
			gitlab.nethead.at/symflower/symflower/language/java/symbol/symbols.go:583 +0x225
		gitlab.nethead.at/symflower/symflower/language/java/symbol.(*transpiler).walkFilesAndDeclarations(0xc0003b7680, 0x1, 0x2088c58, 0xc0049bf760)
			gitlab.nethead.at/symflower/symflower/language/java/symbol/symbols.go:566 +0xa5
		gitlab.nethead.at/symflower/symflower/language/java/symbol.(*transpiler).handleBodies(0xc0003b7680)
			gitlab.nethead.at/symflower/symflower/language/java/symbol/symbols.go:513 +0x65
		gitlab.nethead.at/symflower/symflower/language/java/symbol.symbolsWithDependencies(0xc000010750, {0x0?, 0x41aa94?, 0x42a965?}, 0x1)
			gitlab.nethead.at/symflower/symflower/language/java/symbol/symbols.go:486 +0x147
		gitlab.nethead.at/symflower/symflower/language/java/symbol.Symbols(0xc000010750, 0x1)
			gitlab.nethead.at/symflower/symflower/language/java/symbol/symbols.go:457 +0xf2
		gitlab.nethead.at/symflower/symflower/language/java.Adapter.Symbols(...)
			gitlab.nethead.at/symflower/symflower/language/java/symbols.go:29
		gitlab.nethead.at/symflower/symflower/cmd/symflower-local/generate.(*Generator).transpileLanguage(0xc00043d380, 0x0, 0x0, {0x220c620, 0x2e6b360})
			gitlab.nethead.at/symflower/symflower/cmd/symflower-local/generate/generate.go:136 +0x373
		gitlab.nethead.at/symflower/symflower/cmd/symflower-local/generate.(*Generator).Symbols(0xc00043d380, 0x0, 0x0)
			gitlab.nethead.at/symflower/symflower/cmd/symflower-local/generate/generate.go:94 +0x136
		gitlab.nethead.at/symflower/symflower/cmd/symflower-local/generate.(*AnalyzeEngineDefault).UnitTests(0x34?, 0x124bba0?, {0x21eb890?, 0xc00004cde0?}, {0xc0?, 0xc1?, 0x50?, 0x0?}, 0x34?, {0xc0000ff170, ...})
			gitlab.nethead.at/symflower/symflower/cmd/symflower-local/generate/analyze.go:153 +0x77
		gitlab.nethead.at/symflower/symflower/cmd/symflower-local/cmd.(*commandUnitTests).Execute(0xc0005103d8, {0xc000510008?, 0x7ab188083218?, 0xc0005103d8?})
			gitlab.nethead.at/symflower/symflower/cmd/symflower-local/cmd/unit-tests.go:85 +0x2a6
		gitlab.nethead.at/symflower/symflower/cmd.ExecuteNoExit({0x21de020, 0xc000510008}, {0xc00003e050?, 0x44?, 0x0?})
			gitlab.nethead.at/symflower/symflower/cmd/execute.go:59 +0x2ad
		gitlab.nethead.at/symflower/symflower/cmd.Execute({0x21de020?, 0xc000510008?}, {0xc00003e050?, 0xc000416000?, 0xc000507f10?})
			gitlab.nethead.at/symflower/symflower/cmd/execute.go:17 +0x26
		gitlab.nethead.at/symflower/symflower/cmd.ExecuteWithOSArguments(...)
			gitlab.nethead.at/symflower/symflower/cmd/execute.go:78
		main.main.func1()
			gitlab.nethead.at/symflower/symflower/cmd/symflower-demo/main.go:39 +0x34
		gitlab.nethead.at/symflower/symflower/cmd/symflower-local/cmd.(*Command).WithPanicReporter(0xc0000b2060?, 0x0?)
			gitlab.nethead.at/symflower/symflower/cmd/symflower-local/cmd/cmd.go:151 +0x33
		main.main()
			gitlab.nethead.at/symflower/symflower/cmd/symflower-demo/main.go:38 +0x7f
src/main/java/com/fasterxml/jackson/databind/introspect/POJOPropertyBuilder.java: error: error: unresolved type
	data: reference(T)
	child error: (error) Internal error: unknown type:
		"T"
		Stacktrace: goroutine 1 [running]:
		gitlab.nethead.at/symflower/symflower/model/errors.NewInternalError({0x21de060, 0x2d25a00}, {0x12473e0, 0xc005542300})
			gitlab.nethead.at/symflower/symflower/model/errors/error.go:852 +0x4e
		gitlab.nethead.at/symflower/symflower/model/errors.NewProblemWithErrorSeverity(...)
			gitlab.nethead.at/symflower/symflower/model/errors/problem.go:321
		gitlab.nethead.at/symflower/symflower/model/ast.(*Scope).GetType(0xc0013d4150?, {0x2221c60, 0x1})
			gitlab.nethead.at/symflower/symflower/model/ast/scope.go:986 +0x85
		gitlab.nethead.at/symflower/symflower/model/ast.resolve(0xc000380360, {0x2205848?, 0xc000c43260}, 0xe0)
			gitlab.nethead.at/symflower/symflower/model/ast/type-resolve.go:362 +0x78
		gitlab.nethead.at/symflower/symflower/model/ast.ResolveWithPointers(...)
			gitlab.nethead.at/symflower/symflower/model/ast/type-resolve.go:326
		gitlab.nethead.at/symflower/symflower/model/ast.(*TypeGenericInstance).IsCompatibleType(0xc0016e0c80, 0xc000380360, {0x2205728?, 0xc000aac600?})
			gitlab.nethead.at/symflower/symflower/model/ast/type.go:3369 +0x230
		gitlab.nethead.at/symflower/symflower/language/java/symbol.(*transpiler).checkFunctionApplicability(0xc0003b7680, 0xc00125ae00, {0x0?, 0x0?}, {0x0?, 0xa9c0c5?, 0xc000b172f0?}, {0xc0055422a0, 0x1, 0x1})
			gitlab.nethead.at/symflower/symflower/language/java/symbol/overloading.go:406 +0x66b
		gitlab.nethead.at/symflower/symflower/language/java/symbol.(*transpiler).matchOverloadingFunction(0xc0003b7680, {0xc0016e40d0, 0x1, 0x1}, {0x0, 0x0}, {0x0, 0x0, 0x0}, {0xc0055422a0, ...})
			gitlab.nethead.at/symflower/symflower/language/java/symbol/overloading.go:451 +0x217
		gitlab.nethead.at/symflower/symflower/language/java/symbol.(*transpiler).getFunction(0xc0003b7680, {0x0, 0x0}, {0xc000b172f0, 0xe}, {0x0, 0x0, 0x0}, {0xc0055422a0, 0x1, ...})
			gitlab.nethead.at/symflower/symflower/language/java/symbol/overloading.go:224 +0xd2
		gitlab.nethead.at/symflower/symflower/language/java/symbol.(*transpiler).handleMethodCallResolveOverloads(0xc0003b7680, {0xc000b172f0, 0xe}, {0x0?, 0x0?}, {0x0?, 0x3d?, 0x0?}, {0xc0055422a0, 0x1, ...})
			gitlab.nethead.at/symflower/symflower/language/java/symbol/handle.go:5426 +0x87
		gitlab.nethead.at/symflower/symflower/language/java/symbol.(*transpiler).handleExpressionMethodCall(0xc0003b7680, 0xc001252450, 0xc000d56b40)
			gitlab.nethead.at/symflower/symflower/language/java/symbol/handle.go:5568 +0x68b
		gitlab.nethead.at/symflower/symflower/language/java/symbol.(*transpiler).handleExpression(0xc0003b7680, 0xc001252450, {0x21f7d38, 0xc000d56b40})
			gitlab.nethead.at/symflower/symflower/language/java/symbol/handle.go:6903 +0x785
		gitlab.nethead.at/symflower/symflower/language/java/symbol.(*transpiler).handleStatementExpressionAssign(0xc0003b7680, 0xc001252450, 0xc000d5d540)
			gitlab.nethead.at/symflower/symflower/language/java/symbol/handle.go:3771 +0xe5
		gitlab.nethead.at/symflower/symflower/language/java/symbol.(*transpiler).handleStatementExpression(0xc0013d4b78?, 0x41aa94?, {0x21f79c8?, 0xc000d5d540?})
			gitlab.nethead.at/symflower/symflower/language/java/symbol/handle.go:3932 +0x53
		gitlab.nethead.at/symflower/symflower/language/java/symbol.(*transpiler).handleStatement(0xc0003b7680, 0xc001252450, {0x21f7238, 0xc000d67900})
			gitlab.nethead.at/symflower/symflower/language/java/symbol/handle.go:4415 +0x8aa
		gitlab.nethead.at/symflower/symflower/language/java/symbol.(*transpiler).handleStatements(0xc0003b7680, 0xc001252450, {0xc000059d40, 0x4, 0xc000081008?})
			gitlab.nethead.at/symflower/symflower/language/java/symbol/handle.go:3731 +0x85
		gitlab.nethead.at/symflower/symflower/language/java/symbol.(*transpiler).handleBlock.func1()
			gitlab.nethead.at/symflower/symflower/language/java/symbol/handle.go:3712 +0x45
		gitlab.nethead.at/symflower/symflower/model/ast.(*Scope).Scoped(0xc000380360, 0xc0013d4d50)
			gitlab.nethead.at/symflower/symflower/model/ast/scope.go:297 +0x162
		gitlab.nethead.at/symflower/symflower/language/java/symbol.(*transpiler).handleBlock(0xc0003b7680, 0xc001252450, 0xc000d53050)
			gitlab.nethead.at/symflower/symflower/language/java/symbol/handle.go:3711 +0x9e
		gitlab.nethead.at/symflower/symflower/language/java/symbol.(*transpiler).handleMethodDeclarationBody.(*transpiler).handleScopedBlockStatement.func2()
			gitlab.nethead.at/symflower/symflower/language/java/symbol/handle.go:2716 +0x205
		gitlab.nethead.at/symflower/symflower/model/ast.(*Scope).Scoped(0xc000380360, 0xc0013d5160)
			gitlab.nethead.at/symflower/symflower/model/ast/scope.go:297 +0x162
		gitlab.nethead.at/symflower/symflower/language/java/symbol.(*transpiler).handleScopedBlockStatement(...)
			gitlab.nethead.at/symflower/symflower/language/java/symbol/handle.go:2693
		gitlab.nethead.at/symflower/symflower/language/java/symbol.(*transpiler).handleMethodDeclarationBody(0xc0003b7680, 0xc001252450, {0x2208170, 0xc00124a540}, 0xc00125a600, 0x0)
			gitlab.nethead.at/symflower/symflower/language/java/symbol/handle.go:2523 +0x61b
		gitlab.nethead.at/symflower/symflower/language/java/symbol.(*transpiler).handleClassAndInterfaceDeclarationBodies(0xc0003b7680, 0xc001252450, 0xc00124a540)
			gitlab.nethead.at/symflower/symflower/language/java/symbol/handle.go:1534 +0x2f7
		gitlab.nethead.at/symflower/symflower/language/java/symbol.(*transpiler).handleClassDeclarationBodies(0xc0003b7680, 0xc001252450, 0xc00124a540)
			gitlab.nethead.at/symflower/symflower/language/java/symbol/handle.go:1419 +0x106
		gitlab.nethead.at/symflower/symflower/language/java/symbol.(*transpiler).handleBodies.func1(0xc001252450, {0x2207578, 0xc00124a540})
			gitlab.nethead.at/symflower/symflower/language/java/symbol/symbols.go:532 +0x1ff
		gitlab.nethead.at/symflower/symflower/language/java/symbol.(*transpiler).walkSubDeclarations(0xc0003b7680, 0xc001252450, 0xc0013d5760, 0xc0011ccde0, 0xc00124cc80, {0x2207578, 0xc00124a540})
			gitlab.nethead.at/symflower/symflower/language/java/symbol/symbols.go:869 +0x1ee
		gitlab.nethead.at/symflower/symflower/language/java/symbol.(*transpiler).walkFile(0xc0003b7680, 0x1, 0x2088c58, 0xc0013d5760, 0xc0011ccde0, 0xc00124cc80)
			gitlab.nethead.at/symflower/symflower/language/java/symbol/symbols.go:625 +0x3c5
		gitlab.nethead.at/symflower/symflower/language/java/symbol.(*transpiler).walkPackage(0xc0003b7680, 0x1, 0x2088c58, 0xc0013d5760, 0xc0011ccde0)
			gitlab.nethead.at/symflower/symflower/language/java/symbol/symbols.go:583 +0x225
		gitlab.nethead.at/symflower/symflower/language/java/symbol.(*transpiler).walkFilesAndDeclarations(0xc0003b7680, 0x1, 0x2088c58, 0xc0013d5760)
			gitlab.nethead.at/symflower/symflower/language/java/symbol/symbols.go:566 +0xa5
		gitlab.nethead.at/symflower/symflower/language/java/symbol.(*transpiler).handleBodies(0xc0003b7680)
			gitlab.nethead.at/symflower/symflower/language/java/symbol/symbols.go:513 +0x65
		gitlab.nethead.at/symflower/symflower/language/java/symbol.symbolsWithDependencies(0xc000010750, {0x0?, 0x41aa94?, 0x42a965?}, 0x1)
			gitlab.nethead.at/symflower/symflower/language/java/symbol/symbols.go:486 +0x147
		gitlab.nethead.at/symflower/symflower/language/java/symbol.Symbols(0xc000010750, 0x1)
			gitlab.nethead.at/symflower/symflower/language/java/symbol/symbols.go:457 +0xf2
		gitlab.nethead.at/symflower/symflower/language/java.Adapter.Symbols(...)
			gitlab.nethead.at/symflower/symflower/language/java/symbols.go:29
		gitlab.nethead.at/symflower/symflower/cmd/symflower-local/generate.(*Generator).transpileLanguage(0xc00043d380, 0x0, 0x0, {0x220c620, 0x2e6b360})
			gitlab.nethead.at/symflower/symflower/cmd/symflower-local/generate/generate.go:136 +0x373
		gitlab.nethead.at/symflower/symflower/cmd/symflower-local/generate.(*Generator).Symbols(0xc00043d380, 0x0, 0x0)
			gitlab.nethead.at/symflower/symflower/cmd/symflower-local/generate/generate.go:94 +0x136
		gitlab.nethead.at/symflower/symflower/cmd/symflower-local/generate.(*AnalyzeEngineDefault).UnitTests(0x34?, 0x124bba0?, {0x21eb890?, 0xc00004cde0?}, {0xc0?, 0xc1?, 0x50?, 0x0?}, 0x34?, {0xc0000ff170, ...})
			gitlab.nethead.at/symflower/symflower/cmd/symflower-local/generate/analyze.go:153 +0x77
		gitlab.nethead.at/symflower/symflower/cmd/symflower-local/cmd.(*commandUnitTests).Execute(0xc0005103d8, {0xc000510008?, 0x7ab188083218?, 0xc0005103d8?})
			gitlab.nethead.at/symflower/symflower/cmd/symflower-local/cmd/unit-tests.go:85 +0x2a6
		gitlab.nethead.at/symflower/symflower/cmd.ExecuteNoExit({0x21de020, 0xc000510008}, {0xc00003e050?, 0x44?, 0x0?})
			gitlab.nethead.at/symflower/symflower/cmd/execute.go:59 +0x2ad
		gitlab.nethead.at/symflower/symflower/cmd.Execute({0x21de020?, 0xc000510008?}, {0xc00003e050?, 0xc000416000?, 0xc000507f10?})
			gitlab.nethead.at/symflower/symflower/cmd/execute.go:17 +0x26
		gitlab.nethead.at/symflower/symflower/cmd.ExecuteWithOSArguments(...)
			gitlab.nethead.at/symflower/symflower/cmd/execute.go:78
		main.main.func1()
			gitlab.nethead.at/symflower/symflower/cmd/symflower-demo/main.go:39 +0x34
		gitlab.nethead.at/symflower/symflower/cmd/symflower-local/cmd.(*Command).WithPanicReporter(0xc0000b2060?, 0x0?)
			gitlab.nethead.at/symflower/symflower/cmd/symflower-local/cmd/cmd.go:151 +0x33
		main.main()
			gitlab.nethead.at/symflower/symflower/cmd/symflower-demo/main.go:38 +0x7f
src/main/java/com/fasterxml/jackson/databind/introspect/POJOPropertyBuilder.java: error: error: unresolved type
	data: reference(T)
	child error: (error) Internal error: unknown type:
		"T"
		Stacktrace: goroutine 1 [running]:
		gitlab.nethead.at/symflower/symflower/model/errors.NewInternalError({0x21de060, 0x2d25a00}, {0x12473e0, 0xc002428c60})
			gitlab.nethead.at/symflower/symflower/model/errors/error.go:852 +0x4e
		gitlab.nethead.at/symflower/symflower/model/errors.NewProblemWithErrorSeverity(...)
			gitlab.nethead.at/symflower/symflower/model/errors/problem.go:321
		gitlab.nethead.at/symflower/symflower/model/ast.(*Scope).GetType(0xc0067b20c0?, {0x2221c60, 0x1})
			gitlab.nethead.at/symflower/symflower/model/ast/scope.go:986 +0x85
		gitlab.nethead.at/symflower/symflower/model/ast.resolve(0xc000380360, {0x2205848?, 0xc000cca020}, 0xe0)
			gitlab.nethead.at/symflower/symflower/model/ast/type-resolve.go:362 +0x78
		gitlab.nethead.at/symflower/symflower/model/ast.ResolveWithPointers(...)
			gitlab.nethead.at/symflower/symflower/model/ast/type-resolve.go:326
		gitlab.nethead.at/symflower/symflower/model/ast.(*TypeGenericInstance).IsCompatibleType(0xc0016e1200, 0xc000380360, {0x2205728?, 0xc000aac500?})
			gitlab.nethead.at/symflower/symflower/model/ast/type.go:3369 +0x230
		gitlab.nethead.at/symflower/symflower/language/java/symbol.(*transpiler).checkFunctionApplicability(0xc0003b7680, 0xc00125b600, {0x0?, 0x0?}, {0x0?, 0xa9c0c5?, 0xc000c4a9a0?}, {0xc002428c00, 0x1, 0x1})
			gitlab.nethead.at/symflower/symflower/language/java/symbol/overloading.go:406 +0x66b
		gitlab.nethead.at/symflower/symflower/language/java/symbol.(*transpiler).matchOverloadingFunction(0xc0003b7680, {0xc0016e4110, 0x1, 0x1}, {0x0, 0x0}, {0x0, 0x0, 0x0}, {0xc002428c00, ...})
			gitlab.nethead.at/symflower/symflower/language/java/symbol/overloading.go:451 +0x217
		gitlab.nethead.at/symflower/symflower/language/java/symbol.(*transpiler).getFunction(0xc0003b7680, {0x0, 0x0}, {0xc000c4a9a0, 0xc}, {0x0, 0x0, 0x0}, {0xc002428c00, 0x1, ...})
			gitlab.nethead.at/symflower/symflower/language/java/symbol/overloading.go:224 +0xd2
		gitlab.nethead.at/symflower/symflower/language/java/symbol.(*transpiler).handleMethodCallResolveOverloads(0xc0003b7680, {0xc000c4a9a0, 0xc}, {0x0?, 0x0?}, {0x0?, 0x40?, 0xc0003b7680?}, {0xc002428c00, 0x1, ...})
			gitlab.nethead.at/symflower/symflower/language/java/symbol/handle.go:5426 +0x87
		gitlab.nethead.at/symflower/symflower/language/java/symbol.(*transpiler).handleExpressionMethodCall(0xc0003b7680, 0xc001252450, 0xc000d7d440)
			gitlab.nethead.at/symflower/symflower/language/java/symbol/handle.go:5568 +0x68b
		gitlab.nethead.at/symflower/symflower/language/java/symbol.(*transpiler).handleExpression(0xc0003b7680, 0xc001252450, {0x21f7d38, 0xc000d7d440})
			gitlab.nethead.at/symflower/symflower/language/java/symbol/handle.go:6903 +0x785
		gitlab.nethead.at/symflower/symflower/language/java/symbol.(*transpiler).handleExpressionBinary(0xc0003b7680, 0xc001252450, 0xc000d85ae0)
			gitlab.nethead.at/symflower/symflower/language/java/symbol/handle.go:4912 +0x78
		gitlab.nethead.at/symflower/symflower/language/java/symbol.(*transpiler).handleExpression(0xc0003b7680, 0xc001252450, {0x21f7a20, 0xc000d85ae0})
			gitlab.nethead.at/symflower/symflower/language/java/symbol/handle.go:6879 +0x6ae
		gitlab.nethead.at/symflower/symflower/language/java/symbol.(*transpiler).handleStatementReturn(0xc0003b7680, 0xc001252450, 0xc000d8dc80)
			gitlab.nethead.at/symflower/symflower/language/java/symbol/handle.go:4352 +0x7c
		gitlab.nethead.at/symflower/symflower/language/java/symbol.(*transpiler).handleStatement(0xc0003b7680, 0xc001252450, {0x21f74a0, 0xc000d8dc80})
			gitlab.nethead.at/symflower/symflower/language/java/symbol/handle.go:4423 +0x745
		gitlab.nethead.at/symflower/symflower/language/java/symbol.(*transpiler).handleStatements(0xc0003b7680, 0xc001252450, {0xc000a7f470, 0x1, 0xc000403808?})
			gitlab.nethead.at/symflower/symflower/language/java/symbol/handle.go:3731 +0x85
		gitlab.nethead.at/symflower/symflower/language/java/symbol.(*transpiler).handleBlock.func1()
			gitlab.nethead.at/symflower/symflower/language/java/symbol/handle.go:3712 +0x45
		gitlab.nethead.at/symflower/symflower/model/ast.(*Scope).Scoped(0xc000380360, 0xc0067b2d50)
			gitlab.nethead.at/symflower/symflower/model/ast/scope.go:297 +0x162
		gitlab.nethead.at/symflower/symflower/language/java/symbol.(*transpiler).handleBlock(0xc0003b7680, 0xc001252450, 0xc000d80cf0)
			gitlab.nethead.at/symflower/symflower/language/java/symbol/handle.go:3711 +0x9e
		gitlab.nethead.at/symflower/symflower/language/java/symbol.(*transpiler).handleMethodDeclarationBody.(*transpiler).handleScopedBlockStatement.func2()
			gitlab.nethead.at/symflower/symflower/language/java/symbol/handle.go:2716 +0x205
		gitlab.nethead.at/symflower/symflower/model/ast.(*Scope).Scoped(0xc000380360, 0xc0067b3160)
			gitlab.nethead.at/symflower/symflower/model/ast/scope.go:297 +0x162
		gitlab.nethead.at/symflower/symflower/language/java/symbol.(*transpiler).handleScopedBlockStatement(...)
			gitlab.nethead.at/symflower/symflower/language/java/symbol/handle.go:2693
		gitlab.nethead.at/symflower/symflower/language/java/symbol.(*transpiler).handleMethodDeclarationBody(0xc0003b7680, 0xc001252450, {0x2208170, 0xc00124a540}, 0xc00125b500, 0x0)
			gitlab.nethead.at/symflower/symflower/language/java/symbol/handle.go:2523 +0x61b
		gitlab.nethead.at/symflower/symflower/language/java/symbol.(*transpiler).handleClassAndInterfaceDeclarationBodies(0xc0003b7680, 0xc001252450, 0xc00124a540)
			gitlab.nethead.at/symflower/symflower/language/java/symbol/handle.go:1534 +0x2f7
		gitlab.nethead.at/symflower/symflower/language/java/symbol.(*transpiler).handleClassDeclarationBodies(0xc0003b7680, 0xc001252450, 0xc00124a540)
			gitlab.nethead.at/symflower/symflower/language/java/symbol/handle.go:1419 +0x106
		gitlab.nethead.at/symflower/symflower/language/java/symbol.(*transpiler).handleBodies.func1(0xc001252450, {0x2207578, 0xc00124a540})
			gitlab.nethead.at/symflower/symflower/language/java/symbol/symbols.go:532 +0x1ff
		gitlab.nethead.at/symflower/symflower/language/java/symbol.(*transpiler).walkSubDeclarations(0xc0003b7680, 0xc001252450, 0xc0067b3760, 0xc0011ccde0, 0xc00124cc80, {0x2207578, 0xc00124a540})
			gitlab.nethead.at/symflower/symflower/language/java/symbol/symbols.go:869 +0x1ee
		gitlab.nethead.at/symflower/symflower/language/java/symbol.(*transpiler).walkFile(0xc0003b7680, 0x1, 0x2088c58, 0xc0067b3760, 0xc0011ccde0, 0xc00124cc80)
			gitlab.nethead.at/symflower/symflower/language/java/symbol/symbols.go:625 +0x3c5
		gitlab.nethead.at/symflower/symflower/language/java/symbol.(*transpiler).walkPackage(0xc0003b7680, 0x1, 0x2088c58, 0xc0067b3760, 0xc0011ccde0)
			gitlab.nethead.at/symflower/symflower/language/java/symbol/symbols.go:583 +0x225
		gitlab.nethead.at/symflower/symflower/language/java/symbol.(*transpiler).walkFilesAndDeclarations(0xc0003b7680, 0x1, 0x2088c58, 0xc0067b3760)
			gitlab.nethead.at/symflower/symflower/language/java/symbol/symbols.go:566 +0xa5
		gitlab.nethead.at/symflower/symflower/language/java/symbol.(*transpiler).handleBodies(0xc0003b7680)
			gitlab.nethead.at/symflower/symflower/language/java/symbol/symbols.go:513 +0x65
		gitlab.nethead.at/symflower/symflower/language/java/symbol.symbolsWithDependencies(0xc000010750, {0x0?, 0x41aa94?, 0x42a965?}, 0x1)
			gitlab.nethead.at/symflower/symflower/language/java/symbol/symbols.go:486 +0x147
		gitlab.nethead.at/symflower/symflower/language/java/symbol.Symbols(0xc000010750, 0x1)
			gitlab.nethead.at/symflower/symflower/language/java/symbol/symbols.go:457 +0xf2
		gitlab.nethead.at/symflower/symflower/language/java.Adapter.Symbols(...)
			gitlab.nethead.at/symflower/symflower/language/java/symbols.go:29
		gitlab.nethead.at/symflower/symflower/cmd/symflower-local/generate.(*Generator).transpileLanguage(0xc00043d380, 0x0, 0x0, {0x220c620, 0x2e6b360})
			gitlab.nethead.at/symflower/symflower/cmd/symflower-local/generate/generate.go:136 +0x373
		gitlab.nethead.at/symflower/symflower/cmd/symflower-local/generate.(*Generator).Symbols(0xc00043d380, 0x0, 0x0)
			gitlab.nethead.at/symflower/symflower/cmd/symflower-local/generate/generate.go:94 +0x136
		gitlab.nethead.at/symflower/symflower/cmd/symflower-local/generate.(*AnalyzeEngineDefault).UnitTests(0x34?, 0x124bba0?, {0x21eb890?, 0xc00004cde0?}, {0xc0?, 0xc1?, 0x50?, 0x0?}, 0x34?, {0xc0000ff170, ...})
			gitlab.nethead.at/symflower/symflower/cmd/symflower-local/generate/analyze.go:153 +0x77
		gitlab.nethead.at/symflower/symflower/cmd/symflower-local/cmd.(*commandUnitTests).Execute(0xc0005103d8, {0xc000510008?, 0x7ab188083218?, 0xc0005103d8?})
			gitlab.nethead.at/symflower/symflower/cmd/symflower-local/cmd/unit-tests.go:85 +0x2a6
		gitlab.nethead.at/symflower/symflower/cmd.ExecuteNoExit({0x21de020, 0xc000510008}, {0xc00003e050?, 0x44?, 0x0?})
			gitlab.nethead.at/symflower/symflower/cmd/execute.go:59 +0x2ad
		gitlab.nethead.at/symflower/symflower/cmd.Execute({0x21de020?, 0xc000510008?}, {0xc00003e050?, 0xc000416000?, 0xc000507f10?})
			gitlab.nethead.at/symflower/symflower/cmd/execute.go:17 +0x26
		gitlab.nethead.at/symflower/symflower/cmd.ExecuteWithOSArguments(...)
			gitlab.nethead.at/symflower/symflower/cmd/execute.go:78
		main.main.func1()
			gitlab.nethead.at/symflower/symflower/cmd/symflower-demo/main.go:39 +0x34
		gitlab.nethead.at/symflower/symflower/cmd/symflower-local/cmd.(*Command).WithPanicReporter(0xc0000b2060?, 0x0?)
			gitlab.nethead.at/symflower/symflower/cmd/symflower-local/cmd/cmd.go:151 +0x33
		main.main()
			gitlab.nethead.at/symflower/symflower/cmd/symflower-demo/main.go:38 +0x7f
src/main/java/com/fasterxml/jackson/databind/introspect/POJOPropertyBuilder.java: error: unknown field
	data: [this struct(com/fasterxml/jackson/databind/introspect/POJOPropertyBuilder, [], [pointer(reference(com/fasterxml/jackson/databind/introspect/BeanPropertyDefinition))], [pointer(genericInstance(reference(java/lang/Comparable), [pointer(reference(com/fasterxml/jackson/databind/introspect/POJOPropertyBuilder))]))]) Collections]
src/main/java/com/fasterxml/jackson/databind/introspect/POJOPropertyBuilder.java: error: unknown type
	data: PropertyName
src/main/java/com/fasterxml/jackson/databind/introspect/POJOPropertyBuilder.java: error: error: unresolved type
	data: reference(T)
	child error: (error) Internal error: unknown type:
		"T"
		Stacktrace: goroutine 1 [running]:
		gitlab.nethead.at/symflower/symflower/model/errors.NewInternalError({0x21de060, 0x2d25a00}, {0x12473e0, 0xc000630520})
			gitlab.nethead.at/symflower/symflower/model/errors/error.go:852 +0x4e
		gitlab.nethead.at/symflower/symflower/model/errors.NewProblemWithErrorSeverity(...)
			gitlab.nethead.at/symflower/symflower/model/errors/problem.go:321
		gitlab.nethead.at/symflower/symflower/model/ast.(*Scope).GetType(0xc0049bde20?, {0x2221c60, 0x1})
			gitlab.nethead.at/symflower/symflower/model/ast/scope.go:986 +0x85
		gitlab.nethead.at/symflower/symflower/model/ast.resolve(0xc000380360, {0x2205848?, 0xc000c438c0}, 0xe0)
			gitlab.nethead.at/symflower/symflower/model/ast/type-resolve.go:362 +0x78
		gitlab.nethead.at/symflower/symflower/model/ast.ResolveWithPointers(...)
			gitlab.nethead.at/symflower/symflower/model/ast/type-resolve.go:326
		gitlab.nethead.at/symflower/symflower/model/ast.(*TypeGenericInstance).IsCompatibleType(0xc0016e0fc0, 0xc000380360, {0x2205728?, 0xc000aac480?})
			gitlab.nethead.at/symflower/symflower/model/ast/type.go:3369 +0x230
		gitlab.nethead.at/symflower/symflower/language/java/symbol.(*transpiler).checkFunctionApplicability(0xc0003b7680, 0xc00125b100, {0x0?, 0x0?}, {0x0?, 0xa9c0c5?, 0xc0008107e0?}, {0xc000630470, 0x1, 0x1})
			gitlab.nethead.at/symflower/symflower/language/java/symbol/overloading.go:406 +0x66b
		gitlab.nethead.at/symflower/symflower/language/java/symbol.(*transpiler).matchOverloadingFunction(0xc0003b7680, {0xc0016e40e8, 0x1, 0x1}, {0x0, 0x0}, {0x0, 0x0, 0x0}, {0xc000630470, ...})
			gitlab.nethead.at/symflower/symflower/language/java/symbol/overloading.go:451 +0x217
		gitlab.nethead.at/symflower/symflower/language/java/symbol.(*transpiler).getFunction(0xc0003b7680, {0x0, 0x0}, {0xc0008107e0, 0xd}, {0x0, 0x0, 0x0}, {0xc000630470, 0x1, ...})
			gitlab.nethead.at/symflower/symflower/language/java/symbol/overloading.go:224 +0xd2
		gitlab.nethead.at/symflower/symflower/language/java/symbol.(*transpiler).handleMethodCallResolveOverloads(0xc0003b7680, {0xc0008107e0, 0xd}, {0x0?, 0x0?}, {0x0?, 0x20?, 0x7ab1785c8648?}, {0xc000630470, 0x1, ...})
			gitlab.nethead.at/symflower/symflower/language/java/symbol/handle.go:5426 +0x87
		gitlab.nethead.at/symflower/symflower/language/java/symbol.(*transpiler).handleExpressionMethodCall(0xc0003b7680, 0xc001252450, 0xc000d08840)
			gitlab.nethead.at/symflower/symflower/language/java/symbol/handle.go:5568 +0x68b
		gitlab.nethead.at/symflower/symflower/language/java/symbol.(*transpiler).handleExpression(0xc0003b7680, 0xc001252450, {0x21f7d38, 0xc000d08840})
			gitlab.nethead.at/symflower/symflower/language/java/symbol/handle.go:6903 +0x785
		gitlab.nethead.at/symflower/symflower/language/java/symbol.(*transpiler).handleExpressionBinary(0xc0003b7680, 0xc001252450, 0xc000a73720)
			gitlab.nethead.at/symflower/symflower/language/java/symbol/handle.go:4907 +0x3a
		gitlab.nethead.at/symflower/symflower/language/java/symbol.(*transpiler).handleExpression(0xc0003b7680, 0xc001252450, {0x21f7a20, 0xc000a73720})
			gitlab.nethead.at/symflower/symflower/language/java/symbol/handle.go:6879 +0x6ae
		gitlab.nethead.at/symflower/symflower/language/java/symbol.(*transpiler).handleExpressionBinary(0xc0003b7680, 0xc001252450, 0xc000a737c0)
			gitlab.nethead.at/symflower/symflower/language/java/symbol/handle.go:4907 +0x3a
		gitlab.nethead.at/symflower/symflower/language/java/symbol.(*transpiler).handleExpression(0xc0003b7680, 0xc001252450, {0x21f7a20, 0xc000a737c0})
			gitlab.nethead.at/symflower/symflower/language/java/symbol/handle.go:6879 +0x6ae
		gitlab.nethead.at/symflower/symflower/language/java/symbol.(*transpiler).handleExpressionBinary(0xc0003b7680, 0xc001252450, 0xc000a73860)
			gitlab.nethead.at/symflower/symflower/language/java/symbol/handle.go:4907 +0x3a
		gitlab.nethead.at/symflower/symflower/language/java/symbol.(*transpiler).handleExpression(0xc0003b7680, 0xc001252450, {0x21f7a20, 0xc000a73860})
			gitlab.nethead.at/symflower/symflower/language/java/symbol/handle.go:6879 +0x6ae
		gitlab.nethead.at/symflower/symflower/language/java/symbol.(*transpiler).handleStatementReturn(0xc0003b7680, 0xc001252450, 0xc000d0dd80)
			gitlab.nethead.at/symflower/symflower/language/java/symbol/handle.go:4352 +0x7c
		gitlab.nethead.at/symflower/symflower/language/java/symbol.(*transpiler).handleStatement(0xc0003b7680, 0xc001252450, {0x21f74a0, 0xc000d0dd80})
			gitlab.nethead.at/symflower/symflower/language/java/symbol/handle.go:4423 +0x745
		gitlab.nethead.at/symflower/symflower/language/java/symbol.(*transpiler).handleStatements(0xc0003b7680, 0xc001252450, {0xc000a7e1d0, 0x1, 0xc000081808?})
			gitlab.nethead.at/symflower/symflower/language/java/symbol/handle.go:3731 +0x85
		gitlab.nethead.at/symflower/symflower/language/java/symbol.(*transpiler).handleBlock.func1()
			gitlab.nethead.at/symflower/symflower/language/java/symbol/handle.go:3712 +0x45
		gitlab.nethead.at/symflower/symflower/model/ast.(*Scope).Scoped(0xc000380360, 0xc0049bed50)
			gitlab.nethead.at/symflower/symflower/model/ast/scope.go:297 +0x162
		gitlab.nethead.at/symflower/symflower/language/java/symbol.(*transpiler).handleBlock(0xc0003b7680, 0xc001252450, 0xc000a76bd0)
			gitlab.nethead.at/symflower/symflower/language/java/symbol/handle.go:3711 +0x9e
		gitlab.nethead.at/symflower/symflower/language/java/symbol.(*transpiler).handleMethodDeclarationBody.(*transpiler).handleScopedBlockStatement.func2()
			gitlab.nethead.at/symflower/symflower/language/java/symbol/handle.go:2716 +0x205
		gitlab.nethead.at/symflower/symflower/model/ast.(*Scope).Scoped(0xc000380360, 0xc0049bf160)
			gitlab.nethead.at/symflower/symflower/model/ast/scope.go:297 +0x162
		gitlab.nethead.at/symflower/symflower/language/java/symbol.(*transpiler).handleScopedBlockStatement(...)
			gitlab.nethead.at/symflower/symflower/language/java/symbol/handle.go:2693
		gitlab.nethead.at/symflower/symflower/language/java/symbol.(*transpiler).handleMethodDeclarationBody(0xc0003b7680, 0xc001252450, {0x2208170, 0xc00124a540}, 0xc001256000, 0x0)
			gitlab.nethead.at/symflower/symflower/language/java/symbol/handle.go:2523 +0x61b
		gitlab.nethead.at/symflower/symflower/language/java/symbol.(*transpiler).handleClassAndInterfaceDeclarationBodies(0xc0003b7680, 0xc001252450, 0xc00124a540)
			gitlab.nethead.at/symflower/symflower/language/java/symbol/handle.go:1534 +0x2f7
		gitlab.nethead.at/symflower/symflower/language/java/symbol.(*transpiler).handleClassDeclarationBodies(0xc0003b7680, 0xc001252450, 0xc00124a540)
			gitlab.nethead.at/symflower/symflower/language/java/symbol/handle.go:1419 +0x106
		gitlab.nethead.at/symflower/symflower/language/java/symbol.(*transpiler).handleBodies.func1(0xc001252450, {0x2207578, 0xc00124a540})
			gitlab.nethead.at/symflower/symflower/language/java/symbol/symbols.go:532 +0x1ff
		gitlab.nethead.at/symflower/symflower/language/java/symbol.(*transpiler).walkSubDeclarations(0xc0003b7680, 0xc001252450, 0xc0049bf760, 0xc0011ccde0, 0xc00124cc80, {0x2207578, 0xc00124a540})
			gitlab.nethead.at/symflower/symflower/language/java/symbol/symbols.go:869 +0x1ee
		gitlab.nethead.at/symflower/symflower/language/java/symbol.(*transpiler).walkFile(0xc0003b7680, 0x1, 0x2088c58, 0xc0049bf760, 0xc0011ccde0, 0xc00124cc80)
			gitlab.nethead.at/symflower/symflower/language/java/symbol/symbols.go:625 +0x3c5
		gitlab.nethead.at/symflower/symflower/language/java/symbol.(*transpiler).walkPackage(0xc0003b7680, 0x1, 0x2088c58, 0xc0049bf760, 0xc0011ccde0)
			gitlab.nethead.at/symflower/symflower/language/java/symbol/symbols.go:583 +0x225
		gitlab.nethead.at/symflower/symflower/language/java/symbol.(*transpiler).walkFilesAndDeclarations(0xc0003b7680, 0x1, 0x2088c58, 0xc0049bf760)
			gitlab.nethead.at/symflower/symflower/language/java/symbol/symbols.go:566 +0xa5
		gitlab.nethead.at/symflower/symflower/language/java/symbol.(*transpiler).handleBodies(0xc0003b7680)
			gitlab.nethead.at/symflower/symflower/language/java/symbol/symbols.go:513 +0x65
		gitlab.nethead.at/symflower/symflower/language/java/symbol.symbolsWithDependencies(0xc000010750, {0x0?, 0x41aa94?, 0x42a965?}, 0x1)
			gitlab.nethead.at/symflower/symflower/language/java/symbol/symbols.go:486 +0x147
		gitlab.nethead.at/symflower/symflower/language/java/symbol.Symbols(0xc000010750, 0x1)
			gitlab.nethead.at/symflower/symflower/language/java/symbol/symbols.go:457 +0xf2
		gitlab.nethead.at/symflower/symflower/language/java.Adapter.Symbols(...)
			gitlab.nethead.at/symflower/symflower/language/java/symbols.go:29
		gitlab.nethead.at/symflower/symflower/cmd/symflower-local/generate.(*Generator).transpileLanguage(0xc00043d380, 0x0, 0x0, {0x220c620, 0x2e6b360})
			gitlab.nethead.at/symflower/symflower/cmd/symflower-local/generate/generate.go:136 +0x373
		gitlab.nethead.at/symflower/symflower/cmd/symflower-local/generate.(*Generator).Symbols(0xc00043d380, 0x0, 0x0)
			gitlab.nethead.at/symflower/symflower/cmd/symflower-local/generate/generate.go:94 +0x136
		gitlab.nethead.at/symflower/symflower/cmd/symflower-local/generate.(*AnalyzeEngineDefault).UnitTests(0x34?, 0x124bba0?, {0x21eb890?, 0xc00004cde0?}, {0xc0?, 0xc1?, 0x50?, 0x0?}, 0x34?, {0xc0000ff170, ...})
			gitlab.nethead.at/symflower/symflower/cmd/symflower-local/generate/analyze.go:153 +0x77
		gitlab.nethead.at/symflower/symflower/cmd/symflower-local/cmd.(*commandUnitTests).Execute(0xc0005103d8, {0xc000510008?, 0x7ab188083218?, 0xc0005103d8?})
			gitlab.nethead.at/symflower/symflower/cmd/symflower-local/cmd/unit-tests.go:85 +0x2a6
		gitlab.nethead.at/symflower/symflower/cmd.ExecuteNoExit({0x21de020, 0xc000510008}, {0xc00003e050?, 0x44?, 0x0?})
			gitlab.nethead.at/symflower/symflower/cmd/execute.go:59 +0x2ad
		gitlab.nethead.at/symflower/symflower/cmd.Execute({0x21de020?, 0xc000510008?}, {0xc00003e050?, 0xc000416000?, 0xc000507f10?})
			gitlab.nethead.at/symflower/symflower/cmd/execute.go:17 +0x26
		gitlab.nethead.at/symflower/symflower/cmd.ExecuteWithOSArguments(...)
			gitlab.nethead.at/symflower/symflower/cmd/execute.go:78
		main.main.func1()
			gitlab.nethead.at/symflower/symflower/cmd/symflower-demo/main.go:39 +0x34
		gitlab.nethead.at/symflower/symflower/cmd/symflower-local/cmd.(*Command).WithPanicReporter(0xc0000b2060?, 0x0?)
			gitlab.nethead.at/symflower/symflower/cmd/symflower-local/cmd/cmd.go:151 +0x33
		main.main()
			gitlab.nethead.at/symflower/symflower/cmd/symflower-demo/main.go:38 +0x7f
src/main/java/com/fasterxml/jackson/databind/introspect/POJOPropertyBuilder.java: error: unknown function
	data: [pointer(genericInstance(reference(java/lang/Class), [wildcard(, pointer(reference(java/lang/Object)))])) java/lang/Class<descendant of java/lang/Object>//isAssignableFrom [] [fieldClass]]
src/main/java/com/fasterxml/jackson/databind/introspect/POJOPropertyBuilder.java: error: unknown field
	data: [this struct(com/fasterxml/jackson/databind/introspect/POJOPropertyBuilder//@@localWithMember3, [], [pointer(reference(java/lang/Object))], [pointer(genericInstance(reference(com/fasterxml/jackson/databind/introspect/POJOPropertyBuilder//WithMember), [pointer(reference(java/lang/Boolean))]))]) _annotationIntrospector]
src/main/java/com/fasterxml/jackson/databind/introspect/POJOPropertyBuilder.java: error: unknown field
	data: [this struct(com/fasterxml/jackson/databind/introspect/POJOPropertyBuilder, [], [pointer(reference(com/fasterxml/jackson/databind/introspect/BeanPropertyDefinition))], [pointer(genericInstance(reference(java/lang/Comparable), [pointer(reference(com/fasterxml/jackson/databind/introspect/POJOPropertyBuilder))]))]) WRITE_ONLY]
src/main/java/com/fasterxml/jackson/databind/introspect/POJOPropertyBuilder.java: error: error: unresolved type
	data: reference(T)
	child error: (error) Internal error: unknown type:
		"T"
		Stacktrace: goroutine 1 [running]:
		gitlab.nethead.at/symflower/symflower/model/errors.NewInternalError({0x21de060, 0x2d25a00}, {0x12473e0, 0xc000712190})
			gitlab.nethead.at/symflower/symflower/model/errors/error.go:852 +0x4e
		gitlab.nethead.at/symflower/symflower/model/errors.NewProblemWithErrorSeverity(...)
			gitlab.nethead.at/symflower/symflower/model/errors/problem.go:321
		gitlab.nethead.at/symflower/symflower/model/ast.(*Scope).GetType(0xc0067b1ef8?, {0x2221c60, 0x1})
			gitlab.nethead.at/symflower/symflower/model/ast/scope.go:986 +0x85
		gitlab.nethead.at/symflower/symflower/model/ast.resolve(0xc000380360, {0x2205848?, 0xc000c434a0}, 0xe0)
			gitlab.nethead.at/symflower/symflower/model/ast/type-resolve.go:362 +0x78
		gitlab.nethead.at/symflower/symflower/model/ast.ResolveWithPointers(...)
			gitlab.nethead.at/symflower/symflower/model/ast/type-resolve.go:326
		gitlab.nethead.at/symflower/symflower/model/ast.(*TypeGenericInstance).IsCompatibleType(0xc0016e0dc0, 0xc000380360, {0x2205728?, 0xc000aac580?})
			gitlab.nethead.at/symflower/symflower/model/ast/type.go:3369 +0x230
		gitlab.nethead.at/symflower/symflower/language/java/symbol.(*transpiler).checkFunctionApplicability(0xc0003b7680, 0xc00125af00, {0x0?, 0x0?}, {0x0?, 0xa9c0c5?, 0xc000b0af48?}, {0xc000712030, 0x1, 0x1})
			gitlab.nethead.at/symflower/symflower/language/java/symbol/overloading.go:406 +0x66b
		gitlab.nethead.at/symflower/symflower/language/java/symbol.(*transpiler).matchOverloadingFunction(0xc0003b7680, {0xc0016e40d8, 0x1, 0x1}, {0x0, 0x0}, {0x0, 0x0, 0x0}, {0xc000712030, ...})
			gitlab.nethead.at/symflower/symflower/language/java/symbol/overloading.go:451 +0x217
		gitlab.nethead.at/symflower/symflower/language/java/symbol.(*transpiler).getFunction(0xc0003b7680, {0x0, 0x0}, {0xc000b0af48, 0x11}, {0x0, 0x0, 0x0}, {0xc000712030, 0x1, ...})
			gitlab.nethead.at/symflower/symflower/language/java/symbol/overloading.go:224 +0xd2
		gitlab.nethead.at/symflower/symflower/language/java/symbol.(*transpiler).handleMethodCallResolveOverloads(0xc0003b7680, {0xc000b0af48, 0x11}, {0x0?, 0x0?}, {0x0?, 0x3d?, 0x0?}, {0xc000712030, 0x1, ...})
			gitlab.nethead.at/symflower/symflower/language/java/symbol/handle.go:5426 +0x87
		gitlab.nethead.at/symflower/symflower/language/java/symbol.(*transpiler).handleExpressionMethodCall(0xc0003b7680, 0xc001252450, 0xc000d56e40)
			gitlab.nethead.at/symflower/symflower/language/java/symbol/handle.go:5568 +0x68b
		gitlab.nethead.at/symflower/symflower/language/java/symbol.(*transpiler).handleExpression(0xc0003b7680, 0xc001252450, {0x21f7d38, 0xc000d56e40})
			gitlab.nethead.at/symflower/symflower/language/java/symbol/handle.go:6903 +0x785
		gitlab.nethead.at/symflower/symflower/language/java/symbol.(*transpiler).handleStatementExpressionAssign(0xc0003b7680, 0xc001252450, 0xc000d5dea0)
			gitlab.nethead.at/symflower/symflower/language/java/symbol/handle.go:3771 +0xe5
		gitlab.nethead.at/symflower/symflower/language/java/symbol.(*transpiler).handleStatementExpression(0xc0067b2920?, 0x41aa94?, {0x21f79c8?, 0xc000d5dea0?})
			gitlab.nethead.at/symflower/symflower/language/java/symbol/handle.go:3932 +0x53
		gitlab.nethead.at/symflower/symflower/language/java/symbol.(*transpiler).handleStatement(0xc0003b7680, 0xc001252450, {0x21f7238, 0xc000d6b800})
			gitlab.nethead.at/symflower/symflower/language/java/symbol/handle.go:4415 +0x8aa
		gitlab.nethead.at/symflower/symflower/language/java/symbol.(*transpiler).handleStatementSwitchEntry(0xc0003b7680, 0xc001252450, {0x2208640, 0xc0028d4100}, 0xc000d5f600)
			gitlab.nethead.at/symflower/symflower/language/java/symbol/handle.go:4477 +0x3d9
		gitlab.nethead.at/symflower/symflower/language/java/symbol.(*transpiler).handleStatementSwitch(0xc0003b7680, 0xc001252450, 0xc000d6e460)
			gitlab.nethead.at/symflower/symflower/language/java/symbol/handle.go:4522 +0xff
		gitlab.nethead.at/symflower/symflower/language/java/symbol.(*transpiler).handleStatement(0xc0003b7680, 0xc001252450, {0x21f74f8, 0xc000d6e460})
			gitlab.nethead.at/symflower/symflower/language/java/symbol/handle.go:4425 +0x836
		gitlab.nethead.at/symflower/symflower/language/java/symbol.(*transpiler).handleStatements(0xc0003b7680, 0xc001252450, {0xc000d281b0, 0x3, 0xc000380360?})
			gitlab.nethead.at/symflower/symflower/language/java/symbol/handle.go:3731 +0x85
		gitlab.nethead.at/symflower/symflower/language/java/symbol.(*transpiler).handleBlock.func1()
			gitlab.nethead.at/symflower/symflower/language/java/symbol/handle.go:3712 +0x45
		gitlab.nethead.at/symflower/symflower/model/ast.(*Scope).Scoped(0xc000380360, 0xc0013d4d50)
			gitlab.nethead.at/symflower/symflower/model/ast/scope.go:297 +0x162
		gitlab.nethead.at/symflower/symflower/language/java/symbol.(*transpiler).handleBlock(0xc0003b7680, 0xc001252450, 0xc000d53440)
			gitlab.nethead.at/symflower/symflower/language/java/symbol/handle.go:3711 +0x9e
		gitlab.nethead.at/symflower/symflower/language/java/symbol.(*transpiler).handleMethodDeclarationBody.(*transpiler).handleScopedBlockStatement.func2()
			gitlab.nethead.at/symflower/symflower/language/java/symbol/handle.go:2716 +0x205
		gitlab.nethead.at/symflower/symflower/model/ast.(*Scope).Scoped(0xc000380360, 0xc0013d5160)
			gitlab.nethead.at/symflower/symflower/model/ast/scope.go:297 +0x162
		gitlab.nethead.at/symflower/symflower/language/java/symbol.(*transpiler).handleScopedBlockStatement(...)
			gitlab.nethead.at/symflower/symflower/language/java/symbol/handle.go:2693
		gitlab.nethead.at/symflower/symflower/language/java/symbol.(*transpiler).handleMethodDeclarationBody(0xc0003b7680, 0xc001252450, {0x2208170, 0xc00124a540}, 0xc00125a700, 0x0)
			gitlab.nethead.at/symflower/symflower/language/java/symbol/handle.go:2523 +0x61b
		gitlab.nethead.at/symflower/symflower/language/java/symbol.(*transpiler).handleClassAndInterfaceDeclarationBodies(0xc0003b7680, 0xc001252450, 0xc00124a540)
			gitlab.nethead.at/symflower/symflower/language/java/symbol/handle.go:1534 +0x2f7
		gitlab.nethead.at/symflower/symflower/language/java/symbol.(*transpiler).handleClassDeclarationBodies(0xc0003b7680, 0xc001252450, 0xc00124a540)
			gitlab.nethead.at/symflower/symflower/language/java/symbol/handle.go:1419 +0x106
		gitlab.nethead.at/symflower/symflower/language/java/symbol.(*transpiler).handleBodies.func1(0xc001252450, {0x2207578, 0xc00124a540})
			gitlab.nethead.at/symflower/symflower/language/java/symbol/symbols.go:532 +0x1ff
		gitlab.nethead.at/symflower/symflower/language/java/symbol.(*transpiler).walkSubDeclarations(0xc0003b7680, 0xc001252450, 0xc0067b3760, 0xc0011ccde0, 0xc00124cc80, {0x2207578, 0xc00124a540})
			gitlab.nethead.at/symflower/symflower/language/java/symbol/symbols.go:869 +0x1ee
		gitlab.nethead.at/symflower/symflower/language/java/symbol.(*transpiler).walkFile(0xc0003b7680, 0x1, 0x2088c58, 0xc0067b3760, 0xc0011ccde0, 0xc00124cc80)
			gitlab.nethead.at/symflower/symflower/language/java/symbol/symbols.go:625 +0x3c5
		gitlab.nethead.at/symflower/symflower/language/java/symbol.(*transpiler).walkPackage(0xc0003b7680, 0x1, 0x2088c58, 0xc0067b3760, 0xc0011ccde0)
			gitlab.nethead.at/symflower/symflower/language/java/symbol/symbols.go:583 +0x225
		gitlab.nethead.at/symflower/symflower/language/java/symbol.(*transpiler).walkFilesAndDeclarations(0xc0003b7680, 0x1, 0x2088c58, 0xc0067b3760)
			gitlab.nethead.at/symflower/symflower/language/java/symbol/symbols.go:566 +0xa5
		gitlab.nethead.at/symflower/symflower/language/java/symbol.(*transpiler).handleBodies(0xc0003b7680)
			gitlab.nethead.at/symflower/symflower/language/java/symbol/symbols.go:513 +0x65
		gitlab.nethead.at/symflower/symflower/language/java/symbol.symbolsWithDependencies(0xc000010750, {0x0?, 0x41aa94?, 0x42a965?}, 0x1)
			gitlab.nethead.at/symflower/symflower/language/java/symbol/symbols.go:486 +0x147
		gitlab.nethead.at/symflower/symflower/language/java/symbol.Symbols(0xc000010750, 0x1)
			gitlab.nethead.at/symflower/symflower/language/java/symbol/symbols.go:457 +0xf2
		gitlab.nethead.at/symflower/symflower/language/java.Adapter.Symbols(...)
			gitlab.nethead.at/symflower/symflower/language/java/symbols.go:29
		gitlab.nethead.at/symflower/symflower/cmd/symflower-local/generate.(*Generator).transpileLanguage(0xc00043d380, 0x0, 0x0, {0x220c620, 0x2e6b360})
			gitlab.nethead.at/symflower/symflower/cmd/symflower-local/generate/generate.go:136 +0x373
		gitlab.nethead.at/symflower/symflower/cmd/symflower-local/generate.(*Generator).Symbols(0xc00043d380, 0x0, 0x0)
			gitlab.nethead.at/symflower/symflower/cmd/symflower-local/generate/generate.go:94 +0x136
		gitlab.nethead.at/symflower/symflower/cmd/symflower-local/generate.(*AnalyzeEngineDefault).UnitTests(0x34?, 0x124bba0?, {0x21eb890?, 0xc00004cde0?}, {0xc0?, 0xc1?, 0x50?, 0x0?}, 0x34?, {0xc0000ff170, ...})
			gitlab.nethead.at/symflower/symflower/cmd/symflower-local/generate/analyze.go:153 +0x77
		gitlab.nethead.at/symflower/symflower/cmd/symflower-local/cmd.(*commandUnitTests).Execute(0xc0005103d8, {0xc000510008?, 0x7ab188083218?, 0xc0005103d8?})
			gitlab.nethead.at/symflower/symflower/cmd/symflower-local/cmd/unit-tests.go:85 +0x2a6
		gitlab.nethead.at/symflower/symflower/cmd.ExecuteNoExit({0x21de020, 0xc000510008}, {0xc00003e050?, 0x44?, 0x0?})
			gitlab.nethead.at/symflower/symflower/cmd/execute.go:59 +0x2ad
		gitlab.nethead.at/symflower/symflower/cmd.Execute({0x21de020?, 0xc000510008?}, {0xc00003e050?, 0xc000416000?, 0xc000507f10?})
			gitlab.nethead.at/symflower/symflower/cmd/execute.go:17 +0x26
		gitlab.nethead.at/symflower/symflower/cmd.ExecuteWithOSArguments(...)
			gitlab.nethead.at/symflower/symflower/cmd/execute.go:78
		main.main.func1()
			gitlab.nethead.at/symflower/symflower/cmd/symflower-demo/main.go:39 +0x34
		gitlab.nethead.at/symflower/symflower/cmd/symflower-local/cmd.(*Command).WithPanicReporter(0xc0000b2060?, 0x0?)
			gitlab.nethead.at/symflower/symflower/cmd/symflower-local/cmd/cmd.go:151 +0x33
		main.main()
			gitlab.nethead.at/symflower/symflower/cmd/symflower-demo/main.go:38 +0x7f
src/main/java/com/fasterxml/jackson/databind/introspect/POJOPropertyBuilder.java: error: unknown type
	data: NoSuchElementException
src/main/java/com/fasterxml/jackson/databind/introspect/POJOPropertyBuilder.java: error: unknown import
	data: com/fasterxml/jackson/databind/util/ClassUtil
src/main/java/com/fasterxml/jackson/databind/introspect/POJOPropertyBuilder.java: error: error: unresolved type
	data: reference(T)
	child error: (error) Internal error: unknown type:
		"T"
		Stacktrace: goroutine 1 [running]:
		gitlab.nethead.at/symflower/symflower/model/errors.NewInternalError({0x21de060, 0x2d25a00}, {0x12473e0, 0xc0008fa220})
			gitlab.nethead.at/symflower/symflower/model/errors/error.go:852 +0x4e
		gitlab.nethead.at/symflower/symflower/model/errors.NewProblemWithErrorSeverity(...)
			gitlab.nethead.at/symflower/symflower/model/errors/problem.go:321
		gitlab.nethead.at/symflower/symflower/model/ast.(*Scope).GetType(0xc0013d4150?, {0x2221c60, 0x1})
			gitlab.nethead.at/symflower/symflower/model/ast/scope.go:986 +0x85
		gitlab.nethead.at/symflower/symflower/model/ast.resolve(0xc000380360, {0x2205848?, 0xc000c424e0}, 0xe0)
			gitlab.nethead.at/symflower/symflower/model/ast/type-resolve.go:362 +0x78
		gitlab.nethead.at/symflower/symflower/model/ast.ResolveWithPointers(...)
			gitlab.nethead.at/symflower/symflower/model/ast/type-resolve.go:326
		gitlab.nethead.at/symflower/symflower/model/ast.(*TypeGenericInstance).IsCompatibleType(0xc0016e0740, 0xc000380360, {0x2205728?, 0xc000aac480?})
			gitlab.nethead.at/symflower/symflower/model/ast/type.go:3369 +0x230
		gitlab.nethead.at/symflower/symflower/language/java/symbol.(*transpiler).checkFunctionApplicability(0xc0003b7680, 0xc00125a500, {0x0?, 0x0?}, {0x0?, 0xa9c0c5?, 0xc000b16b59?}, {0xc000fae7e0, 0x2, 0x2})
			gitlab.nethead.at/symflower/symflower/language/java/symbol/overloading.go:406 +0x66b
		gitlab.nethead.at/symflower/symflower/language/java/symbol.(*transpiler).matchOverloadingFunction(0xc0003b7680, {0xc0016e4078, 0x1, 0x1}, {0x0, 0x0}, {0x0, 0x0, 0x0}, {0xc000fae7e0, ...})
			gitlab.nethead.at/symflower/symflower/language/java/symbol/overloading.go:451 +0x217
		gitlab.nethead.at/symflower/symflower/language/java/symbol.(*transpiler).getFunction(0xc0003b7680, {0x0, 0x0}, {0xc000b16b59, 0x5}, {0x0, 0x0, 0x0}, {0xc000fae7e0, 0x2, ...})
			gitlab.nethead.at/symflower/symflower/language/java/symbol/overloading.go:224 +0xd2
		gitlab.nethead.at/symflower/symflower/language/java/symbol.(*transpiler).handleMethodCallResolveOverloads(0xc0003b7680, {0xc000b16b59, 0x5}, {0x0?, 0x0?}, {0x0?, 0x3d?, 0x0?}, {0xc000fae7e0, 0x2, ...})
			gitlab.nethead.at/symflower/symflower/language/java/symbol/handle.go:5426 +0x87
		gitlab.nethead.at/symflower/symflower/language/java/symbol.(*transpiler).handleExpressionMethodCall(0xc0003b7680, 0xc001252450, 0xc000d56600)
			gitlab.nethead.at/symflower/symflower/language/java/symbol/handle.go:5568 +0x68b
		gitlab.nethead.at/symflower/symflower/language/java/symbol.(*transpiler).handleExpression(0xc0003b7680, 0xc001252450, {0x21f7d38, 0xc000d56600})
			gitlab.nethead.at/symflower/symflower/language/java/symbol/handle.go:6903 +0x785
		gitlab.nethead.at/symflower/symflower/language/java/symbol.(*transpiler).handleStatementExpressionAssign(0xc0003b7680, 0xc001252450, 0xc000d5cd20)
			gitlab.nethead.at/symflower/symflower/language/java/symbol/handle.go:3771 +0xe5
		gitlab.nethead.at/symflower/symflower/language/java/symbol.(*transpiler).handleStatementExpression(0xc0013d4b78?, 0x41aa94?, {0x21f79c8?, 0xc000d5cd20?})
			gitlab.nethead.at/symflower/symflower/language/java/symbol/handle.go:3932 +0x53
		gitlab.nethead.at/symflower/symflower/language/java/symbol.(*transpiler).handleStatement(0xc0003b7680, 0xc001252450, {0x21f7238, 0xc000d63100})
			gitlab.nethead.at/symflower/symflower/language/java/symbol/handle.go:4415 +0x8aa
		gitlab.nethead.at/symflower/symflower/language/java/symbol.(*transpiler).handleStatements(0xc0003b7680, 0xc001252450, {0xc000059d00, 0x4, 0xc000380360?})
			gitlab.nethead.at/symflower/symflower/language/java/symbol/handle.go:3731 +0x85
		gitlab.nethead.at/symflower/symflower/language/java/symbol.(*transpiler).handleBlock.func1()
			gitlab.nethead.at/symflower/symflower/language/java/symbol/handle.go:3712 +0x45
		gitlab.nethead.at/symflower/symflower/model/ast.(*Scope).Scoped(0xc000380360, 0xc0013d4d50)
			gitlab.nethead.at/symflower/symflower/model/ast/scope.go:297 +0x162
		gitlab.nethead.at/symflower/symflower/language/java/symbol.(*transpiler).handleBlock(0xc0003b7680, 0xc001252450, 0xc000d52e10)
			gitlab.nethead.at/symflower/symflower/language/java/symbol/handle.go:3711 +0x9e
		gitlab.nethead.at/symflower/symflower/language/java/symbol.(*transpiler).handleMethodDeclarationBody.(*transpiler).handleScopedBlockStatement.func2()
			gitlab.nethead.at/symflower/symflower/language/java/symbol/handle.go:2716 +0x205
		gitlab.nethead.at/symflower/symflower/model/ast.(*Scope).Scoped(0xc000380360, 0xc0013d5160)
			gitlab.nethead.at/symflower/symflower/model/ast/scope.go:297 +0x162
		gitlab.nethead.at/symflower/symflower/language/java/symbol.(*transpiler).handleScopedBlockStatement(...)
			gitlab.nethead.at/symflower/symflower/language/java/symbol/handle.go:2693
		gitlab.nethead.at/symflower/symflower/language/java/symbol.(*transpiler).handleMethodDeclarationBody(0xc0003b7680, 0xc001252450, {0x2208170, 0xc00124a540}, 0xc00125a400, 0x0)
			gitlab.nethead.at/symflower/symflower/language/java/symbol/handle.go:2523 +0x61b
		gitlab.nethead.at/symflower/symflower/language/java/symbol.(*transpiler).handleClassAndInterfaceDeclarationBodies(0xc0003b7680, 0xc001252450, 0xc00124a540)
			gitlab.nethead.at/symflower/symflower/language/java/symbol/handle.go:1534 +0x2f7
		gitlab.nethead.at/symflower/symflower/language/java/symbol.(*transpiler).handleClassDeclarationBodies(0xc0003b7680, 0xc001252450, 0xc00124a540)
			gitlab.nethead.at/symflower/symflower/language/java/symbol/handle.go:1419 +0x106
		gitlab.nethead.at/symflower/symflower/language/java/symbol.(*transpiler).handleBodies.func1(0xc001252450, {0x2207578, 0xc00124a540})
			gitlab.nethead.at/symflower/symflower/language/java/symbol/symbols.go:532 +0x1ff
		gitlab.nethead.at/symflower/symflower/language/java/symbol.(*transpiler).walkSubDeclarations(0xc0003b7680, 0xc001252450, 0xc0013d5760, 0xc0011ccde0, 0xc00124cc80, {0x2207578, 0xc00124a540})
			gitlab.nethead.at/symflower/symflower/language/java/symbol/symbols.go:869 +0x1ee
		gitlab.nethead.at/symflower/symflower/language/java/symbol.(*transpiler).walkFile(0xc0003b7680, 0x1, 0x2088c58, 0xc0013d5760, 0xc0011ccde0, 0xc00124cc80)
			gitlab.nethead.at/symflower/symflower/language/java/symbol/symbols.go:625 +0x3c5
		gitlab.nethead.at/symflower/symflower/language/java/symbol.(*transpiler).walkPackage(0xc0003b7680, 0x1, 0x2088c58, 0xc0013d5760, 0xc0011ccde0)
			gitlab.nethead.at/symflower/symflower/language/java/symbol/symbols.go:583 +0x225
		gitlab.nethead.at/symflower/symflower/language/java/symbol.(*transpiler).walkFilesAndDeclarations(0xc0003b7680, 0x1, 0x2088c58, 0xc0013d5760)
			gitlab.nethead.at/symflower/symflower/language/java/symbol/symbols.go:566 +0xa5
		gitlab.nethead.at/symflower/symflower/language/java/symbol.(*transpiler).handleBodies(0xc0003b7680)
			gitlab.nethead.at/symflower/symflower/language/java/symbol/symbols.go:513 +0x65
		gitlab.nethead.at/symflower/symflower/language/java/symbol.symbolsWithDependencies(0xc000010750, {0x0?, 0x41aa94?, 0x42a965?}, 0x1)
			gitlab.nethead.at/symflower/symflower/language/java/symbol/symbols.go:486 +0x147
		gitlab.nethead.at/symflower/symflower/language/java/symbol.Symbols(0xc000010750, 0x1)
			gitlab.nethead.at/symflower/symflower/language/java/symbol/symbols.go:457 +0xf2
		gitlab.nethead.at/symflower/symflower/language/java.Adapter.Symbols(...)
			gitlab.nethead.at/symflower/symflower/language/java/symbols.go:29
		gitlab.nethead.at/symflower/symflower/cmd/symflower-local/generate.(*Generator).transpileLanguage(0xc00043d380, 0x0, 0x0, {0x220c620, 0x2e6b360})
			gitlab.nethead.at/symflower/symflower/cmd/symflower-local/generate/generate.go:136 +0x373
		gitlab.nethead.at/symflower/symflower/cmd/symflower-local/generate.(*Generator).Symbols(0xc00043d380, 0x0, 0x0)
			gitlab.nethead.at/symflower/symflower/cmd/symflower-local/generate/generate.go:94 +0x136
		gitlab.nethead.at/symflower/symflower/cmd/symflower-local/generate.(*AnalyzeEngineDefault).UnitTests(0x34?, 0x124bba0?, {0x21eb890?, 0xc00004cde0?}, {0xc0?, 0xc1?, 0x50?, 0x0?}, 0x34?, {0xc0000ff170, ...})
			gitlab.nethead.at/symflower/symflower/cmd/symflower-local/generate/analyze.go:153 +0x77
		gitlab.nethead.at/symflower/symflower/cmd/symflower-local/cmd.(*commandUnitTests).Execute(0xc0005103d8, {0xc000510008?, 0x7ab188083218?, 0xc0005103d8?})
			gitlab.nethead.at/symflower/symflower/cmd/symflower-local/cmd/unit-tests.go:85 +0x2a6
		gitlab.nethead.at/symflower/symflower/cmd.ExecuteNoExit({0x21de020, 0xc000510008}, {0xc00003e050?, 0x44?, 0x0?})
			gitlab.nethead.at/symflower/symflower/cmd/execute.go:59 +0x2ad
		gitlab.nethead.at/symflower/symflower/cmd.Execute({0x21de020?, 0xc000510008?}, {0xc00003e050?, 0xc000416000?, 0xc000507f10?})
			gitlab.nethead.at/symflower/symflower/cmd/execute.go:17 +0x26
		gitlab.nethead.at/symflower/symflower/cmd.ExecuteWithOSArguments(...)
			gitlab.nethead.at/symflower/symflower/cmd/execute.go:78
		main.main.func1()
			gitlab.nethead.at/symflower/symflower/cmd/symflower-demo/main.go:39 +0x34
		gitlab.nethead.at/symflower/symflower/cmd/symflower-local/cmd.(*Command).WithPanicReporter(0xc0000b2060?, 0x0?)
			gitlab.nethead.at/symflower/symflower/cmd/symflower-local/cmd/cmd.go:151 +0x33
		main.main()
			gitlab.nethead.at/symflower/symflower/cmd/symflower-demo/main.go:38 +0x7f
src/main/java/com/fasterxml/jackson/databind/introspect/POJOPropertyBuilder.java: error: error: unresolved type
	data: reference(T)
	child error: (error) Internal error: unknown type:
		"T"
		Stacktrace: goroutine 1 [running]:
		gitlab.nethead.at/symflower/symflower/model/errors.NewInternalError({0x21de060, 0x2d25a00}, {0x12473e0, 0xc0008fadd0})
			gitlab.nethead.at/symflower/symflower/model/errors/error.go:852 +0x4e
		gitlab.nethead.at/symflower/symflower/model/errors.NewProblemWithErrorSeverity(...)
			gitlab.nethead.at/symflower/symflower/model/errors/problem.go:321
		gitlab.nethead.at/symflower/symflower/model/ast.(*Scope).GetType(0xc0013d4150?, {0x2221c60, 0x1})
			gitlab.nethead.at/symflower/symflower/model/ast/scope.go:986 +0x85
		gitlab.nethead.at/symflower/symflower/model/ast.resolve(0xc000380360, {0x2205848?, 0xc000c424e0}, 0xe0)
			gitlab.nethead.at/symflower/symflower/model/ast/type-resolve.go:362 +0x78
		gitlab.nethead.at/symflower/symflower/model/ast.ResolveWithPointers(...)
			gitlab.nethead.at/symflower/symflower/model/ast/type-resolve.go:326
		gitlab.nethead.at/symflower/symflower/model/ast.(*TypeGenericInstance).IsCompatibleType(0xc0016e0740, 0xc000380360, {0x2205728?, 0xc000aac500?})
			gitlab.nethead.at/symflower/symflower/model/ast/type.go:3369 +0x230
		gitlab.nethead.at/symflower/symflower/language/java/symbol.(*transpiler).checkFunctionApplicability(0xc0003b7680, 0xc00125a500, {0x0?, 0x0?}, {0x0?, 0xa9c0c5?, 0xc000b16bf9?}, {0xc000faf440, 0x2, 0x2})
			gitlab.nethead.at/symflower/symflower/language/java/symbol/overloading.go:406 +0x66b
		gitlab.nethead.at/symflower/symflower/language/java/symbol.(*transpiler).matchOverloadingFunction(0xc0003b7680, {0xc0016e4078, 0x1, 0x1}, {0x0, 0x0}, {0x0, 0x0, 0x0}, {0xc000faf440, ...})
			gitlab.nethead.at/symflower/symflower/language/java/symbol/overloading.go:451 +0x217
		gitlab.nethead.at/symflower/symflower/language/java/symbol.(*transpiler).getFunction(0xc0003b7680, {0x0, 0x0}, {0xc000b16bf9, 0x5}, {0x0, 0x0, 0x0}, {0xc000faf440, 0x2, ...})
			gitlab.nethead.at/symflower/symflower/language/java/symbol/overloading.go:224 +0xd2
		gitlab.nethead.at/symflower/symflower/language/java/symbol.(*transpiler).handleMethodCallResolveOverloads(0xc0003b7680, {0xc000b16bf9, 0x5}, {0x0?, 0x0?}, {0x0?, 0x3d?, 0x0?}, {0xc000faf440, 0x2, ...})
			gitlab.nethead.at/symflower/symflower/language/java/symbol/handle.go:5426 +0x87
		gitlab.nethead.at/symflower/symflower/language/java/symbol.(*transpiler).handleExpressionMethodCall(0xc0003b7680, 0xc001252450, 0xc000d566c0)
			gitlab.nethead.at/symflower/symflower/language/java/symbol/handle.go:5568 +0x68b
		gitlab.nethead.at/symflower/symflower/language/java/symbol.(*transpiler).handleExpression(0xc0003b7680, 0xc001252450, {0x21f7d38, 0xc000d566c0})
			gitlab.nethead.at/symflower/symflower/language/java/symbol/handle.go:6903 +0x785
		gitlab.nethead.at/symflower/symflower/language/java/symbol.(*transpiler).handleStatementExpressionAssign(0xc0003b7680, 0xc001252450, 0xc000d5ce60)
			gitlab.nethead.at/symflower/symflower/language/java/symbol/handle.go:3771 +0xe5
		gitlab.nethead.at/symflower/symflower/language/java/symbol.(*transpiler).handleStatementExpression(0xc0013d4b78?, 0x41aa94?, {0x21f79c8?, 0xc000d5ce60?})
			gitlab.nethead.at/symflower/symflower/language/java/symbol/handle.go:3932 +0x53
		gitlab.nethead.at/symflower/symflower/language/java/symbol.(*transpiler).handleStatement(0xc0003b7680, 0xc001252450, {0x21f7238, 0xc000d63580})
			gitlab.nethead.at/symflower/symflower/language/java/symbol/handle.go:4415 +0x8aa
		gitlab.nethead.at/symflower/symflower/language/java/symbol.(*transpiler).handleStatements(0xc0003b7680, 0xc001252450, {0xc000059d00, 0x4, 0xc000380360?})
			gitlab.nethead.at/symflower/symflower/language/java/symbol/handle.go:3731 +0x85
		gitlab.nethead.at/symflower/symflower/language/java/symbol.(*transpiler).handleBlock.func1()
			gitlab.nethead.at/symflower/symflower/language/java/symbol/handle.go:3712 +0x45
		gitlab.nethead.at/symflower/symflower/model/ast.(*Scope).Scoped(0xc000380360, 0xc0013d4d50)
			gitlab.nethead.at/symflower/symflower/model/ast/scope.go:297 +0x162
		gitlab.nethead.at/symflower/symflower/language/java/symbol.(*transpiler).handleBlock(0xc0003b7680, 0xc001252450, 0xc000d52e10)
			gitlab.nethead.at/symflower/symflower/language/java/symbol/handle.go:3711 +0x9e
		gitlab.nethead.at/symflower/symflower/language/java/symbol.(*transpiler).handleMethodDeclarationBody.(*transpiler).handleScopedBlockStatement.func2()
			gitlab.nethead.at/symflower/symflower/language/java/symbol/handle.go:2716 +0x205
		gitlab.nethead.at/symflower/symflower/model/ast.(*Scope).Scoped(0xc000380360, 0xc0013d5160)
			gitlab.nethead.at/symflower/symflower/model/ast/scope.go:297 +0x162
		gitlab.nethead.at/symflower/symflower/language/java/symbol.(*transpiler).handleScopedBlockStatement(...)
			gitlab.nethead.at/symflower/symflower/language/java/symbol/handle.go:2693
		gitlab.nethead.at/symflower/symflower/language/java/symbol.(*transpiler).handleMethodDeclarationBody(0xc0003b7680, 0xc001252450, {0x2208170, 0xc00124a540}, 0xc00125a400, 0x0)
			gitlab.nethead.at/symflower/symflower/language/java/symbol/handle.go:2523 +0x61b
		gitlab.nethead.at/symflower/symflower/language/java/symbol.(*transpiler).handleClassAndInterfaceDeclarationBodies(0xc0003b7680, 0xc001252450, 0xc00124a540)
			gitlab.nethead.at/symflower/symflower/language/java/symbol/handle.go:1534 +0x2f7
		gitlab.nethead.at/symflower/symflower/language/java/symbol.(*transpiler).handleClassDeclarationBodies(0xc0003b7680, 0xc001252450, 0xc00124a540)
			gitlab.nethead.at/symflower/symflower/language/java/symbol/handle.go:1419 +0x106
		gitlab.nethead.at/symflower/symflower/language/java/symbol.(*transpiler).handleBodies.func1(0xc001252450, {0x2207578, 0xc00124a540})
			gitlab.nethead.at/symflower/symflower/language/java/symbol/symbols.go:532 +0x1ff
		gitlab.nethead.at/symflower/symflower/language/java/symbol.(*transpiler).walkSubDeclarations(0xc0003b7680, 0xc001252450, 0xc0013d5760, 0xc0011ccde0, 0xc00124cc80, {0x2207578, 0xc00124a540})
			gitlab.nethead.at/symflower/symflower/language/java/symbol/symbols.go:869 +0x1ee
		gitlab.nethead.at/symflower/symflower/language/java/symbol.(*transpiler).walkFile(0xc0003b7680, 0x1, 0x2088c58, 0xc0013d5760, 0xc0011ccde0, 0xc00124cc80)
			gitlab.nethead.at/symflower/symflower/language/java/symbol/symbols.go:625 +0x3c5
		gitlab.nethead.at/symflower/symflower/language/java/symbol.(*transpiler).walkPackage(0xc0003b7680, 0x1, 0x2088c58, 0xc0013d5760, 0xc0011ccde0)
			gitlab.nethead.at/symflower/symflower/language/java/symbol/symbols.go:583 +0x225
		gitlab.nethead.at/symflower/symflower/language/java/symbol.(*transpiler).walkFilesAndDeclarations(0xc0003b7680, 0x1, 0x2088c58, 0xc0013d5760)
			gitlab.nethead.at/symflower/symflower/language/java/symbol/symbols.go:566 +0xa5
		gitlab.nethead.at/symflower/symflower/language/java/symbol.(*transpiler).handleBodies(0xc0003b7680)
			gitlab.nethead.at/symflower/symflower/language/java/symbol/symbols.go:513 +0x65
		gitlab.nethead.at/symflower/symflower/language/java/symbol.symbolsWithDependencies(0xc000010750, {0x0?, 0x41aa94?, 0x42a965?}, 0x1)
			gitlab.nethead.at/symflower/symflower/language/java/symbol/symbols.go:486 +0x147
		gitlab.nethead.at/symflower/symflower/language/java/symbol.Symbols(0xc000010750, 0x1)
			gitlab.nethead.at/symflower/symflower/language/java/symbol/symbols.go:457 +0xf2
		gitlab.nethead.at/symflower/symflower/language/java.Adapter.Symbols(...)
			gitlab.nethead.at/symflower/symflower/language/java/symbols.go:29
		gitlab.nethead.at/symflower/symflower/cmd/symflower-local/generate.(*Generator).transpileLanguage(0xc00043d380, 0x0, 0x0, {0x220c620, 0x2e6b360})
			gitlab.nethead.at/symflower/symflower/cmd/symflower-local/generate/generate.go:136 +0x373
		gitlab.nethead.at/symflower/symflower/cmd/symflower-local/generate.(*Generator).Symbols(0xc00043d380, 0x0, 0x0)
			gitlab.nethead.at/symflower/symflower/cmd/symflower-local/generate/generate.go:94 +0x136
		gitlab.nethead.at/symflower/symflower/cmd/symflower-local/generate.(*AnalyzeEngineDefault).UnitTests(0x34?, 0x124bba0?, {0x21eb890?, 0xc00004cde0?}, {0xc0?, 0xc1?, 0x50?, 0x0?}, 0x34?, {0xc0000ff170, ...})
			gitlab.nethead.at/symflower/symflower/cmd/symflower-local/generate/analyze.go:153 +0x77
		gitlab.nethead.at/symflower/symflower/cmd/symflower-local/cmd.(*commandUnitTests).Execute(0xc0005103d8, {0xc000510008?, 0x7ab188083218?, 0xc0005103d8?})
			gitlab.nethead.at/symflower/symflower/cmd/symflower-local/cmd/unit-tests.go:85 +0x2a6
		gitlab.nethead.at/symflower/symflower/cmd.ExecuteNoExit({0x21de020, 0xc000510008}, {0xc00003e050?, 0x44?, 0x0?})
			gitlab.nethead.at/symflower/symflower/cmd/execute.go:59 +0x2ad
		gitlab.nethead.at/symflower/symflower/cmd.Execute({0x21de020?, 0xc000510008?}, {0xc00003e050?, 0xc000416000?, 0xc000507f10?})
			gitlab.nethead.at/symflower/symflower/cmd/execute.go:17 +0x26
		gitlab.nethead.at/symflower/symflower/cmd.ExecuteWithOSArguments(...)
			gitlab.nethead.at/symflower/symflower/cmd/execute.go:78
		main.main.func1()
			gitlab.nethead.at/symflower/symflower/cmd/symflower-demo/main.go:39 +0x34
		gitlab.nethead.at/symflower/symflower/cmd/symflower-local/cmd.(*Command).WithPanicReporter(0xc0000b2060?, 0x0?)
			gitlab.nethead.at/symflower/symflower/cmd/symflower-local/cmd/cmd.go:151 +0x33
		main.main()
			gitlab.nethead.at/symflower/symflower/cmd/symflower-demo/main.go:38 +0x7f
src/main/java/com/fasterxml/jackson/databind/introspect/POJOPropertyBuilder.java: error: error: unresolved type
	data: reference(T)
	child error: (error) Internal error: unknown type:
		"T"
		Stacktrace: goroutine 1 [running]:
		gitlab.nethead.at/symflower/symflower/model/errors.NewInternalError({0x21de060, 0x2d25a00}, {0x12473e0, 0xc005542700})
			gitlab.nethead.at/symflower/symflower/model/errors/error.go:852 +0x4e
		gitlab.nethead.at/symflower/symflower/model/errors.NewProblemWithErrorSeverity(...)
			gitlab.nethead.at/symflower/symflower/model/errors/problem.go:321
		gitlab.nethead.at/symflower/symflower/model/ast.(*Scope).GetType(0xc0013d4150?, {0x2221c60, 0x1})
			gitlab.nethead.at/symflower/symflower/model/ast/scope.go:986 +0x85
		gitlab.nethead.at/symflower/symflower/model/ast.resolve(0xc000380360, {0x2205848?, 0xc000c43260}, 0xe0)
			gitlab.nethead.at/symflower/symflower/model/ast/type-resolve.go:362 +0x78
		gitlab.nethead.at/symflower/symflower/model/ast.ResolveWithPointers(...)
			gitlab.nethead.at/symflower/symflower/model/ast/type-resolve.go:326
		gitlab.nethead.at/symflower/symflower/model/ast.(*TypeGenericInstance).IsCompatibleType(0xc0016e0c80, 0xc000380360, {0x2205728?, 0xc000aac500?})
			gitlab.nethead.at/symflower/symflower/model/ast/type.go:3369 +0x230
		gitlab.nethead.at/symflower/symflower/language/java/symbol.(*transpiler).checkFunctionApplicability(0xc0003b7680, 0xc00125ae00, {0x0?, 0x0?}, {0x0?, 0xa9c0c5?, 0xc000b17340?}, {0xc0055426a0, 0x1, 0x1})
			gitlab.nethead.at/symflower/symflower/language/java/symbol/overloading.go:406 +0x66b
		gitlab.nethead.at/symflower/symflower/language/java/symbol.(*transpiler).matchOverloadingFunction(0xc0003b7680, {0xc0016e40d0, 0x1, 0x1}, {0x0, 0x0}, {0x0, 0x0, 0x0}, {0xc0055426a0, ...})
			gitlab.nethead.at/symflower/symflower/language/java/symbol/overloading.go:451 +0x217
		gitlab.nethead.at/symflower/symflower/language/java/symbol.(*transpiler).getFunction(0xc0003b7680, {0x0, 0x0}, {0xc000b17340, 0xe}, {0x0, 0x0, 0x0}, {0xc0055426a0, 0x1, ...})
			gitlab.nethead.at/symflower/symflower/language/java/symbol/overloading.go:224 +0xd2
		gitlab.nethead.at/symflower/symflower/language/java/symbol.(*transpiler).handleMethodCallResolveOverloads(0xc0003b7680, {0xc000b17340, 0xe}, {0x0?, 0x0?}, {0x0?, 0x3d?, 0x0?}, {0xc0055426a0, 0x1, ...})
			gitlab.nethead.at/symflower/symflower/language/java/symbol/handle.go:5426 +0x87
		gitlab.nethead.at/symflower/symflower/language/java/symbol.(*transpiler).handleExpressionMethodCall(0xc0003b7680, 0xc001252450, 0xc000d56c00)
			gitlab.nethead.at/symflower/symflower/language/java/symbol/handle.go:5568 +0x68b
		gitlab.nethead.at/symflower/symflower/language/java/symbol.(*transpiler).handleExpression(0xc0003b7680, 0xc001252450, {0x21f7d38, 0xc000d56c00})
			gitlab.nethead.at/symflower/symflower/language/java/symbol/handle.go:6903 +0x785
		gitlab.nethead.at/symflower/symflower/language/java/symbol.(*transpiler).handleStatementExpressionAssign(0xc0003b7680, 0xc001252450, 0xc000d5d5e0)
			gitlab.nethead.at/symflower/symflower/language/java/symbol/handle.go:3771 +0xe5
		gitlab.nethead.at/symflower/symflower/language/java/symbol.(*transpiler).handleStatementExpression(0xc0013d4b78?, 0x41aa94?, {0x21f79c8?, 0xc000d5d5e0?})
			gitlab.nethead.at/symflower/symflower/language/java/symbol/handle.go:3932 +0x53
		gitlab.nethead.at/symflower/symflower/language/java/symbol.(*transpiler).handleStatement(0xc0003b7680, 0xc001252450, {0x21f7238, 0xc000d67c00})
			gitlab.nethead.at/symflower/symflower/language/java/symbol/handle.go:4415 +0x8aa
		gitlab.nethead.at/symflower/symflower/language/java/symbol.(*transpiler).handleStatements(0xc0003b7680, 0xc001252450, {0xc000059d40, 0x4, 0xc000081008?})
			gitlab.nethead.at/symflower/symflower/language/java/symbol/handle.go:3731 +0x85
		gitlab.nethead.at/symflower/symflower/language/java/symbol.(*transpiler).handleBlock.func1()
			gitlab.nethead.at/symflower/symflower/language/java/symbol/handle.go:3712 +0x45
		gitlab.nethead.at/symflower/symflower/model/ast.(*Scope).Scoped(0xc000380360, 0xc0013d4d50)
			gitlab.nethead.at/symflower/symflower/model/ast/scope.go:297 +0x162
		gitlab.nethead.at/symflower/symflower/language/java/symbol.(*transpiler).handleBlock(0xc0003b7680, 0xc001252450, 0xc000d53050)
			gitlab.nethead.at/symflower/symflower/language/java/symbol/handle.go:3711 +0x9e
		gitlab.nethead.at/symflower/symflower/language/java/symbol.(*transpiler).handleMethodDeclarationBody.(*transpiler).handleScopedBlockStatement.func2()
			gitlab.nethead.at/symflower/symflower/language/java/symbol/handle.go:2716 +0x205
		gitlab.nethead.at/symflower/symflower/model/ast.(*Scope).Scoped(0xc000380360, 0xc0013d5160)
			gitlab.nethead.at/symflower/symflower/model/ast/scope.go:297 +0x162
		gitlab.nethead.at/symflower/symflower/language/java/symbol.(*transpiler).handleScopedBlockStatement(...)
			gitlab.nethead.at/symflower/symflower/language/java/symbol/handle.go:2693
		gitlab.nethead.at/symflower/symflower/language/java/symbol.(*transpiler).handleMethodDeclarationBody(0xc0003b7680, 0xc001252450, {0x2208170, 0xc00124a540}, 0xc00125a600, 0x0)
			gitlab.nethead.at/symflower/symflower/language/java/symbol/handle.go:2523 +0x61b
		gitlab.nethead.at/symflower/symflower/language/java/symbol.(*transpiler).handleClassAndInterfaceDeclarationBodies(0xc0003b7680, 0xc001252450, 0xc00124a540)
			gitlab.nethead.at/symflower/symflower/language/java/symbol/handle.go:1534 +0x2f7
		gitlab.nethead.at/symflower/symflower/language/java/symbol.(*transpiler).handleClassDeclarationBodies(0xc0003b7680, 0xc001252450, 0xc00124a540)
			gitlab.nethead.at/symflower/symflower/language/java/symbol/handle.go:1419 +0x106
		gitlab.nethead.at/symflower/symflower/language/java/symbol.(*transpiler).handleBodies.func1(0xc001252450, {0x2207578, 0xc00124a540})
			gitlab.nethead.at/symflower/symflower/language/java/symbol/symbols.go:532 +0x1ff
		gitlab.nethead.at/symflower/symflower/language/java/symbol.(*transpiler).walkSubDeclarations(0xc0003b7680, 0xc001252450, 0xc0013d5760, 0xc0011ccde0, 0xc00124cc80, {0x2207578, 0xc00124a540})
			gitlab.nethead.at/symflower/symflower/language/java/symbol/symbols.go:869 +0x1ee
		gitlab.nethead.at/symflower/symflower/language/java/symbol.(*transpiler).walkFile(0xc0003b7680, 0x1, 0x2088c58, 0xc0013d5760, 0xc0011ccde0, 0xc00124cc80)
			gitlab.nethead.at/symflower/symflower/language/java/symbol/symbols.go:625 +0x3c5
		gitlab.nethead.at/symflower/symflower/language/java/symbol.(*transpiler).walkPackage(0xc0003b7680, 0x1, 0x2088c58, 0xc0013d5760, 0xc0011ccde0)
			gitlab.nethead.at/symflower/symflower/language/java/symbol/symbols.go:583 +0x225
		gitlab.nethead.at/symflower/symflower/language/java/symbol.(*transpiler).walkFilesAndDeclarations(0xc0003b7680, 0x1, 0x2088c58, 0xc0013d5760)
			gitlab.nethead.at/symflower/symflower/language/java/symbol/symbols.go:566 +0xa5
		gitlab.nethead.at/symflower/symflower/language/java/symbol.(*transpiler).handleBodies(0xc0003b7680)
			gitlab.nethead.at/symflower/symflower/language/java/symbol/symbols.go:513 +0x65
		gitlab.nethead.at/symflower/symflower/language/java/symbol.symbolsWithDependencies(0xc000010750, {0x0?, 0x41aa94?, 0x42a965?}, 0x1)
			gitlab.nethead.at/symflower/symflower/language/java/symbol/symbols.go:486 +0x147
		gitlab.nethead.at/symflower/symflower/language/java/symbol.Symbols(0xc000010750, 0x1)
			gitlab.nethead.at/symflower/symflower/language/java/symbol/symbols.go:457 +0xf2
		gitlab.nethead.at/symflower/symflower/language/java.Adapter.Symbols(...)
			gitlab.nethead.at/symflower/symflower/language/java/symbols.go:29
		gitlab.nethead.at/symflower/symflower/cmd/symflower-local/generate.(*Generator).transpileLanguage(0xc00043d380, 0x0, 0x0, {0x220c620, 0x2e6b360})
			gitlab.nethead.at/symflower/symflower/cmd/symflower-local/generate/generate.go:136 +0x373
		gitlab.nethead.at/symflower/symflower/cmd/symflower-local/generate.(*Generator).Symbols(0xc00043d380, 0x0, 0x0)
			gitlab.nethead.at/symflower/symflower/cmd/symflower-local/generate/generate.go:94 +0x136
		gitlab.nethead.at/symflower/symflower/cmd/symflower-local/generate.(*AnalyzeEngineDefault).UnitTests(0x34?, 0x124bba0?, {0x21eb890?, 0xc00004cde0?}, {0xc0?, 0xc1?, 0x50?, 0x0?}, 0x34?, {0xc0000ff170, ...})
			gitlab.nethead.at/symflower/symflower/cmd/symflower-local/generate/analyze.go:153 +0x77
		gitlab.nethead.at/symflower/symflower/cmd/symflower-local/cmd.(*commandUnitTests).Execute(0xc0005103d8, {0xc000510008?, 0x7ab188083218?, 0xc0005103d8?})
			gitlab.nethead.at/symflower/symflower/cmd/symflower-local/cmd/unit-tests.go:85 +0x2a6
		gitlab.nethead.at/symflower/symflower/cmd.ExecuteNoExit({0x21de020, 0xc000510008}, {0xc00003e050?, 0x44?, 0x0?})
			gitlab.nethead.at/symflower/symflower/cmd/execute.go:59 +0x2ad
		gitlab.nethead.at/symflower/symflower/cmd.Execute({0x21de020?, 0xc000510008?}, {0xc00003e050?, 0xc000416000?, 0xc000507f10?})
			gitlab.nethead.at/symflower/symflower/cmd/execute.go:17 +0x26
		gitlab.nethead.at/symflower/symflower/cmd.ExecuteWithOSArguments(...)
			gitlab.nethead.at/symflower/symflower/cmd/execute.go:78
		main.main.func1()
			gitlab.nethead.at/symflower/symflower/cmd/symflower-demo/main.go:39 +0x34
		gitlab.nethead.at/symflower/symflower/cmd/symflower-local/cmd.(*Command).WithPanicReporter(0xc0000b2060?, 0x0?)
			gitlab.nethead.at/symflower/symflower/cmd/symflower-local/cmd/cmd.go:151 +0x33
		main.main()
			gitlab.nethead.at/symflower/symflower/cmd/symflower-demo/main.go:38 +0x7f
src/main/java/com/fasterxml/jackson/databind/introspect/POJOPropertyBuilder.java: error: unknown field
	data: [this struct(com/fasterxml/jackson/databind/introspect/POJOPropertyBuilder, [], [pointer(reference(com/fasterxml/jackson/databind/introspect/BeanPropertyDefinition))], [pointer(genericInstance(reference(java/lang/Comparable), [pointer(reference(com/fasterxml/jackson/databind/introspect/POJOPropertyBuilder))]))]) AUTO]
src/main/java/com/fasterxml/jackson/databind/introspect/POJOPropertyBuilder.java: error: error: unresolved type
	data: reference(T)
	child error: (error) Internal error: unknown type:
		"T"
		Stacktrace: goroutine 1 [running]:
		gitlab.nethead.at/symflower/symflower/model/errors.NewInternalError({0x21de060, 0x2d25a00}, {0x12473e0, 0xc0059bd470})
			gitlab.nethead.at/symflower/symflower/model/errors/error.go:852 +0x4e
		gitlab.nethead.at/symflower/symflower/model/errors.NewProblemWithErrorSeverity(...)
			gitlab.nethead.at/symflower/symflower/model/errors/problem.go:321
		gitlab.nethead.at/symflower/symflower/model/ast.(*Scope).GetType(0xc0067b20c0?, {0x2221c60, 0x1})
			gitlab.nethead.at/symflower/symflower/model/ast/scope.go:986 +0x85
		gitlab.nethead.at/symflower/symflower/model/ast.resolve(0xc000380360, {0x2205848?, 0xc000c43d20}, 0xe0)
			gitlab.nethead.at/symflower/symflower/model/ast/type-resolve.go:362 +0x78
		gitlab.nethead.at/symflower/symflower/model/ast.ResolveWithPointers(...)
			gitlab.nethead.at/symflower/symflower/model/ast/type-resolve.go:326
		gitlab.nethead.at/symflower/symflower/model/ast.(*TypeGenericInstance).IsCompatibleType(0xc0016e1140, 0xc000380360, {0x2205728?, 0xc000aac500?})
			gitlab.nethead.at/symflower/symflower/model/ast/type.go:3369 +0x230
		gitlab.nethead.at/symflower/symflower/language/java/symbol.(*transpiler).checkFunctionApplicability(0xc0003b7680, 0xc00125b400, {0x0?, 0x0?}, {0x0?, 0xa9c0c5?, 0xc000c4a520?}, {0xc0059bd410, 0x1, 0x1})
			gitlab.nethead.at/symflower/symflower/language/java/symbol/overloading.go:406 +0x66b
		gitlab.nethead.at/symflower/symflower/language/java/symbol.(*transpiler).matchOverloadingFunction(0xc0003b7680, {0xc0016e4100, 0x1, 0x1}, {0x0, 0x0}, {0x0, 0x0, 0x0}, {0xc0059bd410, ...})
			gitlab.nethead.at/symflower/symflower/language/java/symbol/overloading.go:451 +0x217
		gitlab.nethead.at/symflower/symflower/language/java/symbol.(*transpiler).getFunction(0xc0003b7680, {0x0, 0x0}, {0xc000c4a520, 0xb}, {0x0, 0x0, 0x0}, {0xc0059bd410, 0x1, ...})
			gitlab.nethead.at/symflower/symflower/language/java/symbol/overloading.go:224 +0xd2
		gitlab.nethead.at/symflower/symflower/language/java/symbol.(*transpiler).handleMethodCallResolveOverloads(0xc0003b7680, {0xc000c4a520, 0xb}, {0x0?, 0x0?}, {0x0?, 0x40?, 0xc0003b7680?}, {0xc0059bd410, 0x1, ...})
			gitlab.nethead.at/symflower/symflower/language/java/symbol/handle.go:5426 +0x87
		gitlab.nethead.at/symflower/symflower/language/java/symbol.(*transpiler).handleExpressionMethodCall(0xc0003b7680, 0xc001252450, 0xc000d7d080)
			gitlab.nethead.at/symflower/symflower/language/java/symbol/handle.go:5568 +0x68b
		gitlab.nethead.at/symflower/symflower/language/java/symbol.(*transpiler).handleExpression(0xc0003b7680, 0xc001252450, {0x21f7d38, 0xc000d7d080})
			gitlab.nethead.at/symflower/symflower/language/java/symbol/handle.go:6903 +0x785
		gitlab.nethead.at/symflower/symflower/language/java/symbol.(*transpiler).handleExpressionBinary(0xc0003b7680, 0xc001252450, 0xc000d854a0)
			gitlab.nethead.at/symflower/symflower/language/java/symbol/handle.go:4912 +0x78
		gitlab.nethead.at/symflower/symflower/language/java/symbol.(*transpiler).handleExpression(0xc0003b7680, 0xc001252450, {0x21f7a20, 0xc000d854a0})
			gitlab.nethead.at/symflower/symflower/language/java/symbol/handle.go:6879 +0x6ae
		gitlab.nethead.at/symflower/symflower/language/java/symbol.(*transpiler).handleStatementReturn(0xc0003b7680, 0xc001252450, 0xc000d8ca80)
			gitlab.nethead.at/symflower/symflower/language/java/symbol/handle.go:4352 +0x7c
		gitlab.nethead.at/symflower/symflower/language/java/symbol.(*transpiler).handleStatement(0xc0003b7680, 0xc001252450, {0x21f74a0, 0xc000d8ca80})
			gitlab.nethead.at/symflower/symflower/language/java/symbol/handle.go:4423 +0x745
		gitlab.nethead.at/symflower/symflower/language/java/symbol.(*transpiler).handleStatements(0xc0003b7680, 0xc001252450, {0xc000a7f3e0, 0x1, 0xc000403808?})
			gitlab.nethead.at/symflower/symflower/language/java/symbol/handle.go:3731 +0x85
		gitlab.nethead.at/symflower/symflower/language/java/symbol.(*transpiler).handleBlock.func1()
			gitlab.nethead.at/symflower/symflower/language/java/symbol/handle.go:3712 +0x45
		gitlab.nethead.at/symflower/symflower/model/ast.(*Scope).Scoped(0xc000380360, 0xc0067b2d50)
			gitlab.nethead.at/symflower/symflower/model/ast/scope.go:297 +0x162
		gitlab.nethead.at/symflower/symflower/language/java/symbol.(*transpiler).handleBlock(0xc0003b7680, 0xc001252450, 0xc000d80ab0)
			gitlab.nethead.at/symflower/symflower/language/java/symbol/handle.go:3711 +0x9e
		gitlab.nethead.at/symflower/symflower/language/java/symbol.(*transpiler).handleMethodDeclarationBody.(*transpiler).handleScopedBlockStatement.func2()
			gitlab.nethead.at/symflower/symflower/language/java/symbol/handle.go:2716 +0x205
		gitlab.nethead.at/symflower/symflower/model/ast.(*Scope).Scoped(0xc000380360, 0xc0067b3160)
			gitlab.nethead.at/symflower/symflower/model/ast/scope.go:297 +0x162
		gitlab.nethead.at/symflower/symflower/language/java/symbol.(*transpiler).handleScopedBlockStatement(...)
			gitlab.nethead.at/symflower/symflower/language/java/symbol/handle.go:2693
		gitlab.nethead.at/symflower/symflower/language/java/symbol.(*transpiler).handleMethodDeclarationBody(0xc0003b7680, 0xc001252450, {0x2208170, 0xc00124a540}, 0xc00125b300, 0x0)
			gitlab.nethead.at/symflower/symflower/language/java/symbol/handle.go:2523 +0x61b
		gitlab.nethead.at/symflower/symflower/language/java/symbol.(*transpiler).handleClassAndInterfaceDeclarationBodies(0xc0003b7680, 0xc001252450, 0xc00124a540)
			gitlab.nethead.at/symflower/symflower/language/java/symbol/handle.go:1534 +0x2f7
		gitlab.nethead.at/symflower/symflower/language/java/symbol.(*transpiler).handleClassDeclarationBodies(0xc0003b7680, 0xc001252450, 0xc00124a540)
			gitlab.nethead.at/symflower/symflower/language/java/symbol/handle.go:1419 +0x106
		gitlab.nethead.at/symflower/symflower/language/java/symbol.(*transpiler).handleBodies.func1(0xc001252450, {0x2207578, 0xc00124a540})
			gitlab.nethead.at/symflower/symflower/language/java/symbol/symbols.go:532 +0x1ff
		gitlab.nethead.at/symflower/symflower/language/java/symbol.(*transpiler).walkSubDeclarations(0xc0003b7680, 0xc001252450, 0xc0067b3760, 0xc0011ccde0, 0xc00124cc80, {0x2207578, 0xc00124a540})
			gitlab.nethead.at/symflower/symflower/language/java/symbol/symbols.go:869 +0x1ee
		gitlab.nethead.at/symflower/symflower/language/java/symbol.(*transpiler).walkFile(0xc0003b7680, 0x1, 0x2088c58, 0xc0067b3760, 0xc0011ccde0, 0xc00124cc80)
			gitlab.nethead.at/symflower/symflower/language/java/symbol/symbols.go:625 +0x3c5
		gitlab.nethead.at/symflower/symflower/language/java/symbol.(*transpiler).walkPackage(0xc0003b7680, 0x1, 0x2088c58, 0xc0067b3760, 0xc0011ccde0)
			gitlab.nethead.at/symflower/symflower/language/java/symbol/symbols.go:583 +0x225
		gitlab.nethead.at/symflower/symflower/language/java/symbol.(*transpiler).walkFilesAndDeclarations(0xc0003b7680, 0x1, 0x2088c58, 0xc0067b3760)
			gitlab.nethead.at/symflower/symflower/language/java/symbol/symbols.go:566 +0xa5
		gitlab.nethead.at/symflower/symflower/language/java/symbol.(*transpiler).handleBodies(0xc0003b7680)
			gitlab.nethead.at/symflower/symflower/language/java/symbol/symbols.go:513 +0x65
		gitlab.nethead.at/symflower/symflower/language/java/symbol.symbolsWithDependencies(0xc000010750, {0x0?, 0x41aa94?, 0x42a965?}, 0x1)
			gitlab.nethead.at/symflower/symflower/language/java/symbol/symbols.go:486 +0x147
		gitlab.nethead.at/symflower/symflower/language/java/symbol.Symbols(0xc000010750, 0x1)
			gitlab.nethead.at/symflower/symflower/language/java/symbol/symbols.go:457 +0xf2
		gitlab.nethead.at/symflower/symflower/language/java.Adapter.Symbols(...)
			gitlab.nethead.at/symflower/symflower/language/java/symbols.go:29
		gitlab.nethead.at/symflower/symflower/cmd/symflower-local/generate.(*Generator).transpileLanguage(0xc00043d380, 0x0, 0x0, {0x220c620, 0x2e6b360})
			gitlab.nethead.at/symflower/symflower/cmd/symflower-local/generate/generate.go:136 +0x373
		gitlab.nethead.at/symflower/symflower/cmd/symflower-local/generate.(*Generator).Symbols(0xc00043d380, 0x0, 0x0)
			gitlab.nethead.at/symflower/symflower/cmd/symflower-local/generate/generate.go:94 +0x136
		gitlab.nethead.at/symflower/symflower/cmd/symflower-local/generate.(*AnalyzeEngineDefault).UnitTests(0x34?, 0x124bba0?, {0x21eb890?, 0xc00004cde0?}, {0xc0?, 0xc1?, 0x50?, 0x0?}, 0x34?, {0xc0000ff170, ...})
			gitlab.nethead.at/symflower/symflower/cmd/symflower-local/generate/analyze.go:153 +0x77
		gitlab.nethead.at/symflower/symflower/cmd/symflower-local/cmd.(*commandUnitTests).Execute(0xc0005103d8, {0xc000510008?, 0x7ab188083218?, 0xc0005103d8?})
			gitlab.nethead.at/symflower/symflower/cmd/symflower-local/cmd/unit-tests.go:85 +0x2a6
		gitlab.nethead.at/symflower/symflower/cmd.ExecuteNoExit({0x21de020, 0xc000510008}, {0xc00003e050?, 0x44?, 0x0?})
			gitlab.nethead.at/symflower/symflower/cmd/execute.go:59 +0x2ad
		gitlab.nethead.at/symflower/symflower/cmd.Execute({0x21de020?, 0xc000510008?}, {0xc00003e050?, 0xc000416000?, 0xc000507f10?})
			gitlab.nethead.at/symflower/symflower/cmd/execute.go:17 +0x26
		gitlab.nethead.at/symflower/symflower/cmd.ExecuteWithOSArguments(...)
			gitlab.nethead.at/symflower/symflower/cmd/execute.go:78
		main.main.func1()
			gitlab.nethead.at/symflower/symflower/cmd/symflower-demo/main.go:39 +0x34
		gitlab.nethead.at/symflower/symflower/cmd/symflower-local/cmd.(*Command).WithPanicReporter(0xc0000b2060?, 0x0?)
			gitlab.nethead.at/symflower/symflower/cmd/symflower-local/cmd/cmd.go:151 +0x33
		main.main()
			gitlab.nethead.at/symflower/symflower/cmd/symflower-demo/main.go:38 +0x7f
src/main/java/com/fasterxml/jackson/databind/introspect/POJOPropertyBuilder.java: error: unknown identifier
	data: props
src/main/java/com/fasterxml/jackson/databind/introspect/POJOPropertyBuilder.java: error: unknown import
	data: com/fasterxml/jackson/annotation/JsonProperty
src/main/java/com/fasterxml/jackson/databind/introspect/POJOPropertyBuilder.java: error: unknown function
	data: [pointer(genericInstance(reference(java/lang/Class), [wildcard(, pointer(reference(java/lang/Object)))])) java/lang/Class<descendant of java/lang/Object>//isAssignableFrom [] [nextClass]]
src/main/java/com/fasterxml/jackson/databind/introspect/POJOPropertyBuilder.java: error: unknown field
	data: [this struct(com/fasterxml/jackson/databind/introspect/POJOPropertyBuilder//@@localWithMember6, [], [pointer(reference(java/lang/Object))], [pointer(genericInstance(reference(com/fasterxml/jackson/databind/introspect/POJOPropertyBuilder//WithMember), [pointer(reference(java/lang/String))]))]) _annotationIntrospector]
src/main/java/com/fasterxml/jackson/databind/introspect/POJOPropertyBuilder.java: error: error: unresolved type
	data: reference(T)
	child error: (error) Internal error: unknown type:
		"T"
		Stacktrace: goroutine 1 [running]:
		gitlab.nethead.at/symflower/symflower/model/errors.NewInternalError({0x21de060, 0x2d25a00}, {0x12473e0, 0xc005d2ac10})
			gitlab.nethead.at/symflower/symflower/model/errors/error.go:852 +0x4e
		gitlab.nethead.at/symflower/symflower/model/errors.NewProblemWithErrorSeverity(...)
			gitlab.nethead.at/symflower/symflower/model/errors/problem.go:321
		gitlab.nethead.at/symflower/symflower/model/ast.(*Scope).GetType(0xc0067b1a00?, {0x2221c60, 0x1})
			gitlab.nethead.at/symflower/symflower/model/ast/scope.go:986 +0x85
		gitlab.nethead.at/symflower/symflower/model/ast.resolve(0xc000380360, {0x2205848?, 0xc000c42f60}, 0xe0)
			gitlab.nethead.at/symflower/symflower/model/ast/type-resolve.go:362 +0x78
		gitlab.nethead.at/symflower/symflower/model/ast.ResolveWithPointers(...)
			gitlab.nethead.at/symflower/symflower/model/ast/type-resolve.go:326
		gitlab.nethead.at/symflower/symflower/model/ast.(*TypeGenericInstance).IsCompatibleType(0xc0016e0b00, 0xc000380360, {0x2205728?, 0xc000aac580?})
			gitlab.nethead.at/symflower/symflower/model/ast/type.go:3369 +0x230
		gitlab.nethead.at/symflower/symflower/language/java/symbol.(*transpiler).checkFunctionApplicability(0xc0003b7680, 0xc00125ad00, {0x0?, 0x0?}, {0x0?, 0x43f908?, 0xc000b0b380?}, {0xc000b0e660, 0x2, 0x2})
			gitlab.nethead.at/symflower/symflower/language/java/symbol/overloading.go:406 +0x66b
		gitlab.nethead.at/symflower/symflower/language/java/symbol.(*transpiler).matchOverloadingFunction(0xc0003b7680, {0xc0016e40c8, 0x1, 0x1}, {0x0, 0x0}, {0x0, 0x0, 0x0}, {0xc000b0e660, ...})
			gitlab.nethead.at/symflower/symflower/language/java/symbol/overloading.go:451 +0x217
		gitlab.nethead.at/symflower/symflower/language/java/symbol.(*transpiler).getFunction(0xc0003b7680, {0x0, 0x0}, {0xc000b0b380, 0x11}, {0x0, 0x0, 0x0}, {0xc000b0e660, 0x2, ...})
			gitlab.nethead.at/symflower/symflower/language/java/symbol/overloading.go:224 +0xd2
		gitlab.nethead.at/symflower/symflower/language/java/symbol.(*transpiler).handleMethodCallResolveOverloads(0xc0003b7680, {0xc000b0b380, 0x11}, {0x0?, 0x0?}, {0x0?, 0x3d?, 0x0?}, {0xc000b0e660, 0x2, ...})
			gitlab.nethead.at/symflower/symflower/language/java/symbol/handle.go:5426 +0x87
		gitlab.nethead.at/symflower/symflower/language/java/symbol.(*transpiler).handleExpressionMethodCall(0xc0003b7680, 0xc001252450, 0xc000d57ec0)
			gitlab.nethead.at/symflower/symflower/language/java/symbol/handle.go:5568 +0x68b
		gitlab.nethead.at/symflower/symflower/language/java/symbol.(*transpiler).handleExpression(0xc0003b7680, 0xc001252450, {0x21f7d38, 0xc000d57ec0})
			gitlab.nethead.at/symflower/symflower/language/java/symbol/handle.go:6903 +0x785
		gitlab.nethead.at/symflower/symflower/language/java/symbol.(*transpiler).handleStatementExpressionAssign(0xc0003b7680, 0xc001252450, 0xc000d6f400)
			gitlab.nethead.at/symflower/symflower/language/java/symbol/handle.go:3771 +0xe5
		gitlab.nethead.at/symflower/symflower/language/java/symbol.(*transpiler).handleStatementExpression(0xc0067b2428?, 0x41aa94?, {0x21f79c8?, 0xc000d6f400?})
			gitlab.nethead.at/symflower/symflower/language/java/symbol/handle.go:3932 +0x53
		gitlab.nethead.at/symflower/symflower/language/java/symbol.(*transpiler).handleStatement(0xc0003b7680, 0xc001252450, {0x21f7238, 0xc000d79180})
			gitlab.nethead.at/symflower/symflower/language/java/symbol/handle.go:4415 +0x8aa
		gitlab.nethead.at/symflower/symflower/language/java/symbol.(*transpiler).handleStatements(0xc0003b7680, 0xc001252450, {0xc000d02560, 0x2, 0x41aa01?})
			gitlab.nethead.at/symflower/symflower/language/java/symbol/handle.go:3731 +0x85
		gitlab.nethead.at/symflower/symflower/language/java/symbol.(*transpiler).handleBlock.func1()
			gitlab.nethead.at/symflower/symflower/language/java/symbol/handle.go:3712 +0x45
		gitlab.nethead.at/symflower/symflower/model/ast.(*Scope).Scoped(0xc000380360, 0xc0067b2600)
			gitlab.nethead.at/symflower/symflower/model/ast/scope.go:297 +0x162
		gitlab.nethead.at/symflower/symflower/language/java/symbol.(*transpiler).handleBlock(0xc0003b7680, 0xc001252450, 0xc000d538c0)
			gitlab.nethead.at/symflower/symflower/language/java/symbol/handle.go:3711 +0x9e
		gitlab.nethead.at/symflower/symflower/language/java/symbol.(*transpiler).handleStatement(0xc0003b7680, 0xc001252450, {0x21f7028, 0xc000d538c0})
			gitlab.nethead.at/symflower/symflower/language/java/symbol/handle.go:4403 +0x4b6
		gitlab.nethead.at/symflower/symflower/language/java/symbol.(*transpiler).handleStatementIf(0xc0003b7680, 0xc001252450, 0xc000d6f4a0)
			gitlab.nethead.at/symflower/symflower/language/java/symbol/handle.go:4303 +0x65
		gitlab.nethead.at/symflower/symflower/language/java/symbol.(*transpiler).handleStatement(0xc0003b7680, 0xc001252450, {0x21f7340, 0xc000d6f4a0})
			gitlab.nethead.at/symflower/symflower/language/java/symbol/handle.go:4421 +0x645
		gitlab.nethead.at/symflower/symflower/language/java/symbol.(*transpiler).handleStatements(0xc0003b7680, 0xc001252450, {0xc000a7f190, 0x1, 0x82d328?})
			gitlab.nethead.at/symflower/symflower/language/java/symbol/handle.go:3731 +0x85
		gitlab.nethead.at/symflower/symflower/language/java/symbol.(*transpiler).handleBlock.func1()
			gitlab.nethead.at/symflower/symflower/language/java/symbol/handle.go:3712 +0x45
		gitlab.nethead.at/symflower/symflower/model/ast.(*Scope).Scoped(0xc000380360, 0xc0067b29a8)
			gitlab.nethead.at/symflower/symflower/model/ast/scope.go:297 +0x162
		gitlab.nethead.at/symflower/symflower/language/java/symbol.(*transpiler).handleBlock(0xc0003b7680, 0xc001252450, 0xc000d53950)
			gitlab.nethead.at/symflower/symflower/language/java/symbol/handle.go:3711 +0x9e
		gitlab.nethead.at/symflower/symflower/language/java/symbol.(*transpiler).handleStatement(0xc0003b7680, 0xc001252450, {0x21f7028, 0xc000d53950})
			gitlab.nethead.at/symflower/symflower/language/java/symbol/handle.go:4403 +0x4b6
		gitlab.nethead.at/symflower/symflower/language/java/symbol.(*transpiler).handleStatementIf(0xc0003b7680, 0xc001252450, 0xc000d6f540)
			gitlab.nethead.at/symflower/symflower/language/java/symbol/handle.go:4303 +0x65
		gitlab.nethead.at/symflower/symflower/language/java/symbol.(*transpiler).handleStatement(0xc0003b7680, 0xc001252450, {0x21f7340, 0xc000d6f540})
			gitlab.nethead.at/symflower/symflower/language/java/symbol/handle.go:4421 +0x645
		gitlab.nethead.at/symflower/symflower/language/java/symbol.(*transpiler).handleStatements(0xc0003b7680, 0xc001252450, {0xc000a7f170, 0x1, 0xc000380360?})
			gitlab.nethead.at/symflower/symflower/language/java/symbol/handle.go:3731 +0x85
		gitlab.nethead.at/symflower/symflower/language/java/symbol.(*transpiler).handleBlock.func1()
			gitlab.nethead.at/symflower/symflower/language/java/symbol/handle.go:3712 +0x45
		gitlab.nethead.at/symflower/symflower/model/ast.(*Scope).Scoped(0xc000380360, 0xc0067b2d50)
			gitlab.nethead.at/symflower/symflower/model/ast/scope.go:297 +0x162
		gitlab.nethead.at/symflower/symflower/language/java/symbol.(*transpiler).handleBlock(0xc0003b7680, 0xc001252450, 0xc000d539e0)
			gitlab.nethead.at/symflower/symflower/language/java/symbol/handle.go:3711 +0x9e
		gitlab.nethead.at/symflower/symflower/language/java/symbol.(*transpiler).handleMethodDeclarationBody.(*transpiler).handleScopedBlockStatement.func2()
			gitlab.nethead.at/symflower/symflower/language/java/symbol/handle.go:2716 +0x205
		gitlab.nethead.at/symflower/symflower/model/ast.(*Scope).Scoped(0xc000380360, 0xc0067b3160)
			gitlab.nethead.at/symflower/symflower/model/ast/scope.go:297 +0x162
		gitlab.nethead.at/symflower/symflower/language/java/symbol.(*transpiler).handleScopedBlockStatement(...)
			gitlab.nethead.at/symflower/symflower/language/java/symbol/handle.go:2693
		gitlab.nethead.at/symflower/symflower/language/java/symbol.(*transpiler).handleMethodDeclarationBody(0xc0003b7680, 0xc001252450, {0x2208170, 0xc00124a540}, 0xc00125aa00, 0x0)
			gitlab.nethead.at/symflower/symflower/language/java/symbol/handle.go:2523 +0x61b
		gitlab.nethead.at/symflower/symflower/language/java/symbol.(*transpiler).handleClassAndInterfaceDeclarationBodies(0xc0003b7680, 0xc001252450, 0xc00124a540)
			gitlab.nethead.at/symflower/symflower/language/java/symbol/handle.go:1534 +0x2f7
		gitlab.nethead.at/symflower/symflower/language/java/symbol.(*transpiler).handleClassDeclarationBodies(0xc0003b7680, 0xc001252450, 0xc00124a540)
			gitlab.nethead.at/symflower/symflower/language/java/symbol/handle.go:1419 +0x106
		gitlab.nethead.at/symflower/symflower/language/java/symbol.(*transpiler).handleBodies.func1(0xc001252450, {0x2207578, 0xc00124a540})
			gitlab.nethead.at/symflower/symflower/language/java/symbol/symbols.go:532 +0x1ff
		gitlab.nethead.at/symflower/symflower/language/java/symbol.(*transpiler).walkSubDeclarations(0xc0003b7680, 0xc001252450, 0xc0067b3760, 0xc0011ccde0, 0xc00124cc80, {0x2207578, 0xc00124a540})
			gitlab.nethead.at/symflower/symflower/language/java/symbol/symbols.go:869 +0x1ee
		gitlab.nethead.at/symflower/symflower/language/java/symbol.(*transpiler).walkFile(0xc0003b7680, 0x1, 0x2088c58, 0xc0067b3760, 0xc0011ccde0, 0xc00124cc80)
			gitlab.nethead.at/symflower/symflower/language/java/symbol/symbols.go:625 +0x3c5
		gitlab.nethead.at/symflower/symflower/language/java/symbol.(*transpiler).walkPackage(0xc0003b7680, 0x1, 0x2088c58, 0xc0067b3760, 0xc0011ccde0)
			gitlab.nethead.at/symflower/symflower/language/java/symbol/symbols.go:583 +0x225
		gitlab.nethead.at/symflower/symflower/language/java/symbol.(*transpiler).walkFilesAndDeclarations(0xc0003b7680, 0x1, 0x2088c58, 0xc0067b3760)
			gitlab.nethead.at/symflower/symflower/language/java/symbol/symbols.go:566 +0xa5
		gitlab.nethead.at/symflower/symflower/language/java/symbol.(*transpiler).handleBodies(0xc0003b7680)
			gitlab.nethead.at/symflower/symflower/language/java/symbol/symbols.go:513 +0x65
		gitlab.nethead.at/symflower/symflower/language/java/symbol.symbolsWithDependencies(0xc000010750, {0x0?, 0x41aa94?, 0x42a965?}, 0x1)
			gitlab.nethead.at/symflower/symflower/language/java/symbol/symbols.go:486 +0x147
		gitlab.nethead.at/symflower/symflower/language/java/symbol.Symbols(0xc000010750, 0x1)
			gitlab.nethead.at/symflower/symflower/language/java/symbol/symbols.go:457 +0xf2
		gitlab.nethead.at/symflower/symflower/language/java.Adapter.Symbols(...)
			gitlab.nethead.at/symflower/symflower/language/java/symbols.go:29
		gitlab.nethead.at/symflower/symflower/cmd/symflower-local/generate.(*Generator).transpileLanguage(0xc00043d380, 0x0, 0x0, {0x220c620, 0x2e6b360})
			gitlab.nethead.at/symflower/symflower/cmd/symflower-local/generate/generate.go:136 +0x373
		gitlab.nethead.at/symflower/symflower/cmd/symflower-local/generate.(*Generator).Symbols(0xc00043d380, 0x0, 0x0)
			gitlab.nethead.at/symflower/symflower/cmd/symflower-local/generate/generate.go:94 +0x136
		gitlab.nethead.at/symflower/symflower/cmd/symflower-local/generate.(*AnalyzeEngineDefault).UnitTests(0x34?, 0x124bba0?, {0x21eb890?, 0xc00004cde0?}, {0xc0?, 0xc1?, 0x50?, 0x0?}, 0x34?, {0xc0000ff170, ...})
			gitlab.nethead.at/symflower/symflower/cmd/symflower-local/generate/analyze.go:153 +0x77
		gitlab.nethead.at/symflower/symflower/cmd/symflower-local/cmd.(*commandUnitTests).Execute(0xc0005103d8, {0xc000510008?, 0x7ab188083218?, 0xc0005103d8?})
			gitlab.nethead.at/symflower/symflower/cmd/symflower-local/cmd/unit-tests.go:85 +0x2a6
		gitlab.nethead.at/symflower/symflower/cmd.ExecuteNoExit({0x21de020, 0xc000510008}, {0xc00003e050?, 0x44?, 0x0?})
			gitlab.nethead.at/symflower/symflower/cmd/execute.go:59 +0x2ad
		gitlab.nethead.at/symflower/symflower/cmd.Execute({0x21de020?, 0xc000510008?}, {0xc00003e050?, 0xc000416000?, 0xc000507f10?})
			gitlab.nethead.at/symflower/symflower/cmd/execute.go:17 +0x26
		gitlab.nethead.at/symflower/symflower/cmd.ExecuteWithOSArguments(...)
			gitlab.nethead.at/symflower/symflower/cmd/execute.go:78
		main.main.func1()
			gitlab.nethead.at/symflower/symflower/cmd/symflower-demo/main.go:39 +0x34
		gitlab.nethead.at/symflower/symflower/cmd/symflower-local/cmd.(*Command).WithPanicReporter(0xc0000b2060?, 0x0?)
			gitlab.nethead.at/symflower/symflower/cmd/symflower-local/cmd/cmd.go:151 +0x33
		main.main()
			gitlab.nethead.at/symflower/symflower/cmd/symflower-demo/main.go:38 +0x7f
src/main/java/com/fasterxml/jackson/databind/introspect/POJOPropertyBuilder.java: error: error: unresolved type
	data: reference(T)
	child error: (error) Internal error: unknown type:
		"T"
		Stacktrace: goroutine 1 [running]:
		gitlab.nethead.at/symflower/symflower/model/errors.NewInternalError({0x21de060, 0x2d25a00}, {0x12473e0, 0xc0059bdca0})
			gitlab.nethead.at/symflower/symflower/model/errors/error.go:852 +0x4e
		gitlab.nethead.at/symflower/symflower/model/errors.NewProblemWithErrorSeverity(...)
			gitlab.nethead.at/symflower/symflower/model/errors/problem.go:321
		gitlab.nethead.at/symflower/symflower/model/ast.(*Scope).GetType(0xc0067b1e20?, {0x2221c60, 0x1})
			gitlab.nethead.at/symflower/symflower/model/ast/scope.go:986 +0x85
		gitlab.nethead.at/symflower/symflower/model/ast.resolve(0xc000380360, {0x2205848?, 0xc000cca020}, 0xe0)
			gitlab.nethead.at/symflower/symflower/model/ast/type-resolve.go:362 +0x78
		gitlab.nethead.at/symflower/symflower/model/ast.ResolveWithPointers(...)
			gitlab.nethead.at/symflower/symflower/model/ast/type-resolve.go:326
		gitlab.nethead.at/symflower/symflower/model/ast.(*TypeGenericInstance).IsCompatibleType(0xc0016e1200, 0xc000380360, {0x2205728?, 0xc000aac480?})
			gitlab.nethead.at/symflower/symflower/model/ast/type.go:3369 +0x230
		gitlab.nethead.at/symflower/symflower/language/java/symbol.(*transpiler).checkFunctionApplicability(0xc0003b7680, 0xc00125b600, {0x0?, 0x0?}, {0x0?, 0xa9c0c5?, 0xc000c4a8c0?}, {0xc0059bdc40, 0x1, 0x1})
			gitlab.nethead.at/symflower/symflower/language/java/symbol/overloading.go:406 +0x66b
		gitlab.nethead.at/symflower/symflower/language/java/symbol.(*transpiler).matchOverloadingFunction(0xc0003b7680, {0xc0016e4110, 0x1, 0x1}, {0x0, 0x0}, {0x0, 0x0, 0x0}, {0xc0059bdc40, ...})
			gitlab.nethead.at/symflower/symflower/language/java/symbol/overloading.go:451 +0x217
		gitlab.nethead.at/symflower/symflower/language/java/symbol.(*transpiler).getFunction(0xc0003b7680, {0x0, 0x0}, {0xc000c4a8c0, 0xc}, {0x0, 0x0, 0x0}, {0xc0059bdc40, 0x1, ...})
			gitlab.nethead.at/symflower/symflower/language/java/symbol/overloading.go:224 +0xd2
		gitlab.nethead.at/symflower/symflower/language/java/symbol.(*transpiler).handleMethodCallResolveOverloads(0xc0003b7680, {0xc000c4a8c0, 0xc}, {0x0?, 0x0?}, {0x0?, 0x2203610?, 0x2d408c0?}, {0xc0059bdc40, 0x1, ...})
			gitlab.nethead.at/symflower/symflower/language/java/symbol/handle.go:5426 +0x87
		gitlab.nethead.at/symflower/symflower/language/java/symbol.(*transpiler).handleExpressionMethodCall(0xc0003b7680, 0xc001252450, 0xc000d7d200)
			gitlab.nethead.at/symflower/symflower/language/java/symbol/handle.go:5568 +0x68b
		gitlab.nethead.at/symflower/symflower/language/java/symbol.(*transpiler).handleExpression(0xc0003b7680, 0xc001252450, {0x21f7d38, 0xc000d7d200})
			gitlab.nethead.at/symflower/symflower/language/java/symbol/handle.go:6903 +0x785
		gitlab.nethead.at/symflower/symflower/language/java/symbol.(*transpiler).handleExpressionBinary(0xc0003b7680, 0xc001252450, 0xc000d859a0)
			gitlab.nethead.at/symflower/symflower/language/java/symbol/handle.go:4907 +0x3a
		gitlab.nethead.at/symflower/symflower/language/java/symbol.(*transpiler).handleExpression(0xc0003b7680, 0xc001252450, {0x21f7a20, 0xc000d859a0})
			gitlab.nethead.at/symflower/symflower/language/java/symbol/handle.go:6879 +0x6ae
		gitlab.nethead.at/symflower/symflower/language/java/symbol.(*transpiler).handleExpressionBinary(0xc0003b7680, 0xc001252450, 0xc000d85a40)
			gitlab.nethead.at/symflower/symflower/language/java/symbol/handle.go:4907 +0x3a
		gitlab.nethead.at/symflower/symflower/language/java/symbol.(*transpiler).handleExpression(0xc0003b7680, 0xc001252450, {0x21f7a20, 0xc000d85a40})
			gitlab.nethead.at/symflower/symflower/language/java/symbol/handle.go:6879 +0x6ae
		gitlab.nethead.at/symflower/symflower/language/java/symbol.(*transpiler).handleExpressionBinary(0xc0003b7680, 0xc001252450, 0xc000d85ae0)
			gitlab.nethead.at/symflower/symflower/language/java/symbol/handle.go:4907 +0x3a
		gitlab.nethead.at/symflower/symflower/language/java/symbol.(*transpiler).handleExpression(0xc0003b7680, 0xc001252450, {0x21f7a20, 0xc000d85ae0})
			gitlab.nethead.at/symflower/symflower/language/java/symbol/handle.go:6879 +0x6ae
		gitlab.nethead.at/symflower/symflower/language/java/symbol.(*transpiler).handleStatementReturn(0xc0003b7680, 0xc001252450, 0xc000d8dc80)
			gitlab.nethead.at/symflower/symflower/language/java/symbol/handle.go:4352 +0x7c
		gitlab.nethead.at/symflower/symflower/language/java/symbol.(*transpiler).handleStatement(0xc0003b7680, 0xc001252450, {0x21f74a0, 0xc000d8dc80})
			gitlab.nethead.at/symflower/symflower/language/java/symbol/handle.go:4423 +0x745
		gitlab.nethead.at/symflower/symflower/language/java/symbol.(*transpiler).handleStatements(0xc0003b7680, 0xc001252450, {0xc000a7f470, 0x1, 0xc000403808?})
			gitlab.nethead.at/symflower/symflower/language/java/symbol/handle.go:3731 +0x85
		gitlab.nethead.at/symflower/symflower/language/java/symbol.(*transpiler).handleBlock.func1()
			gitlab.nethead.at/symflower/symflower/language/java/symbol/handle.go:3712 +0x45
		gitlab.nethead.at/symflower/symflower/model/ast.(*Scope).Scoped(0xc000380360, 0xc0067b2d50)
			gitlab.nethead.at/symflower/symflower/model/ast/scope.go:297 +0x162
		gitlab.nethead.at/symflower/symflower/language/java/symbol.(*transpiler).handleBlock(0xc0003b7680, 0xc001252450, 0xc000d80cf0)
			gitlab.nethead.at/symflower/symflower/language/java/symbol/handle.go:3711 +0x9e
		gitlab.nethead.at/symflower/symflower/language/java/symbol.(*transpiler).handleMethodDeclarationBody.(*transpiler).handleScopedBlockStatement.func2()
			gitlab.nethead.at/symflower/symflower/language/java/symbol/handle.go:2716 +0x205
		gitlab.nethead.at/symflower/symflower/model/ast.(*Scope).Scoped(0xc000380360, 0xc0067b3160)
			gitlab.nethead.at/symflower/symflower/model/ast/scope.go:297 +0x162
		gitlab.nethead.at/symflower/symflower/language/java/symbol.(*transpiler).handleScopedBlockStatement(...)
			gitlab.nethead.at/symflower/symflower/language/java/symbol/handle.go:2693
		gitlab.nethead.at/symflower/symflower/language/java/symbol.(*transpiler).handleMethodDeclarationBody(0xc0003b7680, 0xc001252450, {0x2208170, 0xc00124a540}, 0xc00125b500, 0x0)
			gitlab.nethead.at/symflower/symflower/language/java/symbol/handle.go:2523 +0x61b
		gitlab.nethead.at/symflower/symflower/language/java/symbol.(*transpiler).handleClassAndInterfaceDeclarationBodies(0xc0003b7680, 0xc001252450, 0xc00124a540)
			gitlab.nethead.at/symflower/symflower/language/java/symbol/handle.go:1534 +0x2f7
		gitlab.nethead.at/symflower/symflower/language/java/symbol.(*transpiler).handleClassDeclarationBodies(0xc0003b7680, 0xc001252450, 0xc00124a540)
			gitlab.nethead.at/symflower/symflower/language/java/symbol/handle.go:1419 +0x106
		gitlab.nethead.at/symflower/symflower/language/java/symbol.(*transpiler).handleBodies.func1(0xc001252450, {0x2207578, 0xc00124a540})
			gitlab.nethead.at/symflower/symflower/language/java/symbol/symbols.go:532 +0x1ff
		gitlab.nethead.at/symflower/symflower/language/java/symbol.(*transpiler).walkSubDeclarations(0xc0003b7680, 0xc001252450, 0xc0067b3760, 0xc0011ccde0, 0xc00124cc80, {0x2207578, 0xc00124a540})
			gitlab.nethead.at/symflower/symflower/language/java/symbol/symbols.go:869 +0x1ee
		gitlab.nethead.at/symflower/symflower/language/java/symbol.(*transpiler).walkFile(0xc0003b7680, 0x1, 0x2088c58, 0xc0067b3760, 0xc0011ccde0, 0xc00124cc80)
			gitlab.nethead.at/symflower/symflower/language/java/symbol/symbols.go:625 +0x3c5
		gitlab.nethead.at/symflower/symflower/language/java/symbol.(*transpiler).walkPackage(0xc0003b7680, 0x1, 0x2088c58, 0xc0067b3760, 0xc0011ccde0)
			gitlab.nethead.at/symflower/symflower/language/java/symbol/symbols.go:583 +0x225
		gitlab.nethead.at/symflower/symflower/language/java/symbol.(*transpiler).walkFilesAndDeclarations(0xc0003b7680, 0x1, 0x2088c58, 0xc0067b3760)
			gitlab.nethead.at/symflower/symflower/language/java/symbol/symbols.go:566 +0xa5
		gitlab.nethead.at/symflower/symflower/language/java/symbol.(*transpiler).handleBodies(0xc0003b7680)
			gitlab.nethead.at/symflower/symflower/language/java/symbol/symbols.go:513 +0x65
		gitlab.nethead.at/symflower/symflower/language/java/symbol.symbolsWithDependencies(0xc000010750, {0x0?, 0x41aa94?, 0x42a965?}, 0x1)
			gitlab.nethead.at/symflower/symflower/language/java/symbol/symbols.go:486 +0x147
		gitlab.nethead.at/symflower/symflower/language/java/symbol.Symbols(0xc000010750, 0x1)
			gitlab.nethead.at/symflower/symflower/language/java/symbol/symbols.go:457 +0xf2
		gitlab.nethead.at/symflower/symflower/language/java.Adapter.Symbols(...)
			gitlab.nethead.at/symflower/symflower/language/java/symbols.go:29
		gitlab.nethead.at/symflower/symflower/cmd/symflower-local/generate.(*Generator).transpileLanguage(0xc00043d380, 0x0, 0x0, {0x220c620, 0x2e6b360})
			gitlab.nethead.at/symflower/symflower/cmd/symflower-local/generate/generate.go:136 +0x373
		gitlab.nethead.at/symflower/symflower/cmd/symflower-local/generate.(*Generator).Symbols(0xc00043d380, 0x0, 0x0)
			gitlab.nethead.at/symflower/symflower/cmd/symflower-local/generate/generate.go:94 +0x136
		gitlab.nethead.at/symflower/symflower/cmd/symflower-local/generate.(*AnalyzeEngineDefault).UnitTests(0x34?, 0x124bba0?, {0x21eb890?, 0xc00004cde0?}, {0xc0?, 0xc1?, 0x50?, 0x0?}, 0x34?, {0xc0000ff170, ...})
			gitlab.nethead.at/symflower/symflower/cmd/symflower-local/generate/analyze.go:153 +0x77
		gitlab.nethead.at/symflower/symflower/cmd/symflower-local/cmd.(*commandUnitTests).Execute(0xc0005103d8, {0xc000510008?, 0x7ab188083218?, 0xc0005103d8?})
			gitlab.nethead.at/symflower/symflower/cmd/symflower-local/cmd/unit-tests.go:85 +0x2a6
		gitlab.nethead.at/symflower/symflower/cmd.ExecuteNoExit({0x21de020, 0xc000510008}, {0xc00003e050?, 0x44?, 0x0?})
			gitlab.nethead.at/symflower/symflower/cmd/execute.go:59 +0x2ad
		gitlab.nethead.at/symflower/symflower/cmd.Execute({0x21de020?, 0xc000510008?}, {0xc00003e050?, 0xc000416000?, 0xc000507f10?})
			gitlab.nethead.at/symflower/symflower/cmd/execute.go:17 +0x26
		gitlab.nethead.at/symflower/symflower/cmd.ExecuteWithOSArguments(...)
			gitlab.nethead.at/symflower/symflower/cmd/execute.go:78
		main.main.func1()
			gitlab.nethead.at/symflower/symflower/cmd/symflower-demo/main.go:39 +0x34
		gitlab.nethead.at/symflower/symflower/cmd/symflower-local/cmd.(*Command).WithPanicReporter(0xc0000b2060?, 0x0?)
			gitlab.nethead.at/symflower/symflower/cmd/symflower-local/cmd/cmd.go:151 +0x33
		main.main()
			gitlab.nethead.at/symflower/symflower/cmd/symflower-demo/main.go:38 +0x7f
src/main/java/com/fasterxml/jackson/databind/introspect/POJOPropertyBuilder.java: internal error: not all elements have the same type
	data: conditional(select(this, isVisible), [call(select(this, withNext!860e6d1d2e0bda453aa80ba28b753fd1), [newNext]), newNext])
src/main/java/com/fasterxml/jackson/databind/introspect/POJOPropertyBuilder.java: error: unknown type
	data: AnnotationIntrospector
src/main/java/com/fasterxml/jackson/databind/introspect/POJOPropertyBuilder.java: error: unknown field
	data: [this struct(com/fasterxml/jackson/databind/introspect/POJOPropertyBuilder//@@localWithMember4, [], [pointer(reference(java/lang/Object))], [pointer(genericInstance(reference(com/fasterxml/jackson/databind/introspect/POJOPropertyBuilder//WithMember), [pointer(reference(java/lang/String))]))]) _annotationIntrospector]
src/main/java/com/fasterxml/jackson/databind/introspect/POJOPropertyBuilder.java: internal error: not all elements have the same type
	data: declaration([b], [pointer(reference(java/lang/Boolean))], [call(select(this, fromMemberAnnotations!261c11339fe74c5dc4545a62bc6bbd68), [cast(call(com/fasterxml/jackson/databind/introspect/POJOPropertyBuilder//@@localWithMember3//@@localWithMember3!e9eaae5e335350c3fef63cc9a0bf945f, [this]), pointer(genericInstance(reference(com/fasterxml/jackson/databind/introspect/POJOPropertyBuilder//WithMember), [pointer(reference(java/lang/Object))])))])], ModifierVisibilityPublic)
src/main/java/com/fasterxml/jackson/databind/introspect/POJOPropertyBuilder.java: error: unknown field
	data: [this struct(com/fasterxml/jackson/databind/introspect/POJOPropertyBuilder//@@localWithMember5, [], [pointer(reference(java/lang/Object))], [pointer(genericInstance(reference(com/fasterxml/jackson/databind/introspect/POJOPropertyBuilder//WithMember), [pointer(reference(java/lang/Integer))]))]) _annotationIntrospector]
src/main/java/com/fasterxml/jackson/databind/introspect/POJOPropertyBuilder.java: error: unknown field
	data: [this struct(com/fasterxml/jackson/databind/introspect/POJOPropertyBuilder//@@localWithMember8, [], [pointer(reference(java/lang/Object))], [pointer(genericInstance(reference(com/fasterxml/jackson/databind/introspect/POJOPropertyBuilder//WithMember), [unsupported(com/fasterxml/jackson/annotation/JsonProperty//Access)]))]) _annotationIntrospector]
src/main/java/com/fasterxml/jackson/databind/introspect/POJOPropertyBuilder.java: error: error: unresolved type
	data: reference(T)
	child error: (error) Internal error: unknown type:
		"T"
		Stacktrace: goroutine 1 [running]:
		gitlab.nethead.at/symflower/symflower/model/errors.NewInternalError({0x21de060, 0x2d25a00}, {0x12473e0, 0xc000fa8d70})
			gitlab.nethead.at/symflower/symflower/model/errors/error.go:852 +0x4e
		gitlab.nethead.at/symflower/symflower/model/errors.NewProblemWithErrorSeverity(...)
			gitlab.nethead.at/symflower/symflower/model/errors/problem.go:321
		gitlab.nethead.at/symflower/symflower/model/ast.(*Scope).GetType(0xc0067b2150?, {0x2221c60, 0x1})
			gitlab.nethead.at/symflower/symflower/model/ast/scope.go:986 +0x85
		gitlab.nethead.at/symflower/symflower/model/ast.resolve(0xc000380360, {0x2205848?, 0xc000c436e0}, 0xe0)
			gitlab.nethead.at/symflower/symflower/model/ast/type-resolve.go:362 +0x78
		gitlab.nethead.at/symflower/symflower/model/ast.ResolveWithPointers(...)
			gitlab.nethead.at/symflower/symflower/model/ast/type-resolve.go:326
		gitlab.nethead.at/symflower/symflower/model/ast.(*TypeGenericInstance).IsCompatibleType(0xc0016e0f00, 0xc000380360, {0x2205728?, 0xc000aac580?})
			gitlab.nethead.at/symflower/symflower/model/ast/type.go:3369 +0x230
		gitlab.nethead.at/symflower/symflower/language/java/symbol.(*transpiler).checkFunctionApplicability(0xc0003b7680, 0xc00125b000, {0x0?, 0x0?}, {0x0?, 0xa9c0c5?, 0xc000b0b200?}, {0xc000fa8cd0, 0x1, 0x1})
			gitlab.nethead.at/symflower/symflower/language/java/symbol/overloading.go:406 +0x66b
		gitlab.nethead.at/symflower/symflower/language/java/symbol.(*transpiler).matchOverloadingFunction(0xc0003b7680, {0xc0016e40e0, 0x1, 0x1}, {0x0, 0x0}, {0x0, 0x0, 0x0}, {0xc000fa8cd0, ...})
			gitlab.nethead.at/symflower/symflower/language/java/symbol/overloading.go:451 +0x217
		gitlab.nethead.at/symflower/symflower/language/java/symbol.(*transpiler).getFunction(0xc0003b7680, {0x0, 0x0}, {0xc000b0b200, 0x11}, {0x0, 0x0, 0x0}, {0xc000fa8cd0, 0x1, ...})
			gitlab.nethead.at/symflower/symflower/language/java/symbol/overloading.go:224 +0xd2
		gitlab.nethead.at/symflower/symflower/language/java/symbol.(*transpiler).handleMethodCallResolveOverloads(0xc0003b7680, {0xc000b0b200, 0x11}, {0x0?, 0x0?}, {0x0?, 0x3d?, 0x0?}, {0xc000fa8cd0, 0x1, ...})
			gitlab.nethead.at/symflower/symflower/language/java/symbol/handle.go:5426 +0x87
		gitlab.nethead.at/symflower/symflower/language/java/symbol.(*transpiler).handleExpressionMethodCall(0xc0003b7680, 0xc001252450, 0xc000d57200)
			gitlab.nethead.at/symflower/symflower/language/java/symbol/handle.go:5568 +0x68b
		gitlab.nethead.at/symflower/symflower/language/java/symbol.(*transpiler).handleExpression(0xc0003b7680, 0xc001252450, {0x21f7d38, 0xc000d57200})
			gitlab.nethead.at/symflower/symflower/language/java/symbol/handle.go:6903 +0x785
		gitlab.nethead.at/symflower/symflower/language/java/symbol.(*transpiler).handleStatementExpressionAssign(0xc0003b7680, 0xc001252450, 0xc000d6e6e0)
			gitlab.nethead.at/symflower/symflower/language/java/symbol/handle.go:3771 +0xe5
		gitlab.nethead.at/symflower/symflower/language/java/symbol.(*transpiler).handleStatementExpression(0xc0067b2b78?, 0x41aa94?, {0x21f79c8?, 0xc000d6e6e0?})
			gitlab.nethead.at/symflower/symflower/language/java/symbol/handle.go:3932 +0x53
		gitlab.nethead.at/symflower/symflower/language/java/symbol.(*transpiler).handleStatement(0xc0003b7680, 0xc001252450, {0x21f7238, 0xc000d71000})
			gitlab.nethead.at/symflower/symflower/language/java/symbol/handle.go:4415 +0x8aa
		gitlab.nethead.at/symflower/symflower/language/java/symbol.(*transpiler).handleStatements(0xc0003b7680, 0xc001252450, {0xc000d6c080, 0x4, 0xc000403808?})
			gitlab.nethead.at/symflower/symflower/language/java/symbol/handle.go:3731 +0x85
		gitlab.nethead.at/symflower/symflower/language/java/symbol.(*transpiler).handleBlock.func1()
			gitlab.nethead.at/symflower/symflower/language/java/symbol/handle.go:3712 +0x45
		gitlab.nethead.at/symflower/symflower/model/ast.(*Scope).Scoped(0xc000380360, 0xc0067b2d50)
			gitlab.nethead.at/symflower/symflower/model/ast/scope.go:297 +0x162
		gitlab.nethead.at/symflower/symflower/language/java/symbol.(*transpiler).handleBlock(0xc0003b7680, 0xc001252450, 0xc000d53560)
			gitlab.nethead.at/symflower/symflower/language/java/symbol/handle.go:3711 +0x9e
		gitlab.nethead.at/symflower/symflower/language/java/symbol.(*transpiler).handleMethodDeclarationBody.(*transpiler).handleScopedBlockStatement.func2()
			gitlab.nethead.at/symflower/symflower/language/java/symbol/handle.go:2716 +0x205
		gitlab.nethead.at/symflower/symflower/model/ast.(*Scope).Scoped(0xc000380360, 0xc0067b3160)
			gitlab.nethead.at/symflower/symflower/model/ast/scope.go:297 +0x162
		gitlab.nethead.at/symflower/symflower/language/java/symbol.(*transpiler).handleScopedBlockStatement(...)
			gitlab.nethead.at/symflower/symflower/language/java/symbol/handle.go:2693
		gitlab.nethead.at/symflower/symflower/language/java/symbol.(*transpiler).handleMethodDeclarationBody(0xc0003b7680, 0xc001252450, {0x2208170, 0xc00124a540}, 0xc00125a900, 0x0)
			gitlab.nethead.at/symflower/symflower/language/java/symbol/handle.go:2523 +0x61b
		gitlab.nethead.at/symflower/symflower/language/java/symbol.(*transpiler).handleClassAndInterfaceDeclarationBodies(0xc0003b7680, 0xc001252450, 0xc00124a540)
			gitlab.nethead.at/symflower/symflower/language/java/symbol/handle.go:1534 +0x2f7
		gitlab.nethead.at/symflower/symflower/language/java/symbol.(*transpiler).handleClassDeclarationBodies(0xc0003b7680, 0xc001252450, 0xc00124a540)
			gitlab.nethead.at/symflower/symflower/language/java/symbol/handle.go:1419 +0x106
		gitlab.nethead.at/symflower/symflower/language/java/symbol.(*transpiler).handleBodies.func1(0xc001252450, {0x2207578, 0xc00124a540})
			gitlab.nethead.at/symflower/symflower/language/java/symbol/symbols.go:532 +0x1ff
		gitlab.nethead.at/symflower/symflower/language/java/symbol.(*transpiler).walkSubDeclarations(0xc0003b7680, 0xc001252450, 0xc0067b3760, 0xc0011ccde0, 0xc00124cc80, {0x2207578, 0xc00124a540})
			gitlab.nethead.at/symflower/symflower/language/java/symbol/symbols.go:869 +0x1ee
		gitlab.nethead.at/symflower/symflower/language/java/symbol.(*transpiler).walkFile(0xc0003b7680, 0x1, 0x2088c58, 0xc0067b3760, 0xc0011ccde0, 0xc00124cc80)
			gitlab.nethead.at/symflower/symflower/language/java/symbol/symbols.go:625 +0x3c5
		gitlab.nethead.at/symflower/symflower/language/java/symbol.(*transpiler).walkPackage(0xc0003b7680, 0x1, 0x2088c58, 0xc0067b3760, 0xc0011ccde0)
			gitlab.nethead.at/symflower/symflower/language/java/symbol/symbols.go:583 +0x225
		gitlab.nethead.at/symflower/symflower/language/java/symbol.(*transpiler).walkFilesAndDeclarations(0xc0003b7680, 0x1, 0x2088c58, 0xc0067b3760)
			gitlab.nethead.at/symflower/symflower/language/java/symbol/symbols.go:566 +0xa5
		gitlab.nethead.at/symflower/symflower/language/java/symbol.(*transpiler).handleBodies(0xc0003b7680)
			gitlab.nethead.at/symflower/symflower/language/java/symbol/symbols.go:513 +0x65
		gitlab.nethead.at/symflower/symflower/language/java/symbol.symbolsWithDependencies(0xc000010750, {0x0?, 0x41aa94?, 0x42a965?}, 0x1)
			gitlab.nethead.at/symflower/symflower/language/java/symbol/symbols.go:486 +0x147
		gitlab.nethead.at/symflower/symflower/language/java/symbol.Symbols(0xc000010750, 0x1)
			gitlab.nethead.at/symflower/symflower/language/java/symbol/symbols.go:457 +0xf2
		gitlab.nethead.at/symflower/symflower/language/java.Adapter.Symbols(...)
			gitlab.nethead.at/symflower/symflower/language/java/symbols.go:29
		gitlab.nethead.at/symflower/symflower/cmd/symflower-local/generate.(*Generator).transpileLanguage(0xc00043d380, 0x0, 0x0, {0x220c620, 0x2e6b360})
			gitlab.nethead.at/symflower/symflower/cmd/symflower-local/generate/generate.go:136 +0x373
		gitlab.nethead.at/symflower/symflower/cmd/symflower-local/generate.(*Generator).Symbols(0xc00043d380, 0x0, 0x0)
			gitlab.nethead.at/symflower/symflower/cmd/symflower-local/generate/generate.go:94 +0x136
		gitlab.nethead.at/symflower/symflower/cmd/symflower-local/generate.(*AnalyzeEngineDefault).UnitTests(0x34?, 0x124bba0?, {0x21eb890?, 0xc00004cde0?}, {0xc0?, 0xc1?, 0x50?, 0x0?}, 0x34?, {0xc0000ff170, ...})
			gitlab.nethead.at/symflower/symflower/cmd/symflower-local/generate/analyze.go:153 +0x77
		gitlab.nethead.at/symflower/symflower/cmd/symflower-local/cmd.(*commandUnitTests).Execute(0xc0005103d8, {0xc000510008?, 0x7ab188083218?, 0xc0005103d8?})
			gitlab.nethead.at/symflower/symflower/cmd/symflower-local/cmd/unit-tests.go:85 +0x2a6
		gitlab.nethead.at/symflower/symflower/cmd.ExecuteNoExit({0x21de020, 0xc000510008}, {0xc00003e050?, 0x44?, 0x0?})
			gitlab.nethead.at/symflower/symflower/cmd/execute.go:59 +0x2ad
		gitlab.nethead.at/symflower/symflower/cmd.Execute({0x21de020?, 0xc000510008?}, {0xc00003e050?, 0xc000416000?, 0xc000507f10?})
			gitlab.nethead.at/symflower/symflower/cmd/execute.go:17 +0x26
		gitlab.nethead.at/symflower/symflower/cmd.ExecuteWithOSArguments(...)
			gitlab.nethead.at/symflower/symflower/cmd/execute.go:78
		main.main.func1()
			gitlab.nethead.at/symflower/symflower/cmd/symflower-demo/main.go:39 +0x34
		gitlab.nethead.at/symflower/symflower/cmd/symflower-local/cmd.(*Command).WithPanicReporter(0xc0000b2060?, 0x0?)
			gitlab.nethead.at/symflower/symflower/cmd/symflower-local/cmd/cmd.go:151 +0x33
		main.main()
			gitlab.nethead.at/symflower/symflower/cmd/symflower-demo/main.go:38 +0x7f
src/main/java/com/fasterxml/jackson/databind/introspect/POJOPropertyBuilder.java: error: error: unresolved type
	data: reference(T)
	child error: (error) Internal error: unknown type:
		"T"
		Stacktrace: goroutine 1 [running]:
		gitlab.nethead.at/symflower/symflower/model/errors.NewInternalError({0x21de060, 0x2d25a00}, {0x12473e0, 0xc0059bc910})
			gitlab.nethead.at/symflower/symflower/model/errors/error.go:852 +0x4e
		gitlab.nethead.at/symflower/symflower/model/errors.NewProblemWithErrorSeverity(...)
			gitlab.nethead.at/symflower/symflower/model/errors/problem.go:321
		gitlab.nethead.at/symflower/symflower/model/ast.(*Scope).GetType(0xc0067b1e20?, {0x2221c60, 0x1})
			gitlab.nethead.at/symflower/symflower/model/ast/scope.go:986 +0x85
		gitlab.nethead.at/symflower/symflower/model/ast.resolve(0xc000380360, {0x2205848?, 0xc000c43d20}, 0xe0)
			gitlab.nethead.at/symflower/symflower/model/ast/type-resolve.go:362 +0x78
		gitlab.nethead.at/symflower/symflower/model/ast.ResolveWithPointers(...)
			gitlab.nethead.at/symflower/symflower/model/ast/type-resolve.go:326
		gitlab.nethead.at/symflower/symflower/model/ast.(*TypeGenericInstance).IsCompatibleType(0xc0016e1140, 0xc000380360, {0x2205728?, 0xc000aac480?})
			gitlab.nethead.at/symflower/symflower/model/ast/type.go:3369 +0x230
		gitlab.nethead.at/symflower/symflower/language/java/symbol.(*transpiler).checkFunctionApplicability(0xc0003b7680, 0xc00125b400, {0x0?, 0x0?}, {0x0?, 0xa9c0c5?, 0xc000c4a480?}, {0xc0059bc8b0, 0x1, 0x1})
			gitlab.nethead.at/symflower/symflower/language/java/symbol/overloading.go:406 +0x66b
		gitlab.nethead.at/symflower/symflower/language/java/symbol.(*transpiler).matchOverloadingFunction(0xc0003b7680, {0xc0016e4100, 0x1, 0x1}, {0x0, 0x0}, {0x0, 0x0, 0x0}, {0xc0059bc8b0, ...})
			gitlab.nethead.at/symflower/symflower/language/java/symbol/overloading.go:451 +0x217
		gitlab.nethead.at/symflower/symflower/language/java/symbol.(*transpiler).getFunction(0xc0003b7680, {0x0, 0x0}, {0xc000c4a480, 0xb}, {0x0, 0x0, 0x0}, {0xc0059bc8b0, 0x1, ...})
			gitlab.nethead.at/symflower/symflower/language/java/symbol/overloading.go:224 +0xd2
		gitlab.nethead.at/symflower/symflower/language/java/symbol.(*transpiler).handleMethodCallResolveOverloads(0xc0003b7680, {0xc000c4a480, 0xb}, {0x0?, 0x0?}, {0x0?, 0x2203610?, 0x2d408c0?}, {0xc0059bc8b0, 0x1, ...})
			gitlab.nethead.at/symflower/symflower/language/java/symbol/handle.go:5426 +0x87
		gitlab.nethead.at/symflower/symflower/language/java/symbol.(*transpiler).handleExpressionMethodCall(0xc0003b7680, 0xc001252450, 0xc000d7ce40)
			gitlab.nethead.at/symflower/symflower/language/java/symbol/handle.go:5568 +0x68b
		gitlab.nethead.at/symflower/symflower/language/java/symbol.(*transpiler).handleExpression(0xc0003b7680, 0xc001252450, {0x21f7d38, 0xc000d7ce40})
			gitlab.nethead.at/symflower/symflower/language/java/symbol/handle.go:6903 +0x785
		gitlab.nethead.at/symflower/symflower/language/java/symbol.(*transpiler).handleExpressionBinary(0xc0003b7680, 0xc001252450, 0xc000d85360)
			gitlab.nethead.at/symflower/symflower/language/java/symbol/handle.go:4907 +0x3a
		gitlab.nethead.at/symflower/symflower/language/java/symbol.(*transpiler).handleExpression(0xc0003b7680, 0xc001252450, {0x21f7a20, 0xc000d85360})
			gitlab.nethead.at/symflower/symflower/language/java/symbol/handle.go:6879 +0x6ae
		gitlab.nethead.at/symflower/symflower/language/java/symbol.(*transpiler).handleExpressionBinary(0xc0003b7680, 0xc001252450, 0xc000d85400)
			gitlab.nethead.at/symflower/symflower/language/java/symbol/handle.go:4907 +0x3a
		gitlab.nethead.at/symflower/symflower/language/java/symbol.(*transpiler).handleExpression(0xc0003b7680, 0xc001252450, {0x21f7a20, 0xc000d85400})
			gitlab.nethead.at/symflower/symflower/language/java/symbol/handle.go:6879 +0x6ae
		gitlab.nethead.at/symflower/symflower/language/java/symbol.(*transpiler).handleExpressionBinary(0xc0003b7680, 0xc001252450, 0xc000d854a0)
			gitlab.nethead.at/symflower/symflower/language/java/symbol/handle.go:4907 +0x3a
		gitlab.nethead.at/symflower/symflower/language/java/symbol.(*transpiler).handleExpression(0xc0003b7680, 0xc001252450, {0x21f7a20, 0xc000d854a0})
			gitlab.nethead.at/symflower/symflower/language/java/symbol/handle.go:6879 +0x6ae
		gitlab.nethead.at/symflower/symflower/language/java/symbol.(*transpiler).handleStatementReturn(0xc0003b7680, 0xc001252450, 0xc000d8ca80)
			gitlab.nethead.at/symflower/symflower/language/java/symbol/handle.go:4352 +0x7c
		gitlab.nethead.at/symflower/symflower/language/java/symbol.(*transpiler).handleStatement(0xc0003b7680, 0xc001252450, {0x21f74a0, 0xc000d8ca80})
			gitlab.nethead.at/symflower/symflower/language/java/symbol/handle.go:4423 +0x745
		gitlab.nethead.at/symflower/symflower/language/java/symbol.(*transpiler).handleStatements(0xc0003b7680, 0xc001252450, {0xc000a7f3e0, 0x1, 0xc000403808?})
			gitlab.nethead.at/symflower/symflower/language/java/symbol/handle.go:3731 +0x85
		gitlab.nethead.at/symflower/symflower/language/java/symbol.(*transpiler).handleBlock.func1()
			gitlab.nethead.at/symflower/symflower/language/java/symbol/handle.go:3712 +0x45
		gitlab.nethead.at/symflower/symflower/model/ast.(*Scope).Scoped(0xc000380360, 0xc0067b2d50)
			gitlab.nethead.at/symflower/symflower/model/ast/scope.go:297 +0x162
		gitlab.nethead.at/symflower/symflower/language/java/symbol.(*transpiler).handleBlock(0xc0003b7680, 0xc001252450, 0xc000d80ab0)
			gitlab.nethead.at/symflower/symflower/language/java/symbol/handle.go:3711 +0x9e
		gitlab.nethead.at/symflower/symflower/language/java/symbol.(*transpiler).handleMethodDeclarationBody.(*transpiler).handleScopedBlockStatement.func2()
			gitlab.nethead.at/symflower/symflower/language/java/symbol/handle.go:2716 +0x205
		gitlab.nethead.at/symflower/symflower/model/ast.(*Scope).Scoped(0xc000380360, 0xc0067b3160)
			gitlab.nethead.at/symflower/symflower/model/ast/scope.go:297 +0x162
		gitlab.nethead.at/symflower/symflower/language/java/symbol.(*transpiler).handleScopedBlockStatement(...)
			gitlab.nethead.at/symflower/symflower/language/java/symbol/handle.go:2693
		gitlab.nethead.at/symflower/symflower/language/java/symbol.(*transpiler).handleMethodDeclarationBody(0xc0003b7680, 0xc001252450, {0x2208170, 0xc00124a540}, 0xc00125b300, 0x0)
			gitlab.nethead.at/symflower/symflower/language/java/symbol/handle.go:2523 +0x61b
		gitlab.nethead.at/symflower/symflower/language/java/symbol.(*transpiler).handleClassAndInterfaceDeclarationBodies(0xc0003b7680, 0xc001252450, 0xc00124a540)
			gitlab.nethead.at/symflower/symflower/language/java/symbol/handle.go:1534 +0x2f7
		gitlab.nethead.at/symflower/symflower/language/java/symbol.(*transpiler).handleClassDeclarationBodies(0xc0003b7680, 0xc001252450, 0xc00124a540)
			gitlab.nethead.at/symflower/symflower/language/java/symbol/handle.go:1419 +0x106
		gitlab.nethead.at/symflower/symflower/language/java/symbol.(*transpiler).handleBodies.func1(0xc001252450, {0x2207578, 0xc00124a540})
			gitlab.nethead.at/symflower/symflower/language/java/symbol/symbols.go:532 +0x1ff
		gitlab.nethead.at/symflower/symflower/language/java/symbol.(*transpiler).walkSubDeclarations(0xc0003b7680, 0xc001252450, 0xc0067b3760, 0xc0011ccde0, 0xc00124cc80, {0x2207578, 0xc00124a540})
			gitlab.nethead.at/symflower/symflower/language/java/symbol/symbols.go:869 +0x1ee
		gitlab.nethead.at/symflower/symflower/language/java/symbol.(*transpiler).walkFile(0xc0003b7680, 0x1, 0x2088c58, 0xc0067b3760, 0xc0011ccde0, 0xc00124cc80)
			gitlab.nethead.at/symflower/symflower/language/java/symbol/symbols.go:625 +0x3c5
		gitlab.nethead.at/symflower/symflower/language/java/symbol.(*transpiler).walkPackage(0xc0003b7680, 0x1, 0x2088c58, 0xc0067b3760, 0xc0011ccde0)
			gitlab.nethead.at/symflower/symflower/language/java/symbol/symbols.go:583 +0x225
		gitlab.nethead.at/symflower/symflower/language/java/symbol.(*transpiler).walkFilesAndDeclarations(0xc0003b7680, 0x1, 0x2088c58, 0xc0067b3760)
			gitlab.nethead.at/symflower/symflower/language/java/symbol/symbols.go:566 +0xa5
		gitlab.nethead.at/symflower/symflower/language/java/symbol.(*transpiler).handleBodies(0xc0003b7680)
			gitlab.nethead.at/symflower/symflower/language/java/symbol/symbols.go:513 +0x65
		gitlab.nethead.at/symflower/symflower/language/java/symbol.symbolsWithDependencies(0xc000010750, {0x0?, 0x41aa94?, 0x42a965?}, 0x1)
			gitlab.nethead.at/symflower/symflower/language/java/symbol/symbols.go:486 +0x147
		gitlab.nethead.at/symflower/symflower/language/java/symbol.Symbols(0xc000010750, 0x1)
			gitlab.nethead.at/symflower/symflower/language/java/symbol/symbols.go:457 +0xf2
		gitlab.nethead.at/symflower/symflower/language/java.Adapter.Symbols(...)
			gitlab.nethead.at/symflower/symflower/language/java/symbols.go:29
		gitlab.nethead.at/symflower/symflower/cmd/symflower-local/generate.(*Generator).transpileLanguage(0xc00043d380, 0x0, 0x0, {0x220c620, 0x2e6b360})
			gitlab.nethead.at/symflower/symflower/cmd/symflower-local/generate/generate.go:136 +0x373
		gitlab.nethead.at/symflower/symflower/cmd/symflower-local/generate.(*Generator).Symbols(0xc00043d380, 0x0, 0x0)
			gitlab.nethead.at/symflower/symflower/cmd/symflower-local/generate/generate.go:94 +0x136
		gitlab.nethead.at/symflower/symflower/cmd/symflower-local/generate.(*AnalyzeEngineDefault).UnitTests(0x34?, 0x124bba0?, {0x21eb890?, 0xc00004cde0?}, {0xc0?, 0xc1?, 0x50?, 0x0?}, 0x34?, {0xc0000ff170, ...})
			gitlab.nethead.at/symflower/symflower/cmd/symflower-local/generate/analyze.go:153 +0x77
		gitlab.nethead.at/symflower/symflower/cmd/symflower-local/cmd.(*commandUnitTests).Execute(0xc0005103d8, {0xc000510008?, 0x7ab188083218?, 0xc0005103d8?})
			gitlab.nethead.at/symflower/symflower/cmd/symflower-local/cmd/unit-tests.go:85 +0x2a6
		gitlab.nethead.at/symflower/symflower/cmd.ExecuteNoExit({0x21de020, 0xc000510008}, {0xc00003e050?, 0x44?, 0x0?})
			gitlab.nethead.at/symflower/symflower/cmd/execute.go:59 +0x2ad
		gitlab.nethead.at/symflower/symflower/cmd.Execute({0x21de020?, 0xc000510008?}, {0xc00003e050?, 0xc000416000?, 0xc000507f10?})
			gitlab.nethead.at/symflower/symflower/cmd/execute.go:17 +0x26
		gitlab.nethead.at/symflower/symflower/cmd.ExecuteWithOSArguments(...)
			gitlab.nethead.at/symflower/symflower/cmd/execute.go:78
		main.main.func1()
			gitlab.nethead.at/symflower/symflower/cmd/symflower-demo/main.go:39 +0x34
		gitlab.nethead.at/symflower/symflower/cmd/symflower-local/cmd.(*Command).WithPanicReporter(0xc0000b2060?, 0x0?)
			gitlab.nethead.at/symflower/symflower/cmd/symflower-local/cmd/cmd.go:151 +0x33
		main.main()
			gitlab.nethead.at/symflower/symflower/cmd/symflower-demo/main.go:38 +0x7f
src/main/java/com/fasterxml/jackson/databind/introspect/POJOPropertyBuilder.java: error: error: unresolved type
	data: reference(T)
	child error: (error) Internal error: unknown type:
		"T"
		Stacktrace: goroutine 1 [running]:
		gitlab.nethead.at/symflower/symflower/model/errors.NewInternalError({0x21de060, 0x2d25a00}, {0x12473e0, 0xc0059bcfe0})
			gitlab.nethead.at/symflower/symflower/model/errors/error.go:852 +0x4e
		gitlab.nethead.at/symflower/symflower/model/errors.NewProblemWithErrorSeverity(...)
			gitlab.nethead.at/symflower/symflower/model/errors/problem.go:321
		gitlab.nethead.at/symflower/symflower/model/ast.(*Scope).GetType(0xc0067b1f70?, {0x2221c60, 0x1})
			gitlab.nethead.at/symflower/symflower/model/ast/scope.go:986 +0x85
		gitlab.nethead.at/symflower/symflower/model/ast.resolve(0xc000380360, {0x2205848?, 0xc000c43d20}, 0xe0)
			gitlab.nethead.at/symflower/symflower/model/ast/type-resolve.go:362 +0x78
		gitlab.nethead.at/symflower/symflower/model/ast.ResolveWithPointers(...)
			gitlab.nethead.at/symflower/symflower/model/ast/type-resolve.go:326
		gitlab.nethead.at/symflower/symflower/model/ast.(*TypeGenericInstance).IsCompatibleType(0xc0016e1140, 0xc000380360, {0x2205728?, 0xc000aac600?})
			gitlab.nethead.at/symflower/symflower/model/ast/type.go:3369 +0x230
		gitlab.nethead.at/symflower/symflower/language/java/symbol.(*transpiler).checkFunctionApplicability(0xc0003b7680, 0xc00125b400, {0x0?, 0x0?}, {0x0?, 0xa9c0c5?, 0xc000c4a4e0?}, {0xc0059bcf70, 0x1, 0x1})
			gitlab.nethead.at/symflower/symflower/language/java/symbol/overloading.go:406 +0x66b
		gitlab.nethead.at/symflower/symflower/language/java/symbol.(*transpiler).matchOverloadingFunction(0xc0003b7680, {0xc0016e4100, 0x1, 0x1}, {0x0, 0x0}, {0x0, 0x0, 0x0}, {0xc0059bcf70, ...})
			gitlab.nethead.at/symflower/symflower/language/java/symbol/overloading.go:451 +0x217
		gitlab.nethead.at/symflower/symflower/language/java/symbol.(*transpiler).getFunction(0xc0003b7680, {0x0, 0x0}, {0xc000c4a4e0, 0xb}, {0x0, 0x0, 0x0}, {0xc0059bcf70, 0x1, ...})
			gitlab.nethead.at/symflower/symflower/language/java/symbol/overloading.go:224 +0xd2
		gitlab.nethead.at/symflower/symflower/language/java/symbol.(*transpiler).handleMethodCallResolveOverloads(0xc0003b7680, {0xc000c4a4e0, 0xb}, {0x0?, 0x0?}, {0x0?, 0x40?, 0xc0003b7680?}, {0xc0059bcf70, 0x1, ...})
			gitlab.nethead.at/symflower/symflower/language/java/symbol/handle.go:5426 +0x87
		gitlab.nethead.at/symflower/symflower/language/java/symbol.(*transpiler).handleExpressionMethodCall(0xc0003b7680, 0xc001252450, 0xc000d7cfc0)
			gitlab.nethead.at/symflower/symflower/language/java/symbol/handle.go:5568 +0x68b
		gitlab.nethead.at/symflower/symflower/language/java/symbol.(*transpiler).handleExpression(0xc0003b7680, 0xc001252450, {0x21f7d38, 0xc000d7cfc0})
			gitlab.nethead.at/symflower/symflower/language/java/symbol/handle.go:6903 +0x785
		gitlab.nethead.at/symflower/symflower/language/java/symbol.(*transpiler).handleExpressionBinary(0xc0003b7680, 0xc001252450, 0xc000d85400)
			gitlab.nethead.at/symflower/symflower/language/java/symbol/handle.go:4912 +0x78
		gitlab.nethead.at/symflower/symflower/language/java/symbol.(*transpiler).handleExpression(0xc0003b7680, 0xc001252450, {0x21f7a20, 0xc000d85400})
			gitlab.nethead.at/symflower/symflower/language/java/symbol/handle.go:6879 +0x6ae
		gitlab.nethead.at/symflower/symflower/language/java/symbol.(*transpiler).handleExpressionBinary(0xc0003b7680, 0xc001252450, 0xc000d854a0)
			gitlab.nethead.at/symflower/symflower/language/java/symbol/handle.go:4907 +0x3a
		gitlab.nethead.at/symflower/symflower/language/java/symbol.(*transpiler).handleExpression(0xc0003b7680, 0xc001252450, {0x21f7a20, 0xc000d854a0})
			gitlab.nethead.at/symflower/symflower/language/java/symbol/handle.go:6879 +0x6ae
		gitlab.nethead.at/symflower/symflower/language/java/symbol.(*transpiler).handleStatementReturn(0xc0003b7680, 0xc001252450, 0xc000d8ca80)
			gitlab.nethead.at/symflower/symflower/language/java/symbol/handle.go:4352 +0x7c
		gitlab.nethead.at/symflower/symflower/language/java/symbol.(*transpiler).handleStatement(0xc0003b7680, 0xc001252450, {0x21f74a0, 0xc000d8ca80})
			gitlab.nethead.at/symflower/symflower/language/java/symbol/handle.go:4423 +0x745
		gitlab.nethead.at/symflower/symflower/language/java/symbol.(*transpiler).handleStatements(0xc0003b7680, 0xc001252450, {0xc000a7f3e0, 0x1, 0xc000403808?})
			gitlab.nethead.at/symflower/symflower/language/java/symbol/handle.go:3731 +0x85
		gitlab.nethead.at/symflower/symflower/language/java/symbol.(*transpiler).handleBlock.func1()
			gitlab.nethead.at/symflower/symflower/language/java/symbol/handle.go:3712 +0x45
		gitlab.nethead.at/symflower/symflower/model/ast.(*Scope).Scoped(0xc000380360, 0xc0067b2d50)
			gitlab.nethead.at/symflower/symflower/model/ast/scope.go:297 +0x162
		gitlab.nethead.at/symflower/symflower/language/java/symbol.(*transpiler).handleBlock(0xc0003b7680, 0xc001252450, 0xc000d80ab0)
			gitlab.nethead.at/symflower/symflower/language/java/symbol/handle.go:3711 +0x9e
		gitlab.nethead.at/symflower/symflower/language/java/symbol.(*transpiler).handleMethodDeclarationBody.(*transpiler).handleScopedBlockStatement.func2()
			gitlab.nethead.at/symflower/symflower/language/java/symbol/handle.go:2716 +0x205
		gitlab.nethead.at/symflower/symflower/model/ast.(*Scope).Scoped(0xc000380360, 0xc0067b3160)
			gitlab.nethead.at/symflower/symflower/model/ast/scope.go:297 +0x162
		gitlab.nethead.at/symflower/symflower/language/java/symbol.(*transpiler).handleScopedBlockStatement(...)
			gitlab.nethead.at/symflower/symflower/language/java/symbol/handle.go:2693
		gitlab.nethead.at/symflower/symflower/language/java/symbol.(*transpiler).handleMethodDeclarationBody(0xc0003b7680, 0xc001252450, {0x2208170, 0xc00124a540}, 0xc00125b300, 0x0)
			gitlab.nethead.at/symflower/symflower/language/java/symbol/handle.go:2523 +0x61b
		gitlab.nethead.at/symflower/symflower/language/java/symbol.(*transpiler).handleClassAndInterfaceDeclarationBodies(0xc0003b7680, 0xc001252450, 0xc00124a540)
			gitlab.nethead.at/symflower/symflower/language/java/symbol/handle.go:1534 +0x2f7
		gitlab.nethead.at/symflower/symflower/language/java/symbol.(*transpiler).handleClassDeclarationBodies(0xc0003b7680, 0xc001252450, 0xc00124a540)
			gitlab.nethead.at/symflower/symflower/language/java/symbol/handle.go:1419 +0x106
		gitlab.nethead.at/symflower/symflower/language/java/symbol.(*transpiler).handleBodies.func1(0xc001252450, {0x2207578, 0xc00124a540})
			gitlab.nethead.at/symflower/symflower/language/java/symbol/symbols.go:532 +0x1ff
		gitlab.nethead.at/symflower/symflower/language/java/symbol.(*transpiler).walkSubDeclarations(0xc0003b7680, 0xc001252450, 0xc0067b3760, 0xc0011ccde0, 0xc00124cc80, {0x2207578, 0xc00124a540})
			gitlab.nethead.at/symflower/symflower/language/java/symbol/symbols.go:869 +0x1ee
		gitlab.nethead.at/symflower/symflower/language/java/symbol.(*transpiler).walkFile(0xc0003b7680, 0x1, 0x2088c58, 0xc0067b3760, 0xc0011ccde0, 0xc00124cc80)
			gitlab.nethead.at/symflower/symflower/language/java/symbol/symbols.go:625 +0x3c5
		gitlab.nethead.at/symflower/symflower/language/java/symbol.(*transpiler).walkPackage(0xc0003b7680, 0x1, 0x2088c58, 0xc0067b3760, 0xc0011ccde0)
			gitlab.nethead.at/symflower/symflower/language/java/symbol/symbols.go:583 +0x225
		gitlab.nethead.at/symflower/symflower/language/java/symbol.(*transpiler).walkFilesAndDeclarations(0xc0003b7680, 0x1, 0x2088c58, 0xc0067b3760)
			gitlab.nethead.at/symflower/symflower/language/java/symbol/symbols.go:566 +0xa5
		gitlab.nethead.at/symflower/symflower/language/java/symbol.(*transpiler).handleBodies(0xc0003b7680)
			gitlab.nethead.at/symflower/symflower/language/java/symbol/symbols.go:513 +0x65
		gitlab.nethead.at/symflower/symflower/language/java/symbol.symbolsWithDependencies(0xc000010750, {0x0?, 0x41aa94?, 0x42a965?}, 0x1)
			gitlab.nethead.at/symflower/symflower/language/java/symbol/symbols.go:486 +0x147
		gitlab.nethead.at/symflower/symflower/language/java/symbol.Symbols(0xc000010750, 0x1)
			gitlab.nethead.at/symflower/symflower/language/java/symbol/symbols.go:457 +0xf2
		gitlab.nethead.at/symflower/symflower/language/java.Adapter.Symbols(...)
			gitlab.nethead.at/symflower/symflower/language/java/symbols.go:29
		gitlab.nethead.at/symflower/symflower/cmd/symflower-local/generate.(*Generator).transpileLanguage(0xc00043d380, 0x0, 0x0, {0x220c620, 0x2e6b360})
			gitlab.nethead.at/symflower/symflower/cmd/symflower-local/generate/generate.go:136 +0x373
		gitlab.nethead.at/symflower/symflower/cmd/symflower-local/generate.(*Generator).Symbols(0xc00043d380, 0x0, 0x0)
			gitlab.nethead.at/symflower/symflower/cmd/symflower-local/generate/generate.go:94 +0x136
		gitlab.nethead.at/symflower/symflower/cmd/symflower-local/generate.(*AnalyzeEngineDefault).UnitTests(0x34?, 0x124bba0?, {0x21eb890?, 0xc00004cde0?}, {0xc0?, 0xc1?, 0x50?, 0x0?}, 0x34?, {0xc0000ff170, ...})
			gitlab.nethead.at/symflower/symflower/cmd/symflower-local/generate/analyze.go:153 +0x77
		gitlab.nethead.at/symflower/symflower/cmd/symflower-local/cmd.(*commandUnitTests).Execute(0xc0005103d8, {0xc000510008?, 0x7ab188083218?, 0xc0005103d8?})
			gitlab.nethead.at/symflower/symflower/cmd/symflower-local/cmd/unit-tests.go:85 +0x2a6
		gitlab.nethead.at/symflower/symflower/cmd.ExecuteNoExit({0x21de020, 0xc000510008}, {0xc00003e050?, 0x44?, 0x0?})
			gitlab.nethead.at/symflower/symflower/cmd/execute.go:59 +0x2ad
		gitlab.nethead.at/symflower/symflower/cmd.Execute({0x21de020?, 0xc000510008?}, {0xc00003e050?, 0xc000416000?, 0xc000507f10?})
			gitlab.nethead.at/symflower/symflower/cmd/execute.go:17 +0x26
		gitlab.nethead.at/symflower/symflower/cmd.ExecuteWithOSArguments(...)
			gitlab.nethead.at/symflower/symflower/cmd/execute.go:78
		main.main.func1()
			gitlab.nethead.at/symflower/symflower/cmd/symflower-demo/main.go:39 +0x34
		gitlab.nethead.at/symflower/symflower/cmd/symflower-local/cmd.(*Command).WithPanicReporter(0xc0000b2060?, 0x0?)
			gitlab.nethead.at/symflower/symflower/cmd/symflower-local/cmd/cmd.go:151 +0x33
		main.main()
			gitlab.nethead.at/symflower/symflower/cmd/symflower-demo/main.go:38 +0x7f
src/main/java/com/fasterxml/jackson/databind/introspect/POJOPropertyBuilder.java: error: error: unresolved type
	data: reference(T)
	child error: (error) Internal error: unknown type:
		"T"
		Stacktrace: goroutine 1 [running]:
		gitlab.nethead.at/symflower/symflower/model/errors.NewInternalError({0x21de060, 0x2d25a00}, {0x12473e0, 0xc000396980})
			gitlab.nethead.at/symflower/symflower/model/errors/error.go:852 +0x4e
		gitlab.nethead.at/symflower/symflower/model/errors.NewProblemWithErrorSeverity(...)
			gitlab.nethead.at/symflower/symflower/model/errors/problem.go:321
		gitlab.nethead.at/symflower/symflower/model/ast.(*Scope).GetType(0xc0049be0c0?, {0x2221c60, 0x1})
			gitlab.nethead.at/symflower/symflower/model/ast/scope.go:986 +0x85
		gitlab.nethead.at/symflower/symflower/model/ast.resolve(0xc000380360, {0x2205848?, 0xc000c43aa0}, 0xe0)
			gitlab.nethead.at/symflower/symflower/model/ast/type-resolve.go:362 +0x78
		gitlab.nethead.at/symflower/symflower/model/ast.ResolveWithPointers(...)
			gitlab.nethead.at/symflower/symflower/model/ast/type-resolve.go:326
		gitlab.nethead.at/symflower/symflower/model/ast.(*TypeGenericInstance).IsCompatibleType(0xc0016e1080, 0xc000380360, {0x2205728?, 0xc000aac500?})
			gitlab.nethead.at/symflower/symflower/model/ast/type.go:3369 +0x230
		gitlab.nethead.at/symflower/symflower/language/java/symbol.(*transpiler).checkFunctionApplicability(0xc0003b7680, 0xc00125b200, {0x0?, 0x0?}, {0x0?, 0xa9c0c5?, 0xc0003dba10?}, {0xc0003968d0, 0x1, 0x1})
			gitlab.nethead.at/symflower/symflower/language/java/symbol/overloading.go:406 +0x66b
		gitlab.nethead.at/symflower/symflower/language/java/symbol.(*transpiler).matchOverloadingFunction(0xc0003b7680, {0xc0016e40f0, 0x1, 0x1}, {0x0, 0x0}, {0x0, 0x0, 0x0}, {0xc0003968d0, ...})
			gitlab.nethead.at/symflower/symflower/language/java/symbol/overloading.go:451 +0x217
		gitlab.nethead.at/symflower/symflower/language/java/symbol.(*transpiler).getFunction(0xc0003b7680, {0x0, 0x0}, {0xc0003dba10, 0x11}, {0x0, 0x0, 0x0}, {0xc0003968d0, 0x1, ...})
			gitlab.nethead.at/symflower/symflower/language/java/symbol/overloading.go:224 +0xd2
		gitlab.nethead.at/symflower/symflower/language/java/symbol.(*transpiler).handleMethodCallResolveOverloads(0xc0003b7680, {0xc0003dba10, 0x11}, {0x0?, 0x0?}, {0x0?, 0x40?, 0xc0003b7680?}, {0xc0003968d0, 0x1, ...})
			gitlab.nethead.at/symflower/symflower/language/java/symbol/handle.go:5426 +0x87
		gitlab.nethead.at/symflower/symflower/language/java/symbol.(*transpiler).handleExpressionMethodCall(0xc0003b7680, 0xc001252450, 0xc000d08d80)
			gitlab.nethead.at/symflower/symflower/language/java/symbol/handle.go:5568 +0x68b
		gitlab.nethead.at/symflower/symflower/language/java/symbol.(*transpiler).handleExpression(0xc0003b7680, 0xc001252450, {0x21f7d38, 0xc000d08d80})
			gitlab.nethead.at/symflower/symflower/language/java/symbol/handle.go:6903 +0x785
		gitlab.nethead.at/symflower/symflower/language/java/symbol.(*transpiler).handleExpressionBinary(0xc0003b7680, 0xc001252450, 0xc000a73ae0)
			gitlab.nethead.at/symflower/symflower/language/java/symbol/handle.go:4912 +0x78
		gitlab.nethead.at/symflower/symflower/language/java/symbol.(*transpiler).handleExpression(0xc0003b7680, 0xc001252450, {0x21f7a20, 0xc000a73ae0})
			gitlab.nethead.at/symflower/symflower/language/java/symbol/handle.go:6879 +0x6ae
		gitlab.nethead.at/symflower/symflower/language/java/symbol.(*transpiler).handleStatementReturn(0xc0003b7680, 0xc001252450, 0xc000d0e600)
			gitlab.nethead.at/symflower/symflower/language/java/symbol/handle.go:4352 +0x7c
		gitlab.nethead.at/symflower/symflower/language/java/symbol.(*transpiler).handleStatement(0xc0003b7680, 0xc001252450, {0x21f74a0, 0xc000d0e600})
			gitlab.nethead.at/symflower/symflower/language/java/symbol/handle.go:4423 +0x745
		gitlab.nethead.at/symflower/symflower/language/java/symbol.(*transpiler).handleStatements(0xc0003b7680, 0xc001252450, {0xc000a7e240, 0x1, 0xc000081808?})
			gitlab.nethead.at/symflower/symflower/language/java/symbol/handle.go:3731 +0x85
		gitlab.nethead.at/symflower/symflower/language/java/symbol.(*transpiler).handleBlock.func1()
			gitlab.nethead.at/symflower/symflower/language/java/symbol/handle.go:3712 +0x45
		gitlab.nethead.at/symflower/symflower/model/ast.(*Scope).Scoped(0xc000380360, 0xc0049bed50)
			gitlab.nethead.at/symflower/symflower/model/ast/scope.go:297 +0x162
		gitlab.nethead.at/symflower/symflower/language/java/symbol.(*transpiler).handleBlock(0xc0003b7680, 0xc001252450, 0xc000a76cf0)
			gitlab.nethead.at/symflower/symflower/language/java/symbol/handle.go:3711 +0x9e
		gitlab.nethead.at/symflower/symflower/language/java/symbol.(*transpiler).handleMethodDeclarationBody.(*transpiler).handleScopedBlockStatement.func2()
			gitlab.nethead.at/symflower/symflower/language/java/symbol/handle.go:2716 +0x205
		gitlab.nethead.at/symflower/symflower/model/ast.(*Scope).Scoped(0xc000380360, 0xc0049bf160)
			gitlab.nethead.at/symflower/symflower/model/ast/scope.go:297 +0x162
		gitlab.nethead.at/symflower/symflower/language/java/symbol.(*transpiler).handleScopedBlockStatement(...)
			gitlab.nethead.at/symflower/symflower/language/java/symbol/handle.go:2693
		gitlab.nethead.at/symflower/symflower/language/java/symbol.(*transpiler).handleMethodDeclarationBody(0xc0003b7680, 0xc001252450, {0x2208170, 0xc00124a540}, 0xc001256100, 0x0)
			gitlab.nethead.at/symflower/symflower/language/java/symbol/handle.go:2523 +0x61b
		gitlab.nethead.at/symflower/symflower/language/java/symbol.(*transpiler).handleClassAndInterfaceDeclarationBodies(0xc0003b7680, 0xc001252450, 0xc00124a540)
			gitlab.nethead.at/symflower/symflower/language/java/symbol/handle.go:1534 +0x2f7
		gitlab.nethead.at/symflower/symflower/language/java/symbol.(*transpiler).handleClassDeclarationBodies(0xc0003b7680, 0xc001252450, 0xc00124a540)
			gitlab.nethead.at/symflower/symflower/language/java/symbol/handle.go:1419 +0x106
		gitlab.nethead.at/symflower/symflower/language/java/symbol.(*transpiler).handleBodies.func1(0xc001252450, {0x2207578, 0xc00124a540})
			gitlab.nethead.at/symflower/symflower/language/java/symbol/symbols.go:532 +0x1ff
		gitlab.nethead.at/symflower/symflower/language/java/symbol.(*transpiler).walkSubDeclarations(0xc0003b7680, 0xc001252450, 0xc0049bf760, 0xc0011ccde0, 0xc00124cc80, {0x2207578, 0xc00124a540})
			gitlab.nethead.at/symflower/symflower/language/java/symbol/symbols.go:869 +0x1ee
		gitlab.nethead.at/symflower/symflower/language/java/symbol.(*transpiler).walkFile(0xc0003b7680, 0x1, 0x2088c58, 0xc0049bf760, 0xc0011ccde0, 0xc00124cc80)
			gitlab.nethead.at/symflower/symflower/language/java/symbol/symbols.go:625 +0x3c5
		gitlab.nethead.at/symflower/symflower/language/java/symbol.(*transpiler).walkPackage(0xc0003b7680, 0x1, 0x2088c58, 0xc0049bf760, 0xc0011ccde0)
			gitlab.nethead.at/symflower/symflower/language/java/symbol/symbols.go:583 +0x225
		gitlab.nethead.at/symflower/symflower/language/java/symbol.(*transpiler).walkFilesAndDeclarations(0xc0003b7680, 0x1, 0x2088c58, 0xc0049bf760)
			gitlab.nethead.at/symflower/symflower/language/java/symbol/symbols.go:566 +0xa5
		gitlab.nethead.at/symflower/symflower/language/java/symbol.(*transpiler).handleBodies(0xc0003b7680)
			gitlab.nethead.at/symflower/symflower/language/java/symbol/symbols.go:513 +0x65
		gitlab.nethead.at/symflower/symflower/language/java/symbol.symbolsWithDependencies(0xc000010750, {0x0?, 0x41aa94?, 0x42a965?}, 0x1)
			gitlab.nethead.at/symflower/symflower/language/java/symbol/symbols.go:486 +0x147
		gitlab.nethead.at/symflower/symflower/language/java/symbol.Symbols(0xc000010750, 0x1)
			gitlab.nethead.at/symflower/symflower/language/java/symbol/symbols.go:457 +0xf2
		gitlab.nethead.at/symflower/symflower/language/java.Adapter.Symbols(...)
			gitlab.nethead.at/symflower/symflower/language/java/symbols.go:29
		gitlab.nethead.at/symflower/symflower/cmd/symflower-local/generate.(*Generator).transpileLanguage(0xc00043d380, 0x0, 0x0, {0x220c620, 0x2e6b360})
			gitlab.nethead.at/symflower/symflower/cmd/symflower-local/generate/generate.go:136 +0x373
		gitlab.nethead.at/symflower/symflower/cmd/symflower-local/generate.(*Generator).Symbols(0xc00043d380, 0x0, 0x0)
			gitlab.nethead.at/symflower/symflower/cmd/symflower-local/generate/generate.go:94 +0x136
		gitlab.nethead.at/symflower/symflower/cmd/symflower-local/generate.(*AnalyzeEngineDefault).UnitTests(0x34?, 0x124bba0?, {0x21eb890?, 0xc00004cde0?}, {0xc0?, 0xc1?, 0x50?, 0x0?}, 0x34?, {0xc0000ff170, ...})
			gitlab.nethead.at/symflower/symflower/cmd/symflower-local/generate/analyze.go:153 +0x77
		gitlab.nethead.at/symflower/symflower/cmd/symflower-local/cmd.(*commandUnitTests).Execute(0xc0005103d8, {0xc000510008?, 0x7ab188083218?, 0xc0005103d8?})
			gitlab.nethead.at/symflower/symflower/cmd/symflower-local/cmd/unit-tests.go:85 +0x2a6
		gitlab.nethead.at/symflower/symflower/cmd.ExecuteNoExit({0x21de020, 0xc000510008}, {0xc00003e050?, 0x44?, 0x0?})
			gitlab.nethead.at/symflower/symflower/cmd/execute.go:59 +0x2ad
		gitlab.nethead.at/symflower/symflower/cmd.Execute({0x21de020?, 0xc000510008?}, {0xc00003e050?, 0xc000416000?, 0xc000507f10?})
			gitlab.nethead.at/symflower/symflower/cmd/execute.go:17 +0x26
		gitlab.nethead.at/symflower/symflower/cmd.ExecuteWithOSArguments(...)
			gitlab.nethead.at/symflower/symflower/cmd/execute.go:78
		main.main.func1()
			gitlab.nethead.at/symflower/symflower/cmd/symflower-demo/main.go:39 +0x34
		gitlab.nethead.at/symflower/symflower/cmd/symflower-local/cmd.(*Command).WithPanicReporter(0xc0000b2060?, 0x0?)
			gitlab.nethead.at/symflower/symflower/cmd/symflower-local/cmd/cmd.go:151 +0x33
		main.main()
			gitlab.nethead.at/symflower/symflower/cmd/symflower-demo/main.go:38 +0x7f
src/main/java/com/fasterxml/jackson/databind/introspect/POJOPropertyBuilder.java: error: unknown field
	data: [this struct(com/fasterxml/jackson/databind/introspect/POJOPropertyBuilder//@@localWithMember2, [], [pointer(reference(java/lang/Object))], [pointer(genericInstance(reference(com/fasterxml/jackson/databind/introspect/POJOPropertyBuilder//WithMember), [pointer(reference(java/lang/Boolean))]))]) _annotationIntrospector]
src/main/java/com/fasterxml/jackson/databind/introspect/POJOPropertyBuilder.java: error: error: unresolved type
	data: reference(T)
	child error: (error) Internal error: unknown type:
		"T"
		Stacktrace: goroutine 1 [running]:
		gitlab.nethead.at/symflower/symflower/model/errors.NewInternalError({0x21de060, 0x2d25a00}, {0x12473e0, 0xc00125c9a0})
			gitlab.nethead.at/symflower/symflower/model/errors/error.go:852 +0x4e
		gitlab.nethead.at/symflower/symflower/model/errors.NewProblemWithErrorSeverity(...)
			gitlab.nethead.at/symflower/symflower/model/errors/problem.go:321
		gitlab.nethead.at/symflower/symflower/model/ast.(*Scope).GetType(0xc0067b1b50?, {0x2221c60, 0x1})
			gitlab.nethead.at/symflower/symflower/model/ast/scope.go:986 +0x85
		gitlab.nethead.at/symflower/symflower/model/ast.resolve(0xc000380360, {0x2205848?, 0xc000c434a0}, 0xe0)
			gitlab.nethead.at/symflower/symflower/model/ast/type-resolve.go:362 +0x78
		gitlab.nethead.at/symflower/symflower/model/ast.ResolveWithPointers(...)
			gitlab.nethead.at/symflower/symflower/model/ast/type-resolve.go:326
		gitlab.nethead.at/symflower/symflower/model/ast.(*TypeGenericInstance).IsCompatibleType(0xc0016e0dc0, 0xc000380360, {0x2205728?, 0xc000aac600?})
			gitlab.nethead.at/symflower/symflower/model/ast/type.go:3369 +0x230
		gitlab.nethead.at/symflower/symflower/language/java/symbol.(*transpiler).checkFunctionApplicability(0xc0003b7680, 0xc00125af00, {0x0?, 0x0?}, {0x0?, 0xa9c0c5?, 0xc000b0b0c8?}, {0xc00125c840, 0x1, 0x1})
			gitlab.nethead.at/symflower/symflower/language/java/symbol/overloading.go:406 +0x66b
		gitlab.nethead.at/symflower/symflower/language/java/symbol.(*transpiler).matchOverloadingFunction(0xc0003b7680, {0xc0016e40d8, 0x1, 0x1}, {0x0, 0x0}, {0x0, 0x0, 0x0}, {0xc00125c840, ...})
			gitlab.nethead.at/symflower/symflower/language/java/symbol/overloading.go:451 +0x217
		gitlab.nethead.at/symflower/symflower/language/java/symbol.(*transpiler).getFunction(0xc0003b7680, {0x0, 0x0}, {0xc000b0b0c8, 0x11}, {0x0, 0x0, 0x0}, {0xc00125c840, 0x1, ...})
			gitlab.nethead.at/symflower/symflower/language/java/symbol/overloading.go:224 +0xd2
		gitlab.nethead.at/symflower/symflower/language/java/symbol.(*transpiler).handleMethodCallResolveOverloads(0xc0003b7680, {0xc000b0b0c8, 0x11}, {0x0?, 0x0?}, {0x0?, 0x3d?, 0x0?}, {0xc00125c840, 0x1, ...})
			gitlab.nethead.at/symflower/symflower/language/java/symbol/handle.go:5426 +0x87
		gitlab.nethead.at/symflower/symflower/language/java/symbol.(*transpiler).handleExpressionMethodCall(0xc0003b7680, 0xc001252450, 0xc000d57080)
			gitlab.nethead.at/symflower/symflower/language/java/symbol/handle.go:5568 +0x68b
		gitlab.nethead.at/symflower/symflower/language/java/symbol.(*transpiler).handleExpression(0xc0003b7680, 0xc001252450, {0x21f7d38, 0xc000d57080})
			gitlab.nethead.at/symflower/symflower/language/java/symbol/handle.go:6903 +0x785
		gitlab.nethead.at/symflower/symflower/language/java/symbol.(*transpiler).handleStatementExpressionAssign(0xc0003b7680, 0xc001252450, 0xc000d6e280)
			gitlab.nethead.at/symflower/symflower/language/java/symbol/handle.go:3771 +0xe5
		gitlab.nethead.at/symflower/symflower/language/java/symbol.(*transpiler).handleStatementExpression(0xc0067b2578?, 0x41aa94?, {0x21f79c8?, 0xc000d6e280?})
			gitlab.nethead.at/symflower/symflower/language/java/symbol/handle.go:3932 +0x53
		gitlab.nethead.at/symflower/symflower/language/java/symbol.(*transpiler).handleStatement(0xc0003b7680, 0xc001252450, {0x21f7238, 0xc000d70480})
			gitlab.nethead.at/symflower/symflower/language/java/symbol/handle.go:4415 +0x8aa
		gitlab.nethead.at/symflower/symflower/language/java/symbol.(*transpiler).handleStatements(0xc0003b7680, 0xc001252450, {0xc000d02440, 0x2, 0x41aa01?})
			gitlab.nethead.at/symflower/symflower/language/java/symbol/handle.go:3731 +0x85
		gitlab.nethead.at/symflower/symflower/language/java/symbol.(*transpiler).handleBlock.func1()
			gitlab.nethead.at/symflower/symflower/language/java/symbol/handle.go:3712 +0x45
		gitlab.nethead.at/symflower/symflower/model/ast.(*Scope).Scoped(0xc000380360, 0xc0067b2750)
			gitlab.nethead.at/symflower/symflower/model/ast/scope.go:297 +0x162
		gitlab.nethead.at/symflower/symflower/language/java/symbol.(*transpiler).handleBlock(0xc0003b7680, 0xc001252450, 0xc000d533b0)
			gitlab.nethead.at/symflower/symflower/language/java/symbol/handle.go:3711 +0x9e
		gitlab.nethead.at/symflower/symflower/language/java/symbol.(*transpiler).handleStatement(0xc0003b7680, 0xc001252450, {0x21f7028, 0xc000d533b0})
			gitlab.nethead.at/symflower/symflower/language/java/symbol/handle.go:4403 +0x4b6
		gitlab.nethead.at/symflower/symflower/language/java/symbol.(*transpiler).handleStatementIf(0xc0003b7680, 0xc001252450, 0xc000d6e320)
			gitlab.nethead.at/symflower/symflower/language/java/symbol/handle.go:4303 +0x65
		gitlab.nethead.at/symflower/symflower/language/java/symbol.(*transpiler).handleStatement(0xc0003b7680, 0xc001252450, {0x21f7340, 0xc000d6e320})
			gitlab.nethead.at/symflower/symflower/language/java/symbol/handle.go:4421 +0x645
		gitlab.nethead.at/symflower/symflower/language/java/symbol.(*transpiler).handleStatementSwitchEntry(0xc0003b7680, 0xc001252450, {0x2208640, 0xc0028d4100}, 0xc000d5f600)
			gitlab.nethead.at/symflower/symflower/language/java/symbol/handle.go:4477 +0x3d9
		gitlab.nethead.at/symflower/symflower/language/java/symbol.(*transpiler).handleStatementSwitch(0xc0003b7680, 0xc001252450, 0xc000d6e460)
			gitlab.nethead.at/symflower/symflower/language/java/symbol/handle.go:4522 +0xff
		gitlab.nethead.at/symflower/symflower/language/java/symbol.(*transpiler).handleStatement(0xc0003b7680, 0xc001252450, {0x21f74f8, 0xc000d6e460})
			gitlab.nethead.at/symflower/symflower/language/java/symbol/handle.go:4425 +0x836
		gitlab.nethead.at/symflower/symflower/language/java/symbol.(*transpiler).handleStatements(0xc0003b7680, 0xc001252450, {0xc000d281b0, 0x3, 0xc000380360?})
			gitlab.nethead.at/symflower/symflower/language/java/symbol/handle.go:3731 +0x85
		gitlab.nethead.at/symflower/symflower/language/java/symbol.(*transpiler).handleBlock.func1()
			gitlab.nethead.at/symflower/symflower/language/java/symbol/handle.go:3712 +0x45
		gitlab.nethead.at/symflower/symflower/model/ast.(*Scope).Scoped(0xc000380360, 0xc0013d4d50)
			gitlab.nethead.at/symflower/symflower/model/ast/scope.go:297 +0x162
		gitlab.nethead.at/symflower/symflower/language/java/symbol.(*transpiler).handleBlock(0xc0003b7680, 0xc001252450, 0xc000d53440)
			gitlab.nethead.at/symflower/symflower/language/java/symbol/handle.go:3711 +0x9e
		gitlab.nethead.at/symflower/symflower/language/java/symbol.(*transpiler).handleMethodDeclarationBody.(*transpiler).handleScopedBlockStatement.func2()
			gitlab.nethead.at/symflower/symflower/language/java/symbol/handle.go:2716 +0x205
		gitlab.nethead.at/symflower/symflower/model/ast.(*Scope).Scoped(0xc000380360, 0xc0013d5160)
			gitlab.nethead.at/symflower/symflower/model/ast/scope.go:297 +0x162
		gitlab.nethead.at/symflower/symflower/language/java/symbol.(*transpiler).handleScopedBlockStatement(...)
			gitlab.nethead.at/symflower/symflower/language/java/symbol/handle.go:2693
		gitlab.nethead.at/symflower/symflower/language/java/symbol.(*transpiler).handleMethodDeclarationBody(0xc0003b7680, 0xc001252450, {0x2208170, 0xc00124a540}, 0xc00125a700, 0x0)
			gitlab.nethead.at/symflower/symflower/language/java/symbol/handle.go:2523 +0x61b
		gitlab.nethead.at/symflower/symflower/language/java/symbol.(*transpiler).handleClassAndInterfaceDeclarationBodies(0xc0003b7680, 0xc001252450, 0xc00124a540)
			gitlab.nethead.at/symflower/symflower/language/java/symbol/handle.go:1534 +0x2f7
		gitlab.nethead.at/symflower/symflower/language/java/symbol.(*transpiler).handleClassDeclarationBodies(0xc0003b7680, 0xc001252450, 0xc00124a540)
			gitlab.nethead.at/symflower/symflower/language/java/symbol/handle.go:1419 +0x106
		gitlab.nethead.at/symflower/symflower/language/java/symbol.(*transpiler).handleBodies.func1(0xc001252450, {0x2207578, 0xc00124a540})
			gitlab.nethead.at/symflower/symflower/language/java/symbol/symbols.go:532 +0x1ff
		gitlab.nethead.at/symflower/symflower/language/java/symbol.(*transpiler).walkSubDeclarations(0xc0003b7680, 0xc001252450, 0xc0067b3760, 0xc0011ccde0, 0xc00124cc80, {0x2207578, 0xc00124a540})
			gitlab.nethead.at/symflower/symflower/language/java/symbol/symbols.go:869 +0x1ee
		gitlab.nethead.at/symflower/symflower/language/java/symbol.(*transpiler).walkFile(0xc0003b7680, 0x1, 0x2088c58, 0xc0067b3760, 0xc0011ccde0, 0xc00124cc80)
			gitlab.nethead.at/symflower/symflower/language/java/symbol/symbols.go:625 +0x3c5
		gitlab.nethead.at/symflower/symflower/language/java/symbol.(*transpiler).walkPackage(0xc0003b7680, 0x1, 0x2088c58, 0xc0067b3760, 0xc0011ccde0)
			gitlab.nethead.at/symflower/symflower/language/java/symbol/symbols.go:583 +0x225
		gitlab.nethead.at/symflower/symflower/language/java/symbol.(*transpiler).walkFilesAndDeclarations(0xc0003b7680, 0x1, 0x2088c58, 0xc0067b3760)
			gitlab.nethead.at/symflower/symflower/language/java/symbol/symbols.go:566 +0xa5
		gitlab.nethead.at/symflower/symflower/language/java/symbol.(*transpiler).handleBodies(0xc0003b7680)
			gitlab.nethead.at/symflower/symflower/language/java/symbol/symbols.go:513 +0x65
		gitlab.nethead.at/symflower/symflower/language/java/symbol.symbolsWithDependencies(0xc000010750, {0x0?, 0x41aa94?, 0x42a965?}, 0x1)
			gitlab.nethead.at/symflower/symflower/language/java/symbol/symbols.go:486 +0x147
		gitlab.nethead.at/symflower/symflower/language/java/symbol.Symbols(0xc000010750, 0x1)
			gitlab.nethead.at/symflower/symflower/language/java/symbol/symbols.go:457 +0xf2
		gitlab.nethead.at/symflower/symflower/language/java.Adapter.Symbols(...)
			gitlab.nethead.at/symflower/symflower/language/java/symbols.go:29
		gitlab.nethead.at/symflower/symflower/cmd/symflower-local/generate.(*Generator).transpileLanguage(0xc00043d380, 0x0, 0x0, {0x220c620, 0x2e6b360})
			gitlab.nethead.at/symflower/symflower/cmd/symflower-local/generate/generate.go:136 +0x373
		gitlab.nethead.at/symflower/symflower/cmd/symflower-local/generate.(*Generator).Symbols(0xc00043d380, 0x0, 0x0)
			gitlab.nethead.at/symflower/symflower/cmd/symflower-local/generate/generate.go:94 +0x136
		gitlab.nethead.at/symflower/symflower/cmd/symflower-local/generate.(*AnalyzeEngineDefault).UnitTests(0x34?, 0x124bba0?, {0x21eb890?, 0xc00004cde0?}, {0xc0?, 0xc1?, 0x50?, 0x0?}, 0x34?, {0xc0000ff170, ...})
			gitlab.nethead.at/symflower/symflower/cmd/symflower-local/generate/analyze.go:153 +0x77
		gitlab.nethead.at/symflower/symflower/cmd/symflower-local/cmd.(*commandUnitTests).Execute(0xc0005103d8, {0xc000510008?, 0x7ab188083218?, 0xc0005103d8?})
			gitlab.nethead.at/symflower/symflower/cmd/symflower-local/cmd/unit-tests.go:85 +0x2a6
		gitlab.nethead.at/symflower/symflower/cmd.ExecuteNoExit({0x21de020, 0xc000510008}, {0xc00003e050?, 0x44?, 0x0?})
			gitlab.nethead.at/symflower/symflower/cmd/execute.go:59 +0x2ad
		gitlab.nethead.at/symflower/symflower/cmd.Execute({0x21de020?, 0xc000510008?}, {0xc00003e050?, 0xc000416000?, 0xc000507f10?})
			gitlab.nethead.at/symflower/symflower/cmd/execute.go:17 +0x26
		gitlab.nethead.at/symflower/symflower/cmd.ExecuteWithOSArguments(...)
			gitlab.nethead.at/symflower/symflower/cmd/execute.go:78
		main.main.func1()
			gitlab.nethead.at/symflower/symflower/cmd/symflower-demo/main.go:39 +0x34
		gitlab.nethead.at/symflower/symflower/cmd/symflower-local/cmd.(*Command).WithPanicReporter(0xc0000b2060?, 0x0?)
			gitlab.nethead.at/symflower/symflower/cmd/symflower-local/cmd/cmd.go:151 +0x33
		main.main()
			gitlab.nethead.at/symflower/symflower/cmd/symflower-demo/main.go:38 +0x7f
src/main/java/com/fasterxml/jackson/databind/introspect/POJOPropertyBuilder.java: error: unknown function
	data: [pointer(genericInstance(reference(java/lang/Class), [wildcard(, pointer(reference(java/lang/Object)))])) java/lang/Class<descendant of java/lang/Object>//isAssignableFrom [] [currClass]]
src/main/java/com/fasterxml/jackson/databind/introspect/POJOPropertyBuilder.java: error: unknown function
	data: [pointer(genericInstance(reference(java/lang/Class), [wildcard(, pointer(reference(java/lang/Object)))])) java/lang/Class<descendant of java/lang/Object>//isAssignableFrom [] [nextClass]]
src/main/java/com/fasterxml/jackson/databind/introspect/POJOPropertyBuilder.java: error: unknown function
	data: [pointer(genericInstance(reference(java/lang/Class), [wildcard(, pointer(reference(java/lang/Object)))])) java/lang/Class<descendant of java/lang/Object>//isAssignableFrom [] [currClass]]
src/main/java/com/fasterxml/jackson/databind/introspect/POJOPropertyBuilder.java: error: unknown field
	data: [this struct(com/fasterxml/jackson/databind/introspect/POJOPropertyBuilder, [], [pointer(reference(com/fasterxml/jackson/databind/introspect/BeanPropertyDefinition))], [pointer(genericInstance(reference(java/lang/Comparable), [pointer(reference(com/fasterxml/jackson/databind/introspect/POJOPropertyBuilder))]))]) READ_ONLY]
src/main/java/com/fasterxml/jackson/databind/introspect/POJOPropertyBuilder.java: error: error: unresolved type
	data: reference(T)
	child error: (error) Internal error: unknown type:
		"T"
		Stacktrace: goroutine 1 [running]:
		gitlab.nethead.at/symflower/symflower/model/errors.NewInternalError({0x21de060, 0x2d25a00}, {0x12473e0, 0xc000713060})
			gitlab.nethead.at/symflower/symflower/model/errors/error.go:852 +0x4e
		gitlab.nethead.at/symflower/symflower/model/errors.NewProblemWithErrorSeverity(...)
			gitlab.nethead.at/symflower/symflower/model/errors/problem.go:321
		gitlab.nethead.at/symflower/symflower/model/ast.(*Scope).GetType(0xc0067b1ef8?, {0x2221c60, 0x1})
			gitlab.nethead.at/symflower/symflower/model/ast/scope.go:986 +0x85
		gitlab.nethead.at/symflower/symflower/model/ast.resolve(0xc000380360, {0x2205848?, 0xc000c434a0}, 0xe0)
			gitlab.nethead.at/symflower/symflower/model/ast/type-resolve.go:362 +0x78
		gitlab.nethead.at/symflower/symflower/model/ast.ResolveWithPointers(...)
			gitlab.nethead.at/symflower/symflower/model/ast/type-resolve.go:326
		gitlab.nethead.at/symflower/symflower/model/ast.(*TypeGenericInstance).IsCompatibleType(0xc0016e0dc0, 0xc000380360, {0x2205728?, 0xc000aac500?})
			gitlab.nethead.at/symflower/symflower/model/ast/type.go:3369 +0x230
		gitlab.nethead.at/symflower/symflower/language/java/symbol.(*transpiler).checkFunctionApplicability(0xc0003b7680, 0xc00125af00, {0x0?, 0x0?}, {0x0?, 0xa9c0c5?, 0xc000b0afc0?}, {0xc000712fd0, 0x1, 0x1})
			gitlab.nethead.at/symflower/symflower/language/java/symbol/overloading.go:406 +0x66b
		gitlab.nethead.at/symflower/symflower/language/java/symbol.(*transpiler).matchOverloadingFunction(0xc0003b7680, {0xc0016e40d8, 0x1, 0x1}, {0x0, 0x0}, {0x0, 0x0, 0x0}, {0xc000712fd0, ...})
			gitlab.nethead.at/symflower/symflower/language/java/symbol/overloading.go:451 +0x217
		gitlab.nethead.at/symflower/symflower/language/java/symbol.(*transpiler).getFunction(0xc0003b7680, {0x0, 0x0}, {0xc000b0afc0, 0x11}, {0x0, 0x0, 0x0}, {0xc000712fd0, 0x1, ...})
			gitlab.nethead.at/symflower/symflower/language/java/symbol/overloading.go:224 +0xd2
		gitlab.nethead.at/symflower/symflower/language/java/symbol.(*transpiler).handleMethodCallResolveOverloads(0xc0003b7680, {0xc000b0afc0, 0x11}, {0x0?, 0x0?}, {0x0?, 0x3d?, 0x0?}, {0xc000712fd0, 0x1, ...})
			gitlab.nethead.at/symflower/symflower/language/java/symbol/handle.go:5426 +0x87
		gitlab.nethead.at/symflower/symflower/language/java/symbol.(*transpiler).handleExpressionMethodCall(0xc0003b7680, 0xc001252450, 0xc000d56f00)
			gitlab.nethead.at/symflower/symflower/language/java/symbol/handle.go:5568 +0x68b
		gitlab.nethead.at/symflower/symflower/language/java/symbol.(*transpiler).handleExpression(0xc0003b7680, 0xc001252450, {0x21f7d38, 0xc000d56f00})
			gitlab.nethead.at/symflower/symflower/language/java/symbol/handle.go:6903 +0x785
		gitlab.nethead.at/symflower/symflower/language/java/symbol.(*transpiler).handleStatementExpressionAssign(0xc0003b7680, 0xc001252450, 0xc000d6e000)
			gitlab.nethead.at/symflower/symflower/language/java/symbol/handle.go:3771 +0xe5
		gitlab.nethead.at/symflower/symflower/language/java/symbol.(*transpiler).handleStatementExpression(0xc0067b2920?, 0x41aa94?, {0x21f79c8?, 0xc000d6e000?})
			gitlab.nethead.at/symflower/symflower/language/java/symbol/handle.go:3932 +0x53
		gitlab.nethead.at/symflower/symflower/language/java/symbol.(*transpiler).handleStatement(0xc0003b7680, 0xc001252450, {0x21f7238, 0xc000d6bb00})
			gitlab.nethead.at/symflower/symflower/language/java/symbol/handle.go:4415 +0x8aa
		gitlab.nethead.at/symflower/symflower/language/java/symbol.(*transpiler).handleStatementSwitchEntry(0xc0003b7680, 0xc001252450, {0x2208640, 0xc0028d4100}, 0xc000d5f600)
			gitlab.nethead.at/symflower/symflower/language/java/symbol/handle.go:4477 +0x3d9
		gitlab.nethead.at/symflower/symflower/language/java/symbol.(*transpiler).handleStatementSwitch(0xc0003b7680, 0xc001252450, 0xc000d6e460)
			gitlab.nethead.at/symflower/symflower/language/java/symbol/handle.go:4522 +0xff
		gitlab.nethead.at/symflower/symflower/language/java/symbol.(*transpiler).handleStatement(0xc0003b7680, 0xc001252450, {0x21f74f8, 0xc000d6e460})
			gitlab.nethead.at/symflower/symflower/language/java/symbol/handle.go:4425 +0x836
		gitlab.nethead.at/symflower/symflower/language/java/symbol.(*transpiler).handleStatements(0xc0003b7680, 0xc001252450, {0xc000d281b0, 0x3, 0xc000380360?})
			gitlab.nethead.at/symflower/symflower/language/java/symbol/handle.go:3731 +0x85
		gitlab.nethead.at/symflower/symflower/language/java/symbol.(*transpiler).handleBlock.func1()
			gitlab.nethead.at/symflower/symflower/language/java/symbol/handle.go:3712 +0x45
		gitlab.nethead.at/symflower/symflower/model/ast.(*Scope).Scoped(0xc000380360, 0xc0013d4d50)
			gitlab.nethead.at/symflower/symflower/model/ast/scope.go:297 +0x162
		gitlab.nethead.at/symflower/symflower/language/java/symbol.(*transpiler).handleBlock(0xc0003b7680, 0xc001252450, 0xc000d53440)
			gitlab.nethead.at/symflower/symflower/language/java/symbol/handle.go:3711 +0x9e
		gitlab.nethead.at/symflower/symflower/language/java/symbol.(*transpiler).handleMethodDeclarationBody.(*transpiler).handleScopedBlockStatement.func2()
			gitlab.nethead.at/symflower/symflower/language/java/symbol/handle.go:2716 +0x205
		gitlab.nethead.at/symflower/symflower/model/ast.(*Scope).Scoped(0xc000380360, 0xc0013d5160)
			gitlab.nethead.at/symflower/symflower/model/ast/scope.go:297 +0x162
		gitlab.nethead.at/symflower/symflower/language/java/symbol.(*transpiler).handleScopedBlockStatement(...)
			gitlab.nethead.at/symflower/symflower/language/java/symbol/handle.go:2693
		gitlab.nethead.at/symflower/symflower/language/java/symbol.(*transpiler).handleMethodDeclarationBody(0xc0003b7680, 0xc001252450, {0x2208170, 0xc00124a540}, 0xc00125a700, 0x0)
			gitlab.nethead.at/symflower/symflower/language/java/symbol/handle.go:2523 +0x61b
		gitlab.nethead.at/symflower/symflower/language/java/symbol.(*transpiler).handleClassAndInterfaceDeclarationBodies(0xc0003b7680, 0xc001252450, 0xc00124a540)
			gitlab.nethead.at/symflower/symflower/language/java/symbol/handle.go:1534 +0x2f7
		gitlab.nethead.at/symflower/symflower/language/java/symbol.(*transpiler).handleClassDeclarationBodies(0xc0003b7680, 0xc001252450, 0xc00124a540)
			gitlab.nethead.at/symflower/symflower/language/java/symbol/handle.go:1419 +0x106
		gitlab.nethead.at/symflower/symflower/language/java/symbol.(*transpiler).handleBodies.func1(0xc001252450, {0x2207578, 0xc00124a540})
			gitlab.nethead.at/symflower/symflower/language/java/symbol/symbols.go:532 +0x1ff
		gitlab.nethead.at/symflower/symflower/language/java/symbol.(*transpiler).walkSubDeclarations(0xc0003b7680, 0xc001252450, 0xc0067b3760, 0xc0011ccde0, 0xc00124cc80, {0x2207578, 0xc00124a540})
			gitlab.nethead.at/symflower/symflower/language/java/symbol/symbols.go:869 +0x1ee
		gitlab.nethead.at/symflower/symflower/language/java/symbol.(*transpiler).walkFile(0xc0003b7680, 0x1, 0x2088c58, 0xc0067b3760, 0xc0011ccde0, 0xc00124cc80)
			gitlab.nethead.at/symflower/symflower/language/java/symbol/symbols.go:625 +0x3c5
		gitlab.nethead.at/symflower/symflower/language/java/symbol.(*transpiler).walkPackage(0xc0003b7680, 0x1, 0x2088c58, 0xc0067b3760, 0xc0011ccde0)
			gitlab.nethead.at/symflower/symflower/language/java/symbol/symbols.go:583 +0x225
		gitlab.nethead.at/symflower/symflower/language/java/symbol.(*transpiler).walkFilesAndDeclarations(0xc0003b7680, 0x1, 0x2088c58, 0xc0067b3760)
			gitlab.nethead.at/symflower/symflower/language/java/symbol/symbols.go:566 +0xa5
		gitlab.nethead.at/symflower/symflower/language/java/symbol.(*transpiler).handleBodies(0xc0003b7680)
			gitlab.nethead.at/symflower/symflower/language/java/symbol/symbols.go:513 +0x65
		gitlab.nethead.at/symflower/symflower/language/java/symbol.symbolsWithDependencies(0xc000010750, {0x0?, 0x41aa94?, 0x42a965?}, 0x1)
			gitlab.nethead.at/symflower/symflower/language/java/symbol/symbols.go:486 +0x147
		gitlab.nethead.at/symflower/symflower/language/java/symbol.Symbols(0xc000010750, 0x1)
			gitlab.nethead.at/symflower/symflower/language/java/symbol/symbols.go:457 +0xf2
		gitlab.nethead.at/symflower/symflower/language/java.Adapter.Symbols(...)
			gitlab.nethead.at/symflower/symflower/language/java/symbols.go:29
		gitlab.nethead.at/symflower/symflower/cmd/symflower-local/generate.(*Generator).transpileLanguage(0xc00043d380, 0x0, 0x0, {0x220c620, 0x2e6b360})
			gitlab.nethead.at/symflower/symflower/cmd/symflower-local/generate/generate.go:136 +0x373
		gitlab.nethead.at/symflower/symflower/cmd/symflower-local/generate.(*Generator).Symbols(0xc00043d380, 0x0, 0x0)
			gitlab.nethead.at/symflower/symflower/cmd/symflower-local/generate/generate.go:94 +0x136
		gitlab.nethead.at/symflower/symflower/cmd/symflower-local/generate.(*AnalyzeEngineDefault).UnitTests(0x34?, 0x124bba0?, {0x21eb890?, 0xc00004cde0?}, {0xc0?, 0xc1?, 0x50?, 0x0?}, 0x34?, {0xc0000ff170, ...})
			gitlab.nethead.at/symflower/symflower/cmd/symflower-local/generate/analyze.go:153 +0x77
		gitlab.nethead.at/symflower/symflower/cmd/symflower-local/cmd.(*commandUnitTests).Execute(0xc0005103d8, {0xc000510008?, 0x7ab188083218?, 0xc0005103d8?})
			gitlab.nethead.at/symflower/symflower/cmd/symflower-local/cmd/unit-tests.go:85 +0x2a6
		gitlab.nethead.at/symflower/symflower/cmd.ExecuteNoExit({0x21de020, 0xc000510008}, {0xc00003e050?, 0x44?, 0x0?})
			gitlab.nethead.at/symflower/symflower/cmd/execute.go:59 +0x2ad
		gitlab.nethead.at/symflower/symflower/cmd.Execute({0x21de020?, 0xc000510008?}, {0xc00003e050?, 0xc000416000?, 0xc000507f10?})
			gitlab.nethead.at/symflower/symflower/cmd/execute.go:17 +0x26
		gitlab.nethead.at/symflower/symflower/cmd.ExecuteWithOSArguments(...)
			gitlab.nethead.at/symflower/symflower/cmd/execute.go:78
		main.main.func1()
			gitlab.nethead.at/symflower/symflower/cmd/symflower-demo/main.go:39 +0x34
		gitlab.nethead.at/symflower/symflower/cmd/symflower-local/cmd.(*Command).WithPanicReporter(0xc0000b2060?, 0x0?)
			gitlab.nethead.at/symflower/symflower/cmd/symflower-local/cmd/cmd.go:151 +0x33
		main.main()
			gitlab.nethead.at/symflower/symflower/cmd/symflower-demo/main.go:38 +0x7f
src/main/java/com/fasterxml/jackson/databind/introspect/POJOPropertyBuilder.java: error: error: unresolved type
	data: reference(T)
	child error: (error) Internal error: unknown type:
		"T"
		Stacktrace: goroutine 1 [running]:
		gitlab.nethead.at/symflower/symflower/model/errors.NewInternalError({0x21de060, 0x2d25a00}, {0x12473e0, 0xc005d2a120})
			gitlab.nethead.at/symflower/symflower/model/errors/error.go:852 +0x4e
		gitlab.nethead.at/symflower/symflower/model/errors.NewProblemWithErrorSeverity(...)
			gitlab.nethead.at/symflower/symflower/model/errors/problem.go:321
		gitlab.nethead.at/symflower/symflower/model/ast.(*Scope).GetType(0xc0067b2150?, {0x2221c60, 0x1})
			gitlab.nethead.at/symflower/symflower/model/ast/scope.go:986 +0x85
		gitlab.nethead.at/symflower/symflower/model/ast.resolve(0xc000380360, {0x2205848?, 0xc000c436e0}, 0xe0)
			gitlab.nethead.at/symflower/symflower/model/ast/type-resolve.go:362 +0x78
		gitlab.nethead.at/symflower/symflower/model/ast.ResolveWithPointers(...)
			gitlab.nethead.at/symflower/symflower/model/ast/type-resolve.go:326
		gitlab.nethead.at/symflower/symflower/model/ast.(*TypeGenericInstance).IsCompatibleType(0xc0016e0f00, 0xc000380360, {0x2205728?, 0xc000aac600?})
			gitlab.nethead.at/symflower/symflower/model/ast/type.go:3369 +0x230
		gitlab.nethead.at/symflower/symflower/language/java/symbol.(*transpiler).checkFunctionApplicability(0xc0003b7680, 0xc00125b000, {0x0?, 0x0?}, {0x0?, 0xa9c0c5?, 0xc000b0b260?}, {0xc005d2a0c0, 0x1, 0x1})
			gitlab.nethead.at/symflower/symflower/language/java/symbol/overloading.go:406 +0x66b
		gitlab.nethead.at/symflower/symflower/language/java/symbol.(*transpiler).matchOverloadingFunction(0xc0003b7680, {0xc0016e40e0, 0x1, 0x1}, {0x0, 0x0}, {0x0, 0x0, 0x0}, {0xc005d2a0c0, ...})
			gitlab.nethead.at/symflower/symflower/language/java/symbol/overloading.go:451 +0x217
		gitlab.nethead.at/symflower/symflower/language/java/symbol.(*transpiler).getFunction(0xc0003b7680, {0x0, 0x0}, {0xc000b0b260, 0x11}, {0x0, 0x0, 0x0}, {0xc005d2a0c0, 0x1, ...})
			gitlab.nethead.at/symflower/symflower/language/java/symbol/overloading.go:224 +0xd2
		gitlab.nethead.at/symflower/symflower/language/java/symbol.(*transpiler).handleMethodCallResolveOverloads(0xc0003b7680, {0xc000b0b260, 0x11}, {0x0?, 0x0?}, {0x0?, 0x3d?, 0x0?}, {0xc005d2a0c0, 0x1, ...})
			gitlab.nethead.at/symflower/symflower/language/java/symbol/handle.go:5426 +0x87
		gitlab.nethead.at/symflower/symflower/language/java/symbol.(*transpiler).handleExpressionMethodCall(0xc0003b7680, 0xc001252450, 0xc000d572c0)
			gitlab.nethead.at/symflower/symflower/language/java/symbol/handle.go:5568 +0x68b
		gitlab.nethead.at/symflower/symflower/language/java/symbol.(*transpiler).handleExpression(0xc0003b7680, 0xc001252450, {0x21f7d38, 0xc000d572c0})
			gitlab.nethead.at/symflower/symflower/language/java/symbol/handle.go:6903 +0x785
		gitlab.nethead.at/symflower/symflower/language/java/symbol.(*transpiler).handleStatementExpressionAssign(0xc0003b7680, 0xc001252450, 0xc000d6e780)
			gitlab.nethead.at/symflower/symflower/language/java/symbol/handle.go:3771 +0xe5
		gitlab.nethead.at/symflower/symflower/language/java/symbol.(*transpiler).handleStatementExpression(0xc0067b2b78?, 0x41aa94?, {0x21f79c8?, 0xc000d6e780?})
			gitlab.nethead.at/symflower/symflower/language/java/symbol/handle.go:3932 +0x53
		gitlab.nethead.at/symflower/symflower/language/java/symbol.(*transpiler).handleStatement(0xc0003b7680, 0xc001252450, {0x21f7238, 0xc000d71300})
			gitlab.nethead.at/symflower/symflower/language/java/symbol/handle.go:4415 +0x8aa
		gitlab.nethead.at/symflower/symflower/language/java/symbol.(*transpiler).handleStatements(0xc0003b7680, 0xc001252450, {0xc000d6c080, 0x4, 0xc000403808?})
			gitlab.nethead.at/symflower/symflower/language/java/symbol/handle.go:3731 +0x85
		gitlab.nethead.at/symflower/symflower/language/java/symbol.(*transpiler).handleBlock.func1()
			gitlab.nethead.at/symflower/symflower/language/java/symbol/handle.go:3712 +0x45
		gitlab.nethead.at/symflower/symflower/model/ast.(*Scope).Scoped(0xc000380360, 0xc0067b2d50)
			gitlab.nethead.at/symflower/symflower/model/ast/scope.go:297 +0x162
		gitlab.nethead.at/symflower/symflower/language/java/symbol.(*transpiler).handleBlock(0xc0003b7680, 0xc001252450, 0xc000d53560)
			gitlab.nethead.at/symflower/symflower/language/java/symbol/handle.go:3711 +0x9e
		gitlab.nethead.at/symflower/symflower/language/java/symbol.(*transpiler).handleMethodDeclarationBody.(*transpiler).handleScopedBlockStatement.func2()
			gitlab.nethead.at/symflower/symflower/language/java/symbol/handle.go:2716 +0x205
		gitlab.nethead.at/symflower/symflower/model/ast.(*Scope).Scoped(0xc000380360, 0xc0067b3160)
			gitlab.nethead.at/symflower/symflower/model/ast/scope.go:297 +0x162
		gitlab.nethead.at/symflower/symflower/language/java/symbol.(*transpiler).handleScopedBlockStatement(...)
			gitlab.nethead.at/symflower/symflower/language/java/symbol/handle.go:2693
		gitlab.nethead.at/symflower/symflower/language/java/symbol.(*transpiler).handleMethodDeclarationBody(0xc0003b7680, 0xc001252450, {0x2208170, 0xc00124a540}, 0xc00125a900, 0x0)
			gitlab.nethead.at/symflower/symflower/language/java/symbol/handle.go:2523 +0x61b
		gitlab.nethead.at/symflower/symflower/language/java/symbol.(*transpiler).handleClassAndInterfaceDeclarationBodies(0xc0003b7680, 0xc001252450, 0xc00124a540)
			gitlab.nethead.at/symflower/symflower/language/java/symbol/handle.go:1534 +0x2f7
		gitlab.nethead.at/symflower/symflower/language/java/symbol.(*transpiler).handleClassDeclarationBodies(0xc0003b7680, 0xc001252450, 0xc00124a540)
			gitlab.nethead.at/symflower/symflower/language/java/symbol/handle.go:1419 +0x106
		gitlab.nethead.at/symflower/symflower/language/java/symbol.(*transpiler).handleBodies.func1(0xc001252450, {0x2207578, 0xc00124a540})
			gitlab.nethead.at/symflower/symflower/language/java/symbol/symbols.go:532 +0x1ff
		gitlab.nethead.at/symflower/symflower/language/java/symbol.(*transpiler).walkSubDeclarations(0xc0003b7680, 0xc001252450, 0xc0067b3760, 0xc0011ccde0, 0xc00124cc80, {0x2207578, 0xc00124a540})
			gitlab.nethead.at/symflower/symflower/language/java/symbol/symbols.go:869 +0x1ee
		gitlab.nethead.at/symflower/symflower/language/java/symbol.(*transpiler).walkFile(0xc0003b7680, 0x1, 0x2088c58, 0xc0067b3760, 0xc0011ccde0, 0xc00124cc80)
			gitlab.nethead.at/symflower/symflower/language/java/symbol/symbols.go:625 +0x3c5
		gitlab.nethead.at/symflower/symflower/language/java/symbol.(*transpiler).walkPackage(0xc0003b7680, 0x1, 0x2088c58, 0xc0067b3760, 0xc0011ccde0)
			gitlab.nethead.at/symflower/symflower/language/java/symbol/symbols.go:583 +0x225
		gitlab.nethead.at/symflower/symflower/language/java/symbol.(*transpiler).walkFilesAndDeclarations(0xc0003b7680, 0x1, 0x2088c58, 0xc0067b3760)
			gitlab.nethead.at/symflower/symflower/language/java/symbol/symbols.go:566 +0xa5
		gitlab.nethead.at/symflower/symflower/language/java/symbol.(*transpiler).handleBodies(0xc0003b7680)
			gitlab.nethead.at/symflower/symflower/language/java/symbol/symbols.go:513 +0x65
		gitlab.nethead.at/symflower/symflower/language/java/symbol.symbolsWithDependencies(0xc000010750, {0x0?, 0x41aa94?, 0x42a965?}, 0x1)
			gitlab.nethead.at/symflower/symflower/language/java/symbol/symbols.go:486 +0x147
		gitlab.nethead.at/symflower/symflower/language/java/symbol.Symbols(0xc000010750, 0x1)
			gitlab.nethead.at/symflower/symflower/language/java/symbol/symbols.go:457 +0xf2
		gitlab.nethead.at/symflower/symflower/language/java.Adapter.Symbols(...)
			gitlab.nethead.at/symflower/symflower/language/java/symbols.go:29
		gitlab.nethead.at/symflower/symflower/cmd/symflower-local/generate.(*Generator).transpileLanguage(0xc00043d380, 0x0, 0x0, {0x220c620, 0x2e6b360})
			gitlab.nethead.at/symflower/symflower/cmd/symflower-local/generate/generate.go:136 +0x373
		gitlab.nethead.at/symflower/symflower/cmd/symflower-local/generate.(*Generator).Symbols(0xc00043d380, 0x0, 0x0)
			gitlab.nethead.at/symflower/symflower/cmd/symflower-local/generate/generate.go:94 +0x136
		gitlab.nethead.at/symflower/symflower/cmd/symflower-local/generate.(*AnalyzeEngineDefault).UnitTests(0x34?, 0x124bba0?, {0x21eb890?, 0xc00004cde0?}, {0xc0?, 0xc1?, 0x50?, 0x0?}, 0x34?, {0xc0000ff170, ...})
			gitlab.nethead.at/symflower/symflower/cmd/symflower-local/generate/analyze.go:153 +0x77
		gitlab.nethead.at/symflower/symflower/cmd/symflower-local/cmd.(*commandUnitTests).Execute(0xc0005103d8, {0xc000510008?, 0x7ab188083218?, 0xc0005103d8?})
			gitlab.nethead.at/symflower/symflower/cmd/symflower-local/cmd/unit-tests.go:85 +0x2a6
		gitlab.nethead.at/symflower/symflower/cmd.ExecuteNoExit({0x21de020, 0xc000510008}, {0xc00003e050?, 0x44?, 0x0?})
			gitlab.nethead.at/symflower/symflower/cmd/execute.go:59 +0x2ad
		gitlab.nethead.at/symflower/symflower/cmd.Execute({0x21de020?, 0xc000510008?}, {0xc00003e050?, 0xc000416000?, 0xc000507f10?})
			gitlab.nethead.at/symflower/symflower/cmd/execute.go:17 +0x26
		gitlab.nethead.at/symflower/symflower/cmd.ExecuteWithOSArguments(...)
			gitlab.nethead.at/symflower/symflower/cmd/execute.go:78
		main.main.func1()
			gitlab.nethead.at/symflower/symflower/cmd/symflower-demo/main.go:39 +0x34
		gitlab.nethead.at/symflower/symflower/cmd/symflower-local/cmd.(*Command).WithPanicReporter(0xc0000b2060?, 0x0?)
			gitlab.nethead.at/symflower/symflower/cmd/symflower-local/cmd/cmd.go:151 +0x33
		main.main()
			gitlab.nethead.at/symflower/symflower/cmd/symflower-demo/main.go:38 +0x7f
src/main/java/com/fasterxml/jackson/databind/introspect/SimpleMixInResolver.java: error: unknown import
	data: com/fasterxml/jackson/databind/type/ClassKey
src/main/java/com/fasterxml/jackson/databind/introspect/SimpleMixInResolver.java: error: unknown function
	data: [pointer(genericInstance(reference(java/util/Map), [pointer(genericInstance(reference(java/lang/Class), [wildcard(, pointer(reference(java/lang/Object)))])), pointer(genericInstance(reference(java/lang/Class), [wildcard(, pointer(reference(java/lang/Object)))]))])) java/util/Map<java/lang/Class<descendant of java/lang/Object>,java/lang/Class<descendant of java/lang/Object>>//entrySet [] []]
src/main/java/com/fasterxml/jackson/databind/introspect/SimpleMixInResolver.java: error: unknown identifier
	data: mixIns
src/main/java/com/fasterxml/jackson/databind/introspect/SimpleMixInResolver.java: error: unknown import
	data: java/util/HashMap
src/main/java/com/fasterxml/jackson/databind/introspect/TypeResolutionContext.java: error: unknown import
	data: com/fasterxml/jackson/databind/type/TypeBindings
src/main/java/com/fasterxml/jackson/databind/introspect/TypeResolutionContext.java: error: unknown import
	data: com/fasterxml/jackson/databind/type/TypeFactory
src/main/java/com/fasterxml/jackson/databind/introspect/TypeResolutionContext.java: error: unknown import
	data: java/lang/reflect/Type
src/main/java/com/fasterxml/jackson/databind/introspect/TypeResolutionContext.java: error: unknown import
	data: com/fasterxml/jackson/databind/JavaType
src/main/java/com/fasterxml/jackson/databind/introspect/VirtualAnnotatedMember.java: error: unknown import
	data: com/fasterxml/jackson/databind/JavaType
src/main/java/com/fasterxml/jackson/databind/introspect/VirtualAnnotatedMember.java: error: unknown import
	data: java/lang/reflect
src/main/java/com/fasterxml/jackson/databind/introspect/VirtualAnnotatedMember.java: error: unknown type
	data: Field
src/main/java/com/fasterxml/jackson/databind/introspect/VirtualAnnotatedMember.java: error: unknown type
	data: Member
src/main/java/com/fasterxml/jackson/databind/introspect/VirtualAnnotatedMember.java: error: unknown function
	data: [struct(com/fasterxml/jackson/databind/introspect/TypeResolutionContext, [], [pointer(reference(java/lang/Object))], []) com/fasterxml/jackson/databind/introspect/TypeResolutionContext//resolveType [] [select(this, _rawType)]]
src/main/java/com/fasterxml/jackson/databind/introspect/VirtualAnnotatedMember.java: error: unknown function
	data: [pointer(reference(java/lang/Object)) java/lang/Object//getClass [] []]
src/main/java/com/fasterxml/jackson/databind/introspect/VirtualAnnotatedMember.java: error: unknown function
	data: [<nil> getClass [] []]
src/main/java/com/fasterxml/jackson/databind/introspect/VisibilityChecker.java: error: unknown import
	data: java/lang/reflect/Field
src/main/java/com/fasterxml/jackson/databind/introspect/VisibilityChecker.java: error: unknown import
	data: java/lang/reflect/Member
src/main/java/com/fasterxml/jackson/databind/introspect/VisibilityChecker.java: error: unknown import
	data: com/fasterxml/jackson/annotation/JsonAutoDetect
src/main/java/com/fasterxml/jackson/databind/introspect/VisibilityChecker.java: error: unknown import
	data: com/fasterxml/jackson/annotation/PropertyAccessor
src/main/java/com/fasterxml/jackson/databind/introspect/VisibilityChecker.java: error: unknown field
	data: [this struct(com/fasterxml/jackson/databind/introspect/VisibilityChecker//Std, [], [pointer(reference(java/lang/Object))], [pointer(genericInstance(reference(com/fasterxml/jackson/databind/introspect/VisibilityChecker), [pointer(reference(com/fasterxml/jackson/databind/introspect/VisibilityChecker//Std))])), reference(java/io/Serializable)]) GETTER]
src/main/java/com/fasterxml/jackson/databind/introspect/VisibilityChecker.java: error: unknown field
	data: [this struct(com/fasterxml/jackson/databind/introspect/VisibilityChecker//Std, [], [pointer(reference(java/lang/Object))], [pointer(genericInstance(reference(com/fasterxml/jackson/databind/introspect/VisibilityChecker), [pointer(reference(com/fasterxml/jackson/databind/introspect/VisibilityChecker//Std))])), reference(java/io/Serializable)]) SETTER]
src/main/java/com/fasterxml/jackson/databind/introspect/VisibilityChecker.java: error: unknown field
	data: [this struct(com/fasterxml/jackson/databind/introspect/VisibilityChecker//Std, [], [pointer(reference(java/lang/Object))], [pointer(genericInstance(reference(com/fasterxml/jackson/databind/introspect/VisibilityChecker), [pointer(reference(com/fasterxml/jackson/databind/introspect/VisibilityChecker//Std))])), reference(java/io/Serializable)]) FIELD]
src/main/java/com/fasterxml/jackson/databind/introspect/VisibilityChecker.java: error: unknown import
	data: java/lang/reflect/Method
src/main/java/com/fasterxml/jackson/databind/introspect/VisibilityChecker.java: error: unknown import
	data: com/fasterxml/jackson/annotation/JsonAutoDetect/Visibility
src/main/java/com/fasterxml/jackson/databind/introspect/VisibilityChecker.java: error: unknown function
	data: [genericInstance(reference(java/lang/Class), [pointer(reference(java/lang/Object))]) java/lang/Class<java/lang/Object>//getAnnotation [] [unsupported]]
src/main/java/com/fasterxml/jackson/databind/introspect/VisibilityChecker.java: error: unknown field
	data: [this struct(com/fasterxml/jackson/databind/introspect/VisibilityChecker//Std, [], [pointer(reference(java/lang/Object))], [pointer(genericInstance(reference(com/fasterxml/jackson/databind/introspect/VisibilityChecker), [pointer(reference(com/fasterxml/jackson/databind/introspect/VisibilityChecker//Std))])), reference(java/io/Serializable)]) CREATOR]
src/main/java/com/fasterxml/jackson/databind/introspect/VisibilityChecker.java: error: unknown field
	data: [this struct(com/fasterxml/jackson/databind/introspect/VisibilityChecker//Std, [], [pointer(reference(java/lang/Object))], [pointer(genericInstance(reference(com/fasterxml/jackson/databind/introspect/VisibilityChecker), [pointer(reference(com/fasterxml/jackson/databind/introspect/VisibilityChecker//Std))])), reference(java/io/Serializable)]) IS_GETTER]
src/main/java/com/fasterxml/jackson/databind/introspect/VisibilityChecker.java: error: unknown field
	data: [this struct(com/fasterxml/jackson/databind/introspect/VisibilityChecker//Std, [], [pointer(reference(java/lang/Object))], [pointer(genericInstance(reference(com/fasterxml/jackson/databind/introspect/VisibilityChecker), [pointer(reference(com/fasterxml/jackson/databind/introspect/VisibilityChecker//Std))])), reference(java/io/Serializable)]) ALL]
internal error: scope leak
	data: map[handledNode:struct(com/fasterxml/jackson/databind/introspect/POJOPropertyBuilder, [], [pointer(reference(com/fasterxml/jackson/databind/introspect/BeanPropertyDefinition))], [pointer(genericInstance(reference(java/lang/Comparable), [pointer(reference(com/fasterxml/jackson/databind/introspect/POJOPropertyBuilder))]))]) scopeLevelAtEntry:6 scopeLevelAtExit:7]
Found 1 Java files
Found 542 problems in Java files
src/main/java/com/fasterxml/jackson/databind/introspect/JacksonAnnotationIntrospector.java: found 81 symbols
src/main/java/com/fasterxml/jackson/databind/introspect/JacksonAnnotationIntrospector.java: com.fasterxml.jackson.databind.introspect.JacksonAnnotationIntrospector.setConstructorPropertiesImpliesCreator: computing test cases
src/main/java/com/fasterxml/jackson/databind/introspect/JacksonAnnotationIntrospector.java: com.fasterxml.jackson.databind.introspect.JacksonAnnotationIntrospector.setConstructorPropertiesImpliesCreator: computed 0 unit tests
src/main/java/com/fasterxml/jackson/databind/introspect/JacksonAnnotationIntrospector.java: com.fasterxml.jackson.databind.introspect.JacksonAnnotationIntrospector.setConstructorPropertiesImpliesCreator: found 0 problems
src/main/java/com/fasterxml/jackson/databind/introspect/JacksonAnnotationIntrospector.java: com.fasterxml.jackson.databind.introspect.JacksonAnnotationIntrospector._classIfExplicit: computing test cases
src/main/java/com/fasterxml/jackson/databind/introspect/JacksonAnnotationIntrospector.java: com.fasterxml.jackson.databind.introspect.JacksonAnnotationIntrospector._classIfExplicit: computed 0 unit tests
src/main/java/com/fasterxml/jackson/databind/introspect/JacksonAnnotationIntrospector.java: com.fasterxml.jackson.databind.introspect.JacksonAnnotationIntrospector._classIfExplicit: found 0 problems
src/main/java/com/fasterxml/jackson/databind/introspect/JacksonAnnotationIntrospector.java: com.fasterxml.jackson.databind.introspect.JacksonAnnotationIntrospector.findSubtypes: computing test cases
src/main/java/com/fasterxml/jackson/databind/introspect/JacksonAnnotationIntrospector.java: com.fasterxml.jackson.databind.introspect.JacksonAnnotationIntrospector.findSubtypes: found 1 problems
src/main/java/com/fasterxml/jackson/databind/introspect/JacksonAnnotationIntrospector.java: internal error: com.fasterxml.jackson.databind.introspect.JacksonAnnotationIntrospector.findSubtypes: unknown type kind
	data: unsupported(com/fasterxml/jackson/databind/jsontype/NamedType)
src/main/java/com/fasterxml/jackson/databind/introspect/JacksonAnnotationIntrospector.java: com.fasterxml.jackson.databind.introspect.JacksonAnnotationIntrospector.findPropertyIndex: computing test cases
src/main/java/com/fasterxml/jackson/databind/introspect/JacksonAnnotationIntrospector.java: com.fasterxml.jackson.databind.introspect.JacksonAnnotationIntrospector.findPropertyIndex: computed 0 unit tests
src/main/java/com/fasterxml/jackson/databind/introspect/JacksonAnnotationIntrospector.java: com.fasterxml.jackson.databind.introspect.JacksonAnnotationIntrospector.findPropertyIndex: found 0 problems
src/main/java/com/fasterxml/jackson/databind/introspect/JacksonAnnotationIntrospector.java: com.fasterxml.jackson.databind.introspect.JacksonAnnotationIntrospector.findPOJOBuilderConfig: computing test cases
src/main/java/com/fasterxml/jackson/databind/introspect/JacksonAnnotationIntrospector.java: com.fasterxml.jackson.databind.introspect.JacksonAnnotationIntrospector.findPOJOBuilderConfig: found 1 problems
src/main/java/com/fasterxml/jackson/databind/introspect/JacksonAnnotationIntrospector.java: internal error: com.fasterxml.jackson.databind.introspect.JacksonAnnotationIntrospector.findPOJOBuilderConfig: unknown type kind
	data: unsupported(com/fasterxml/jackson/databind/JavaType)
src/main/java/com/fasterxml/jackson/databind/introspect/JacksonAnnotationIntrospector.java: com.fasterxml.jackson.databind.introspect.JacksonAnnotationIntrospector.hasCreatorAnnotation: computing test cases
src/main/java/com/fasterxml/jackson/databind/introspect/JacksonAnnotationIntrospector.java: com.fasterxml.jackson.databind.introspect.JacksonAnnotationIntrospector.hasCreatorAnnotation: computed 0 unit tests
src/main/java/com/fasterxml/jackson/databind/introspect/JacksonAnnotationIntrospector.java: com.fasterxml.jackson.databind.introspect.JacksonAnnotationIntrospector.hasCreatorAnnotation: found 0 problems
src/main/java/com/fasterxml/jackson/databind/introspect/JacksonAnnotationIntrospector.java: com.fasterxml.jackson.databind.introspect.JacksonAnnotationIntrospector.JacksonAnnotationIntrospector: computing test cases
src/main/java/com/fasterxml/jackson/databind/introspect/JacksonAnnotationIntrospector.java: com.fasterxml.jackson.databind.introspect.JacksonAnnotationIntrospector.JacksonAnnotationIntrospector: computed 0 unit tests
src/main/java/com/fasterxml/jackson/databind/introspect/JacksonAnnotationIntrospector.java: com.fasterxml.jackson.databind.introspect.JacksonAnnotationIntrospector.JacksonAnnotationIntrospector: found 0 problems
src/main/java/com/fasterxml/jackson/databind/introspect/JacksonAnnotationIntrospector.java: com.fasterxml.jackson.databind.introspect.JacksonAnnotationIntrospector.readResolve: computing test cases
src/main/java/com/fasterxml/jackson/databind/introspect/JacksonAnnotationIntrospector.java: com.fasterxml.jackson.databind.introspect.JacksonAnnotationIntrospector.readResolve: computed 0 unit tests
src/main/java/com/fasterxml/jackson/databind/introspect/JacksonAnnotationIntrospector.java: com.fasterxml.jackson.databind.introspect.JacksonAnnotationIntrospector.findSerializationContentConverter: computing test cases
src/main/java/com/fasterxml/jackson/databind/introspect/JacksonAnnotationIntrospector.java: com.fasterxml.jackson.databind.introspect.JacksonAnnotationIntrospector.findSerializationContentConverter: computed 0 unit tests
src/main/java/com/fasterxml/jackson/databind/introspect/JacksonAnnotationIntrospector.java: com.fasterxml.jackson.databind.introspect.JacksonAnnotationIntrospector.findSerializationContentConverter: found 0 problems
src/main/java/com/fasterxml/jackson/databind/introspect/JacksonAnnotationIntrospector.java: com.fasterxml.jackson.databind.introspect.JacksonAnnotationIntrospector.isIgnorableType: computing test cases
src/main/java/com/fasterxml/jackson/databind/introspect/JacksonAnnotationIntrospector.java: com.fasterxml.jackson.databind.introspect.JacksonAnnotationIntrospector.isIgnorableType: found 1 problems
src/main/java/com/fasterxml/jackson/databind/introspect/JacksonAnnotationIntrospector.java: internal error: com.fasterxml.jackson.databind.introspect.JacksonAnnotationIntrospector.isIgnorableType: unknown type kind
	data: unsupported(com/fasterxml/jackson/databind/JavaType)
src/main/java/com/fasterxml/jackson/databind/introspect/JacksonAnnotationIntrospector.java: com.fasterxml.jackson.databind.introspect.JacksonAnnotationIntrospector.findViews: computing test cases
src/main/java/com/fasterxml/jackson/databind/introspect/JacksonAnnotationIntrospector.java: com.fasterxml.jackson.databind.introspect.JacksonAnnotationIntrospector.findViews: computed 0 unit tests
src/main/java/com/fasterxml/jackson/databind/introspect/JacksonAnnotationIntrospector.java: com.fasterxml.jackson.databind.introspect.JacksonAnnotationIntrospector.findPropertyInclusion: computing test cases
src/main/java/com/fasterxml/jackson/databind/introspect/JacksonAnnotationIntrospector.java: com.fasterxml.jackson.databind.introspect.JacksonAnnotationIntrospector.findPropertyInclusion: computed 0 unit tests
src/main/java/com/fasterxml/jackson/databind/introspect/JacksonAnnotationIntrospector.java: com.fasterxml.jackson.databind.introspect.JacksonAnnotationIntrospector.findPropertyInclusion: found 0 problems
src/main/java/com/fasterxml/jackson/databind/introspect/JacksonAnnotationIntrospector.java: com.fasterxml.jackson.databind.introspect.JacksonAnnotationIntrospector.findSerializationContentType: computing test cases
src/main/java/com/fasterxml/jackson/databind/introspect/JacksonAnnotationIntrospector.java: com.fasterxml.jackson.databind.introspect.JacksonAnnotationIntrospector.findSerializationContentType: computed 0 unit tests
src/main/java/com/fasterxml/jackson/databind/introspect/JacksonAnnotationIntrospector.java: com.fasterxml.jackson.databind.introspect.JacksonAnnotationIntrospector.findSerializationContentType: found 0 problems
src/main/java/com/fasterxml/jackson/databind/introspect/JacksonAnnotationIntrospector.java: com.fasterxml.jackson.databind.introspect.JacksonAnnotationIntrospector.findDeserializationType: computing test cases
src/main/java/com/fasterxml/jackson/databind/introspect/JacksonAnnotationIntrospector.java: com.fasterxml.jackson.databind.introspect.JacksonAnnotationIntrospector.findDeserializationType: computed 0 unit tests
src/main/java/com/fasterxml/jackson/databind/introspect/JacksonAnnotationIntrospector.java: com.fasterxml.jackson.databind.introspect.JacksonAnnotationIntrospector.findDeserializationType: found 0 problems
src/main/java/com/fasterxml/jackson/databind/introspect/JacksonAnnotationIntrospector.java: com.fasterxml.jackson.databind.introspect.JacksonAnnotationIntrospector.findFilterId: computing test cases
src/main/java/com/fasterxml/jackson/databind/introspect/JacksonAnnotationIntrospector.java: com.fasterxml.jackson.databind.introspect.JacksonAnnotationIntrospector.findFilterId: computed 0 unit tests
src/main/java/com/fasterxml/jackson/databind/introspect/JacksonAnnotationIntrospector.java: com.fasterxml.jackson.databind.introspect.JacksonAnnotationIntrospector.findFilterId: found 0 problems
src/main/java/com/fasterxml/jackson/databind/introspect/JacksonAnnotationIntrospector.java: com.fasterxml.jackson.databind.introspect.JacksonAnnotationIntrospector.findRootName: computing test cases
src/main/java/com/fasterxml/jackson/databind/introspect/JacksonAnnotationIntrospector.java: com.fasterxml.jackson.databind.introspect.JacksonAnnotationIntrospector.findRootName: found 1 problems
src/main/java/com/fasterxml/jackson/databind/introspect/JacksonAnnotationIntrospector.java: internal error: com.fasterxml.jackson.databind.introspect.JacksonAnnotationIntrospector.findRootName: unknown type kind
	data: unsupported(com/fasterxml/jackson/databind/JavaType)
src/main/java/com/fasterxml/jackson/databind/introspect/JacksonAnnotationIntrospector.java: com.fasterxml.jackson.databind.introspect.JacksonAnnotationIntrospector._constructStdTypeResolverBuilder: computing test cases
src/main/java/com/fasterxml/jackson/databind/introspect/JacksonAnnotationIntrospector.java: com.fasterxml.jackson.databind.introspect.JacksonAnnotationIntrospector._constructStdTypeResolverBuilder: computed 0 unit tests
src/main/java/com/fasterxml/jackson/databind/introspect/JacksonAnnotationIntrospector.java: com.fasterxml.jackson.databind.introspect.JacksonAnnotationIntrospector._constructStdTypeResolverBuilder: found 0 problems
src/main/java/com/fasterxml/jackson/databind/introspect/JacksonAnnotationIntrospector.java: com.fasterxml.jackson.databind.introspect.JacksonAnnotationIntrospector.findTypeResolver: computing test cases
src/main/java/com/fasterxml/jackson/databind/introspect/JacksonAnnotationIntrospector.java: com.fasterxml.jackson.databind.introspect.JacksonAnnotationIntrospector.findTypeResolver: found 1 problems
src/main/java/com/fasterxml/jackson/databind/introspect/JacksonAnnotationIntrospector.java: internal error: com.fasterxml.jackson.databind.introspect.JacksonAnnotationIntrospector.findTypeResolver: unknown type kind
	data: unsupported(com/fasterxml/jackson/databind/JavaType)
src/main/java/com/fasterxml/jackson/databind/introspect/JacksonAnnotationIntrospector.java: com.fasterxml.jackson.databind.introspect.JacksonAnnotationIntrospector.hasIgnoreMarker: computing test cases
src/main/java/com/fasterxml/jackson/databind/introspect/JacksonAnnotationIntrospector.java: com.fasterxml.jackson.databind.introspect.JacksonAnnotationIntrospector.hasIgnoreMarker: computed 0 unit tests
src/main/java/com/fasterxml/jackson/databind/introspect/JacksonAnnotationIntrospector.java: com.fasterxml.jackson.databind.introspect.JacksonAnnotationIntrospector.hasIgnoreMarker: found 0 problems
src/main/java/com/fasterxml/jackson/databind/introspect/JacksonAnnotationIntrospector.java: com.fasterxml.jackson.databind.introspect.JacksonAnnotationIntrospector.findDeserializer: computing test cases
src/main/java/com/fasterxml/jackson/databind/introspect/JacksonAnnotationIntrospector.java: com.fasterxml.jackson.databind.introspect.JacksonAnnotationIntrospector.findDeserializer: computed 0 unit tests
src/main/java/com/fasterxml/jackson/databind/introspect/JacksonAnnotationIntrospector.java: com.fasterxml.jackson.databind.introspect.JacksonAnnotationIntrospector.findValueInstantiator: computing test cases
src/main/java/com/fasterxml/jackson/databind/introspect/JacksonAnnotationIntrospector.java: com.fasterxml.jackson.databind.introspect.JacksonAnnotationIntrospector.findValueInstantiator: found 1 problems
src/main/java/com/fasterxml/jackson/databind/introspect/JacksonAnnotationIntrospector.java: internal error: com.fasterxml.jackson.databind.introspect.JacksonAnnotationIntrospector.findValueInstantiator: unknown type kind
	data: unsupported(com/fasterxml/jackson/databind/JavaType)
src/main/java/com/fasterxml/jackson/databind/introspect/JacksonAnnotationIntrospector.java: com.fasterxml.jackson.databind.introspect.JacksonAnnotationIntrospector.findUnwrappingNameTransformer: computing test cases
src/main/java/com/fasterxml/jackson/databind/introspect/JacksonAnnotationIntrospector.java: com.fasterxml.jackson.databind.introspect.JacksonAnnotationIntrospector.findUnwrappingNameTransformer: computed 0 unit tests
src/main/java/com/fasterxml/jackson/databind/introspect/JacksonAnnotationIntrospector.java: com.fasterxml.jackson.databind.introspect.JacksonAnnotationIntrospector.findUnwrappingNameTransformer: found 0 problems
src/main/java/com/fasterxml/jackson/databind/introspect/JacksonAnnotationIntrospector.java: com.fasterxml.jackson.databind.introspect.JacksonAnnotationIntrospector.findNameForSerialization: computing test cases
src/main/java/com/fasterxml/jackson/databind/introspect/JacksonAnnotationIntrospector.java: com.fasterxml.jackson.databind.introspect.JacksonAnnotationIntrospector.findNameForSerialization: computed 0 unit tests
src/main/java/com/fasterxml/jackson/databind/introspect/JacksonAnnotationIntrospector.java: com.fasterxml.jackson.databind.introspect.JacksonAnnotationIntrospector.findNameForSerialization: found 0 problems
src/main/java/com/fasterxml/jackson/databind/introspect/JacksonAnnotationIntrospector.java: com.fasterxml.jackson.databind.introspect.JacksonAnnotationIntrospector.hasAnySetterAnnotation: computing test cases
src/main/java/com/fasterxml/jackson/databind/introspect/JacksonAnnotationIntrospector.java: com.fasterxml.jackson.databind.introspect.JacksonAnnotationIntrospector.hasAnySetterAnnotation: found 1 problems
src/main/java/com/fasterxml/jackson/databind/introspect/JacksonAnnotationIntrospector.java: internal error: com.fasterxml.jackson.databind.introspect.JacksonAnnotationIntrospector.hasAnySetterAnnotation: unknown type kind
	data: unsupported(Method)
src/main/java/com/fasterxml/jackson/databind/introspect/JacksonAnnotationIntrospector.java: com.fasterxml.jackson.databind.introspect.JacksonAnnotationIntrospector.findEnumValues: computing test cases
src/main/java/com/fasterxml/jackson/databind/introspect/JacksonAnnotationIntrospector.java: com.fasterxml.jackson.databind.introspect.JacksonAnnotationIntrospector.findEnumValues: computed 0 unit tests
src/main/java/com/fasterxml/jackson/databind/introspect/JacksonAnnotationIntrospector.java: com.fasterxml.jackson.databind.introspect.JacksonAnnotationIntrospector.findNamingStrategy: computing test cases
src/main/java/com/fasterxml/jackson/databind/introspect/JacksonAnnotationIntrospector.java: com.fasterxml.jackson.databind.introspect.JacksonAnnotationIntrospector.findNamingStrategy: found 1 problems
src/main/java/com/fasterxml/jackson/databind/introspect/JacksonAnnotationIntrospector.java: internal error: com.fasterxml.jackson.databind.introspect.JacksonAnnotationIntrospector.findNamingStrategy: unknown type kind
	data: unsupported(com/fasterxml/jackson/databind/JavaType)
src/main/java/com/fasterxml/jackson/databind/introspect/JacksonAnnotationIntrospector.java: com.fasterxml.jackson.databind.introspect.JacksonAnnotationIntrospector.findTypeName: computing test cases
src/main/java/com/fasterxml/jackson/databind/introspect/JacksonAnnotationIntrospector.java: com.fasterxml.jackson.databind.introspect.JacksonAnnotationIntrospector.findTypeName: found 1 problems
src/main/java/com/fasterxml/jackson/databind/introspect/JacksonAnnotationIntrospector.java: internal error: com.fasterxml.jackson.databind.introspect.JacksonAnnotationIntrospector.findTypeName: unknown type kind
	data: unsupported(com/fasterxml/jackson/databind/JavaType)
src/main/java/com/fasterxml/jackson/databind/introspect/JacksonAnnotationIntrospector.java: com.fasterxml.jackson.databind.introspect.JacksonAnnotationIntrospector.findCreatorBinding: computing test cases
src/main/java/com/fasterxml/jackson/databind/introspect/JacksonAnnotationIntrospector.java: com.fasterxml.jackson.databind.introspect.JacksonAnnotationIntrospector.findCreatorBinding: computed 0 unit tests
src/main/java/com/fasterxml/jackson/databind/introspect/JacksonAnnotationIntrospector.java: com.fasterxml.jackson.databind.introspect.JacksonAnnotationIntrospector.findCreatorBinding: found 0 problems
src/main/java/com/fasterxml/jackson/databind/introspect/JacksonAnnotationIntrospector.java: com.fasterxml.jackson.databind.introspect.JacksonAnnotationIntrospector.findDeserializationConverter: computing test cases
src/main/java/com/fasterxml/jackson/databind/introspect/JacksonAnnotationIntrospector.java: com.fasterxml.jackson.databind.introspect.JacksonAnnotationIntrospector.findDeserializationConverter: computed 0 unit tests
src/main/java/com/fasterxml/jackson/databind/introspect/JacksonAnnotationIntrospector.java: com.fasterxml.jackson.databind.introspect.JacksonAnnotationIntrospector.findDeserializationConverter: found 0 problems
src/main/java/com/fasterxml/jackson/databind/introspect/JacksonAnnotationIntrospector.java: com.fasterxml.jackson.databind.introspect.JacksonAnnotationIntrospector.resolveSetterConflict: computing test cases
src/main/java/com/fasterxml/jackson/databind/introspect/JacksonAnnotationIntrospector.java: com.fasterxml.jackson.databind.introspect.JacksonAnnotationIntrospector.resolveSetterConflict: computed 0 unit tests
src/main/java/com/fasterxml/jackson/databind/introspect/JacksonAnnotationIntrospector.java: com.fasterxml.jackson.databind.introspect.JacksonAnnotationIntrospector.findSerializationKeyType: computing test cases
src/main/java/com/fasterxml/jackson/databind/introspect/JacksonAnnotationIntrospector.java: com.fasterxml.jackson.databind.introspect.JacksonAnnotationIntrospector.findSerializationKeyType: computed 0 unit tests
src/main/java/com/fasterxml/jackson/databind/introspect/JacksonAnnotationIntrospector.java: com.fasterxml.jackson.databind.introspect.JacksonAnnotationIntrospector.findSerializationKeyType: found 0 problems
src/main/java/com/fasterxml/jackson/databind/introspect/JacksonAnnotationIntrospector.java: com.fasterxml.jackson.databind.introspect.JacksonAnnotationIntrospector.findKeySerializer: computing test cases
src/main/java/com/fasterxml/jackson/databind/introspect/JacksonAnnotationIntrospector.java: com.fasterxml.jackson.databind.introspect.JacksonAnnotationIntrospector.findKeySerializer: computed 0 unit tests
src/main/java/com/fasterxml/jackson/databind/introspect/JacksonAnnotationIntrospector.java: com.fasterxml.jackson.databind.introspect.JacksonAnnotationIntrospector.findPropertyDescription: computing test cases
src/main/java/com/fasterxml/jackson/databind/introspect/JacksonAnnotationIntrospector.java: com.fasterxml.jackson.databind.introspect.JacksonAnnotationIntrospector.findPropertyDescription: computed 0 unit tests
src/main/java/com/fasterxml/jackson/databind/introspect/JacksonAnnotationIntrospector.java: com.fasterxml.jackson.databind.introspect.JacksonAnnotationIntrospector.findPropertyDescription: found 0 problems
src/main/java/com/fasterxml/jackson/databind/introspect/JacksonAnnotationIntrospector.java: com.fasterxml.jackson.databind.introspect.JacksonAnnotationIntrospector._constructNoTypeResolverBuilder: computing test cases
src/main/java/com/fasterxml/jackson/databind/introspect/JacksonAnnotationIntrospector.java: com.fasterxml.jackson.databind.introspect.JacksonAnnotationIntrospector._constructNoTypeResolverBuilder: computed 0 unit tests
src/main/java/com/fasterxml/jackson/databind/introspect/JacksonAnnotationIntrospector.java: com.fasterxml.jackson.databind.introspect.JacksonAnnotationIntrospector._constructNoTypeResolverBuilder: found 0 problems
src/main/java/com/fasterxml/jackson/databind/introspect/JacksonAnnotationIntrospector.java: com.fasterxml.jackson.databind.introspect.JacksonAnnotationIntrospector.findIgnoreUnknownProperties: computing test cases
src/main/java/com/fasterxml/jackson/databind/introspect/JacksonAnnotationIntrospector.java: com.fasterxml.jackson.databind.introspect.JacksonAnnotationIntrospector.findIgnoreUnknownProperties: found 1 problems
src/main/java/com/fasterxml/jackson/databind/introspect/JacksonAnnotationIntrospector.java: internal error: com.fasterxml.jackson.databind.introspect.JacksonAnnotationIntrospector.findIgnoreUnknownProperties: unknown type kind
	data: unsupported(com/fasterxml/jackson/databind/JavaType)
src/main/java/com/fasterxml/jackson/databind/introspect/JacksonAnnotationIntrospector.java: com.fasterxml.jackson.databind.introspect.JacksonAnnotationIntrospector.findClassDescription: computing test cases
src/main/java/com/fasterxml/jackson/databind/introspect/JacksonAnnotationIntrospector.java: com.fasterxml.jackson.databind.introspect.JacksonAnnotationIntrospector.findClassDescription: found 1 problems
src/main/java/com/fasterxml/jackson/databind/introspect/JacksonAnnotationIntrospector.java: internal error: com.fasterxml.jackson.databind.introspect.JacksonAnnotationIntrospector.findClassDescription: unknown type kind
	data: unsupported(com/fasterxml/jackson/databind/JavaType)
src/main/java/com/fasterxml/jackson/databind/introspect/JacksonAnnotationIntrospector.java: com.fasterxml.jackson.databind.introspect.JacksonAnnotationIntrospector.findFormat: computing test cases
src/main/java/com/fasterxml/jackson/databind/introspect/JacksonAnnotationIntrospector.java: com.fasterxml.jackson.databind.introspect.JacksonAnnotationIntrospector.findFormat: computed 0 unit tests
src/main/java/com/fasterxml/jackson/databind/introspect/JacksonAnnotationIntrospector.java: com.fasterxml.jackson.databind.introspect.JacksonAnnotationIntrospector.findFormat: found 0 problems
src/main/java/com/fasterxml/jackson/databind/introspect/JacksonAnnotationIntrospector.java: com.fasterxml.jackson.databind.introspect.JacksonAnnotationIntrospector.findObjectIdInfo: computing test cases
src/main/java/com/fasterxml/jackson/databind/introspect/JacksonAnnotationIntrospector.java: com.fasterxml.jackson.databind.introspect.JacksonAnnotationIntrospector.findObjectIdInfo: found 1 problems
src/main/java/com/fasterxml/jackson/databind/introspect/JacksonAnnotationIntrospector.java: internal error: com.fasterxml.jackson.databind.introspect.JacksonAnnotationIntrospector.findObjectIdInfo: unknown type kind
	data: unsupported(com/fasterxml/jackson/databind/PropertyName)
src/main/java/com/fasterxml/jackson/databind/introspect/JacksonAnnotationIntrospector.java: com.fasterxml.jackson.databind.introspect.JacksonAnnotationIntrospector.findDeserializationKeyType: computing test cases
src/main/java/com/fasterxml/jackson/databind/introspect/JacksonAnnotationIntrospector.java: com.fasterxml.jackson.databind.introspect.JacksonAnnotationIntrospector.findDeserializationKeyType: computed 0 unit tests
src/main/java/com/fasterxml/jackson/databind/introspect/JacksonAnnotationIntrospector.java: com.fasterxml.jackson.databind.introspect.JacksonAnnotationIntrospector.findDeserializationKeyType: found 0 problems
src/main/java/com/fasterxml/jackson/databind/introspect/JacksonAnnotationIntrospector.java: com.fasterxml.jackson.databind.introspect.JacksonAnnotationIntrospector._propertyName: computing test cases
src/main/java/com/fasterxml/jackson/databind/introspect/JacksonAnnotationIntrospector.java: com.fasterxml.jackson.databind.introspect.JacksonAnnotationIntrospector._propertyName: computed 0 unit tests
src/main/java/com/fasterxml/jackson/databind/introspect/JacksonAnnotationIntrospector.java: com.fasterxml.jackson.databind.introspect.JacksonAnnotationIntrospector._propertyName: found 0 problems
src/main/java/com/fasterxml/jackson/databind/introspect/JacksonAnnotationIntrospector.java: com.fasterxml.jackson.databind.introspect.JacksonAnnotationIntrospector.findPropertiesToIgnore: computing test cases
src/main/java/com/fasterxml/jackson/databind/introspect/JacksonAnnotationIntrospector.java: com.fasterxml.jackson.databind.introspect.JacksonAnnotationIntrospector.findPropertiesToIgnore: computed 0 unit tests
src/main/java/com/fasterxml/jackson/databind/introspect/JacksonAnnotationIntrospector.java: com.fasterxml.jackson.databind.introspect.JacksonAnnotationIntrospector.findPropertiesToIgnore: found 0 problems
src/main/java/com/fasterxml/jackson/databind/introspect/JacksonAnnotationIntrospector.java: com.fasterxml.jackson.databind.introspect.JacksonAnnotationIntrospector.findObjectReferenceInfo: computing test cases
src/main/java/com/fasterxml/jackson/databind/introspect/JacksonAnnotationIntrospector.java: com.fasterxml.jackson.databind.introspect.JacksonAnnotationIntrospector.findObjectReferenceInfo: found 1 problems
src/main/java/com/fasterxml/jackson/databind/introspect/JacksonAnnotationIntrospector.java: internal error: com.fasterxml.jackson.databind.introspect.JacksonAnnotationIntrospector.findObjectReferenceInfo: unknown type kind
	data: unsupported(com/fasterxml/jackson/databind/PropertyName)
src/main/java/com/fasterxml/jackson/databind/introspect/JacksonAnnotationIntrospector.java: com.fasterxml.jackson.databind.introspect.JacksonAnnotationIntrospector.findPropertyDefaultValue: computing test cases
src/main/java/com/fasterxml/jackson/databind/introspect/JacksonAnnotationIntrospector.java: com.fasterxml.jackson.databind.introspect.JacksonAnnotationIntrospector.findPropertyDefaultValue: computed 0 unit tests
src/main/java/com/fasterxml/jackson/databind/introspect/JacksonAnnotationIntrospector.java: com.fasterxml.jackson.databind.introspect.JacksonAnnotationIntrospector.findPropertyDefaultValue: found 0 problems
src/main/java/com/fasterxml/jackson/databind/introspect/JacksonAnnotationIntrospector.java: com.fasterxml.jackson.databind.introspect.JacksonAnnotationIntrospector.isAnnotationBundle: computing test cases
src/main/java/com/fasterxml/jackson/databind/introspect/JacksonAnnotationIntrospector.java: com.fasterxml.jackson.databind.introspect.JacksonAnnotationIntrospector.isAnnotationBundle: computed 0 unit tests
src/main/java/com/fasterxml/jackson/databind/introspect/JacksonAnnotationIntrospector.java: com.fasterxml.jackson.databind.introspect.JacksonAnnotationIntrospector.findInjectableValueId: computing test cases
src/main/java/com/fasterxml/jackson/databind/introspect/JacksonAnnotationIntrospector.java: com.fasterxml.jackson.databind.introspect.JacksonAnnotationIntrospector.findInjectableValueId: found 1 problems
src/main/java/com/fasterxml/jackson/databind/introspect/JacksonAnnotationIntrospector.java: internal error: com.fasterxml.jackson.databind.introspect.JacksonAnnotationIntrospector.findInjectableValueId: unknown type kind
	data: unsupported(Method)
src/main/java/com/fasterxml/jackson/databind/introspect/JacksonAnnotationIntrospector.java: com.fasterxml.jackson.databind.introspect.JacksonAnnotationIntrospector._constructVirtualProperty: computing test cases
src/main/java/com/fasterxml/jackson/databind/introspect/JacksonAnnotationIntrospector.java: com.fasterxml.jackson.databind.introspect.JacksonAnnotationIntrospector._constructVirtualProperty: found 1 problems
src/main/java/com/fasterxml/jackson/databind/introspect/JacksonAnnotationIntrospector.java: internal error: com.fasterxml.jackson.databind.introspect.JacksonAnnotationIntrospector._constructVirtualProperty: unknown type kind
	data: unsupported(com/fasterxml/jackson/databind/JavaType)
src/main/java/com/fasterxml/jackson/databind/introspect/JacksonAnnotationIntrospector.java: com.fasterxml.jackson.databind.introspect.JacksonAnnotationIntrospector._findConstructorName: computing test cases
src/main/java/com/fasterxml/jackson/databind/introspect/JacksonAnnotationIntrospector.java: com.fasterxml.jackson.databind.introspect.JacksonAnnotationIntrospector._findConstructorName: found 1 problems
src/main/java/com/fasterxml/jackson/databind/introspect/JacksonAnnotationIntrospector.java: internal error: com.fasterxml.jackson.databind.introspect.JacksonAnnotationIntrospector._findConstructorName: unknown type kind
	data: unsupported(com/fasterxml/jackson/databind/JavaType)
src/main/java/com/fasterxml/jackson/databind/introspect/JacksonAnnotationIntrospector.java: com.fasterxml.jackson.databind.introspect.JacksonAnnotationIntrospector.findContentSerializer: computing test cases
src/main/java/com/fasterxml/jackson/databind/introspect/JacksonAnnotationIntrospector.java: com.fasterxml.jackson.databind.introspect.JacksonAnnotationIntrospector.findContentSerializer: computed 0 unit tests
src/main/java/com/fasterxml/jackson/databind/introspect/JacksonAnnotationIntrospector.java: com.fasterxml.jackson.databind.introspect.JacksonAnnotationIntrospector.findImplicitPropertyName: computing test cases
src/main/java/com/fasterxml/jackson/databind/introspect/JacksonAnnotationIntrospector.java: com.fasterxml.jackson.databind.introspect.JacksonAnnotationIntrospector.findImplicitPropertyName: computed 0 unit tests
src/main/java/com/fasterxml/jackson/databind/introspect/JacksonAnnotationIntrospector.java: com.fasterxml.jackson.databind.introspect.JacksonAnnotationIntrospector.findImplicitPropertyName: found 0 problems
src/main/java/com/fasterxml/jackson/databind/introspect/JacksonAnnotationIntrospector.java: com.fasterxml.jackson.databind.introspect.JacksonAnnotationIntrospector.findPropertiesToIgnore: computing test cases
src/main/java/com/fasterxml/jackson/databind/introspect/JacksonAnnotationIntrospector.java: com.fasterxml.jackson.databind.introspect.JacksonAnnotationIntrospector.findPropertiesToIgnore: computed 0 unit tests
src/main/java/com/fasterxml/jackson/databind/introspect/JacksonAnnotationIntrospector.java: com.fasterxml.jackson.databind.introspect.JacksonAnnotationIntrospector.findPropertiesToIgnore: found 0 problems
src/main/java/com/fasterxml/jackson/databind/introspect/JacksonAnnotationIntrospector.java: com.fasterxml.jackson.databind.introspect.JacksonAnnotationIntrospector.findReferenceType: computing test cases
src/main/java/com/fasterxml/jackson/databind/introspect/JacksonAnnotationIntrospector.java: com.fasterxml.jackson.databind.introspect.JacksonAnnotationIntrospector.findReferenceType: computed 0 unit tests
src/main/java/com/fasterxml/jackson/databind/introspect/JacksonAnnotationIntrospector.java: com.fasterxml.jackson.databind.introspect.JacksonAnnotationIntrospector.findReferenceType: found 0 problems
src/main/java/com/fasterxml/jackson/databind/introspect/JacksonAnnotationIntrospector.java: com.fasterxml.jackson.databind.introspect.JacksonAnnotationIntrospector._constructVirtualProperty: computing test cases
src/main/java/com/fasterxml/jackson/databind/introspect/JacksonAnnotationIntrospector.java: com.fasterxml.jackson.databind.introspect.JacksonAnnotationIntrospector._constructVirtualProperty: found 1 problems
src/main/java/com/fasterxml/jackson/databind/introspect/JacksonAnnotationIntrospector.java: internal error: com.fasterxml.jackson.databind.introspect.JacksonAnnotationIntrospector._constructVirtualProperty: unknown type kind
	data: unsupported(com/fasterxml/jackson/databind/JavaType)
src/main/java/com/fasterxml/jackson/databind/introspect/JacksonAnnotationIntrospector.java: com.fasterxml.jackson.databind.introspect.JacksonAnnotationIntrospector.findSerializationTyping: computing test cases
src/main/java/com/fasterxml/jackson/databind/introspect/JacksonAnnotationIntrospector.java: com.fasterxml.jackson.databind.introspect.JacksonAnnotationIntrospector.findSerializationTyping: computed 0 unit tests
src/main/java/com/fasterxml/jackson/databind/introspect/JacksonAnnotationIntrospector.java: com.fasterxml.jackson.databind.introspect.JacksonAnnotationIntrospector.findSerializationTyping: found 0 problems
src/main/java/com/fasterxml/jackson/databind/introspect/JacksonAnnotationIntrospector.java: com.fasterxml.jackson.databind.introspect.JacksonAnnotationIntrospector._isIgnorable: computing test cases
src/main/java/com/fasterxml/jackson/databind/introspect/JacksonAnnotationIntrospector.java: com.fasterxml.jackson.databind.introspect.JacksonAnnotationIntrospector._isIgnorable: computed 0 unit tests
src/main/java/com/fasterxml/jackson/databind/introspect/JacksonAnnotationIntrospector.java: com.fasterxml.jackson.databind.introspect.JacksonAnnotationIntrospector._isIgnorable: found 0 problems
src/main/java/com/fasterxml/jackson/databind/introspect/JacksonAnnotationIntrospector.java: com.fasterxml.jackson.databind.introspect.JacksonAnnotationIntrospector.findSerializationType: computing test cases
src/main/java/com/fasterxml/jackson/databind/introspect/JacksonAnnotationIntrospector.java: com.fasterxml.jackson.databind.introspect.JacksonAnnotationIntrospector.findSerializationType: computed 0 unit tests
src/main/java/com/fasterxml/jackson/databind/introspect/JacksonAnnotationIntrospector.java: com.fasterxml.jackson.databind.introspect.JacksonAnnotationIntrospector.findSerializationType: found 0 problems
src/main/java/com/fasterxml/jackson/databind/introspect/JacksonAnnotationIntrospector.java: com.fasterxml.jackson.databind.introspect.JacksonAnnotationIntrospector.findContentDeserializer: computing test cases
src/main/java/com/fasterxml/jackson/databind/introspect/JacksonAnnotationIntrospector.java: com.fasterxml.jackson.databind.introspect.JacksonAnnotationIntrospector.findContentDeserializer: computed 0 unit tests
src/main/java/com/fasterxml/jackson/databind/introspect/JacksonAnnotationIntrospector.java: com.fasterxml.jackson.databind.introspect.JacksonAnnotationIntrospector.findAutoDetectVisibility: computing test cases
src/main/java/com/fasterxml/jackson/databind/introspect/JacksonAnnotationIntrospector.java: com.fasterxml.jackson.databind.introspect.JacksonAnnotationIntrospector.findAutoDetectVisibility: found 1 problems
src/main/java/com/fasterxml/jackson/databind/introspect/JacksonAnnotationIntrospector.java: internal error: com.fasterxml.jackson.databind.introspect.JacksonAnnotationIntrospector.findAutoDetectVisibility: unknown type kind
	data: unsupported(com/fasterxml/jackson/databind/JavaType)
src/main/java/com/fasterxml/jackson/databind/introspect/JacksonAnnotationIntrospector.java: com.fasterxml.jackson.databind.introspect.JacksonAnnotationIntrospector.version: computing test cases
src/main/java/com/fasterxml/jackson/databind/introspect/JacksonAnnotationIntrospector.java: com.fasterxml.jackson.databind.introspect.JacksonAnnotationIntrospector.version: computed 0 unit tests
src/main/java/com/fasterxml/jackson/databind/introspect/JacksonAnnotationIntrospector.java: com.fasterxml.jackson.databind.introspect.JacksonAnnotationIntrospector.version: found 0 problems
src/main/java/com/fasterxml/jackson/databind/introspect/JacksonAnnotationIntrospector.java: com.fasterxml.jackson.databind.introspect.JacksonAnnotationIntrospector.findSerializationInclusion: computing test cases
src/main/java/com/fasterxml/jackson/databind/introspect/JacksonAnnotationIntrospector.java: com.fasterxml.jackson.databind.introspect.JacksonAnnotationIntrospector.findSerializationInclusion: computed 0 unit tests
src/main/java/com/fasterxml/jackson/databind/introspect/JacksonAnnotationIntrospector.java: com.fasterxml.jackson.databind.introspect.JacksonAnnotationIntrospector.findSerializationInclusion: found 0 problems
src/main/java/com/fasterxml/jackson/databind/introspect/JacksonAnnotationIntrospector.java: com.fasterxml.jackson.databind.introspect.JacksonAnnotationIntrospector.findSerializationInclusionForContent: computing test cases
src/main/java/com/fasterxml/jackson/databind/introspect/JacksonAnnotationIntrospector.java: com.fasterxml.jackson.databind.introspect.JacksonAnnotationIntrospector.findSerializationInclusionForContent: computed 0 unit tests
src/main/java/com/fasterxml/jackson/databind/introspect/JacksonAnnotationIntrospector.java: com.fasterxml.jackson.databind.introspect.JacksonAnnotationIntrospector.findSerializationInclusionForContent: found 0 problems
src/main/java/com/fasterxml/jackson/databind/introspect/JacksonAnnotationIntrospector.java: com.fasterxml.jackson.databind.introspect.JacksonAnnotationIntrospector.hasRequiredMarker: computing test cases
src/main/java/com/fasterxml/jackson/databind/introspect/JacksonAnnotationIntrospector.java: com.fasterxml.jackson.databind.introspect.JacksonAnnotationIntrospector.hasRequiredMarker: computed 0 unit tests
src/main/java/com/fasterxml/jackson/databind/introspect/JacksonAnnotationIntrospector.java: com.fasterxml.jackson.databind.introspect.JacksonAnnotationIntrospector.hasRequiredMarker: found 0 problems
src/main/java/com/fasterxml/jackson/databind/introspect/JacksonAnnotationIntrospector.java: com.fasterxml.jackson.databind.introspect.JacksonAnnotationIntrospector.findSerializer: computing test cases
src/main/java/com/fasterxml/jackson/databind/introspect/JacksonAnnotationIntrospector.java: com.fasterxml.jackson.databind.introspect.JacksonAnnotationIntrospector.findSerializer: computed 0 unit tests
src/main/java/com/fasterxml/jackson/databind/introspect/JacksonAnnotationIntrospector.java: com.fasterxml.jackson.databind.introspect.JacksonAnnotationIntrospector.hasAnyGetterAnnotation: computing test cases
src/main/java/com/fasterxml/jackson/databind/introspect/JacksonAnnotationIntrospector.java: com.fasterxml.jackson.databind.introspect.JacksonAnnotationIntrospector.hasAnyGetterAnnotation: found 1 problems
src/main/java/com/fasterxml/jackson/databind/introspect/JacksonAnnotationIntrospector.java: internal error: com.fasterxml.jackson.databind.introspect.JacksonAnnotationIntrospector.hasAnyGetterAnnotation: unknown type kind
	data: unsupported(Method)
src/main/java/com/fasterxml/jackson/databind/introspect/JacksonAnnotationIntrospector.java: com.fasterxml.jackson.databind.introspect.JacksonAnnotationIntrospector.findKeyDeserializer: computing test cases
src/main/java/com/fasterxml/jackson/databind/introspect/JacksonAnnotationIntrospector.java: com.fasterxml.jackson.databind.introspect.JacksonAnnotationIntrospector.findKeyDeserializer: computed 0 unit tests
src/main/java/com/fasterxml/jackson/databind/introspect/JacksonAnnotationIntrospector.java: com.fasterxml.jackson.databind.introspect.JacksonAnnotationIntrospector.findAndAddVirtualProperties: computing test cases
src/main/java/com/fasterxml/jackson/databind/introspect/JacksonAnnotationIntrospector.java: com.fasterxml.jackson.databind.introspect.JacksonAnnotationIntrospector.findAndAddVirtualProperties: found 1 problems
src/main/java/com/fasterxml/jackson/databind/introspect/JacksonAnnotationIntrospector.java: internal error: com.fasterxml.jackson.databind.introspect.JacksonAnnotationIntrospector.findAndAddVirtualProperties: unknown type kind
	data: unsupported(com/fasterxml/jackson/databind/JavaType)
src/main/java/com/fasterxml/jackson/databind/introspect/JacksonAnnotationIntrospector.java: com.fasterxml.jackson.databind.introspect.JacksonAnnotationIntrospector.findNameForDeserialization: computing test cases
src/main/java/com/fasterxml/jackson/databind/introspect/JacksonAnnotationIntrospector.java: com.fasterxml.jackson.databind.introspect.JacksonAnnotationIntrospector.findNameForDeserialization: computed 0 unit tests
src/main/java/com/fasterxml/jackson/databind/introspect/JacksonAnnotationIntrospector.java: com.fasterxml.jackson.databind.introspect.JacksonAnnotationIntrospector.findNameForDeserialization: found 0 problems
src/main/java/com/fasterxml/jackson/databind/introspect/JacksonAnnotationIntrospector.java: com.fasterxml.jackson.databind.introspect.JacksonAnnotationIntrospector._findTypeResolver: computing test cases
src/main/java/com/fasterxml/jackson/databind/introspect/JacksonAnnotationIntrospector.java: com.fasterxml.jackson.databind.introspect.JacksonAnnotationIntrospector._findTypeResolver: found 1 problems
src/main/java/com/fasterxml/jackson/databind/introspect/JacksonAnnotationIntrospector.java: internal error: com.fasterxml.jackson.databind.introspect.JacksonAnnotationIntrospector._findTypeResolver: unknown type kind
	data: unsupported(com/fasterxml/jackson/databind/JavaType)
src/main/java/com/fasterxml/jackson/databind/introspect/JacksonAnnotationIntrospector.java: com.fasterxml.jackson.databind.introspect.JacksonAnnotationIntrospector.findSerializationPropertyOrder: computing test cases
src/main/java/com/fasterxml/jackson/databind/introspect/JacksonAnnotationIntrospector.java: com.fasterxml.jackson.databind.introspect.JacksonAnnotationIntrospector.findSerializationPropertyOrder: found 1 problems
src/main/java/com/fasterxml/jackson/databind/introspect/JacksonAnnotationIntrospector.java: internal error: com.fasterxml.jackson.databind.introspect.JacksonAnnotationIntrospector.findSerializationPropertyOrder: unknown type kind
	data: unsupported(com/fasterxml/jackson/databind/JavaType)
src/main/java/com/fasterxml/jackson/databind/introspect/JacksonAnnotationIntrospector.java: com.fasterxml.jackson.databind.introspect.JacksonAnnotationIntrospector.findSerializationSortAlphabetically: computing test cases
src/main/java/com/fasterxml/jackson/databind/introspect/JacksonAnnotationIntrospector.java: com.fasterxml.jackson.databind.introspect.JacksonAnnotationIntrospector.findSerializationSortAlphabetically: computed 0 unit tests
src/main/java/com/fasterxml/jackson/databind/introspect/JacksonAnnotationIntrospector.java: com.fasterxml.jackson.databind.introspect.JacksonAnnotationIntrospector.findSerializationSortAlphabetically: found 0 problems
src/main/java/com/fasterxml/jackson/databind/introspect/JacksonAnnotationIntrospector.java: com.fasterxml.jackson.databind.introspect.JacksonAnnotationIntrospector.hasAsValueAnnotation: computing test cases
src/main/java/com/fasterxml/jackson/databind/introspect/JacksonAnnotationIntrospector.java: com.fasterxml.jackson.databind.introspect.JacksonAnnotationIntrospector.hasAsValueAnnotation: found 1 problems
src/main/java/com/fasterxml/jackson/databind/introspect/JacksonAnnotationIntrospector.java: internal error: com.fasterxml.jackson.databind.introspect.JacksonAnnotationIntrospector.hasAsValueAnnotation: unknown type kind
	data: unsupported(Method)
src/main/java/com/fasterxml/jackson/databind/introspect/JacksonAnnotationIntrospector.java: com.fasterxml.jackson.databind.introspect.JacksonAnnotationIntrospector.findPropertyTypeResolver: computing test cases
src/main/java/com/fasterxml/jackson/databind/introspect/JacksonAnnotationIntrospector.java: com.fasterxml.jackson.databind.introspect.JacksonAnnotationIntrospector.findPropertyTypeResolver: computed 0 unit tests
src/main/java/com/fasterxml/jackson/databind/introspect/JacksonAnnotationIntrospector.java: com.fasterxml.jackson.databind.introspect.JacksonAnnotationIntrospector.findPropertyTypeResolver: found 0 problems
src/main/java/com/fasterxml/jackson/databind/introspect/JacksonAnnotationIntrospector.java: com.fasterxml.jackson.databind.introspect.JacksonAnnotationIntrospector.findPropertyContentTypeResolver: computing test cases
src/main/java/com/fasterxml/jackson/databind/introspect/JacksonAnnotationIntrospector.java: com.fasterxml.jackson.databind.introspect.JacksonAnnotationIntrospector.findPropertyContentTypeResolver: computed 0 unit tests
src/main/java/com/fasterxml/jackson/databind/introspect/JacksonAnnotationIntrospector.java: com.fasterxml.jackson.databind.introspect.JacksonAnnotationIntrospector.findPropertyContentTypeResolver: found 0 problems
src/main/java/com/fasterxml/jackson/databind/introspect/JacksonAnnotationIntrospector.java: com.fasterxml.jackson.databind.introspect.JacksonAnnotationIntrospector.isTypeId: computing test cases
src/main/java/com/fasterxml/jackson/databind/introspect/JacksonAnnotationIntrospector.java: com.fasterxml.jackson.databind.introspect.JacksonAnnotationIntrospector.isTypeId: computed 0 unit tests
src/main/java/com/fasterxml/jackson/databind/introspect/JacksonAnnotationIntrospector.java: com.fasterxml.jackson.databind.introspect.JacksonAnnotationIntrospector.isTypeId: found 0 problems
src/main/java/com/fasterxml/jackson/databind/introspect/JacksonAnnotationIntrospector.java: com.fasterxml.jackson.databind.introspect.JacksonAnnotationIntrospector.findSerializationConverter: computing test cases
src/main/java/com/fasterxml/jackson/databind/introspect/JacksonAnnotationIntrospector.java: com.fasterxml.jackson.databind.introspect.JacksonAnnotationIntrospector.findSerializationConverter: computed 0 unit tests
src/main/java/com/fasterxml/jackson/databind/introspect/JacksonAnnotationIntrospector.java: com.fasterxml.jackson.databind.introspect.JacksonAnnotationIntrospector.findSerializationConverter: found 0 problems
src/main/java/com/fasterxml/jackson/databind/introspect/JacksonAnnotationIntrospector.java: com.fasterxml.jackson.databind.introspect.JacksonAnnotationIntrospector.findEnumValue: computing test cases
src/main/java/com/fasterxml/jackson/databind/introspect/JacksonAnnotationIntrospector.java: com.fasterxml.jackson.databind.introspect.JacksonAnnotationIntrospector.findEnumValue: computed 0 unit tests
src/main/java/com/fasterxml/jackson/databind/introspect/JacksonAnnotationIntrospector.java: com.fasterxml.jackson.databind.introspect.JacksonAnnotationIntrospector.findEnumValue: found 0 problems
src/main/java/com/fasterxml/jackson/databind/introspect/JacksonAnnotationIntrospector.java: com.fasterxml.jackson.databind.introspect.JacksonAnnotationIntrospector.findNullSerializer: computing test cases
src/main/java/com/fasterxml/jackson/databind/introspect/JacksonAnnotationIntrospector.java: com.fasterxml.jackson.databind.introspect.JacksonAnnotationIntrospector.findNullSerializer: computed 0 unit tests
src/main/java/com/fasterxml/jackson/databind/introspect/JacksonAnnotationIntrospector.java: com.fasterxml.jackson.databind.introspect.JacksonAnnotationIntrospector.findDeserializationContentConverter: computing test cases
src/main/java/com/fasterxml/jackson/databind/introspect/JacksonAnnotationIntrospector.java: com.fasterxml.jackson.databind.introspect.JacksonAnnotationIntrospector.findDeserializationContentConverter: computed 0 unit tests
src/main/java/com/fasterxml/jackson/databind/introspect/JacksonAnnotationIntrospector.java: com.fasterxml.jackson.databind.introspect.JacksonAnnotationIntrospector.findDeserializationContentConverter: found 0 problems
src/main/java/com/fasterxml/jackson/databind/introspect/JacksonAnnotationIntrospector.java: com.fasterxml.jackson.databind.introspect.JacksonAnnotationIntrospector.findDeserializationContentType: computing test cases
src/main/java/com/fasterxml/jackson/databind/introspect/JacksonAnnotationIntrospector.java: com.fasterxml.jackson.databind.introspect.JacksonAnnotationIntrospector.findDeserializationContentType: computed 0 unit tests
src/main/java/com/fasterxml/jackson/databind/introspect/JacksonAnnotationIntrospector.java: com.fasterxml.jackson.databind.introspect.JacksonAnnotationIntrospector.findDeserializationContentType: found 0 problems
src/main/java/com/fasterxml/jackson/databind/introspect/JacksonAnnotationIntrospector.java: com.fasterxml.jackson.databind.introspect.JacksonAnnotationIntrospector.findPropertyAccess: computing test cases
src/main/java/com/fasterxml/jackson/databind/introspect/JacksonAnnotationIntrospector.java: com.fasterxml.jackson.databind.introspect.JacksonAnnotationIntrospector.findPropertyAccess: computed 0 unit tests
src/main/java/com/fasterxml/jackson/databind/introspect/JacksonAnnotationIntrospector.java: com.fasterxml.jackson.databind.introspect.JacksonAnnotationIntrospector.findPropertyAccess: found 0 problems
src/main/java/com/fasterxml/jackson/databind/introspect/JacksonAnnotationIntrospector.java: com.fasterxml.jackson.databind.introspect.JacksonAnnotationIntrospector.findPOJOBuilder: computing test cases
src/main/java/com/fasterxml/jackson/databind/introspect/JacksonAnnotationIntrospector.java: com.fasterxml.jackson.databind.introspect.JacksonAnnotationIntrospector.findPOJOBuilder: found 1 problems
src/main/java/com/fasterxml/jackson/databind/introspect/JacksonAnnotationIntrospector.java: internal error: com.fasterxml.jackson.databind.introspect.JacksonAnnotationIntrospector.findPOJOBuilder: unknown type kind
	data: unsupported(com/fasterxml/jackson/databind/JavaType)
src/main/java/com/fasterxml/jackson/databind/introspect/JacksonAnnotationIntrospector.java: com.fasterxml.jackson.databind.introspect.JacksonAnnotationIntrospector._classIfExplicit: computing test cases
src/main/java/com/fasterxml/jackson/databind/introspect/JacksonAnnotationIntrospector.java: com.fasterxml.jackson.databind.introspect.JacksonAnnotationIntrospector._classIfExplicit: computed 0 unit tests
src/main/java/com/fasterxml/jackson/databind/introspect/JacksonAnnotationIntrospector.java: com.fasterxml.jackson.databind.introspect.JacksonAnnotationIntrospector._classIfExplicit: found 0 problems
Analyzed 1 out of 26 source files
Had 117 errors that block a full analysis
Generated 0 tests
Found 0 potential problems
The following issues prevent a full analysis:

* 197 cases of "unknown type"
	Description: Types could not be resolved. This could be because of missing dependencies
  or a consequence of some other problem.

* 126 cases of "unknown import"
	Description: Imports could not be resolved. This is likely due to missing dependencies.

* 94 cases of "unknown function"
	Description: Functions could not be resolved. This occurs due to missing dependencies,
  or if a called function is removed due to some other problem.

* 9 cases of "not all elements have the same type"
	Description: Arguments of a function call do not match the parameter types. This usually
  occurs if a called method is removed due to some other problem, and another
  method with the same name is selected to be called.

* 9 cases of "unsupported type"
	Description: Types required for analysis are not supported. This can include raw generics,
  or reflection types like "java.lang.Class".

* 14 cases of "other issues"
	Description: Uncategorized problems.

