Analyzing workspace /home/ph7/sqa-project/workspaces/math_49b/
Search for Java files
Load dependency stdlib:@dev
src/main/java/org/apache/commons/math/linear/OpenMapRealVector.java: org.apache.commons.math.linear.OpenMapRealVector.getEntries: function is private and therefore inaccessible for tests
src/main/java/org/apache/commons/math/linear/OpenMapRealVector.java: org.apache.commons.math.linear.OpenMapRealVector.getLInfDistance: function is private and therefore inaccessible for tests
src/main/java/org/apache/commons/math/linear/AbstractFieldMatrix.java: error: unknown function
	data: [pointer(reference(java/lang/StringBuffer)) java/lang/StringBuffer//append [] [call(select(this, getEntry!2ac0ebcb23011db97774191b8c6fdbe3), [i, j])]]
src/main/java/org/apache/commons/math/linear/AbstractFieldMatrix.java: error: unknown import
	data: java/util/Arrays
src/main/java/org/apache/commons/math/linear/AbstractFieldMatrix.java: error: unknown import
	data: org/apache/commons/math/Field
src/main/java/org/apache/commons/math/linear/AbstractFieldMatrix.java: error: not a named type
	data: array(reference(T), primitive(int, 32, false), 0)
src/main/java/org/apache/commons/math/linear/AbstractFieldMatrix.java: error: unknown function
	data: [pointer(reference(java/lang/StringBuffer)) java/lang/StringBuffer//append [] [shortClassName]]
src/main/java/org/apache/commons/math/linear/AbstractFieldMatrix.java: error: unknown import
	data: java/lang/reflect/Array
src/main/java/org/apache/commons/math/linear/AbstractFieldMatrix.java: error: unknown function
	data: [genericInstance(reference(org/apache/commons/math/linear/AbstractFieldMatrix//@@localDefaultFieldMatrixChangingVisitor0), [genericParameter(T, [pointer(reference(java/lang/Object))])]) getEntry!2ac0ebcb23011db97774191b8c6fdbe3]
src/main/java/org/apache/commons/math/linear/AbstractFieldMatrix.java: error: unknown function
	data: [<nil> getClass [] []]
src/main/java/org/apache/commons/math/linear/AbstractFieldMatrix.java: error: unknown function
	data: [pointer(reference(java/lang/StringBuffer)) java/lang/StringBuffer//append [] [","]]
src/main/java/org/apache/commons/math/linear/AbstractFieldMatrix.java: error: unknown function
	data: [pointer(reference(java/lang/StringBuffer)) java/lang/StringBuffer//append [] ["}"]]
src/main/java/org/apache/commons/math/linear/AbstractFieldMatrix.java: error: unknown import
	data: org/apache/commons/math/FieldElement
src/main/java/org/apache/commons/math/linear/AbstractFieldMatrix.java: error: unknown import
	data: org/apache/commons/math/exception/NumberIsTooSmallException
src/main/java/org/apache/commons/math/linear/AbstractFieldMatrix.java: error: unknown import
	data: org/apache/commons/math/exception/NotStrictlyPositiveException
src/main/java/org/apache/commons/math/linear/AbstractFieldMatrix.java: internal error: name is already defined
	data: variable(startRow, primitive(int, 32, false))
src/main/java/org/apache/commons/math/linear/AbstractFieldMatrix.java: error: unknown function
	data: [pointer(reference(java/lang/StringBuffer)) java/lang/StringBuffer//append [] ["{"]]
src/main/java/org/apache/commons/math/linear/AbstractFieldMatrix.java: error: unknown import
	data: org/apache/commons/math/exception/DimensionMismatchException
src/main/java/org/apache/commons/math/linear/AbstractFieldMatrix.java: error: unknown import
	data: org/apache/commons/math/exception/NoDataException
src/main/java/org/apache/commons/math/linear/AbstractFieldMatrix.java: error: unknown import
	data: org/apache/commons/math/exception/NullArgumentException
src/main/java/org/apache/commons/math/linear/AbstractFieldMatrix.java: error: unknown function
	data: [pointer(genericInstance(reference(java/util/ArrayList), [pointer(genericInstance(reference(org/apache/commons/math/linear/FieldMatrix), [reference(T)]))])) java/util/ArrayList<org/apache/commons/math/linear/FieldMatrix<T>>//add [] [0 call(select(this, copy!d41d8cd98f00b204e9800998ecf8427e), [])]]
src/main/java/org/apache/commons/math/linear/AbstractFieldMatrix.java: error: unknown function
	data: [pointer(genericInstance(reference(java/util/ArrayList), [pointer(genericInstance(reference(org/apache/commons/math/linear/FieldMatrix), [reference(T)]))])) java/util/ArrayList<org/apache/commons/math/linear/FieldMatrix<T>>//get [] [i]]
src/main/java/org/apache/commons/math/linear/AbstractFieldMatrix.java: error: unknown import
	data: org/apache/commons/math/exception/OutOfRangeException
src/main/java/org/apache/commons/math/linear/AbstractFieldMatrix.java: error: unknown import
	data: org/apache/commons/math/exception/util/LocalizedFormats
src/main/java/org/apache/commons/math/linear/AbstractFieldMatrix.java: error: unknown type
	data: SuppressWarnings
src/main/java/org/apache/commons/math/linear/AbstractFieldMatrix.java: error: unknown function
	data: [pointer(reference(java/lang/StringBuffer)) java/lang/StringBuffer//append [] [","]]
src/main/java/org/apache/commons/math/linear/AbstractFieldMatrix.java: error: unknown function
	data: [pointer(reference(java/lang/StringBuffer)) java/lang/StringBuffer//append [] ["}"]]
src/main/java/org/apache/commons/math/linear/AbstractFieldMatrix.java: error: unknown function
	data: [<nil> java/util/ArrayList//ArrayList [pointer(genericInstance(reference(org/apache/commons/math/linear/FieldMatrix), [reference(T)]))] [len(ensure_not_nil(binaryRepresentation))]]
src/main/java/org/apache/commons/math/linear/AbstractRealMatrix.java: error: unknown import
	data: org/apache/commons/math/exception/util/LocalizedFormats
src/main/java/org/apache/commons/math/linear/AbstractRealMatrix.java: error: unknown import
	data: org/apache/commons/math/util/FastMath
src/main/java/org/apache/commons/math/linear/AbstractRealMatrix.java: internal error: name is already defined
	data: variable(startRow, primitive(int, 32, false))
src/main/java/org/apache/commons/math/linear/AbstractRealMatrix.java: error: unknown function
	data: [pointer(reference(java/lang/StringBuffer)) java/lang/StringBuffer//append [] [shortClassName]]
src/main/java/org/apache/commons/math/linear/AbstractRealMatrix.java: error: unknown function
	data: [pointer(reference(java/lang/StringBuffer)) java/lang/StringBuffer//append [] ["}"]]
src/main/java/org/apache/commons/math/linear/AbstractRealMatrix.java: error: unknown import
	data: org/apache/commons/math/exception/NotStrictlyPositiveException
src/main/java/org/apache/commons/math/linear/AbstractRealMatrix.java: error: unknown import
	data: org/apache/commons/math/exception/NullArgumentException
src/main/java/org/apache/commons/math/linear/AbstractRealMatrix.java: error: unknown function
	data: [pointer(reference(java/lang/StringBuffer)) java/lang/StringBuffer//append [] ["{"]]
src/main/java/org/apache/commons/math/linear/AbstractRealMatrix.java: error: unknown function
	data: [pointer(reference(java/lang/StringBuffer)) java/lang/StringBuffer//append [] ["}"]]
src/main/java/org/apache/commons/math/linear/AbstractRealMatrix.java: error: unknown function
	data: [pointer(reference(java/lang/StringBuffer)) java/lang/StringBuffer//append [] [call(select(this, getEntry!2ac0ebcb23011db97774191b8c6fdbe3), [i, j])]]
src/main/java/org/apache/commons/math/linear/AbstractRealMatrix.java: error: unknown import
	data: org/apache/commons/math/exception/NoDataException
src/main/java/org/apache/commons/math/linear/AbstractRealMatrix.java: error: unknown import
	data: org/apache/commons/math/util/MathUtils
src/main/java/org/apache/commons/math/linear/AbstractRealMatrix.java: error: unknown function
	data: [<nil> getClass [] []]
src/main/java/org/apache/commons/math/linear/AbstractRealMatrix.java: error: unknown function
	data: [pointer(reference(java/lang/StringBuffer)) java/lang/StringBuffer//append [] [","]]
src/main/java/org/apache/commons/math/linear/AbstractRealMatrix.java: error: unknown function
	data: [pointer(reference(java/lang/StringBuffer)) java/lang/StringBuffer//append [] [","]]
src/main/java/org/apache/commons/math/linear/AbstractRealMatrix.java: error: unknown import
	data: org/apache/commons/math/exception/DimensionMismatchException
src/main/java/org/apache/commons/math/linear/AbstractRealVector.java: error: unknown import
	data: org/apache/commons/math/exception/MathUnsupportedOperationException
src/main/java/org/apache/commons/math/linear/AbstractRealVector.java: error: unknown import
	data: org/apache/commons/math/exception/DimensionMismatchException
src/main/java/org/apache/commons/math/linear/AbstractRealVector.java: error: unknown import
	data: org/apache/commons/math/exception/OutOfRangeException
src/main/java/org/apache/commons/math/linear/AbstractRealVector.java: error: unknown import
	data: org/apache/commons/math/exception/util/LocalizedFormats
src/main/java/org/apache/commons/math/linear/AbstractRealVector.java: error: unknown function
	data: [<nil> org/apache/commons/math/linear/AbstractRealVector//EntryImpl//EntryImpl [] [this]]
src/main/java/org/apache/commons/math/linear/AbstractRealVector.java: error: unknown import
	data: java/util/NoSuchElementException
src/main/java/org/apache/commons/math/linear/AbstractRealVector.java: error: unknown import
	data: org/apache/commons/math/analysis/FunctionUtils
src/main/java/org/apache/commons/math/linear/AbstractRealVector.java: error: unknown import
	data: org/apache/commons/math/analysis/function/Add
src/main/java/org/apache/commons/math/linear/AbstractRealVector.java: error: unknown import
	data: org/apache/commons/math/analysis/function/Multiply
src/main/java/org/apache/commons/math/linear/AbstractRealVector.java: error: unknown import
	data: org/apache/commons/math/analysis/function/Divide
src/main/java/org/apache/commons/math/linear/AbstractRealVector.java: error: not a named type
	data: array(primitive(float, 64, false), primitive(int, 32, false), 0)
src/main/java/org/apache/commons/math/linear/AbstractRealVector.java: error: unknown field
	data: [Double struct(java/lang/Double, [], [pointer(reference(java/lang/Object))], []) POSITIVE_INFINITY]
src/main/java/org/apache/commons/math/linear/AbstractRealVector.java: error: unknown field
	data: [Double struct(java/lang/Double, [], [pointer(reference(java/lang/Object))], []) NEGATIVE_INFINITY]
src/main/java/org/apache/commons/math/linear/AbstractRealVector.java: error: unknown import
	data: org/apache/commons/math/exception/MathArithmeticException
src/main/java/org/apache/commons/math/linear/AbstractRealVector.java: error: unknown import
	data: org/apache/commons/math/analysis/UnivariateRealFunction
src/main/java/org/apache/commons/math/linear/AbstractRealVector.java: error: not a named type
	data: array(primitive(float, 64, false), primitive(int, 32, false), 0)
src/main/java/org/apache/commons/math/linear/AbstractRealVector.java: error: unknown field
	data: [Double struct(java/lang/Double, [], [pointer(reference(java/lang/Object))], []) NaN]
src/main/java/org/apache/commons/math/linear/AbstractRealVector.java: error: unknown import
	data: org/apache/commons/math/util/FastMath
src/main/java/org/apache/commons/math/linear/AbstractRealVector.java: error: unknown field
	data: [Double struct(java/lang/Double, [], [pointer(reference(java/lang/Object))], []) NaN]
src/main/java/org/apache/commons/math/linear/Array2DRowFieldMatrix.java: internal error: not all elements have the same type
	data: declaration([outData], [array(array(reference(T), primitive(int, 32, false), 0), primitive(int, 32, false), 0)], [call(org/apache/commons/math/linear/AbstractFieldMatrix//buildArray!01b08ec4fdfcf6d2999498ebf7fe2dd1, [call(select(this, getField!d41d8cd98f00b204e9800998ecf8427e), []), rowCount, columnCount])], Modifier(1048584))
src/main/java/org/apache/commons/math/linear/Array2DRowFieldMatrix.java: internal error: not all elements have the same type
	data: declaration([outData], [array(array(reference(T), primitive(int, 32, false), 0), primitive(int, 32, false), 0)], [call(org/apache/commons/math/linear/AbstractFieldMatrix//buildArray!01b08ec4fdfcf6d2999498ebf7fe2dd1, [call(select(this, getField!d41d8cd98f00b204e9800998ecf8427e), []), nRows, nCols])], Modifier(1048584))
src/main/java/org/apache/commons/math/linear/Array2DRowFieldMatrix.java: internal error: not all elements have the same type
	data: declaration([out], [array(array(reference(T), primitive(int, 32, false), 0), primitive(int, 32, false), 0)], [call(org/apache/commons/math/linear/AbstractFieldMatrix//buildArray!01b08ec4fdfcf6d2999498ebf7fe2dd1, [call(select(this, getField!d41d8cd98f00b204e9800998ecf8427e), []), nRows, call(select(this, getColumnDimension!d41d8cd98f00b204e9800998ecf8427e), [])])], Modifier(1048584))
src/main/java/org/apache/commons/math/linear/Array2DRowFieldMatrix.java: error: unknown function
	data: [<nil> extractField [] [d]]
src/main/java/org/apache/commons/math/linear/Array2DRowFieldMatrix.java: internal error: not all elements have the same type
	data: declaration([outData], [array(array(reference(T), primitive(int, 32, false), 0), primitive(int, 32, false), 0)], [call(org/apache/commons/math/linear/AbstractFieldMatrix//buildArray!01b08ec4fdfcf6d2999498ebf7fe2dd1, [call(select(this, getField!d41d8cd98f00b204e9800998ecf8427e), []), rowCount, columnCount])], Modifier(1048584))
src/main/java/org/apache/commons/math/linear/Array2DRowFieldMatrix.java: error: unknown import
	data: org/apache/commons/math/exception/NoDataException
src/main/java/org/apache/commons/math/linear/Array2DRowFieldMatrix.java: error: unknown import
	data: org/apache/commons/math/exception/DimensionMismatchException
src/main/java/org/apache/commons/math/linear/Array2DRowFieldMatrix.java: error: unknown import
	data: org/apache/commons/math/exception/MathIllegalStateException
src/main/java/org/apache/commons/math/linear/Array2DRowFieldMatrix.java: error: unknown import
	data: org/apache/commons/math/exception/util/LocalizedFormats
src/main/java/org/apache/commons/math/linear/Array2DRowFieldMatrix.java: error: unknown import
	data: org/apache/commons/math/util/MathUtils
src/main/java/org/apache/commons/math/linear/Array2DRowFieldMatrix.java: error: unknown function
	data: [struct(java/lang/System, [], [pointer(reference(java/lang/Object))], []) java/lang/System//arraycopy [] [index(subMatrix, i) 0 index(select(this, data), +(i, row)) column nCols]]
src/main/java/org/apache/commons/math/linear/Array2DRowFieldMatrix.java: internal error: not all elements have the same type
	data: declaration([out], [array(reference(T), primitive(int, 32, false), 0)], [call(org/apache/commons/math/linear/AbstractFieldMatrix//buildArray!14e97698991e3b11ced3c77f1687b48b, [call(select(this, getField!d41d8cd98f00b204e9800998ecf8427e), []), nRows])], Modifier(1048584))
src/main/java/org/apache/commons/math/linear/Array2DRowFieldMatrix.java: error: unknown import
	data: org/apache/commons/math/FieldElement
src/main/java/org/apache/commons/math/linear/Array2DRowFieldMatrix.java: error: unknown function
	data: [<nil> extractField [] [d]]
src/main/java/org/apache/commons/math/linear/Array2DRowFieldMatrix.java: error: unknown function
	data: [<nil> extractField [] [v]]
src/main/java/org/apache/commons/math/linear/Array2DRowFieldMatrix.java: internal error: not all elements have the same type
	data: declaration([out], [array(reference(T), primitive(int, 32, false), 0)], [call(org/apache/commons/math/linear/AbstractFieldMatrix//buildArray!14e97698991e3b11ced3c77f1687b48b, [call(select(this, getField!d41d8cd98f00b204e9800998ecf8427e), []), nCols])], Modifier(1048584))
src/main/java/org/apache/commons/math/linear/Array2DRowFieldMatrix.java: error: unknown function
	data: [struct(java/lang/System, [], [pointer(reference(java/lang/Object))], []) java/lang/System//arraycopy [] [index(select(this, data), i) 0 index(out, i) 0 len(ensure_not_nil(index(select(this, data), i)))]]
src/main/java/org/apache/commons/math/linear/Array2DRowFieldMatrix.java: error: unknown import
	data: org/apache/commons/math/Field
src/main/java/org/apache/commons/math/linear/Array2DRowFieldMatrix.java: error: unknown import
	data: org/apache/commons/math/exception/NullArgumentException
src/main/java/org/apache/commons/math/linear/Array2DRowRealMatrix.java: error: unknown function
	data: [struct(java/lang/System, [], [pointer(reference(java/lang/Object))], []) java/lang/System//arraycopy [] [index(subMatrix, i) 0 index(select(this, data), +(i, row)) column nCols]]
src/main/java/org/apache/commons/math/linear/Array2DRowRealMatrix.java: error: unknown function
	data: [struct(java/lang/System, [], [pointer(reference(java/lang/Object))], []) java/lang/System//arraycopy [] [index(select(this, data), i) 0 index(out, i) 0 len(ensure_not_nil(index(select(this, data), i)))]]
src/main/java/org/apache/commons/math/linear/Array2DRowRealMatrix.java: error: unknown import
	data: org/apache/commons/math/exception/DimensionMismatchException
src/main/java/org/apache/commons/math/linear/Array2DRowRealMatrix.java: error: unknown import
	data: org/apache/commons/math/exception/NullArgumentException
src/main/java/org/apache/commons/math/linear/Array2DRowRealMatrix.java: error: unknown import
	data: org/apache/commons/math/exception/NoDataException
src/main/java/org/apache/commons/math/linear/Array2DRowRealMatrix.java: error: unknown import
	data: org/apache/commons/math/exception/MathIllegalStateException
src/main/java/org/apache/commons/math/linear/Array2DRowRealMatrix.java: error: unknown import
	data: org/apache/commons/math/exception/util/LocalizedFormats
src/main/java/org/apache/commons/math/linear/Array2DRowRealMatrix.java: error: unknown import
	data: org/apache/commons/math/util/MathUtils
src/main/java/org/apache/commons/math/linear/ArrayFieldVector.java: error: unknown import
	data: org/apache/commons/math/exception/NullArgumentException
src/main/java/org/apache/commons/math/linear/ArrayFieldVector.java: error: unknown function
	data: [struct(java/lang/System, [], [pointer(reference(java/lang/Object))], []) java/lang/System//arraycopy [] [select(v2, data) 0 select(this, data) len(ensure_not_nil(v1)) len(ensure_not_nil(select(v2, data)))]]
src/main/java/org/apache/commons/math/linear/ArrayFieldVector.java: error: unknown function
	data: [struct(java/lang/System, [], [pointer(reference(java/lang/Object))], []) java/lang/System//arraycopy [] [v1 0 select(this, data) 0 len(ensure_not_nil(v1))]]
src/main/java/org/apache/commons/math/linear/ArrayFieldVector.java: error: unknown import
	data: org/apache/commons/math/exception/NumberIsTooLargeException
src/main/java/org/apache/commons/math/linear/ArrayFieldVector.java: error: unknown function
	data: [struct(java/lang/System, [], [pointer(reference(java/lang/Object))], []) java/lang/System//arraycopy [] [d pos select(this, data) 0 size]]
src/main/java/org/apache/commons/math/linear/ArrayFieldVector.java: error: unknown function
	data: [struct(java/lang/System, [], [pointer(reference(java/lang/Object))], []) java/lang/System//arraycopy [] [v 0 select(this, data) index len(ensure_not_nil(v))]]
src/main/java/org/apache/commons/math/linear/ArrayFieldVector.java: error: unknown type
	data: SuppressWarnings
src/main/java/org/apache/commons/math/linear/ArrayFieldVector.java: error: unknown import
	data: java/util/Arrays
src/main/java/org/apache/commons/math/linear/ArrayFieldVector.java: error: not a named type
	data: array(reference(T), primitive(int, 32, false), 0)
src/main/java/org/apache/commons/math/linear/ArrayFieldVector.java: error: not a named type
	data: array(reference(T), primitive(int, 32, false), 0)
src/main/java/org/apache/commons/math/linear/ArrayFieldVector.java: error: unknown function
	data: [struct(java/lang/System, [], [pointer(reference(java/lang/Object))], []) java/lang/System//arraycopy [] [select(v1, data) 0 select(this, data) 0 len(ensure_not_nil(select(v1, data)))]]
src/main/java/org/apache/commons/math/linear/ArrayFieldVector.java: error: unknown function
	data: [struct(java/lang/System, [], [pointer(reference(java/lang/Object))], []) java/lang/System//arraycopy [] [v1 0 select(this, data) 0 len(ensure_not_nil(v1))]]
src/main/java/org/apache/commons/math/linear/ArrayFieldVector.java: error: unknown import
	data: org/apache/commons/math/exception/OutOfRangeException
src/main/java/org/apache/commons/math/linear/ArrayFieldVector.java: error: unknown import
	data: org/apache/commons/math/exception/DimensionMismatchException
src/main/java/org/apache/commons/math/linear/ArrayFieldVector.java: error: unknown import
	data: org/apache/commons/math/exception/util/LocalizedFormats
src/main/java/org/apache/commons/math/linear/ArrayFieldVector.java: error: not a named type
	data: array(reference(T), primitive(int, 32, false), 0)
src/main/java/org/apache/commons/math/linear/ArrayFieldVector.java: error: unknown function
	data: [struct(java/lang/System, [], [pointer(reference(java/lang/Object))], []) java/lang/System//arraycopy [] [v2 0 select(this, data) len(ensure_not_nil(v1)) len(ensure_not_nil(v2))]]
src/main/java/org/apache/commons/math/linear/ArrayFieldVector.java: error: unknown function
	data: [struct(java/lang/System, [], [pointer(reference(java/lang/Object))], []) java/lang/System//arraycopy [] [select(this, data) 0 out 0 len(ensure_not_nil(select(this, data)))]]
src/main/java/org/apache/commons/math/linear/ArrayFieldVector.java: error: unknown import
	data: org/apache/commons/math/Field
src/main/java/org/apache/commons/math/linear/ArrayFieldVector.java: error: unknown import
	data: org/apache/commons/math/FieldElement
src/main/java/org/apache/commons/math/linear/ArrayFieldVector.java: error: unknown function
	data: [struct(java/lang/System, [], [pointer(reference(java/lang/Object))], []) java/lang/System//arraycopy [] [v2 0 select(this, data) len(ensure_not_nil(select(v1, data))) len(ensure_not_nil(v2))]]
src/main/java/org/apache/commons/math/linear/ArrayFieldVector.java: error: unknown function
	data: [struct(java/lang/System, [], [pointer(reference(java/lang/Object))], []) java/lang/System//arraycopy [] [v1 0 select(this, data) 0 len(ensure_not_nil(v1))]]
src/main/java/org/apache/commons/math/linear/ArrayFieldVector.java: error: unknown import
	data: java/lang/reflect/Array
src/main/java/org/apache/commons/math/linear/ArrayFieldVector.java: error: not a named type
	data: array(reference(T), primitive(int, 32, false), 0)
src/main/java/org/apache/commons/math/linear/ArrayFieldVector.java: error: not a named type
	data: array(reference(T), primitive(int, 32, false), 0)
src/main/java/org/apache/commons/math/linear/ArrayFieldVector.java: error: unknown function
	data: [struct(java/lang/System, [], [pointer(reference(java/lang/Object))], []) java/lang/System//arraycopy [] [select(v2, data) 0 select(this, data) len(ensure_not_nil(select(v1, data))) len(ensure_not_nil(select(v2, data)))]]
src/main/java/org/apache/commons/math/linear/ArrayFieldVector.java: error: unknown function
	data: [struct(java/lang/System, [], [pointer(reference(java/lang/Object))], []) java/lang/System//arraycopy [] [v2 0 select(this, data) len(ensure_not_nil(v1)) len(ensure_not_nil(v2))]]
src/main/java/org/apache/commons/math/linear/ArrayFieldVector.java: error: unknown function
	data: [struct(java/lang/System, [], [pointer(reference(java/lang/Object))], []) java/lang/System//arraycopy [] [select(this, data) index select(out, data) 0 n]]
src/main/java/org/apache/commons/math/linear/ArrayFieldVector.java: error: unknown import
	data: org/apache/commons/math/exception/ZeroException
src/main/java/org/apache/commons/math/linear/ArrayFieldVector.java: error: unknown function
	data: [struct(java/lang/System, [], [pointer(reference(java/lang/Object))], []) java/lang/System//arraycopy [] [d pos select(this, data) 0 size]]
src/main/java/org/apache/commons/math/linear/ArrayFieldVector.java: error: unknown function
	data: [struct(java/lang/System, [], [pointer(reference(java/lang/Object))], []) java/lang/System//arraycopy [] [select(v1, data) 0 select(this, data) 0 len(ensure_not_nil(select(v1, data)))]]
src/main/java/org/apache/commons/math/linear/ArrayRealVector.java: error: not a named type
	data: array(primitive(float, 64, false), primitive(int, 32, false), 0)
src/main/java/org/apache/commons/math/linear/ArrayRealVector.java: error: unknown function
	data: [struct(java/lang/System, [], [pointer(reference(java/lang/Object))], []) java/lang/System//arraycopy [] [select(v1, data) 0 select(this, data) 0 l1]]
src/main/java/org/apache/commons/math/linear/ArrayRealVector.java: error: unknown function
	data: [struct(java/lang/System, [], [pointer(reference(java/lang/Object))], []) java/lang/System//arraycopy [] [v2 0 select(this, data) l1 l2]]
src/main/java/org/apache/commons/math/linear/ArrayRealVector.java: error: unknown function
	data: [struct(java/lang/System, [], [pointer(reference(java/lang/Object))], []) java/lang/System//arraycopy [] [v2 0 select(this, data) l1 l2]]
src/main/java/org/apache/commons/math/linear/ArrayRealVector.java: error: unknown type
	data: Entry
src/main/java/org/apache/commons/math/linear/ArrayRealVector.java: error: unknown function
	data: [struct(java/lang/System, [], [pointer(reference(java/lang/Object))], []) java/lang/System//arraycopy [] [select(this, data) index select(out, data) 0 n]]
src/main/java/org/apache/commons/math/linear/ArrayRealVector.java: error: unknown import
	data: java/util/Arrays
src/main/java/org/apache/commons/math/linear/ArrayRealVector.java: error: unknown import
	data: org/apache/commons/math/exception/DimensionMismatchException
src/main/java/org/apache/commons/math/linear/ArrayRealVector.java: error: unknown function
	data: [struct(java/lang/System, [], [pointer(reference(java/lang/Object))], []) java/lang/System//arraycopy [] [v 0 select(this, data) index len(ensure_not_nil(v))]]
src/main/java/org/apache/commons/math/linear/ArrayRealVector.java: error: unknown function
	data: [struct(java/lang/System, [], [pointer(reference(java/lang/Object))], []) java/lang/System//arraycopy [] [v1 0 select(this, data) 0 l1]]
src/main/java/org/apache/commons/math/linear/ArrayRealVector.java: error: unknown import
	data: org/apache/commons/math/util/MathUtils
src/main/java/org/apache/commons/math/linear/ArrayRealVector.java: error: unknown function
	data: [struct(java/lang/System, [], [pointer(reference(java/lang/Object))], []) java/lang/System//arraycopy [] [select(v1, data) 0 select(this, data) 0 len(ensure_not_nil(select(v1, data)))]]
src/main/java/org/apache/commons/math/linear/ArrayRealVector.java: error: unknown function
	data: [struct(java/lang/System, [], [pointer(reference(java/lang/Object))], []) java/lang/System//arraycopy [] [select(v1, data) 0 select(this, data) 0 l1]]
src/main/java/org/apache/commons/math/linear/ArrayRealVector.java: error: unknown function
	data: [struct(java/lang/System, [], [pointer(reference(java/lang/Object))], []) java/lang/System//arraycopy [] [select(this, data) 0 out 0 len(ensure_not_nil(select(this, data)))]]
src/main/java/org/apache/commons/math/linear/ArrayRealVector.java: error: unknown import
	data: org/apache/commons/math/analysis/UnivariateRealFunction
src/main/java/org/apache/commons/math/linear/ArrayRealVector.java: error: unknown import
	data: org/apache/commons/math/exception/NumberIsTooLargeException
src/main/java/org/apache/commons/math/linear/ArrayRealVector.java: error: unknown import
	data: org/apache/commons/math/exception/MathArithmeticException
src/main/java/org/apache/commons/math/linear/ArrayRealVector.java: error: unknown import
	data: org/apache/commons/math/exception/util/LocalizedFormats
src/main/java/org/apache/commons/math/linear/ArrayRealVector.java: error: unknown function
	data: [struct(java/lang/System, [], [pointer(reference(java/lang/Object))], []) java/lang/System//arraycopy [] [select(v2, data) 0 select(this, data) l1 l2]]
src/main/java/org/apache/commons/math/linear/ArrayRealVector.java: error: not a named type
	data: array(primitive(float, 64, false), primitive(int, 32, false), 0)
src/main/java/org/apache/commons/math/linear/ArrayRealVector.java: error: unknown function
	data: [struct(java/lang/System, [], [pointer(reference(java/lang/Object))], []) java/lang/System//arraycopy [] [select(v2, data) 0 select(this, data) l1 l2]]
src/main/java/org/apache/commons/math/linear/ArrayRealVector.java: error: unknown import
	data: org/apache/commons/math/util/FastMath
src/main/java/org/apache/commons/math/linear/ArrayRealVector.java: error: not a named type
	data: array(primitive(float, 64, false), primitive(int, 32, false), 0)
src/main/java/org/apache/commons/math/linear/ArrayRealVector.java: error: unknown function
	data: [struct(java/lang/System, [], [pointer(reference(java/lang/Object))], []) java/lang/System//arraycopy [] [select(v2, data) 0 select(this, data) len(ensure_not_nil(select(v1, data))) len(ensure_not_nil(select(v2, data)))]]
src/main/java/org/apache/commons/math/linear/ArrayRealVector.java: error: unknown import
	data: org/apache/commons/math/exception/NullArgumentException
src/main/java/org/apache/commons/math/linear/ArrayRealVector.java: error: unknown function
	data: [struct(java/lang/System, [], [pointer(reference(java/lang/Object))], []) java/lang/System//arraycopy [] [d pos select(this, data) 0 size]]
src/main/java/org/apache/commons/math/linear/ArrayRealVector.java: error: unknown function
	data: [struct(java/lang/System, [], [pointer(reference(java/lang/Object))], []) java/lang/System//arraycopy [] [v1 0 select(this, data) 0 l1]]
src/main/java/org/apache/commons/math/linear/BiDiagonalTransformer.java: error: unknown identifier
	data: a
src/main/java/org/apache/commons/math/linear/BiDiagonalTransformer.java: error: unknown import
	data: org/apache/commons/math/util/FastMath
src/main/java/org/apache/commons/math/linear/BlockFieldMatrix.java: error: unknown import
	data: org/apache/commons/math/FieldElement
src/main/java/org/apache/commons/math/linear/BlockFieldMatrix.java: error: unknown import
	data: org/apache/commons/math/exception/util/LocalizedFormats
src/main/java/org/apache/commons/math/linear/BlockFieldMatrix.java: error: unknown function
	data: [<nil> extractField [] [blockData]]
src/main/java/org/apache/commons/math/linear/BlockFieldMatrix.java: error: unknown function
	data: [struct(java/lang/System, [], [pointer(reference(java/lang/Object))], []) java/lang/System//arraycopy [] [block *(iRow, jWidth) outBlock 0 -(jWidth, available)]]
src/main/java/org/apache/commons/math/linear/BlockFieldMatrix.java: error: unknown function
	data: [struct(java/lang/System, [], [pointer(reference(java/lang/Object))], []) java/lang/System//arraycopy [] [block *(iRow, jWidth) outData outIndex jWidth]]
src/main/java/org/apache/commons/math/linear/BlockFieldMatrix.java: error: unknown import
	data: org/apache/commons/math/util/MathUtils
src/main/java/org/apache/commons/math/linear/BlockFieldMatrix.java: error: unknown function
	data: [struct(java/lang/System, [], [pointer(reference(java/lang/Object))], []) java/lang/System//arraycopy [] [mBlock mIndex block *(iRow, jWidth) available]]
src/main/java/org/apache/commons/math/linear/BlockFieldMatrix.java: internal error: not all elements have the same type
	data: declaration([out], [array(reference(T), primitive(int, 32, false), 0)], [call(org/apache/commons/math/linear/AbstractFieldMatrix//buildArray!14e97698991e3b11ced3c77f1687b48b, [call(select(this, getField!d41d8cd98f00b204e9800998ecf8427e), []), select(this, columns)])], Modifier(1048584))
src/main/java/org/apache/commons/math/linear/BlockFieldMatrix.java: internal error: not all elements have the same type
	data: declaration([data], [array(array(reference(T), primitive(int, 32, false), 0), primitive(int, 32, false), 0)], [call(org/apache/commons/math/linear/AbstractFieldMatrix//buildArray!01b08ec4fdfcf6d2999498ebf7fe2dd1, [call(select(this, getField!d41d8cd98f00b204e9800998ecf8427e), []), call(select(this, getRowDimension!d41d8cd98f00b204e9800998ecf8427e), []), call(select(this, getColumnDimension!d41d8cd98f00b204e9800998ecf8427e), [])])], Modifier(1048584))
src/main/java/org/apache/commons/math/linear/BlockFieldMatrix.java: error: unknown function
	data: [struct(java/lang/System, [], [pointer(reference(java/lang/Object))], []) java/lang/System//arraycopy [] [block *(iRow, jWidth) outBlock outIndex available]]
src/main/java/org/apache/commons/math/linear/BlockFieldMatrix.java: error: unknown function
	data: [struct(java/lang/System, [], [pointer(reference(java/lang/Object))], []) java/lang/System//arraycopy [] [index(rawData, p) qStart block index jWidth]]
src/main/java/org/apache/commons/math/linear/BlockFieldMatrix.java: error: unknown import
	data: org/apache/commons/math/exception/DimensionMismatchException
src/main/java/org/apache/commons/math/linear/BlockFieldMatrix.java: error: unknown function
	data: [struct(java/lang/System, [], [pointer(reference(java/lang/Object))], []) java/lang/System//arraycopy [] [index(select(this, blocks), x++(blockIndex)) regularPos dataP dataPos org/apache/commons/math/linear/BlockFieldMatrix//BLOCK_SIZE]]
src/main/java/org/apache/commons/math/linear/BlockFieldMatrix.java: error: unknown function
	data: [struct(java/lang/System, [], [pointer(reference(java/lang/Object))], []) java/lang/System//arraycopy [] [index(select(this, blocks), blockIndex) lastPos dataP dataPos lastColumns]]
src/main/java/org/apache/commons/math/linear/BlockFieldMatrix.java: error: unknown function
	data: [struct(java/lang/System, [], [pointer(reference(java/lang/Object))], []) java/lang/System//arraycopy [] [srcBlock srcPos dstBlock dstPos length]]
src/main/java/org/apache/commons/math/linear/BlockFieldMatrix.java: error: unknown function
	data: [struct(java/lang/System, [], [pointer(reference(java/lang/Object))], []) java/lang/System//arraycopy [] [block *(iRow, jWidth) out outIndex jWidth]]
src/main/java/org/apache/commons/math/linear/BlockFieldMatrix.java: internal error: not all elements have the same type
	data: declaration([out], [array(reference(T), primitive(int, 32, false), 0)], [call(org/apache/commons/math/linear/AbstractFieldMatrix//buildArray!14e97698991e3b11ced3c77f1687b48b, [call(select(this, getField!d41d8cd98f00b204e9800998ecf8427e), []), select(this, rows)])], Modifier(1048584))
src/main/java/org/apache/commons/math/linear/BlockFieldMatrix.java: error: unknown function
	data: [<nil> extractField [] [rawData]]
src/main/java/org/apache/commons/math/linear/BlockFieldMatrix.java: error: not a named type
	data: array(genericParameter(T, [genericInstance(unsupported(org/apache/commons/math/FieldElement), [reference(T)])]), primitive(int, 32, false), 0)
src/main/java/org/apache/commons/math/linear/BlockFieldMatrix.java: error: unknown function
	data: [struct(java/lang/System, [], [pointer(reference(java/lang/Object))], []) java/lang/System//arraycopy [] [mBlock 0 block *(iRow, jWidth) -(jWidth, available)]]
src/main/java/org/apache/commons/math/linear/BlockFieldMatrix.java: internal error: not all elements have the same type
	data: declaration([outData], [array(reference(T), primitive(int, 32, false), 0)], [call(org/apache/commons/math/linear/AbstractFieldMatrix//buildArray!14e97698991e3b11ced3c77f1687b48b, [call(select(this, getField!d41d8cd98f00b204e9800998ecf8427e), []), select(this, rows)])], Modifier(1048584))
src/main/java/org/apache/commons/math/linear/BlockFieldMatrix.java: error: unknown function
	data: [struct(java/lang/System, [], [pointer(reference(java/lang/Object))], []) java/lang/System//arraycopy [] [array outIndex block *(iRow, jWidth) jWidth]]
src/main/java/org/apache/commons/math/linear/BlockFieldMatrix.java: internal error: not all elements have the same type
	data: declaration([out], [array(reference(T), primitive(int, 32, false), 0)], [call(org/apache/commons/math/linear/AbstractFieldMatrix//buildArray!14e97698991e3b11ced3c77f1687b48b, [call(select(this, getField!d41d8cd98f00b204e9800998ecf8427e), []), select(this, rows)])], Modifier(1048584))
src/main/java/org/apache/commons/math/linear/BlockFieldMatrix.java: error: unknown import
	data: org/apache/commons/math/exception/NoDataException
src/main/java/org/apache/commons/math/linear/BlockFieldMatrix.java: error: unknown import
	data: org/apache/commons/math/util/FastMath
src/main/java/org/apache/commons/math/linear/BlockFieldMatrix.java: error: unknown function
	data: [<nil> toBlocksLayout [] [rawData]]
src/main/java/org/apache/commons/math/linear/BlockFieldMatrix.java: internal error: not all elements have the same type
	data: declaration([outData], [array(reference(T), primitive(int, 32, false), 0)], [call(org/apache/commons/math/linear/AbstractFieldMatrix//buildArray!14e97698991e3b11ced3c77f1687b48b, [call(select(this, getField!d41d8cd98f00b204e9800998ecf8427e), []), select(this, columns)])], Modifier(1048584))
src/main/java/org/apache/commons/math/linear/BlockFieldMatrix.java: internal error: not all elements have the same type
	data: declaration([out], [array(reference(T), primitive(int, 32, false), 0)], [call(org/apache/commons/math/linear/AbstractFieldMatrix//buildArray!14e97698991e3b11ced3c77f1687b48b, [call(select(this, getField!d41d8cd98f00b204e9800998ecf8427e), []), select(this, columns)])], Modifier(1048584))
src/main/java/org/apache/commons/math/linear/BlockFieldMatrix.java: error: unknown import
	data: org/apache/commons/math/Field
src/main/java/org/apache/commons/math/linear/BlockFieldMatrix.java: error: unknown function
	data: [struct(java/lang/System, [], [pointer(reference(java/lang/Object))], []) java/lang/System//arraycopy [] [index(select(this, blocks), i) 0 index(select(copied, blocks), i) 0 len(ensure_not_nil(index(select(this, blocks), i)))]]
src/main/java/org/apache/commons/math/linear/BlockFieldMatrix.java: error: unknown function
	data: [struct(java/lang/System, [], [pointer(reference(java/lang/Object))], []) java/lang/System//arraycopy [] [index(subMatrix, -(i, row)) -(jStart, column) block +(*(-(i, firstRow), jWidth), -(jStart, firstColumn)) jLength]]
src/main/java/org/apache/commons/math/linear/BlockFieldMatrix.java: error: unknown function
	data: [struct(java/lang/System, [], [pointer(reference(java/lang/Object))], []) java/lang/System//arraycopy [] [block *(iRow, jWidth) outBlock outIndex jWidth]]
src/main/java/org/apache/commons/math/linear/BlockFieldMatrix.java: error: unknown function
	data: [struct(java/lang/System, [], [pointer(reference(java/lang/Object))], []) java/lang/System//arraycopy [] [mBlock mIndex block *(iRow, jWidth) jWidth]]
src/main/java/org/apache/commons/math/linear/BlockRealMatrix.java: error: unknown import
	data: java/util/Arrays
src/main/java/org/apache/commons/math/linear/BlockRealMatrix.java: error: unknown function
	data: [struct(java/lang/System, [], [pointer(reference(java/lang/Object))], []) java/lang/System//arraycopy [] [block *(iRow, jWidth) outBlock 0 -(jWidth, available)]]
src/main/java/org/apache/commons/math/linear/BlockRealMatrix.java: error: unknown function
	data: [struct(java/lang/System, [], [pointer(reference(java/lang/Object))], []) java/lang/System//arraycopy [] [block *(iRow, jWidth) outBlock outIndex jWidth]]
src/main/java/org/apache/commons/math/linear/BlockRealMatrix.java: error: unknown function
	data: [struct(java/lang/System, [], [pointer(reference(java/lang/Object))], []) java/lang/System//arraycopy [] [mBlock mIndex block *(iRow, jWidth) available]]
src/main/java/org/apache/commons/math/linear/BlockRealMatrix.java: error: unknown function
	data: [struct(java/lang/System, [], [pointer(reference(java/lang/Object))], []) java/lang/System//arraycopy [] [array outIndex block *(iRow, jWidth) jWidth]]
src/main/java/org/apache/commons/math/linear/BlockRealMatrix.java: error: unknown function
	data: [struct(java/lang/System, [], [pointer(reference(java/lang/Object))], []) java/lang/System//arraycopy [] [index(select(this, blocks), blockIndex) lastPos dataP dataPos lastColumns]]
src/main/java/org/apache/commons/math/linear/BlockRealMatrix.java: error: unknown function
	data: [struct(java/lang/System, [], [pointer(reference(java/lang/Object))], []) java/lang/System//arraycopy [] [srcBlock srcPos dstBlock dstPos length]]
src/main/java/org/apache/commons/math/linear/BlockRealMatrix.java: error: unknown function
	data: [struct(java/lang/System, [], [pointer(reference(java/lang/Object))], []) java/lang/System//arraycopy [] [index(subMatrix, -(i, row)) -(jStart, column) block +(*(-(i, firstRow), jWidth), -(jStart, firstColumn)) jLength]]
src/main/java/org/apache/commons/math/linear/BlockRealMatrix.java: error: unknown import
	data: org/apache/commons/math/exception/DimensionMismatchException
src/main/java/org/apache/commons/math/linear/BlockRealMatrix.java: error: unknown import
	data: org/apache/commons/math/exception/NullArgumentException
src/main/java/org/apache/commons/math/linear/BlockRealMatrix.java: error: unknown import
	data: org/apache/commons/math/exception/util/LocalizedFormats
src/main/java/org/apache/commons/math/linear/BlockRealMatrix.java: error: unknown import
	data: org/apache/commons/math/util/MathUtils
src/main/java/org/apache/commons/math/linear/BlockRealMatrix.java: error: unknown function
	data: [struct(java/lang/System, [], [pointer(reference(java/lang/Object))], []) java/lang/System//arraycopy [] [index(rawData, p) qStart block index jWidth]]
src/main/java/org/apache/commons/math/linear/BlockRealMatrix.java: error: unknown import
	data: org/apache/commons/math/exception/NoDataException
src/main/java/org/apache/commons/math/linear/BlockRealMatrix.java: error: not a named type
	data: array(primitive(float, 64, false), primitive(int, 32, false), 0)
src/main/java/org/apache/commons/math/linear/BlockRealMatrix.java: error: unknown function
	data: [struct(java/lang/System, [], [pointer(reference(java/lang/Object))], []) java/lang/System//arraycopy [] [index(select(this, blocks), i) 0 index(select(copied, blocks), i) 0 len(ensure_not_nil(index(select(this, blocks), i)))]]
src/main/java/org/apache/commons/math/linear/BlockRealMatrix.java: error: unknown function
	data: [struct(java/lang/System, [], [pointer(reference(java/lang/Object))], []) java/lang/System//arraycopy [] [index(select(this, blocks), x++(blockIndex)) regularPos dataP dataPos org/apache/commons/math/linear/BlockRealMatrix//BLOCK_SIZE]]
src/main/java/org/apache/commons/math/linear/BlockRealMatrix.java: error: unknown function
	data: [struct(java/lang/System, [], [pointer(reference(java/lang/Object))], []) java/lang/System//arraycopy [] [mBlock 0 block *(iRow, jWidth) -(jWidth, available)]]
src/main/java/org/apache/commons/math/linear/BlockRealMatrix.java: error: unknown function
	data: [struct(java/lang/System, [], [pointer(reference(java/lang/Object))], []) java/lang/System//arraycopy [] [mBlock mIndex block *(iRow, jWidth) jWidth]]
src/main/java/org/apache/commons/math/linear/BlockRealMatrix.java: error: unknown function
	data: [struct(java/lang/System, [], [pointer(reference(java/lang/Object))], []) java/lang/System//arraycopy [] [block *(iRow, jWidth) outData outIndex jWidth]]
src/main/java/org/apache/commons/math/linear/BlockRealMatrix.java: error: unknown function
	data: [struct(java/lang/System, [], [pointer(reference(java/lang/Object))], []) java/lang/System//arraycopy [] [block *(iRow, jWidth) out outIndex jWidth]]
src/main/java/org/apache/commons/math/linear/BlockRealMatrix.java: error: unknown import
	data: org/apache/commons/math/util/FastMath
src/main/java/org/apache/commons/math/linear/BlockRealMatrix.java: error: unknown function
	data: [struct(java/lang/System, [], [pointer(reference(java/lang/Object))], []) java/lang/System//arraycopy [] [block *(iRow, jWidth) outBlock outIndex available]]
src/main/java/org/apache/commons/math/linear/CholeskyDecompositionImpl.java: error: unknown function
	data: [struct(java/lang/System, [], [pointer(reference(java/lang/Object))], []) java/lang/System//arraycopy [] [index(b, i) 0 index(x, i) 0 nColB]]
src/main/java/org/apache/commons/math/linear/CholeskyDecompositionImpl.java: error: unknown import
	data: org/apache/commons/math/exception/DimensionMismatchException
src/main/java/org/apache/commons/math/linear/CholeskyDecompositionImpl.java: error: unknown import
	data: org/apache/commons/math/util/FastMath
src/main/java/org/apache/commons/math/linear/CholeskyDecompositionImpl.java: error: not a named type
	data: array(primitive(float, 64, false), primitive(int, 32, false), 0)
src/main/java/org/apache/commons/math/linear/DefaultFieldMatrixChangingVisitor.java: error: unknown import
	data: org/apache/commons/math/FieldElement
src/main/java/org/apache/commons/math/linear/DefaultFieldMatrixPreservingVisitor.java: error: unknown import
	data: org/apache/commons/math/FieldElement
src/main/java/org/apache/commons/math/linear/EigenDecompositionImpl.java: error: not a named type
	data: array(primitive(float, 64, false), primitive(int, 32, false), 0)
src/main/java/org/apache/commons/math/linear/EigenDecompositionImpl.java: error: unknown import
	data: org/apache/commons/math/util/MathUtils
src/main/java/org/apache/commons/math/linear/EigenDecompositionImpl.java: error: unknown import
	data: org/apache/commons/math/util/FastMath
src/main/java/org/apache/commons/math/linear/EigenDecompositionImpl.java: error: not a named type
	data: array(primitive(float, 64, false), primitive(int, 32, false), 0)
src/main/java/org/apache/commons/math/linear/EigenDecompositionImpl.java: error: not a named type
	data: array(primitive(float, 64, false), primitive(int, 32, false), 0)
src/main/java/org/apache/commons/math/linear/EigenDecompositionImpl.java: error: not a named type
	data: array(primitive(float, 64, false), primitive(int, 32, false), 0)
src/main/java/org/apache/commons/math/linear/EigenDecompositionImpl.java: error: not a named type
	data: array(array(primitive(float, 64, false), primitive(int, 32, false), 0), primitive(int, 32, false), 0)
src/main/java/org/apache/commons/math/linear/EigenDecompositionImpl.java: error: unknown import
	data: org/apache/commons/math/exception/MaxCountExceededException
src/main/java/org/apache/commons/math/linear/EigenDecompositionImpl.java: error: unknown import
	data: org/apache/commons/math/exception/DimensionMismatchException
src/main/java/org/apache/commons/math/linear/EigenDecompositionImpl.java: error: unknown import
	data: org/apache/commons/math/exception/util/LocalizedFormats
src/main/java/org/apache/commons/math/linear/FieldDecompositionSolver.java: error: unknown import
	data: org/apache/commons/math/FieldElement
src/main/java/org/apache/commons/math/linear/FieldLUDecomposition.java: error: unknown import
	data: org/apache/commons/math/FieldElement
src/main/java/org/apache/commons/math/linear/FieldLUDecompositionImpl.java: error: unknown import
	data: java/lang/reflect/Array
src/main/java/org/apache/commons/math/linear/FieldLUDecompositionImpl.java: error: unknown import
	data: org/apache/commons/math/Field
src/main/java/org/apache/commons/math/linear/FieldLUDecompositionImpl.java: error: not a named type
	data: array(primitive(int, 32, false), primitive(int, 32, false), 0)
src/main/java/org/apache/commons/math/linear/FieldLUDecompositionImpl.java: error: unknown import
	data: org/apache/commons/math/FieldElement
src/main/java/org/apache/commons/math/linear/FieldLUDecompositionImpl.java: error: unknown import
	data: org/apache/commons/math/exception/DimensionMismatchException
src/main/java/org/apache/commons/math/linear/FieldLUDecompositionImpl.java: error: unknown identifier
	data: determinant
src/main/java/org/apache/commons/math/linear/FieldMatrix.java: error: unknown import
	data: org/apache/commons/math/Field
src/main/java/org/apache/commons/math/linear/FieldMatrix.java: error: unknown import
	data: org/apache/commons/math/FieldElement
src/main/java/org/apache/commons/math/linear/FieldMatrixChangingVisitor.java: error: unknown import
	data: org/apache/commons/math/FieldElement
src/main/java/org/apache/commons/math/linear/FieldMatrixPreservingVisitor.java: error: unknown import
	data: org/apache/commons/math/FieldElement
src/main/java/org/apache/commons/math/linear/FieldVector.java: error: unknown import
	data: org/apache/commons/math/Field
src/main/java/org/apache/commons/math/linear/FieldVector.java: error: unknown import
	data: org/apache/commons/math/FieldElement
src/main/java/org/apache/commons/math/linear/InvertibleRealLinearOperator.java: error: unknown import
	data: org/apache/commons/math/exception/DimensionMismatchException
src/main/java/org/apache/commons/math/linear/LUDecompositionImpl.java: error: unknown import
	data: org/apache/commons/math/exception/DimensionMismatchException
src/main/java/org/apache/commons/math/linear/LUDecompositionImpl.java: error: unknown import
	data: org/apache/commons/math/util/FastMath
src/main/java/org/apache/commons/math/linear/LUDecompositionImpl.java: error: unknown field
	data: [Double struct(java/lang/Double, [], [pointer(reference(java/lang/Object))], []) NEGATIVE_INFINITY]
src/main/java/org/apache/commons/math/linear/LUDecompositionImpl.java: error: not a named type
	data: array(primitive(int, 32, false), primitive(int, 32, false), 0)
src/main/java/org/apache/commons/math/linear/MatrixDimensionMismatchException.java: error: unknown function
	data: [<nil> getExpectedDimension [] [1]]
src/main/java/org/apache/commons/math/linear/MatrixDimensionMismatchException.java: error: unknown import
	data: org/apache/commons/math/exception/MultiDimensionMismatchException
src/main/java/org/apache/commons/math/linear/MatrixDimensionMismatchException.java: error: unknown import
	data: org/apache/commons/math/exception/util/LocalizedFormats
src/main/java/org/apache/commons/math/linear/MatrixDimensionMismatchException.java: error: unknown function
	data: [<nil> getWrongDimension [] [0]]
src/main/java/org/apache/commons/math/linear/MatrixDimensionMismatchException.java: error: unknown function
	data: [<nil> getExpectedDimension [] [0]]
src/main/java/org/apache/commons/math/linear/MatrixDimensionMismatchException.java: error: unknown function
	data: [<nil> getWrongDimension [] [1]]
src/main/java/org/apache/commons/math/linear/MatrixUtils.java: error: unknown function
	data: [pointer(reference(java/io/ObjectOutputStream)) java/io/ObjectOutputStream//writeDouble [] [call(select(ensure_not_nil(vector), getEntry!82a13d2b9378b45b5451d30242dc1218), [i])]]
src/main/java/org/apache/commons/math/linear/MatrixUtils.java: error: unknown import
	data: java/util/Arrays
src/main/java/org/apache/commons/math/linear/MatrixUtils.java: error: unknown import
	data: org/apache/commons/math/FieldElement
src/main/java/org/apache/commons/math/linear/MatrixUtils.java: error: unknown type
	data: java/lang/reflect/Field
src/main/java/org/apache/commons/math/linear/MatrixUtils.java: error: unknown import
	data: java/lang/reflect/Array
src/main/java/org/apache/commons/math/linear/MatrixUtils.java: internal error: not all elements have the same type
	data: conditional(<=(*(rows, columns), 4096), [call(org/apache/commons/math/linear/Array2DRowRealMatrix//Array2DRowRealMatrix!2ac0ebcb23011db97774191b8c6fdbe3, [rows, columns]), call(org/apache/commons/math/linear/BlockRealMatrix//BlockRealMatrix!2ac0ebcb23011db97774191b8c6fdbe3, [rows, columns])])
src/main/java/org/apache/commons/math/linear/MatrixUtils.java: error: unknown function
	data: [pointer(reference(java/io/ObjectOutputStream)) java/io/ObjectOutputStream//writeDouble [] [call(select(ensure_not_nil(matrix), getEntry!2ac0ebcb23011db97774191b8c6fdbe3), [i, j])]]
src/main/java/org/apache/commons/math/linear/MatrixUtils.java: error: unknown import
	data: org/apache/commons/math/Field
src/main/java/org/apache/commons/math/linear/MatrixUtils.java: error: unknown import
	data: org/apache/commons/math/exception/NoDataException
src/main/java/org/apache/commons/math/linear/MatrixUtils.java: error: unknown function
	data: [pointer(reference(java/io/IOException)) java/io/IOException//initCause [] [iae]]
src/main/java/org/apache/commons/math/linear/MatrixUtils.java: error: unknown function
	data: [pointer(reference(java/io/ObjectOutputStream)) java/io/ObjectOutputStream//writeInt [] [n]]
src/main/java/org/apache/commons/math/linear/MatrixUtils.java: error: unknown function
	data: [pointer(reference(java/io/ObjectOutputStream)) java/io/ObjectOutputStream//writeInt [] [m]]
src/main/java/org/apache/commons/math/linear/MatrixUtils.java: internal error: no supported constructor available
	data: [struct(org/apache/commons/math/linear/DefaultFieldMatrixPreservingVisitor, [], [pointer(reference(java/lang/Object))], [pointer(genericInstance(reference(org/apache/commons/math/linear/FieldMatrixPreservingVisitor), [reference(T)]))]) function(variable(this, pointer(reference(java/lang/Object))), java/lang/Object//@@constructor!d41d8cd98f00b204e9800998ecf8427e, [], [variable(, pointer(reference(java/lang/Object)))], block([return([this])]))]
src/main/java/org/apache/commons/math/linear/MatrixUtils.java: error: unknown import
	data: org/apache/commons/math/fraction/BigFraction
src/main/java/org/apache/commons/math/linear/MatrixUtils.java: error: unknown import
	data: org/apache/commons/math/util/FastMath
src/main/java/org/apache/commons/math/linear/MatrixUtils.java: internal error: not all elements have the same type
	data: conditional(<=(*(len(ensure_not_nil(data)), len(ensure_not_nil(index(data, 0)))), 4096), [call(org/apache/commons/math/linear/Array2DRowRealMatrix//Array2DRowRealMatrix!d7ce9c946f791399aee2c7e4e7f51049, [data]), call(org/apache/commons/math/linear/BlockRealMatrix//BlockRealMatrix!d7ce9c946f791399aee2c7e4e7f51049, [data])])
src/main/java/org/apache/commons/math/linear/MatrixUtils.java: error: unknown function
	data: [pointer(reference(java/io/ObjectInputStream)) java/io/ObjectInputStream//readDouble [] []]
src/main/java/org/apache/commons/math/linear/MatrixUtils.java: error: unknown function
	data: [pointer(reference(java/io/IOException)) java/io/IOException//initCause [] [nsfe]]
src/main/java/org/apache/commons/math/linear/MatrixUtils.java: error: unknown import
	data: org/apache/commons/math/exception/OutOfRangeException
src/main/java/org/apache/commons/math/linear/MatrixUtils.java: error: unknown import
	data: org/apache/commons/math/exception/NumberIsTooSmallException
src/main/java/org/apache/commons/math/linear/MatrixUtils.java: error: unknown import
	data: org/apache/commons/math/exception/MathArithmeticException
src/main/java/org/apache/commons/math/linear/MatrixUtils.java: error: unknown import
	data: org/apache/commons/math/exception/NullArgumentException
src/main/java/org/apache/commons/math/linear/MatrixUtils.java: error: unknown import
	data: org/apache/commons/math/exception/ZeroException
src/main/java/org/apache/commons/math/linear/MatrixUtils.java: error: unknown import
	data: org/apache/commons/math/util/MathUtils
src/main/java/org/apache/commons/math/linear/MatrixUtils.java: error: unknown function
	data: [pointer(reference(java/io/ObjectOutputStream)) java/io/ObjectOutputStream//writeInt [] [n]]
src/main/java/org/apache/commons/math/linear/MatrixUtils.java: error: unknown function
	data: [pointer(reference(java/io/IOException)) java/io/IOException//initCause [] [nsfe]]
src/main/java/org/apache/commons/math/linear/MatrixUtils.java: error: unknown import
	data: org/apache/commons/math/exception/MathIllegalArgumentException
src/main/java/org/apache/commons/math/linear/MatrixUtils.java: error: unknown import
	data: org/apache/commons/math/exception/DimensionMismatchException
src/main/java/org/apache/commons/math/linear/MatrixUtils.java: error: unknown function
	data: [pointer(reference(java/io/ObjectInputStream)) java/io/ObjectInputStream//readInt [] []]
src/main/java/org/apache/commons/math/linear/MatrixUtils.java: error: unknown function
	data: [pointer(reference(java/io/IOException)) java/io/IOException//initCause [] [iae]]
src/main/java/org/apache/commons/math/linear/MatrixUtils.java: error: unknown import
	data: org/apache/commons/math/exception/util/LocalizedFormats
src/main/java/org/apache/commons/math/linear/MatrixUtils.java: error: unknown import
	data: org/apache/commons/math/fraction/Fraction
src/main/java/org/apache/commons/math/linear/NonPositiveDefiniteLinearOperatorException.java: error: unknown import
	data: org/apache/commons/math/exception/MathIllegalArgumentException
src/main/java/org/apache/commons/math/linear/NonPositiveDefiniteLinearOperatorException.java: error: unknown import
	data: org/apache/commons/math/exception/util/LocalizedFormats
src/main/java/org/apache/commons/math/linear/NonPositiveDefiniteMatrixException.java: error: unknown import
	data: org/apache/commons/math/exception/MathIllegalArgumentException
src/main/java/org/apache/commons/math/linear/NonPositiveDefiniteMatrixException.java: error: unknown import
	data: org/apache/commons/math/exception/util/LocalizedFormats
src/main/java/org/apache/commons/math/linear/NonSelfAdjointLinearOperatorException.java: error: unknown import
	data: org/apache/commons/math/exception/MathIllegalArgumentException
src/main/java/org/apache/commons/math/linear/NonSelfAdjointLinearOperatorException.java: error: unknown import
	data: org/apache/commons/math/exception/util/LocalizedFormats
src/main/java/org/apache/commons/math/linear/NonSquareLinearOperatorException.java: error: unknown import
	data: org/apache/commons/math/exception/DimensionMismatchException
src/main/java/org/apache/commons/math/linear/NonSquareLinearOperatorException.java: error: unknown import
	data: org/apache/commons/math/exception/util/LocalizedFormats
src/main/java/org/apache/commons/math/linear/NonSquareMatrixException.java: error: unknown import
	data: org/apache/commons/math/exception/DimensionMismatchException
src/main/java/org/apache/commons/math/linear/NonSquareMatrixException.java: error: unknown import
	data: org/apache/commons/math/exception/util/LocalizedFormats
src/main/java/org/apache/commons/math/linear/NonSymmetricMatrixException.java: error: unknown import
	data: org/apache/commons/math/exception/MathIllegalArgumentException
src/main/java/org/apache/commons/math/linear/NonSymmetricMatrixException.java: error: unknown import
	data: org/apache/commons/math/exception/util/LocalizedFormats
src/main/java/org/apache/commons/math/linear/OpenMapRealMatrix.java: error: unknown import
	data: org/apache/commons/math/util/OpenIntToDoubleHashMap
src/main/java/org/apache/commons/math/linear/OpenMapRealVector.java: error: unknown function
	data: [<nil> org/apache/commons/math/linear/OpenMapRealVector//OpenMapEntry//OpenMapEntry [] [this select(this, iter)]]
src/main/java/org/apache/commons/math/linear/OpenMapRealVector.java: unsupported: unsupported implements type
	data: struct(org/apache/commons/math/linear/OpenMapRealVector//OpenMapSparseIterator, [], [pointer(reference(java/lang/Object))], [genericInstance(unsupported(java/util/Iterator), [unsupported(Entry)])])
src/main/java/org/apache/commons/math/linear/OpenMapRealVector.java: error: unknown import
	data: org/apache/commons/math/exception/MathArithmeticException
src/main/java/org/apache/commons/math/linear/OpenMapRealVector.java: error: unknown import
	data: org/apache/commons/math/exception/util/LocalizedFormats
src/main/java/org/apache/commons/math/linear/OpenMapRealVector.java: error: unknown import
	data: org/apache/commons/math/util/OpenIntToDoubleHashMap/Iterator
src/main/java/org/apache/commons/math/linear/OpenMapRealVector.java: error: unknown type
	data: Entry
src/main/java/org/apache/commons/math/linear/OpenMapRealVector.java: internal error: not an array type
	data: struct(org/apache/commons/math/linear/OpenMapRealVector, [], [pointer(reference(org/apache/commons/math/linear/AbstractRealVector))], [reference(org/apache/commons/math/linear/SparseRealVector), reference(java/io/Serializable)])
src/main/java/org/apache/commons/math/linear/OpenMapRealVector.java: internal error: not an array type
	data: struct(org/apache/commons/math/linear/OpenMapRealVector, [], [pointer(reference(org/apache/commons/math/linear/AbstractRealVector))], [reference(org/apache/commons/math/linear/SparseRealVector), reference(java/io/Serializable)])
src/main/java/org/apache/commons/math/linear/OpenMapRealVector.java: internal error: not an array type
	data: struct(org/apache/commons/math/linear/OpenMapRealVector, [], [pointer(reference(org/apache/commons/math/linear/AbstractRealVector))], [reference(org/apache/commons/math/linear/SparseRealVector), reference(java/io/Serializable)])
src/main/java/org/apache/commons/math/linear/OpenMapRealVector.java: internal error: not an array type
	data: struct(org/apache/commons/math/linear/OpenMapRealVector, [], [pointer(reference(org/apache/commons/math/linear/AbstractRealVector))], [reference(org/apache/commons/math/linear/SparseRealVector), reference(java/io/Serializable)])
src/main/java/org/apache/commons/math/linear/OpenMapRealVector.java: error: unknown import
	data: org/apache/commons/math/util/OpenIntToDoubleHashMap
src/main/java/org/apache/commons/math/linear/OpenMapRealVector.java: error: unknown import
	data: org/apache/commons/math/util/FastMath
src/main/java/org/apache/commons/math/linear/OpenMapRealVector.java: internal error: not an array type
	data: struct(org/apache/commons/math/linear/OpenMapRealVector, [], [pointer(reference(org/apache/commons/math/linear/AbstractRealVector))], [reference(org/apache/commons/math/linear/SparseRealVector), reference(java/io/Serializable)])
src/main/java/org/apache/commons/math/linear/OpenMapRealVector.java: internal error: not an array type
	data: struct(org/apache/commons/math/linear/OpenMapRealVector, [], [pointer(reference(org/apache/commons/math/linear/AbstractRealVector))], [reference(org/apache/commons/math/linear/SparseRealVector), reference(java/io/Serializable)])
src/main/java/org/apache/commons/math/linear/QRDecompositionImpl.java: error: unknown import
	data: org/apache/commons/math/exception/DimensionMismatchException
src/main/java/org/apache/commons/math/linear/QRDecompositionImpl.java: error: unknown import
	data: org/apache/commons/math/util/FastMath
src/main/java/org/apache/commons/math/linear/QRDecompositionImpl.java: error: unknown identifier
	data: a
src/main/java/org/apache/commons/math/linear/QRDecompositionImpl.java: error: not a named type
	data: array(primitive(float, 64, false), primitive(int, 32, false), 0)
src/main/java/org/apache/commons/math/linear/QRDecompositionImpl.java: error: unknown import
	data: java/util/Arrays
src/main/java/org/apache/commons/math/linear/RealLinearOperator.java: error: unknown import
	data: org/apache/commons/math/exception/DimensionMismatchException
src/main/java/org/apache/commons/math/linear/RealMatrix.java: error: unknown import
	data: org/apache/commons/math/exception/DimensionMismatchException
src/main/java/org/apache/commons/math/linear/RealMatrix.java: error: unknown import
	data: org/apache/commons/math/exception/NullArgumentException
src/main/java/org/apache/commons/math/linear/RealMatrix.java: error: unknown import
	data: org/apache/commons/math/exception/OutOfRangeException
src/main/java/org/apache/commons/math/linear/RealMatrix.java: error: unknown import
	data: org/apache/commons/math/exception/ZeroException
src/main/java/org/apache/commons/math/linear/RealVector.java: error: unknown import
	data: org/apache/commons/math/analysis/UnivariateRealFunction
src/main/java/org/apache/commons/math/linear/RealVectorFormat.java: error: unknown function
	data: [pointer(reference(java/lang/StringBuffer)) java/lang/StringBuffer//append [] [select(this, prefix)]]
src/main/java/org/apache/commons/math/linear/RealVectorFormat.java: error: unknown function
	data: [pointer(reference(java/lang/StringBuffer)) java/lang/StringBuffer//append [] [select(this, suffix)]]
src/main/java/org/apache/commons/math/linear/RealVectorFormat.java: error: unknown function
	data: [pointer(reference(java/lang/StringBuffer)) java/lang/StringBuffer//append [] [select(this, separator)]]
src/main/java/org/apache/commons/math/linear/RealVectorFormat.java: error: unknown function
	data: [struct(java/lang/Number, [], [pointer(reference(java/lang/Object))], [reference(java/io/Serializable)]) java/lang/Number//doubleValue [] []]
src/main/java/org/apache/commons/math/linear/RealVectorFormat.java: error: unknown import
	data: java/text/FieldPosition
src/main/java/org/apache/commons/math/linear/RealVectorFormat.java: error: unknown import
	data: java/text/NumberFormat
src/main/java/org/apache/commons/math/linear/RealVectorFormat.java: error: unknown import
	data: java/text/ParsePosition
src/main/java/org/apache/commons/math/linear/RealVectorFormat.java: error: unknown import
	data: java/util/Locale
src/main/java/org/apache/commons/math/linear/RealVectorFormat.java: error: unknown import
	data: org/apache/commons/math/exception/MathParseException
src/main/java/org/apache/commons/math/linear/RealVectorFormat.java: error: unknown import
	data: org/apache/commons/math/util/CompositeFormat
src/main/java/org/apache/commons/math/linear/RectangularCholeskyDecompositionImpl.java: error: unknown import
	data: org/apache/commons/math/util/FastMath
src/main/java/org/apache/commons/math/linear/SingularMatrixException.java: error: unknown import
	data: org/apache/commons/math/exception/MathIllegalArgumentException
src/main/java/org/apache/commons/math/linear/SingularMatrixException.java: error: unknown import
	data: org/apache/commons/math/exception/util/LocalizedFormats
src/main/java/org/apache/commons/math/linear/SingularValueDecompositionImpl.java: error: unknown import
	data: org/apache/commons/math/exception/NumberIsTooLargeException
src/main/java/org/apache/commons/math/linear/SingularValueDecompositionImpl.java: error: unknown import
	data: org/apache/commons/math/exception/util/LocalizedFormats
src/main/java/org/apache/commons/math/linear/SingularValueDecompositionImpl.java: error: unknown import
	data: org/apache/commons/math/util/FastMath
src/main/java/org/apache/commons/math/linear/SingularValueDecompositionImpl.java: error: unknown import
	data: org/apache/commons/math/util/MathUtils
src/main/java/org/apache/commons/math/linear/SingularValueDecompositionImpl.java: error: not a named type
	data: array(primitive(float, 64, false), primitive(int, 32, false), 0)
src/main/java/org/apache/commons/math/linear/SparseFieldMatrix.java: error: unknown import
	data: org/apache/commons/math/Field
src/main/java/org/apache/commons/math/linear/SparseFieldMatrix.java: error: unknown import
	data: org/apache/commons/math/FieldElement
src/main/java/org/apache/commons/math/linear/SparseFieldMatrix.java: error: unknown import
	data: org/apache/commons/math/util/OpenIntToFieldHashMap
src/main/java/org/apache/commons/math/linear/SparseFieldVector.java: error: unknown import
	data: org/apache/commons/math/Field
src/main/java/org/apache/commons/math/linear/SparseFieldVector.java: error: unknown import
	data: org/apache/commons/math/FieldElement
src/main/java/org/apache/commons/math/linear/SparseFieldVector.java: error: unknown import
	data: org/apache/commons/math/exception/OutOfRangeException
src/main/java/org/apache/commons/math/linear/SparseFieldVector.java: error: unknown import
	data: org/apache/commons/math/exception/DimensionMismatchException
src/main/java/org/apache/commons/math/linear/SparseFieldVector.java: error: unknown type
	data: SuppressWarnings
src/main/java/org/apache/commons/math/linear/SparseFieldVector.java: error: unknown import
	data: java/lang/reflect/Array
src/main/java/org/apache/commons/math/linear/SparseFieldVector.java: error: unknown import
	data: org/apache/commons/math/util/OpenIntToFieldHashMap
src/main/java/org/apache/commons/math/linear/TriDiagonalTransformer.java: error: unknown import
	data: java/util/Arrays
src/main/java/org/apache/commons/math/linear/TriDiagonalTransformer.java: error: unknown import
	data: org/apache/commons/math/util/FastMath
src/main/java/org/apache/commons/math/linear/TriDiagonalTransformer.java: error: unknown identifier
	data: a
internal error: scope leak
	data: map[handledNode:struct(org/apache/commons/math/linear/OpenMapRealVector, [], [pointer(reference(org/apache/commons/math/linear/AbstractRealVector))], [reference(org/apache/commons/math/linear/SparseRealVector), reference(java/io/Serializable)]) scopeLevelAtEntry:6 scopeLevelAtExit:7]
Found 1 Java files
Found 347 problems in Java files
src/main/java/org/apache/commons/math/linear/OpenMapRealVector.java: found 67 symbols
src/main/java/org/apache/commons/math/linear/OpenMapRealVector.java: org.apache.commons.math.linear.OpenMapRealVector.OpenMapRealVector: computing test cases
src/main/java/org/apache/commons/math/linear/OpenMapRealVector.java: org.apache.commons.math.linear.OpenMapRealVector.OpenMapRealVector: found 1 problems
src/main/java/org/apache/commons/math/linear/OpenMapRealVector.java: internal error: org.apache.commons.math.linear.OpenMapRealVector.OpenMapRealVector: unknown type kind
	data: unsupported(org/apache/commons/math/util/OpenIntToDoubleHashMap)
src/main/java/org/apache/commons/math/linear/OpenMapRealVector.java: org.apache.commons.math.linear.OpenMapRealVector.add: computing test cases
src/main/java/org/apache/commons/math/linear/OpenMapRealVector.java: org.apache.commons.math.linear.OpenMapRealVector.add: found 1 problems
src/main/java/org/apache/commons/math/linear/OpenMapRealVector.java: internal error: org.apache.commons.math.linear.OpenMapRealVector.add: unknown type kind
	data: unsupported(org/apache/commons/math/util/OpenIntToDoubleHashMap)
src/main/java/org/apache/commons/math/linear/OpenMapRealVector.java: org.apache.commons.math.linear.OpenMapRealVector.mapAdd: computing test cases
src/main/java/org/apache/commons/math/linear/OpenMapRealVector.java: org.apache.commons.math.linear.OpenMapRealVector.mapAdd: found 1 problems
src/main/java/org/apache/commons/math/linear/OpenMapRealVector.java: internal error: org.apache.commons.math.linear.OpenMapRealVector.mapAdd: unknown type kind
	data: unsupported(org/apache/commons/math/util/OpenIntToDoubleHashMap)
src/main/java/org/apache/commons/math/linear/OpenMapRealVector.java: org.apache.commons.math.linear.OpenMapRealVector.OpenMapRealVector: computing test cases
src/main/java/org/apache/commons/math/linear/OpenMapRealVector.java: org.apache.commons.math.linear.OpenMapRealVector.OpenMapRealVector: found 1 problems
src/main/java/org/apache/commons/math/linear/OpenMapRealVector.java: internal error: org.apache.commons.math.linear.OpenMapRealVector.OpenMapRealVector: unknown type kind
	data: unsupported(org/apache/commons/math/util/OpenIntToDoubleHashMap)
src/main/java/org/apache/commons/math/linear/OpenMapRealVector.java: org.apache.commons.math.linear.OpenMapRealVector.set: computing test cases
src/main/java/org/apache/commons/math/linear/OpenMapRealVector.java: org.apache.commons.math.linear.OpenMapRealVector.set: found 1 problems
src/main/java/org/apache/commons/math/linear/OpenMapRealVector.java: internal error: org.apache.commons.math.linear.OpenMapRealVector.set: unknown type kind
	data: unsupported(org/apache/commons/math/util/OpenIntToDoubleHashMap)
src/main/java/org/apache/commons/math/linear/OpenMapRealVector.java: org.apache.commons.math.linear.OpenMapRealVector.mapAddToSelf: computing test cases
src/main/java/org/apache/commons/math/linear/OpenMapRealVector.java: org.apache.commons.math.linear.OpenMapRealVector.mapAddToSelf: found 1 problems
src/main/java/org/apache/commons/math/linear/OpenMapRealVector.java: internal error: org.apache.commons.math.linear.OpenMapRealVector.mapAddToSelf: unknown type kind
	data: unsupported(org/apache/commons/math/util/OpenIntToDoubleHashMap)
src/main/java/org/apache/commons/math/linear/OpenMapRealVector.java: org.apache.commons.math.linear.OpenMapRealVector.outerProduct: computing test cases
src/main/java/org/apache/commons/math/linear/OpenMapRealVector.java: org.apache.commons.math.linear.OpenMapRealVector.outerProduct: found 1 problems
src/main/java/org/apache/commons/math/linear/OpenMapRealVector.java: internal error: org.apache.commons.math.linear.OpenMapRealVector.outerProduct: unknown type kind
	data: unsupported(org/apache/commons/math/util/OpenIntToDoubleHashMap)
src/main/java/org/apache/commons/math/linear/OpenMapRealVector.java: org.apache.commons.math.linear.OpenMapRealVector.append: computing test cases
src/main/java/org/apache/commons/math/linear/OpenMapRealVector.java: org.apache.commons.math.linear.OpenMapRealVector.append: found 1 problems
src/main/java/org/apache/commons/math/linear/OpenMapRealVector.java: internal error: org.apache.commons.math.linear.OpenMapRealVector.append: unknown type kind
	data: unsupported(org/apache/commons/math/util/OpenIntToDoubleHashMap)
src/main/java/org/apache/commons/math/linear/OpenMapRealVector.java: org.apache.commons.math.linear.OpenMapRealVector.copy: computing test cases
src/main/java/org/apache/commons/math/linear/OpenMapRealVector.java: org.apache.commons.math.linear.OpenMapRealVector.copy: found 1 problems
src/main/java/org/apache/commons/math/linear/OpenMapRealVector.java: internal error: org.apache.commons.math.linear.OpenMapRealVector.copy: unknown type kind
	data: unsupported(org/apache/commons/math/util/OpenIntToDoubleHashMap)
src/main/java/org/apache/commons/math/linear/OpenMapRealVector.java: org.apache.commons.math.linear.OpenMapRealVector.getData: computing test cases
src/main/java/org/apache/commons/math/linear/OpenMapRealVector.java: org.apache.commons.math.linear.OpenMapRealVector.getData: found 1 problems
src/main/java/org/apache/commons/math/linear/OpenMapRealVector.java: internal error: org.apache.commons.math.linear.OpenMapRealVector.getData: unknown type kind
	data: unsupported(org/apache/commons/math/util/OpenIntToDoubleHashMap)
src/main/java/org/apache/commons/math/linear/OpenMapRealVector.java: org.apache.commons.math.linear.OpenMapRealVector.OpenMapSparseIterator.hasNext: computing test cases
src/main/java/org/apache/commons/math/linear/OpenMapRealVector.java: org.apache.commons.math.linear.OpenMapRealVector.OpenMapSparseIterator.hasNext: computed 0 unit tests
src/main/java/org/apache/commons/math/linear/OpenMapRealVector.java: org.apache.commons.math.linear.OpenMapRealVector.append: computing test cases
src/main/java/org/apache/commons/math/linear/OpenMapRealVector.java: org.apache.commons.math.linear.OpenMapRealVector.append: found 1 problems
src/main/java/org/apache/commons/math/linear/OpenMapRealVector.java: internal error: org.apache.commons.math.linear.OpenMapRealVector.append: unknown type kind
	data: unsupported(org/apache/commons/math/util/OpenIntToDoubleHashMap)
src/main/java/org/apache/commons/math/linear/OpenMapRealVector.java: org.apache.commons.math.linear.OpenMapRealVector.setEntry: computing test cases
src/main/java/org/apache/commons/math/linear/OpenMapRealVector.java: org.apache.commons.math.linear.OpenMapRealVector.setEntry: found 1 problems
src/main/java/org/apache/commons/math/linear/OpenMapRealVector.java: internal error: org.apache.commons.math.linear.OpenMapRealVector.setEntry: unknown type kind
	data: unsupported(org/apache/commons/math/util/OpenIntToDoubleHashMap)
src/main/java/org/apache/commons/math/linear/OpenMapRealVector.java: org.apache.commons.math.linear.OpenMapRealVector.setSubVector: computing test cases
src/main/java/org/apache/commons/math/linear/OpenMapRealVector.java: org.apache.commons.math.linear.OpenMapRealVector.setSubVector: found 1 problems
src/main/java/org/apache/commons/math/linear/OpenMapRealVector.java: internal error: org.apache.commons.math.linear.OpenMapRealVector.setSubVector: unknown type kind
	data: unsupported(org/apache/commons/math/util/OpenIntToDoubleHashMap)
src/main/java/org/apache/commons/math/linear/OpenMapRealVector.java: org.apache.commons.math.linear.OpenMapRealVector.getLInfDistance: computing test cases
src/main/java/org/apache/commons/math/linear/OpenMapRealVector.java: org.apache.commons.math.linear.OpenMapRealVector.getLInfDistance: found 1 problems
src/main/java/org/apache/commons/math/linear/OpenMapRealVector.java: internal error: org.apache.commons.math.linear.OpenMapRealVector.getLInfDistance: unknown type kind
	data: unsupported(org/apache/commons/math/util/OpenIntToDoubleHashMap)
src/main/java/org/apache/commons/math/linear/OpenMapRealVector.java: org.apache.commons.math.linear.OpenMapRealVector.isNaN: computing test cases
src/main/java/org/apache/commons/math/linear/OpenMapRealVector.java: org.apache.commons.math.linear.OpenMapRealVector.isNaN: found 1 problems
src/main/java/org/apache/commons/math/linear/OpenMapRealVector.java: internal error: org.apache.commons.math.linear.OpenMapRealVector.isNaN: unknown type kind
	data: unsupported(org/apache/commons/math/util/OpenIntToDoubleHashMap)
src/main/java/org/apache/commons/math/linear/OpenMapRealVector.java: org.apache.commons.math.linear.OpenMapRealVector.append: computing test cases
src/main/java/org/apache/commons/math/linear/OpenMapRealVector.java: org.apache.commons.math.linear.OpenMapRealVector.append: found 1 problems
src/main/java/org/apache/commons/math/linear/OpenMapRealVector.java: internal error: org.apache.commons.math.linear.OpenMapRealVector.append: unknown type kind
	data: unsupported(org/apache/commons/math/util/OpenIntToDoubleHashMap)
src/main/java/org/apache/commons/math/linear/OpenMapRealVector.java: org.apache.commons.math.linear.OpenMapRealVector.equals: computing test cases
src/main/java/org/apache/commons/math/linear/OpenMapRealVector.java: org.apache.commons.math.linear.OpenMapRealVector.equals: found 1 problems
src/main/java/org/apache/commons/math/linear/OpenMapRealVector.java: internal error: org.apache.commons.math.linear.OpenMapRealVector.equals: unknown type kind
	data: unsupported(org/apache/commons/math/util/OpenIntToDoubleHashMap)
src/main/java/org/apache/commons/math/linear/OpenMapRealVector.java: org.apache.commons.math.linear.OpenMapRealVector.subtract: computing test cases
src/main/java/org/apache/commons/math/linear/OpenMapRealVector.java: org.apache.commons.math.linear.OpenMapRealVector.subtract: found 1 problems
src/main/java/org/apache/commons/math/linear/OpenMapRealVector.java: internal error: org.apache.commons.math.linear.OpenMapRealVector.subtract: unknown type kind
	data: unsupported(org/apache/commons/math/util/OpenIntToDoubleHashMap)
src/main/java/org/apache/commons/math/linear/OpenMapRealVector.java: org.apache.commons.math.linear.OpenMapRealVector.OpenMapRealVector: computing test cases
src/main/java/org/apache/commons/math/linear/OpenMapRealVector.java: org.apache.commons.math.linear.OpenMapRealVector.OpenMapRealVector: found 1 problems
src/main/java/org/apache/commons/math/linear/OpenMapRealVector.java: internal error: org.apache.commons.math.linear.OpenMapRealVector.OpenMapRealVector: unknown type kind
	data: unsupported(org/apache/commons/math/util/OpenIntToDoubleHashMap)
src/main/java/org/apache/commons/math/linear/OpenMapRealVector.java: org.apache.commons.math.linear.OpenMapRealVector.getDistance: computing test cases
src/main/java/org/apache/commons/math/linear/OpenMapRealVector.java: org.apache.commons.math.linear.OpenMapRealVector.getDistance: found 1 problems
src/main/java/org/apache/commons/math/linear/OpenMapRealVector.java: internal error: org.apache.commons.math.linear.OpenMapRealVector.getDistance: unknown type kind
	data: unsupported(org/apache/commons/math/util/OpenIntToDoubleHashMap)
src/main/java/org/apache/commons/math/linear/OpenMapRealVector.java: org.apache.commons.math.linear.OpenMapRealVector.getL1Distance: computing test cases
src/main/java/org/apache/commons/math/linear/OpenMapRealVector.java: org.apache.commons.math.linear.OpenMapRealVector.getL1Distance: found 1 problems
src/main/java/org/apache/commons/math/linear/OpenMapRealVector.java: internal error: org.apache.commons.math.linear.OpenMapRealVector.getL1Distance: unknown type kind
	data: unsupported(org/apache/commons/math/util/OpenIntToDoubleHashMap)
src/main/java/org/apache/commons/math/linear/OpenMapRealVector.java: org.apache.commons.math.linear.OpenMapRealVector.OpenMapRealVector: computing test cases
src/main/java/org/apache/commons/math/linear/OpenMapRealVector.java: org.apache.commons.math.linear.OpenMapRealVector.OpenMapRealVector: found 1 problems
src/main/java/org/apache/commons/math/linear/OpenMapRealVector.java: internal error: org.apache.commons.math.linear.OpenMapRealVector.OpenMapRealVector: unknown type kind
	data: unsupported(org/apache/commons/math/util/OpenIntToDoubleHashMap)
src/main/java/org/apache/commons/math/linear/OpenMapRealVector.java: org.apache.commons.math.linear.OpenMapRealVector.OpenMapRealVector: computing test cases
src/main/java/org/apache/commons/math/linear/OpenMapRealVector.java: org.apache.commons.math.linear.OpenMapRealVector.OpenMapRealVector: found 1 problems
src/main/java/org/apache/commons/math/linear/OpenMapRealVector.java: internal error: org.apache.commons.math.linear.OpenMapRealVector.OpenMapRealVector: unknown type kind
	data: unsupported(org/apache/commons/math/util/OpenIntToDoubleHashMap)
src/main/java/org/apache/commons/math/linear/OpenMapRealVector.java: org.apache.commons.math.linear.OpenMapRealVector.isInfinite: computing test cases
src/main/java/org/apache/commons/math/linear/OpenMapRealVector.java: org.apache.commons.math.linear.OpenMapRealVector.isInfinite: found 1 problems
src/main/java/org/apache/commons/math/linear/OpenMapRealVector.java: internal error: org.apache.commons.math.linear.OpenMapRealVector.isInfinite: unknown type kind
	data: unsupported(org/apache/commons/math/util/OpenIntToDoubleHashMap)
src/main/java/org/apache/commons/math/linear/OpenMapRealVector.java: org.apache.commons.math.linear.OpenMapRealVector.getL1Distance: computing test cases
src/main/java/org/apache/commons/math/linear/OpenMapRealVector.java: org.apache.commons.math.linear.OpenMapRealVector.getL1Distance: found 1 problems
src/main/java/org/apache/commons/math/linear/OpenMapRealVector.java: internal error: org.apache.commons.math.linear.OpenMapRealVector.getL1Distance: unknown type kind
	data: unsupported(org/apache/commons/math/util/OpenIntToDoubleHashMap)
src/main/java/org/apache/commons/math/linear/OpenMapRealVector.java: org.apache.commons.math.linear.OpenMapRealVector.OpenMapRealVector: computing test cases
src/main/java/org/apache/commons/math/linear/OpenMapRealVector.java: org.apache.commons.math.linear.OpenMapRealVector.OpenMapRealVector: found 1 problems
src/main/java/org/apache/commons/math/linear/OpenMapRealVector.java: internal error: org.apache.commons.math.linear.OpenMapRealVector.OpenMapRealVector: unknown type kind
	data: unsupported(org/apache/commons/math/util/OpenIntToDoubleHashMap)
src/main/java/org/apache/commons/math/linear/OpenMapRealVector.java: org.apache.commons.math.linear.OpenMapRealVector.subtract: computing test cases
src/main/java/org/apache/commons/math/linear/OpenMapRealVector.java: org.apache.commons.math.linear.OpenMapRealVector.subtract: found 1 problems
src/main/java/org/apache/commons/math/linear/OpenMapRealVector.java: internal error: org.apache.commons.math.linear.OpenMapRealVector.subtract: unknown type kind
	data: unsupported(org/apache/commons/math/util/OpenIntToDoubleHashMap)
src/main/java/org/apache/commons/math/linear/OpenMapRealVector.java: org.apache.commons.math.linear.OpenMapRealVector.hashCode: computing test cases
src/main/java/org/apache/commons/math/linear/OpenMapRealVector.java: org.apache.commons.math.linear.OpenMapRealVector.hashCode: found 1 problems
src/main/java/org/apache/commons/math/linear/OpenMapRealVector.java: internal error: org.apache.commons.math.linear.OpenMapRealVector.hashCode: unknown type kind
	data: unsupported(org/apache/commons/math/util/OpenIntToDoubleHashMap)
src/main/java/org/apache/commons/math/linear/OpenMapRealVector.java: org.apache.commons.math.linear.OpenMapRealVector.setSubVector: computing test cases
src/main/java/org/apache/commons/math/linear/OpenMapRealVector.java: org.apache.commons.math.linear.OpenMapRealVector.setSubVector: found 1 problems
src/main/java/org/apache/commons/math/linear/OpenMapRealVector.java: internal error: org.apache.commons.math.linear.OpenMapRealVector.setSubVector: unknown type kind
	data: unsupported(org/apache/commons/math/util/OpenIntToDoubleHashMap)
src/main/java/org/apache/commons/math/linear/OpenMapRealVector.java: org.apache.commons.math.linear.OpenMapRealVector.toArray: computing test cases
src/main/java/org/apache/commons/math/linear/OpenMapRealVector.java: org.apache.commons.math.linear.OpenMapRealVector.toArray: found 1 problems
src/main/java/org/apache/commons/math/linear/OpenMapRealVector.java: internal error: org.apache.commons.math.linear.OpenMapRealVector.toArray: unknown type kind
	data: unsupported(org/apache/commons/math/util/OpenIntToDoubleHashMap)
src/main/java/org/apache/commons/math/linear/OpenMapRealVector.java: org.apache.commons.math.linear.OpenMapRealVector.getEntry: computing test cases
src/main/java/org/apache/commons/math/linear/OpenMapRealVector.java: org.apache.commons.math.linear.OpenMapRealVector.getEntry: found 1 problems
src/main/java/org/apache/commons/math/linear/OpenMapRealVector.java: internal error: org.apache.commons.math.linear.OpenMapRealVector.getEntry: unknown type kind
	data: unsupported(org/apache/commons/math/util/OpenIntToDoubleHashMap)
src/main/java/org/apache/commons/math/linear/OpenMapRealVector.java: org.apache.commons.math.linear.OpenMapRealVector.dotProduct: computing test cases
src/main/java/org/apache/commons/math/linear/OpenMapRealVector.java: org.apache.commons.math.linear.OpenMapRealVector.dotProduct: found 1 problems
src/main/java/org/apache/commons/math/linear/OpenMapRealVector.java: internal error: org.apache.commons.math.linear.OpenMapRealVector.dotProduct: unknown type kind
	data: unsupported(org/apache/commons/math/util/OpenIntToDoubleHashMap)
src/main/java/org/apache/commons/math/linear/OpenMapRealVector.java: org.apache.commons.math.linear.OpenMapRealVector.OpenMapEntry.OpenMapEntry: computing test cases
src/main/java/org/apache/commons/math/linear/OpenMapRealVector.java: org.apache.commons.math.linear.OpenMapRealVector.OpenMapEntry.OpenMapEntry: found 1 problems
src/main/java/org/apache/commons/math/linear/OpenMapRealVector.java: internal error: org.apache.commons.math.linear.OpenMapRealVector.OpenMapEntry.OpenMapEntry: unknown type kind
	data: unsupported(org/apache/commons/math/util/OpenIntToDoubleHashMap)
src/main/java/org/apache/commons/math/linear/OpenMapRealVector.java: org.apache.commons.math.linear.OpenMapRealVector.unitize: computing test cases
src/main/java/org/apache/commons/math/linear/OpenMapRealVector.java: org.apache.commons.math.linear.OpenMapRealVector.unitize: found 1 problems
src/main/java/org/apache/commons/math/linear/OpenMapRealVector.java: internal error: org.apache.commons.math.linear.OpenMapRealVector.unitize: unknown type kind
	data: unsupported(org/apache/commons/math/util/OpenIntToDoubleHashMap)
src/main/java/org/apache/commons/math/linear/OpenMapRealVector.java: org.apache.commons.math.linear.OpenMapRealVector.OpenMapSparseIterator.next: computing test cases
src/main/java/org/apache/commons/math/linear/OpenMapRealVector.java: org.apache.commons.math.linear.OpenMapRealVector.OpenMapSparseIterator.next: computed 0 unit tests
src/main/java/org/apache/commons/math/linear/OpenMapRealVector.java: org.apache.commons.math.linear.OpenMapRealVector.getL1Distance: computing test cases
src/main/java/org/apache/commons/math/linear/OpenMapRealVector.java: org.apache.commons.math.linear.OpenMapRealVector.getL1Distance: found 1 problems
src/main/java/org/apache/commons/math/linear/OpenMapRealVector.java: internal error: org.apache.commons.math.linear.OpenMapRealVector.getL1Distance: unknown type kind
	data: unsupported(org/apache/commons/math/util/OpenIntToDoubleHashMap)
src/main/java/org/apache/commons/math/linear/OpenMapRealVector.java: org.apache.commons.math.linear.OpenMapRealVector.OpenMapRealVector: computing test cases
src/main/java/org/apache/commons/math/linear/OpenMapRealVector.java: org.apache.commons.math.linear.OpenMapRealVector.OpenMapRealVector: found 1 problems
src/main/java/org/apache/commons/math/linear/OpenMapRealVector.java: internal error: org.apache.commons.math.linear.OpenMapRealVector.OpenMapRealVector: unknown type kind
	data: unsupported(org/apache/commons/math/util/OpenIntToDoubleHashMap)
src/main/java/org/apache/commons/math/linear/OpenMapRealVector.java: org.apache.commons.math.linear.OpenMapRealVector.isDefaultValue: computing test cases
src/main/java/org/apache/commons/math/linear/OpenMapRealVector.java: org.apache.commons.math.linear.OpenMapRealVector.isDefaultValue: found 1 problems
src/main/java/org/apache/commons/math/linear/OpenMapRealVector.java: internal error: org.apache.commons.math.linear.OpenMapRealVector.isDefaultValue: unknown type kind
	data: unsupported(org/apache/commons/math/util/OpenIntToDoubleHashMap)
src/main/java/org/apache/commons/math/linear/OpenMapRealVector.java: org.apache.commons.math.linear.OpenMapRealVector.add: computing test cases
src/main/java/org/apache/commons/math/linear/OpenMapRealVector.java: org.apache.commons.math.linear.OpenMapRealVector.add: found 1 problems
src/main/java/org/apache/commons/math/linear/OpenMapRealVector.java: internal error: org.apache.commons.math.linear.OpenMapRealVector.add: unknown type kind
	data: unsupported(org/apache/commons/math/util/OpenIntToDoubleHashMap)
src/main/java/org/apache/commons/math/linear/OpenMapRealVector.java: org.apache.commons.math.linear.OpenMapRealVector.dotProduct: computing test cases
src/main/java/org/apache/commons/math/linear/OpenMapRealVector.java: org.apache.commons.math.linear.OpenMapRealVector.dotProduct: found 1 problems
src/main/java/org/apache/commons/math/linear/OpenMapRealVector.java: internal error: org.apache.commons.math.linear.OpenMapRealVector.dotProduct: unknown type kind
	data: unsupported(org/apache/commons/math/util/OpenIntToDoubleHashMap)
src/main/java/org/apache/commons/math/linear/OpenMapRealVector.java: org.apache.commons.math.linear.OpenMapRealVector.ebeDivide: computing test cases
src/main/java/org/apache/commons/math/linear/OpenMapRealVector.java: org.apache.commons.math.linear.OpenMapRealVector.ebeDivide: found 1 problems
src/main/java/org/apache/commons/math/linear/OpenMapRealVector.java: internal error: org.apache.commons.math.linear.OpenMapRealVector.ebeDivide: unknown type kind
	data: unsupported(org/apache/commons/math/util/OpenIntToDoubleHashMap)
src/main/java/org/apache/commons/math/linear/OpenMapRealVector.java: org.apache.commons.math.linear.OpenMapRealVector.ebeMultiply: computing test cases
src/main/java/org/apache/commons/math/linear/OpenMapRealVector.java: org.apache.commons.math.linear.OpenMapRealVector.ebeMultiply: found 1 problems
src/main/java/org/apache/commons/math/linear/OpenMapRealVector.java: internal error: org.apache.commons.math.linear.OpenMapRealVector.ebeMultiply: unknown type kind
	data: unsupported(org/apache/commons/math/util/OpenIntToDoubleHashMap)
src/main/java/org/apache/commons/math/linear/OpenMapRealVector.java: org.apache.commons.math.linear.OpenMapRealVector.ebeDivide: computing test cases
src/main/java/org/apache/commons/math/linear/OpenMapRealVector.java: org.apache.commons.math.linear.OpenMapRealVector.ebeDivide: found 1 problems
src/main/java/org/apache/commons/math/linear/OpenMapRealVector.java: internal error: org.apache.commons.math.linear.OpenMapRealVector.ebeDivide: unknown type kind
	data: unsupported(org/apache/commons/math/util/OpenIntToDoubleHashMap)
src/main/java/org/apache/commons/math/linear/OpenMapRealVector.java: org.apache.commons.math.linear.OpenMapRealVector.OpenMapSparseIterator.remove: computing test cases
src/main/java/org/apache/commons/math/linear/OpenMapRealVector.java: org.apache.commons.math.linear.OpenMapRealVector.OpenMapSparseIterator.remove: computed 0 unit tests
src/main/java/org/apache/commons/math/linear/OpenMapRealVector.java: org.apache.commons.math.linear.OpenMapRealVector.getLInfDistance: computing test cases
src/main/java/org/apache/commons/math/linear/OpenMapRealVector.java: org.apache.commons.math.linear.OpenMapRealVector.getLInfDistance: found 1 problems
src/main/java/org/apache/commons/math/linear/OpenMapRealVector.java: internal error: org.apache.commons.math.linear.OpenMapRealVector.getLInfDistance: unknown type kind
	data: unsupported(org/apache/commons/math/util/OpenIntToDoubleHashMap)
src/main/java/org/apache/commons/math/linear/OpenMapRealVector.java: org.apache.commons.math.linear.OpenMapRealVector.subtract: computing test cases
src/main/java/org/apache/commons/math/linear/OpenMapRealVector.java: org.apache.commons.math.linear.OpenMapRealVector.subtract: found 1 problems
src/main/java/org/apache/commons/math/linear/OpenMapRealVector.java: internal error: org.apache.commons.math.linear.OpenMapRealVector.subtract: unknown type kind
	data: unsupported(org/apache/commons/math/util/OpenIntToDoubleHashMap)
src/main/java/org/apache/commons/math/linear/OpenMapRealVector.java: org.apache.commons.math.linear.OpenMapRealVector.OpenMapRealVector: computing test cases
src/main/java/org/apache/commons/math/linear/OpenMapRealVector.java: org.apache.commons.math.linear.OpenMapRealVector.OpenMapRealVector: found 1 problems
src/main/java/org/apache/commons/math/linear/OpenMapRealVector.java: internal error: org.apache.commons.math.linear.OpenMapRealVector.OpenMapRealVector: unknown type kind
	data: unsupported(org/apache/commons/math/util/OpenIntToDoubleHashMap)
src/main/java/org/apache/commons/math/linear/OpenMapRealVector.java: org.apache.commons.math.linear.OpenMapRealVector.projection: computing test cases
src/main/java/org/apache/commons/math/linear/OpenMapRealVector.java: org.apache.commons.math.linear.OpenMapRealVector.projection: found 1 problems
src/main/java/org/apache/commons/math/linear/OpenMapRealVector.java: internal error: org.apache.commons.math.linear.OpenMapRealVector.projection: unknown type kind
	data: unsupported(org/apache/commons/math/util/OpenIntToDoubleHashMap)
src/main/java/org/apache/commons/math/linear/OpenMapRealVector.java: org.apache.commons.math.linear.OpenMapRealVector.OpenMapEntry.getValue: computing test cases
src/main/java/org/apache/commons/math/linear/OpenMapRealVector.java: org.apache.commons.math.linear.OpenMapRealVector.OpenMapEntry.getValue: found 1 problems
src/main/java/org/apache/commons/math/linear/OpenMapRealVector.java: internal error: org.apache.commons.math.linear.OpenMapRealVector.OpenMapEntry.getValue: unknown type kind
	data: unsupported(org/apache/commons/math/util/OpenIntToDoubleHashMap/Iterator)
src/main/java/org/apache/commons/math/linear/OpenMapRealVector.java: org.apache.commons.math.linear.OpenMapRealVector.getDistance: computing test cases
src/main/java/org/apache/commons/math/linear/OpenMapRealVector.java: org.apache.commons.math.linear.OpenMapRealVector.getDistance: found 1 problems
src/main/java/org/apache/commons/math/linear/OpenMapRealVector.java: internal error: org.apache.commons.math.linear.OpenMapRealVector.getDistance: unknown type kind
	data: unsupported(org/apache/commons/math/util/OpenIntToDoubleHashMap)
src/main/java/org/apache/commons/math/linear/OpenMapRealVector.java: org.apache.commons.math.linear.OpenMapRealVector.getSubVector: computing test cases
src/main/java/org/apache/commons/math/linear/OpenMapRealVector.java: org.apache.commons.math.linear.OpenMapRealVector.getSubVector: found 1 problems
src/main/java/org/apache/commons/math/linear/OpenMapRealVector.java: internal error: org.apache.commons.math.linear.OpenMapRealVector.getSubVector: unknown type kind
	data: unsupported(org/apache/commons/math/util/OpenIntToDoubleHashMap)
src/main/java/org/apache/commons/math/linear/OpenMapRealVector.java: org.apache.commons.math.linear.OpenMapRealVector.getDimension: computing test cases
src/main/java/org/apache/commons/math/linear/OpenMapRealVector.java: org.apache.commons.math.linear.OpenMapRealVector.getDimension: found 1 problems
src/main/java/org/apache/commons/math/linear/OpenMapRealVector.java: internal error: org.apache.commons.math.linear.OpenMapRealVector.getDimension: unknown type kind
	data: unsupported(org/apache/commons/math/util/OpenIntToDoubleHashMap)
src/main/java/org/apache/commons/math/linear/OpenMapRealVector.java: org.apache.commons.math.linear.OpenMapRealVector.append: computing test cases
src/main/java/org/apache/commons/math/linear/OpenMapRealVector.java: org.apache.commons.math.linear.OpenMapRealVector.append: found 1 problems
src/main/java/org/apache/commons/math/linear/OpenMapRealVector.java: internal error: org.apache.commons.math.linear.OpenMapRealVector.append: unknown type kind
	data: unsupported(org/apache/commons/math/util/OpenIntToDoubleHashMap)
src/main/java/org/apache/commons/math/linear/OpenMapRealVector.java: org.apache.commons.math.linear.OpenMapRealVector.OpenMapRealVector: computing test cases
src/main/java/org/apache/commons/math/linear/OpenMapRealVector.java: org.apache.commons.math.linear.OpenMapRealVector.OpenMapRealVector: found 1 problems
src/main/java/org/apache/commons/math/linear/OpenMapRealVector.java: internal error: org.apache.commons.math.linear.OpenMapRealVector.OpenMapRealVector: unknown type kind
	data: unsupported(org/apache/commons/math/util/OpenIntToDoubleHashMap)
src/main/java/org/apache/commons/math/linear/OpenMapRealVector.java: org.apache.commons.math.linear.OpenMapRealVector.OpenMapEntry.getIndex: computing test cases
src/main/java/org/apache/commons/math/linear/OpenMapRealVector.java: org.apache.commons.math.linear.OpenMapRealVector.OpenMapEntry.getIndex: found 1 problems
src/main/java/org/apache/commons/math/linear/OpenMapRealVector.java: internal error: org.apache.commons.math.linear.OpenMapRealVector.OpenMapEntry.getIndex: unknown type kind
	data: unsupported(org/apache/commons/math/util/OpenIntToDoubleHashMap/Iterator)
src/main/java/org/apache/commons/math/linear/OpenMapRealVector.java: org.apache.commons.math.linear.OpenMapRealVector.OpenMapRealVector: computing test cases
src/main/java/org/apache/commons/math/linear/OpenMapRealVector.java: org.apache.commons.math.linear.OpenMapRealVector.OpenMapRealVector: found 1 problems
src/main/java/org/apache/commons/math/linear/OpenMapRealVector.java: internal error: org.apache.commons.math.linear.OpenMapRealVector.OpenMapRealVector: unknown type kind
	data: unsupported(org/apache/commons/math/util/OpenIntToDoubleHashMap)
src/main/java/org/apache/commons/math/linear/OpenMapRealVector.java: org.apache.commons.math.linear.OpenMapRealVector.OpenMapEntry.setValue: computing test cases
src/main/java/org/apache/commons/math/linear/OpenMapRealVector.java: org.apache.commons.math.linear.OpenMapRealVector.OpenMapEntry.setValue: found 1 problems
src/main/java/org/apache/commons/math/linear/OpenMapRealVector.java: internal error: org.apache.commons.math.linear.OpenMapRealVector.OpenMapEntry.setValue: unknown type kind
	data: unsupported(org/apache/commons/math/util/OpenIntToDoubleHashMap/Iterator)
src/main/java/org/apache/commons/math/linear/OpenMapRealVector.java: org.apache.commons.math.linear.OpenMapRealVector.OpenMapRealVector: computing test cases
src/main/java/org/apache/commons/math/linear/OpenMapRealVector.java: org.apache.commons.math.linear.OpenMapRealVector.OpenMapRealVector: found 1 problems
src/main/java/org/apache/commons/math/linear/OpenMapRealVector.java: internal error: org.apache.commons.math.linear.OpenMapRealVector.OpenMapRealVector: unknown type kind
	data: unsupported(org/apache/commons/math/util/OpenIntToDoubleHashMap)
src/main/java/org/apache/commons/math/linear/OpenMapRealVector.java: org.apache.commons.math.linear.OpenMapRealVector.OpenMapRealVector: computing test cases
src/main/java/org/apache/commons/math/linear/OpenMapRealVector.java: org.apache.commons.math.linear.OpenMapRealVector.OpenMapRealVector: found 1 problems
src/main/java/org/apache/commons/math/linear/OpenMapRealVector.java: internal error: org.apache.commons.math.linear.OpenMapRealVector.OpenMapRealVector: unknown type kind
	data: unsupported(org/apache/commons/math/util/OpenIntToDoubleHashMap)
src/main/java/org/apache/commons/math/linear/OpenMapRealVector.java: org.apache.commons.math.linear.OpenMapRealVector.getSparsity: computing test cases
src/main/java/org/apache/commons/math/linear/OpenMapRealVector.java: org.apache.commons.math.linear.OpenMapRealVector.getSparsity: found 1 problems
src/main/java/org/apache/commons/math/linear/OpenMapRealVector.java: internal error: org.apache.commons.math.linear.OpenMapRealVector.getSparsity: unknown type kind
	data: unsupported(org/apache/commons/math/util/OpenIntToDoubleHashMap)
src/main/java/org/apache/commons/math/linear/OpenMapRealVector.java: org.apache.commons.math.linear.OpenMapRealVector.getDistance: computing test cases
src/main/java/org/apache/commons/math/linear/OpenMapRealVector.java: org.apache.commons.math.linear.OpenMapRealVector.getDistance: found 1 problems
src/main/java/org/apache/commons/math/linear/OpenMapRealVector.java: internal error: org.apache.commons.math.linear.OpenMapRealVector.getDistance: unknown type kind
	data: unsupported(org/apache/commons/math/util/OpenIntToDoubleHashMap)
src/main/java/org/apache/commons/math/linear/OpenMapRealVector.java: org.apache.commons.math.linear.OpenMapRealVector.projection: computing test cases
src/main/java/org/apache/commons/math/linear/OpenMapRealVector.java: org.apache.commons.math.linear.OpenMapRealVector.projection: found 1 problems
src/main/java/org/apache/commons/math/linear/OpenMapRealVector.java: internal error: org.apache.commons.math.linear.OpenMapRealVector.projection: unknown type kind
	data: unsupported(org/apache/commons/math/util/OpenIntToDoubleHashMap)
src/main/java/org/apache/commons/math/linear/OpenMapRealVector.java: org.apache.commons.math.linear.OpenMapRealVector.OpenMapSparseIterator.OpenMapSparseIterator: computing test cases
src/main/java/org/apache/commons/math/linear/OpenMapRealVector.java: org.apache.commons.math.linear.OpenMapRealVector.OpenMapSparseIterator.OpenMapSparseIterator: computed 0 unit tests
src/main/java/org/apache/commons/math/linear/OpenMapRealVector.java: org.apache.commons.math.linear.OpenMapRealVector.unitVector: computing test cases
src/main/java/org/apache/commons/math/linear/OpenMapRealVector.java: org.apache.commons.math.linear.OpenMapRealVector.unitVector: found 1 problems
src/main/java/org/apache/commons/math/linear/OpenMapRealVector.java: internal error: org.apache.commons.math.linear.OpenMapRealVector.unitVector: unknown type kind
	data: unsupported(org/apache/commons/math/util/OpenIntToDoubleHashMap)
src/main/java/org/apache/commons/math/linear/OpenMapRealVector.java: org.apache.commons.math.linear.OpenMapRealVector.sparseIterator: computing test cases
src/main/java/org/apache/commons/math/linear/OpenMapRealVector.java: org.apache.commons.math.linear.OpenMapRealVector.sparseIterator: found 1 problems
src/main/java/org/apache/commons/math/linear/OpenMapRealVector.java: internal error: org.apache.commons.math.linear.OpenMapRealVector.sparseIterator: unknown type kind
	data: unsupported(org/apache/commons/math/util/OpenIntToDoubleHashMap)
src/main/java/org/apache/commons/math/linear/OpenMapRealVector.java: org.apache.commons.math.linear.OpenMapRealVector.ebeMultiply: computing test cases
src/main/java/org/apache/commons/math/linear/OpenMapRealVector.java: org.apache.commons.math.linear.OpenMapRealVector.ebeMultiply: found 1 problems
src/main/java/org/apache/commons/math/linear/OpenMapRealVector.java: internal error: org.apache.commons.math.linear.OpenMapRealVector.ebeMultiply: unknown type kind
	data: unsupported(org/apache/commons/math/util/OpenIntToDoubleHashMap)
Analyzed 1 out of 44 source files
Had 32 errors that block a full analysis
Generated 0 tests
Found 0 potential problems
The following issues prevent a full analysis:

* 172 cases of "unknown import"
	Description: Imports could not be resolved. This is likely due to missing dependencies.

* 111 cases of "unknown function"
	Description: Functions could not be resolved. This occurs due to missing dependencies,
  or if a called function is removed due to some other problem.

* 69 cases of "unknown type"
	Description: Types could not be resolved. This could be because of missing dependencies
  or a consequence of some other problem.

* 15 cases of "not all elements have the same type"
	Description: Arguments of a function call do not match the parameter types. This usually
  occurs if a called method is removed due to some other problem, and another
  method with the same name is selected to be called.

* 11 cases of "other issues"
	Description: Uncategorized problems.

